params,total_trades,win_rate,total_pnl,avg_pnl,profit_factor,gross_profit,gross_loss,avg_win,avg_loss,profit_per_trade,winning_trades,losing_trades,composite_score
"{'ema_length': 20, 'ema_backcandles': 21, 'hl_backcandles': 14, 'atr_multiplier': 1.0, 'tp_multiplier': 2.0}",6,100.0,505.9999999999832,84.33333333333053,inf,505.9999999999832,0.0,84.33333333333053,0.0,84.33333333333053,6,0,
"{'ema_length': 20, 'ema_backcandles': 21, 'hl_backcandles': 14, 'atr_multiplier': 1.2, 'tp_multiplier': 2.0}",6,100.0,505.9999999999832,84.33333333333053,inf,505.9999999999832,0.0,84.33333333333053,0.0,84.33333333333053,6,0,
"{'ema_length': 20, 'ema_backcandles': 21, 'hl_backcandles': 14, 'atr_multiplier': 1.5, 'tp_multiplier': 2.0}",6,100.0,505.9999999999832,84.33333333333053,inf,505.9999999999832,0.0,84.33333333333053,0.0,84.33333333333053,6,0,
"{'ema_length': 20, 'ema_backcandles': 21, 'hl_backcandles': 21, 'atr_multiplier': 1.0, 'tp_multiplier': 1.0}",5,100.0,464.99999999998636,92.99999999999727,inf,464.99999999998636,0.0,92.99999999999727,0.0,92.99999999999727,5,0,
"{'ema_length': 20, 'ema_backcandles': 21, 'hl_backcandles': 21, 'atr_multiplier': 1.0, 'tp_multiplier': 1.2}",5,100.0,464.99999999998636,92.99999999999727,inf,464.99999999998636,0.0,92.99999999999727,0.0,92.99999999999727,5,0,
"{'ema_length': 20, 'ema_backcandles': 21, 'hl_backcandles': 21, 'atr_multiplier': 1.0, 'tp_multiplier': 1.5}",5,100.0,464.99999999998636,92.99999999999727,inf,464.99999999998636,0.0,92.99999999999727,0.0,92.99999999999727,5,0,
"{'ema_length': 20, 'ema_backcandles': 21, 'hl_backcandles': 21, 'atr_multiplier': 1.0, 'tp_multiplier': 1.7}",5,100.0,464.99999999998636,92.99999999999727,inf,464.99999999998636,0.0,92.99999999999727,0.0,92.99999999999727,5,0,
"{'ema_length': 20, 'ema_backcandles': 21, 'hl_backcandles': 21, 'atr_multiplier': 1.0, 'tp_multiplier': 2.0}",5,100.0,464.99999999998636,92.99999999999727,inf,464.99999999998636,0.0,92.99999999999727,0.0,92.99999999999727,5,0,
"{'ema_length': 20, 'ema_backcandles': 21, 'hl_backcandles': 21, 'atr_multiplier': 1.2, 'tp_multiplier': 1.0}",5,100.0,464.99999999998636,92.99999999999727,inf,464.99999999998636,0.0,92.99999999999727,0.0,92.99999999999727,5,0,
"{'ema_length': 20, 'ema_backcandles': 21, 'hl_backcandles': 21, 'atr_multiplier': 1.2, 'tp_multiplier': 1.2}",5,100.0,464.99999999998636,92.99999999999727,inf,464.99999999998636,0.0,92.99999999999727,0.0,92.99999999999727,5,0,
"{'ema_length': 20, 'ema_backcandles': 21, 'hl_backcandles': 21, 'atr_multiplier': 1.2, 'tp_multiplier': 1.5}",5,100.0,464.99999999998636,92.99999999999727,inf,464.99999999998636,0.0,92.99999999999727,0.0,92.99999999999727,5,0,
"{'ema_length': 20, 'ema_backcandles': 21, 'hl_backcandles': 21, 'atr_multiplier': 1.2, 'tp_multiplier': 1.7}",5,100.0,464.99999999998636,92.99999999999727,inf,464.99999999998636,0.0,92.99999999999727,0.0,92.99999999999727,5,0,
"{'ema_length': 20, 'ema_backcandles': 21, 'hl_backcandles': 21, 'atr_multiplier': 1.2, 'tp_multiplier': 2.0}",5,100.0,464.99999999998636,92.99999999999727,inf,464.99999999998636,0.0,92.99999999999727,0.0,92.99999999999727,5,0,
"{'ema_length': 20, 'ema_backcandles': 21, 'hl_backcandles': 21, 'atr_multiplier': 1.5, 'tp_multiplier': 1.0}",5,100.0,464.99999999998636,92.99999999999727,inf,464.99999999998636,0.0,92.99999999999727,0.0,92.99999999999727,5,0,
"{'ema_length': 20, 'ema_backcandles': 21, 'hl_backcandles': 21, 'atr_multiplier': 1.5, 'tp_multiplier': 1.2}",5,100.0,464.99999999998636,92.99999999999727,inf,464.99999999998636,0.0,92.99999999999727,0.0,92.99999999999727,5,0,
"{'ema_length': 20, 'ema_backcandles': 21, 'hl_backcandles': 21, 'atr_multiplier': 1.5, 'tp_multiplier': 1.5}",5,100.0,464.99999999998636,92.99999999999727,inf,464.99999999998636,0.0,92.99999999999727,0.0,92.99999999999727,5,0,
"{'ema_length': 20, 'ema_backcandles': 21, 'hl_backcandles': 21, 'atr_multiplier': 1.5, 'tp_multiplier': 1.7}",5,100.0,464.99999999998636,92.99999999999727,inf,464.99999999998636,0.0,92.99999999999727,0.0,92.99999999999727,5,0,
"{'ema_length': 20, 'ema_backcandles': 21, 'hl_backcandles': 21, 'atr_multiplier': 1.5, 'tp_multiplier': 2.0}",5,100.0,464.99999999998636,92.99999999999727,inf,464.99999999998636,0.0,92.99999999999727,0.0,92.99999999999727,5,0,
"{'ema_length': 20, 'ema_backcandles': 21, 'hl_backcandles': 14, 'atr_multiplier': 1.0, 'tp_multiplier': 1.5}",6,100.0,456.99999999999363,76.1666666666656,inf,456.99999999999363,0.0,76.1666666666656,0.0,76.1666666666656,6,0,
"{'ema_length': 20, 'ema_backcandles': 21, 'hl_backcandles': 14, 'atr_multiplier': 1.2, 'tp_multiplier': 1.5}",6,100.0,456.99999999999363,76.1666666666656,inf,456.99999999999363,0.0,76.1666666666656,0.0,76.1666666666656,6,0,
"{'ema_length': 20, 'ema_backcandles': 21, 'hl_backcandles': 14, 'atr_multiplier': 1.5, 'tp_multiplier': 1.5}",6,100.0,456.99999999999363,76.1666666666656,inf,456.99999999999363,0.0,76.1666666666656,0.0,76.1666666666656,6,0,
"{'ema_length': 20, 'ema_backcandles': 21, 'hl_backcandles': 14, 'atr_multiplier': 1.0, 'tp_multiplier': 1.7}",6,100.0,427.9999999999859,71.33333333333098,inf,427.9999999999859,0.0,71.33333333333098,0.0,71.33333333333098,6,0,
"{'ema_length': 20, 'ema_backcandles': 21, 'hl_backcandles': 14, 'atr_multiplier': 1.2, 'tp_multiplier': 1.7}",6,100.0,427.9999999999859,71.33333333333098,inf,427.9999999999859,0.0,71.33333333333098,0.0,71.33333333333098,6,0,
"{'ema_length': 20, 'ema_backcandles': 21, 'hl_backcandles': 14, 'atr_multiplier': 1.5, 'tp_multiplier': 1.7}",6,100.0,427.9999999999859,71.33333333333098,inf,427.9999999999859,0.0,71.33333333333098,0.0,71.33333333333098,6,0,
"{'ema_length': 20, 'ema_backcandles': 21, 'hl_backcandles': 14, 'atr_multiplier': 1.0, 'tp_multiplier': 1.2}",6,100.0,425.9999999999877,70.99999999999795,inf,425.9999999999877,0.0,70.99999999999795,0.0,70.99999999999795,6,0,
"{'ema_length': 20, 'ema_backcandles': 21, 'hl_backcandles': 14, 'atr_multiplier': 1.2, 'tp_multiplier': 1.2}",6,100.0,425.9999999999877,70.99999999999795,inf,425.9999999999877,0.0,70.99999999999795,0.0,70.99999999999795,6,0,
"{'ema_length': 20, 'ema_backcandles': 21, 'hl_backcandles': 14, 'atr_multiplier': 1.5, 'tp_multiplier': 1.2}",6,100.0,425.9999999999877,70.99999999999795,inf,425.9999999999877,0.0,70.99999999999795,0.0,70.99999999999795,6,0,
"{'ema_length': 20, 'ema_backcandles': 21, 'hl_backcandles': 14, 'atr_multiplier': 1.0, 'tp_multiplier': 1.0}",6,100.0,404.99999999999545,67.49999999999925,inf,404.99999999999545,0.0,67.49999999999925,0.0,67.49999999999925,6,0,
"{'ema_length': 20, 'ema_backcandles': 21, 'hl_backcandles': 14, 'atr_multiplier': 1.2, 'tp_multiplier': 1.0}",6,100.0,404.99999999999545,67.49999999999925,inf,404.99999999999545,0.0,67.49999999999925,0.0,67.49999999999925,6,0,
"{'ema_length': 20, 'ema_backcandles': 21, 'hl_backcandles': 14, 'atr_multiplier': 1.5, 'tp_multiplier': 1.0}",6,100.0,404.99999999999545,67.49999999999925,inf,404.99999999999545,0.0,67.49999999999925,0.0,67.49999999999925,6,0,
"{'ema_length': 30, 'ema_backcandles': 7, 'hl_backcandles': 21, 'atr_multiplier': 1.0, 'tp_multiplier': 2.0}",8,87.5,670.9999999999923,83.87499999999903,11.32307692307536,736.0000000000014,65.0000000000091,105.14285714285734,-65.0000000000091,83.87499999999903,7,1,0.6124999999999999
"{'ema_length': 30, 'ema_backcandles': 7, 'hl_backcandles': 21, 'atr_multiplier': 1.2, 'tp_multiplier': 2.0}",8,87.5,670.9999999999923,83.87499999999903,11.32307692307536,736.0000000000014,65.0000000000091,105.14285714285734,-65.0000000000091,83.87499999999903,7,1,0.6124999999999999
"{'ema_length': 30, 'ema_backcandles': 7, 'hl_backcandles': 21, 'atr_multiplier': 1.5, 'tp_multiplier': 2.0}",8,87.5,670.9999999999923,83.87499999999903,11.32307692307536,736.0000000000014,65.0000000000091,105.14285714285734,-65.0000000000091,83.87499999999903,7,1,0.6124999999999999
"{'ema_length': 30, 'ema_backcandles': 14, 'hl_backcandles': 21, 'atr_multiplier': 1.0, 'tp_multiplier': 2.0}",8,87.5,670.9999999999923,83.87499999999903,11.32307692307536,736.0000000000014,65.0000000000091,105.14285714285734,-65.0000000000091,83.87499999999903,7,1,0.6124999999999999
"{'ema_length': 30, 'ema_backcandles': 14, 'hl_backcandles': 21, 'atr_multiplier': 1.2, 'tp_multiplier': 2.0}",8,87.5,670.9999999999923,83.87499999999903,11.32307692307536,736.0000000000014,65.0000000000091,105.14285714285734,-65.0000000000091,83.87499999999903,7,1,0.6124999999999999
"{'ema_length': 30, 'ema_backcandles': 14, 'hl_backcandles': 21, 'atr_multiplier': 1.5, 'tp_multiplier': 2.0}",8,87.5,670.9999999999923,83.87499999999903,11.32307692307536,736.0000000000014,65.0000000000091,105.14285714285734,-65.0000000000091,83.87499999999903,7,1,0.6124999999999999
"{'ema_length': 30, 'ema_backcandles': 21, 'hl_backcandles': 21, 'atr_multiplier': 1.0, 'tp_multiplier': 2.0}",8,87.5,670.9999999999923,83.87499999999903,11.32307692307536,736.0000000000014,65.0000000000091,105.14285714285734,-65.0000000000091,83.87499999999903,7,1,0.6124999999999999
"{'ema_length': 30, 'ema_backcandles': 21, 'hl_backcandles': 21, 'atr_multiplier': 1.2, 'tp_multiplier': 2.0}",8,87.5,670.9999999999923,83.87499999999903,11.32307692307536,736.0000000000014,65.0000000000091,105.14285714285734,-65.0000000000091,83.87499999999903,7,1,0.6124999999999999
"{'ema_length': 30, 'ema_backcandles': 21, 'hl_backcandles': 21, 'atr_multiplier': 1.5, 'tp_multiplier': 2.0}",8,87.5,670.9999999999923,83.87499999999903,11.32307692307536,736.0000000000014,65.0000000000091,105.14285714285734,-65.0000000000091,83.87499999999903,7,1,0.6124999999999999
"{'ema_length': 30, 'ema_backcandles': 7, 'hl_backcandles': 21, 'atr_multiplier': 1.0, 'tp_multiplier': 1.5}",8,87.5,642.9999999999836,80.37499999999795,10.892307692306057,707.9999999999927,65.0000000000091,101.1428571428561,-65.0000000000091,80.37499999999795,7,1,0.6124999999999999
"{'ema_length': 30, 'ema_backcandles': 7, 'hl_backcandles': 21, 'atr_multiplier': 1.0, 'tp_multiplier': 1.7}",8,87.5,642.9999999999836,80.37499999999795,10.892307692306057,707.9999999999927,65.0000000000091,101.1428571428561,-65.0000000000091,80.37499999999795,7,1,0.6124999999999999
"{'ema_length': 30, 'ema_backcandles': 7, 'hl_backcandles': 21, 'atr_multiplier': 1.2, 'tp_multiplier': 1.5}",8,87.5,642.9999999999836,80.37499999999795,10.892307692306057,707.9999999999927,65.0000000000091,101.1428571428561,-65.0000000000091,80.37499999999795,7,1,0.6124999999999999
"{'ema_length': 30, 'ema_backcandles': 7, 'hl_backcandles': 21, 'atr_multiplier': 1.2, 'tp_multiplier': 1.7}",8,87.5,642.9999999999836,80.37499999999795,10.892307692306057,707.9999999999927,65.0000000000091,101.1428571428561,-65.0000000000091,80.37499999999795,7,1,0.6124999999999999
"{'ema_length': 30, 'ema_backcandles': 7, 'hl_backcandles': 21, 'atr_multiplier': 1.5, 'tp_multiplier': 1.5}",8,87.5,642.9999999999836,80.37499999999795,10.892307692306057,707.9999999999927,65.0000000000091,101.1428571428561,-65.0000000000091,80.37499999999795,7,1,0.6124999999999999
"{'ema_length': 30, 'ema_backcandles': 7, 'hl_backcandles': 21, 'atr_multiplier': 1.5, 'tp_multiplier': 1.7}",8,87.5,642.9999999999836,80.37499999999795,10.892307692306057,707.9999999999927,65.0000000000091,101.1428571428561,-65.0000000000091,80.37499999999795,7,1,0.6124999999999999
"{'ema_length': 30, 'ema_backcandles': 14, 'hl_backcandles': 21, 'atr_multiplier': 1.0, 'tp_multiplier': 1.5}",8,87.5,642.9999999999836,80.37499999999795,10.892307692306057,707.9999999999927,65.0000000000091,101.1428571428561,-65.0000000000091,80.37499999999795,7,1,0.6124999999999999
"{'ema_length': 30, 'ema_backcandles': 14, 'hl_backcandles': 21, 'atr_multiplier': 1.0, 'tp_multiplier': 1.7}",8,87.5,642.9999999999836,80.37499999999795,10.892307692306057,707.9999999999927,65.0000000000091,101.1428571428561,-65.0000000000091,80.37499999999795,7,1,0.6124999999999999
"{'ema_length': 30, 'ema_backcandles': 14, 'hl_backcandles': 21, 'atr_multiplier': 1.2, 'tp_multiplier': 1.5}",8,87.5,642.9999999999836,80.37499999999795,10.892307692306057,707.9999999999927,65.0000000000091,101.1428571428561,-65.0000000000091,80.37499999999795,7,1,0.6124999999999999
"{'ema_length': 30, 'ema_backcandles': 14, 'hl_backcandles': 21, 'atr_multiplier': 1.2, 'tp_multiplier': 1.7}",8,87.5,642.9999999999836,80.37499999999795,10.892307692306057,707.9999999999927,65.0000000000091,101.1428571428561,-65.0000000000091,80.37499999999795,7,1,0.6124999999999999
"{'ema_length': 30, 'ema_backcandles': 14, 'hl_backcandles': 21, 'atr_multiplier': 1.5, 'tp_multiplier': 1.5}",8,87.5,642.9999999999836,80.37499999999795,10.892307692306057,707.9999999999927,65.0000000000091,101.1428571428561,-65.0000000000091,80.37499999999795,7,1,0.6124999999999999
"{'ema_length': 30, 'ema_backcandles': 14, 'hl_backcandles': 21, 'atr_multiplier': 1.5, 'tp_multiplier': 1.7}",8,87.5,642.9999999999836,80.37499999999795,10.892307692306057,707.9999999999927,65.0000000000091,101.1428571428561,-65.0000000000091,80.37499999999795,7,1,0.6124999999999999
"{'ema_length': 30, 'ema_backcandles': 21, 'hl_backcandles': 21, 'atr_multiplier': 1.0, 'tp_multiplier': 1.5}",8,87.5,642.9999999999836,80.37499999999795,10.892307692306057,707.9999999999927,65.0000000000091,101.1428571428561,-65.0000000000091,80.37499999999795,7,1,0.6124999999999999
"{'ema_length': 30, 'ema_backcandles': 21, 'hl_backcandles': 21, 'atr_multiplier': 1.0, 'tp_multiplier': 1.7}",8,87.5,642.9999999999836,80.37499999999795,10.892307692306057,707.9999999999927,65.0000000000091,101.1428571428561,-65.0000000000091,80.37499999999795,7,1,0.6124999999999999
"{'ema_length': 30, 'ema_backcandles': 21, 'hl_backcandles': 21, 'atr_multiplier': 1.2, 'tp_multiplier': 1.5}",8,87.5,642.9999999999836,80.37499999999795,10.892307692306057,707.9999999999927,65.0000000000091,101.1428571428561,-65.0000000000091,80.37499999999795,7,1,0.6124999999999999
"{'ema_length': 30, 'ema_backcandles': 21, 'hl_backcandles': 21, 'atr_multiplier': 1.2, 'tp_multiplier': 1.7}",8,87.5,642.9999999999836,80.37499999999795,10.892307692306057,707.9999999999927,65.0000000000091,101.1428571428561,-65.0000000000091,80.37499999999795,7,1,0.6124999999999999
"{'ema_length': 30, 'ema_backcandles': 21, 'hl_backcandles': 21, 'atr_multiplier': 1.5, 'tp_multiplier': 1.5}",8,87.5,642.9999999999836,80.37499999999795,10.892307692306057,707.9999999999927,65.0000000000091,101.1428571428561,-65.0000000000091,80.37499999999795,7,1,0.6124999999999999
"{'ema_length': 30, 'ema_backcandles': 21, 'hl_backcandles': 21, 'atr_multiplier': 1.5, 'tp_multiplier': 1.7}",8,87.5,642.9999999999836,80.37499999999795,10.892307692306057,707.9999999999927,65.0000000000091,101.1428571428561,-65.0000000000091,80.37499999999795,7,1,0.6124999999999999
"{'ema_length': 30, 'ema_backcandles': 7, 'hl_backcandles': 21, 'atr_multiplier': 1.0, 'tp_multiplier': 1.2}",8,87.5,604.9999999999955,75.62499999999943,10.307692307690935,670.0000000000045,65.0000000000091,95.71428571428636,-65.0000000000091,75.62499999999943,7,1,0.6124999999999999
"{'ema_length': 30, 'ema_backcandles': 7, 'hl_backcandles': 21, 'atr_multiplier': 1.2, 'tp_multiplier': 1.2}",8,87.5,604.9999999999955,75.62499999999943,10.307692307690935,670.0000000000045,65.0000000000091,95.71428571428636,-65.0000000000091,75.62499999999943,7,1,0.6124999999999999
"{'ema_length': 30, 'ema_backcandles': 7, 'hl_backcandles': 21, 'atr_multiplier': 1.5, 'tp_multiplier': 1.2}",8,87.5,604.9999999999955,75.62499999999943,10.307692307690935,670.0000000000045,65.0000000000091,95.71428571428636,-65.0000000000091,75.62499999999943,7,1,0.6124999999999999
"{'ema_length': 30, 'ema_backcandles': 14, 'hl_backcandles': 21, 'atr_multiplier': 1.0, 'tp_multiplier': 1.2}",8,87.5,604.9999999999955,75.62499999999943,10.307692307690935,670.0000000000045,65.0000000000091,95.71428571428636,-65.0000000000091,75.62499999999943,7,1,0.6124999999999999
"{'ema_length': 30, 'ema_backcandles': 14, 'hl_backcandles': 21, 'atr_multiplier': 1.2, 'tp_multiplier': 1.2}",8,87.5,604.9999999999955,75.62499999999943,10.307692307690935,670.0000000000045,65.0000000000091,95.71428571428636,-65.0000000000091,75.62499999999943,7,1,0.6124999999999999
"{'ema_length': 30, 'ema_backcandles': 14, 'hl_backcandles': 21, 'atr_multiplier': 1.5, 'tp_multiplier': 1.2}",8,87.5,604.9999999999955,75.62499999999943,10.307692307690935,670.0000000000045,65.0000000000091,95.71428571428636,-65.0000000000091,75.62499999999943,7,1,0.6124999999999999
"{'ema_length': 30, 'ema_backcandles': 21, 'hl_backcandles': 21, 'atr_multiplier': 1.0, 'tp_multiplier': 1.2}",8,87.5,604.9999999999955,75.62499999999943,10.307692307690935,670.0000000000045,65.0000000000091,95.71428571428636,-65.0000000000091,75.62499999999943,7,1,0.6124999999999999
"{'ema_length': 30, 'ema_backcandles': 21, 'hl_backcandles': 21, 'atr_multiplier': 1.2, 'tp_multiplier': 1.2}",8,87.5,604.9999999999955,75.62499999999943,10.307692307690935,670.0000000000045,65.0000000000091,95.71428571428636,-65.0000000000091,75.62499999999943,7,1,0.6124999999999999
"{'ema_length': 30, 'ema_backcandles': 21, 'hl_backcandles': 21, 'atr_multiplier': 1.5, 'tp_multiplier': 1.2}",8,87.5,604.9999999999955,75.62499999999943,10.307692307690935,670.0000000000045,65.0000000000091,95.71428571428636,-65.0000000000091,75.62499999999943,7,1,0.6124999999999999
"{'ema_length': 30, 'ema_backcandles': 7, 'hl_backcandles': 21, 'atr_multiplier': 1.0, 'tp_multiplier': 1.0}",8,87.5,603.9999999999964,75.49999999999955,10.292307692306336,669.0000000000055,65.0000000000091,95.57142857142935,-65.0000000000091,75.49999999999955,7,1,0.6124999999999999
"{'ema_length': 30, 'ema_backcandles': 7, 'hl_backcandles': 21, 'atr_multiplier': 1.2, 'tp_multiplier': 1.0}",8,87.5,603.9999999999964,75.49999999999955,10.292307692306336,669.0000000000055,65.0000000000091,95.57142857142935,-65.0000000000091,75.49999999999955,7,1,0.6124999999999999
"{'ema_length': 30, 'ema_backcandles': 7, 'hl_backcandles': 21, 'atr_multiplier': 1.5, 'tp_multiplier': 1.0}",8,87.5,603.9999999999964,75.49999999999955,10.292307692306336,669.0000000000055,65.0000000000091,95.57142857142935,-65.0000000000091,75.49999999999955,7,1,0.6124999999999999
"{'ema_length': 30, 'ema_backcandles': 14, 'hl_backcandles': 21, 'atr_multiplier': 1.0, 'tp_multiplier': 1.0}",8,87.5,603.9999999999964,75.49999999999955,10.292307692306336,669.0000000000055,65.0000000000091,95.57142857142935,-65.0000000000091,75.49999999999955,7,1,0.6124999999999999
"{'ema_length': 30, 'ema_backcandles': 14, 'hl_backcandles': 21, 'atr_multiplier': 1.2, 'tp_multiplier': 1.0}",8,87.5,603.9999999999964,75.49999999999955,10.292307692306336,669.0000000000055,65.0000000000091,95.57142857142935,-65.0000000000091,75.49999999999955,7,1,0.6124999999999999
"{'ema_length': 30, 'ema_backcandles': 14, 'hl_backcandles': 21, 'atr_multiplier': 1.5, 'tp_multiplier': 1.0}",8,87.5,603.9999999999964,75.49999999999955,10.292307692306336,669.0000000000055,65.0000000000091,95.57142857142935,-65.0000000000091,75.49999999999955,7,1,0.6124999999999999
"{'ema_length': 30, 'ema_backcandles': 21, 'hl_backcandles': 21, 'atr_multiplier': 1.0, 'tp_multiplier': 1.0}",8,87.5,603.9999999999964,75.49999999999955,10.292307692306336,669.0000000000055,65.0000000000091,95.57142857142935,-65.0000000000091,75.49999999999955,7,1,0.6124999999999999
"{'ema_length': 30, 'ema_backcandles': 21, 'hl_backcandles': 21, 'atr_multiplier': 1.2, 'tp_multiplier': 1.0}",8,87.5,603.9999999999964,75.49999999999955,10.292307692306336,669.0000000000055,65.0000000000091,95.57142857142935,-65.0000000000091,75.49999999999955,7,1,0.6124999999999999
"{'ema_length': 30, 'ema_backcandles': 21, 'hl_backcandles': 21, 'atr_multiplier': 1.5, 'tp_multiplier': 1.0}",8,87.5,603.9999999999964,75.49999999999955,10.292307692306336,669.0000000000055,65.0000000000091,95.57142857142935,-65.0000000000091,75.49999999999955,7,1,0.6124999999999999
"{'ema_length': 20, 'ema_backcandles': 7, 'hl_backcandles': 14, 'atr_multiplier': 1.0, 'tp_multiplier': 1.5}",14,78.57142857142857,460.9999999999786,32.9285714285699,2.578767123287559,752.9999999999859,292.0000000000073,68.45454545454417,-97.33333333333576,32.9285714285699,11,3,0.5499999999999999
"{'ema_length': 20, 'ema_backcandles': 7, 'hl_backcandles': 14, 'atr_multiplier': 1.2, 'tp_multiplier': 1.5}",14,78.57142857142857,460.9999999999786,32.9285714285699,2.578767123287559,752.9999999999859,292.0000000000073,68.45454545454417,-97.33333333333576,32.9285714285699,11,3,0.5499999999999999
"{'ema_length': 20, 'ema_backcandles': 7, 'hl_backcandles': 14, 'atr_multiplier': 1.5, 'tp_multiplier': 1.5}",14,78.57142857142857,460.9999999999786,32.9285714285699,2.578767123287559,752.9999999999859,292.0000000000073,68.45454545454417,-97.33333333333576,32.9285714285699,11,3,0.5499999999999999
"{'ema_length': 20, 'ema_backcandles': 14, 'hl_backcandles': 14, 'atr_multiplier': 1.0, 'tp_multiplier': 1.5}",14,78.57142857142857,460.9999999999786,32.9285714285699,2.578767123287559,752.9999999999859,292.0000000000073,68.45454545454417,-97.33333333333576,32.9285714285699,11,3,0.5499999999999999
"{'ema_length': 20, 'ema_backcandles': 14, 'hl_backcandles': 14, 'atr_multiplier': 1.2, 'tp_multiplier': 1.5}",14,78.57142857142857,460.9999999999786,32.9285714285699,2.578767123287559,752.9999999999859,292.0000000000073,68.45454545454417,-97.33333333333576,32.9285714285699,11,3,0.5499999999999999
"{'ema_length': 20, 'ema_backcandles': 14, 'hl_backcandles': 14, 'atr_multiplier': 1.5, 'tp_multiplier': 1.5}",14,78.57142857142857,460.9999999999786,32.9285714285699,2.578767123287559,752.9999999999859,292.0000000000073,68.45454545454417,-97.33333333333576,32.9285714285699,11,3,0.5499999999999999
"{'ema_length': 20, 'ema_backcandles': 7, 'hl_backcandles': 14, 'atr_multiplier': 1.0, 'tp_multiplier': 2.0}",14,78.57142857142857,459.99999999996817,32.85714285714058,2.5753424657532764,751.9999999999754,292.0000000000073,68.36363636363413,-97.33333333333576,32.85714285714058,11,3,0.5499999999999999
"{'ema_length': 20, 'ema_backcandles': 7, 'hl_backcandles': 14, 'atr_multiplier': 1.2, 'tp_multiplier': 2.0}",14,78.57142857142857,459.99999999996817,32.85714285714058,2.5753424657532764,751.9999999999754,292.0000000000073,68.36363636363413,-97.33333333333576,32.85714285714058,11,3,0.5499999999999999
"{'ema_length': 20, 'ema_backcandles': 7, 'hl_backcandles': 14, 'atr_multiplier': 1.5, 'tp_multiplier': 2.0}",14,78.57142857142857,459.99999999996817,32.85714285714058,2.5753424657532764,751.9999999999754,292.0000000000073,68.36363636363413,-97.33333333333576,32.85714285714058,11,3,0.5499999999999999
"{'ema_length': 20, 'ema_backcandles': 14, 'hl_backcandles': 14, 'atr_multiplier': 1.0, 'tp_multiplier': 2.0}",14,78.57142857142857,459.99999999996817,32.85714285714058,2.5753424657532764,751.9999999999754,292.0000000000073,68.36363636363413,-97.33333333333576,32.85714285714058,11,3,0.5499999999999999
"{'ema_length': 20, 'ema_backcandles': 14, 'hl_backcandles': 14, 'atr_multiplier': 1.2, 'tp_multiplier': 2.0}",14,78.57142857142857,459.99999999996817,32.85714285714058,2.5753424657532764,751.9999999999754,292.0000000000073,68.36363636363413,-97.33333333333576,32.85714285714058,11,3,0.5499999999999999
"{'ema_length': 20, 'ema_backcandles': 14, 'hl_backcandles': 14, 'atr_multiplier': 1.5, 'tp_multiplier': 2.0}",14,78.57142857142857,459.99999999996817,32.85714285714058,2.5753424657532764,751.9999999999754,292.0000000000073,68.36363636363413,-97.33333333333576,32.85714285714058,11,3,0.5499999999999999
"{'ema_length': 20, 'ema_backcandles': 7, 'hl_backcandles': 14, 'atr_multiplier': 1.0, 'tp_multiplier': 1.2}",14,78.57142857142857,454.9999999999727,32.49999999999805,2.5582191780820596,746.99999999998,292.0000000000073,67.90909090908909,-97.33333333333576,32.49999999999805,11,3,0.5499999999999999
"{'ema_length': 20, 'ema_backcandles': 7, 'hl_backcandles': 14, 'atr_multiplier': 1.2, 'tp_multiplier': 1.2}",14,78.57142857142857,454.9999999999727,32.49999999999805,2.5582191780820596,746.99999999998,292.0000000000073,67.90909090908909,-97.33333333333576,32.49999999999805,11,3,0.5499999999999999
"{'ema_length': 20, 'ema_backcandles': 7, 'hl_backcandles': 14, 'atr_multiplier': 1.5, 'tp_multiplier': 1.2}",14,78.57142857142857,454.9999999999727,32.49999999999805,2.5582191780820596,746.99999999998,292.0000000000073,67.90909090908909,-97.33333333333576,32.49999999999805,11,3,0.5499999999999999
"{'ema_length': 20, 'ema_backcandles': 14, 'hl_backcandles': 14, 'atr_multiplier': 1.0, 'tp_multiplier': 1.2}",14,78.57142857142857,454.9999999999727,32.49999999999805,2.5582191780820596,746.99999999998,292.0000000000073,67.90909090908909,-97.33333333333576,32.49999999999805,11,3,0.5499999999999999
"{'ema_length': 20, 'ema_backcandles': 14, 'hl_backcandles': 14, 'atr_multiplier': 1.2, 'tp_multiplier': 1.2}",14,78.57142857142857,454.9999999999727,32.49999999999805,2.5582191780820596,746.99999999998,292.0000000000073,67.90909090908909,-97.33333333333576,32.49999999999805,11,3,0.5499999999999999
"{'ema_length': 20, 'ema_backcandles': 14, 'hl_backcandles': 14, 'atr_multiplier': 1.5, 'tp_multiplier': 1.2}",14,78.57142857142857,454.9999999999727,32.49999999999805,2.5582191780820596,746.99999999998,292.0000000000073,67.90909090908909,-97.33333333333576,32.49999999999805,11,3,0.5499999999999999
"{'ema_length': 20, 'ema_backcandles': 7, 'hl_backcandles': 14, 'atr_multiplier': 1.0, 'tp_multiplier': 1.7}",14,78.57142857142857,445.9999999999809,31.857142857141493,2.5273972602738692,737.9999999999882,292.0000000000073,67.09090909090801,-97.33333333333576,31.857142857141493,11,3,0.5499999999999999
"{'ema_length': 20, 'ema_backcandles': 7, 'hl_backcandles': 14, 'atr_multiplier': 1.2, 'tp_multiplier': 1.7}",14,78.57142857142857,445.9999999999809,31.857142857141493,2.5273972602738692,737.9999999999882,292.0000000000073,67.09090909090801,-97.33333333333576,31.857142857141493,11,3,0.5499999999999999
"{'ema_length': 20, 'ema_backcandles': 7, 'hl_backcandles': 14, 'atr_multiplier': 1.5, 'tp_multiplier': 1.7}",14,78.57142857142857,445.9999999999809,31.857142857141493,2.5273972602738692,737.9999999999882,292.0000000000073,67.09090909090801,-97.33333333333576,31.857142857141493,11,3,0.5499999999999999
"{'ema_length': 20, 'ema_backcandles': 14, 'hl_backcandles': 14, 'atr_multiplier': 1.0, 'tp_multiplier': 1.7}",14,78.57142857142857,445.9999999999809,31.857142857141493,2.5273972602738692,737.9999999999882,292.0000000000073,67.09090909090801,-97.33333333333576,31.857142857141493,11,3,0.5499999999999999
"{'ema_length': 20, 'ema_backcandles': 14, 'hl_backcandles': 14, 'atr_multiplier': 1.2, 'tp_multiplier': 1.7}",14,78.57142857142857,445.9999999999809,31.857142857141493,2.5273972602738692,737.9999999999882,292.0000000000073,67.09090909090801,-97.33333333333576,31.857142857141493,11,3,0.5499999999999999
"{'ema_length': 20, 'ema_backcandles': 14, 'hl_backcandles': 14, 'atr_multiplier': 1.5, 'tp_multiplier': 1.7}",14,78.57142857142857,445.9999999999809,31.857142857141493,2.5273972602738692,737.9999999999882,292.0000000000073,67.09090909090801,-97.33333333333576,31.857142857141493,11,3,0.5499999999999999
"{'ema_length': 20, 'ema_backcandles': 7, 'hl_backcandles': 14, 'atr_multiplier': 1.0, 'tp_multiplier': 1.0}",14,78.57142857142857,424.99999999997726,30.357142857141234,2.4554794520546803,716.9999999999845,292.0000000000073,65.18181818181678,-97.33333333333576,30.357142857141234,11,3,0.5499999999999999
"{'ema_length': 20, 'ema_backcandles': 7, 'hl_backcandles': 14, 'atr_multiplier': 1.2, 'tp_multiplier': 1.0}",14,78.57142857142857,424.99999999997726,30.357142857141234,2.4554794520546803,716.9999999999845,292.0000000000073,65.18181818181678,-97.33333333333576,30.357142857141234,11,3,0.5499999999999999
"{'ema_length': 20, 'ema_backcandles': 7, 'hl_backcandles': 14, 'atr_multiplier': 1.5, 'tp_multiplier': 1.0}",14,78.57142857142857,424.99999999997726,30.357142857141234,2.4554794520546803,716.9999999999845,292.0000000000073,65.18181818181678,-97.33333333333576,30.357142857141234,11,3,0.5499999999999999
"{'ema_length': 20, 'ema_backcandles': 14, 'hl_backcandles': 14, 'atr_multiplier': 1.0, 'tp_multiplier': 1.0}",14,78.57142857142857,424.99999999997726,30.357142857141234,2.4554794520546803,716.9999999999845,292.0000000000073,65.18181818181678,-97.33333333333576,30.357142857141234,11,3,0.5499999999999999
"{'ema_length': 20, 'ema_backcandles': 14, 'hl_backcandles': 14, 'atr_multiplier': 1.2, 'tp_multiplier': 1.0}",14,78.57142857142857,424.99999999997726,30.357142857141234,2.4554794520546803,716.9999999999845,292.0000000000073,65.18181818181678,-97.33333333333576,30.357142857141234,11,3,0.5499999999999999
"{'ema_length': 20, 'ema_backcandles': 14, 'hl_backcandles': 14, 'atr_multiplier': 1.5, 'tp_multiplier': 1.0}",14,78.57142857142857,424.99999999997726,30.357142857141234,2.4554794520546803,716.9999999999845,292.0000000000073,65.18181818181678,-97.33333333333576,30.357142857141234,11,3,0.5499999999999999
"{'ema_length': 20, 'ema_backcandles': 7, 'hl_backcandles': 21, 'atr_multiplier': 1.0, 'tp_multiplier': 1.0}",8,75.0,414.99999999998636,51.874999999998295,3.2192513368983176,601.9999999999868,187.00000000000045,100.33333333333114,-93.50000000000023,51.874999999998295,6,2,0.5249999999999999
"{'ema_length': 20, 'ema_backcandles': 7, 'hl_backcandles': 21, 'atr_multiplier': 1.0, 'tp_multiplier': 1.2}",8,75.0,414.99999999998636,51.874999999998295,3.2192513368983176,601.9999999999868,187.00000000000045,100.33333333333114,-93.50000000000023,51.874999999998295,6,2,0.5249999999999999
"{'ema_length': 20, 'ema_backcandles': 7, 'hl_backcandles': 21, 'atr_multiplier': 1.0, 'tp_multiplier': 1.5}",8,75.0,414.99999999998636,51.874999999998295,3.2192513368983176,601.9999999999868,187.00000000000045,100.33333333333114,-93.50000000000023,51.874999999998295,6,2,0.5249999999999999
"{'ema_length': 20, 'ema_backcandles': 7, 'hl_backcandles': 21, 'atr_multiplier': 1.0, 'tp_multiplier': 1.7}",8,75.0,414.99999999998636,51.874999999998295,3.2192513368983176,601.9999999999868,187.00000000000045,100.33333333333114,-93.50000000000023,51.874999999998295,6,2,0.5249999999999999
"{'ema_length': 20, 'ema_backcandles': 7, 'hl_backcandles': 21, 'atr_multiplier': 1.0, 'tp_multiplier': 2.0}",8,75.0,414.99999999998636,51.874999999998295,3.2192513368983176,601.9999999999868,187.00000000000045,100.33333333333114,-93.50000000000023,51.874999999998295,6,2,0.5249999999999999
"{'ema_length': 20, 'ema_backcandles': 7, 'hl_backcandles': 21, 'atr_multiplier': 1.2, 'tp_multiplier': 1.0}",8,75.0,414.99999999998636,51.874999999998295,3.2192513368983176,601.9999999999868,187.00000000000045,100.33333333333114,-93.50000000000023,51.874999999998295,6,2,0.5249999999999999
"{'ema_length': 20, 'ema_backcandles': 7, 'hl_backcandles': 21, 'atr_multiplier': 1.2, 'tp_multiplier': 1.2}",8,75.0,414.99999999998636,51.874999999998295,3.2192513368983176,601.9999999999868,187.00000000000045,100.33333333333114,-93.50000000000023,51.874999999998295,6,2,0.5249999999999999
"{'ema_length': 20, 'ema_backcandles': 7, 'hl_backcandles': 21, 'atr_multiplier': 1.2, 'tp_multiplier': 1.5}",8,75.0,414.99999999998636,51.874999999998295,3.2192513368983176,601.9999999999868,187.00000000000045,100.33333333333114,-93.50000000000023,51.874999999998295,6,2,0.5249999999999999
"{'ema_length': 20, 'ema_backcandles': 7, 'hl_backcandles': 21, 'atr_multiplier': 1.2, 'tp_multiplier': 1.7}",8,75.0,414.99999999998636,51.874999999998295,3.2192513368983176,601.9999999999868,187.00000000000045,100.33333333333114,-93.50000000000023,51.874999999998295,6,2,0.5249999999999999
"{'ema_length': 20, 'ema_backcandles': 7, 'hl_backcandles': 21, 'atr_multiplier': 1.2, 'tp_multiplier': 2.0}",8,75.0,414.99999999998636,51.874999999998295,3.2192513368983176,601.9999999999868,187.00000000000045,100.33333333333114,-93.50000000000023,51.874999999998295,6,2,0.5249999999999999
"{'ema_length': 20, 'ema_backcandles': 7, 'hl_backcandles': 21, 'atr_multiplier': 1.5, 'tp_multiplier': 1.0}",8,75.0,414.99999999998636,51.874999999998295,3.2192513368983176,601.9999999999868,187.00000000000045,100.33333333333114,-93.50000000000023,51.874999999998295,6,2,0.5249999999999999
"{'ema_length': 20, 'ema_backcandles': 7, 'hl_backcandles': 21, 'atr_multiplier': 1.5, 'tp_multiplier': 1.2}",8,75.0,414.99999999998636,51.874999999998295,3.2192513368983176,601.9999999999868,187.00000000000045,100.33333333333114,-93.50000000000023,51.874999999998295,6,2,0.5249999999999999
"{'ema_length': 20, 'ema_backcandles': 7, 'hl_backcandles': 21, 'atr_multiplier': 1.5, 'tp_multiplier': 1.5}",8,75.0,414.99999999998636,51.874999999998295,3.2192513368983176,601.9999999999868,187.00000000000045,100.33333333333114,-93.50000000000023,51.874999999998295,6,2,0.5249999999999999
"{'ema_length': 20, 'ema_backcandles': 7, 'hl_backcandles': 21, 'atr_multiplier': 1.5, 'tp_multiplier': 1.7}",8,75.0,414.99999999998636,51.874999999998295,3.2192513368983176,601.9999999999868,187.00000000000045,100.33333333333114,-93.50000000000023,51.874999999998295,6,2,0.5249999999999999
"{'ema_length': 20, 'ema_backcandles': 7, 'hl_backcandles': 21, 'atr_multiplier': 1.5, 'tp_multiplier': 2.0}",8,75.0,414.99999999998636,51.874999999998295,3.2192513368983176,601.9999999999868,187.00000000000045,100.33333333333114,-93.50000000000023,51.874999999998295,6,2,0.5249999999999999
"{'ema_length': 20, 'ema_backcandles': 14, 'hl_backcandles': 21, 'atr_multiplier': 1.0, 'tp_multiplier': 1.0}",8,75.0,414.99999999998636,51.874999999998295,3.2192513368983176,601.9999999999868,187.00000000000045,100.33333333333114,-93.50000000000023,51.874999999998295,6,2,0.5249999999999999
"{'ema_length': 20, 'ema_backcandles': 14, 'hl_backcandles': 21, 'atr_multiplier': 1.0, 'tp_multiplier': 1.2}",8,75.0,414.99999999998636,51.874999999998295,3.2192513368983176,601.9999999999868,187.00000000000045,100.33333333333114,-93.50000000000023,51.874999999998295,6,2,0.5249999999999999
"{'ema_length': 20, 'ema_backcandles': 14, 'hl_backcandles': 21, 'atr_multiplier': 1.0, 'tp_multiplier': 1.5}",8,75.0,414.99999999998636,51.874999999998295,3.2192513368983176,601.9999999999868,187.00000000000045,100.33333333333114,-93.50000000000023,51.874999999998295,6,2,0.5249999999999999
"{'ema_length': 20, 'ema_backcandles': 14, 'hl_backcandles': 21, 'atr_multiplier': 1.0, 'tp_multiplier': 1.7}",8,75.0,414.99999999998636,51.874999999998295,3.2192513368983176,601.9999999999868,187.00000000000045,100.33333333333114,-93.50000000000023,51.874999999998295,6,2,0.5249999999999999
"{'ema_length': 20, 'ema_backcandles': 14, 'hl_backcandles': 21, 'atr_multiplier': 1.0, 'tp_multiplier': 2.0}",8,75.0,414.99999999998636,51.874999999998295,3.2192513368983176,601.9999999999868,187.00000000000045,100.33333333333114,-93.50000000000023,51.874999999998295,6,2,0.5249999999999999
"{'ema_length': 20, 'ema_backcandles': 14, 'hl_backcandles': 21, 'atr_multiplier': 1.2, 'tp_multiplier': 1.0}",8,75.0,414.99999999998636,51.874999999998295,3.2192513368983176,601.9999999999868,187.00000000000045,100.33333333333114,-93.50000000000023,51.874999999998295,6,2,0.5249999999999999
"{'ema_length': 20, 'ema_backcandles': 14, 'hl_backcandles': 21, 'atr_multiplier': 1.2, 'tp_multiplier': 1.2}",8,75.0,414.99999999998636,51.874999999998295,3.2192513368983176,601.9999999999868,187.00000000000045,100.33333333333114,-93.50000000000023,51.874999999998295,6,2,0.5249999999999999
"{'ema_length': 20, 'ema_backcandles': 14, 'hl_backcandles': 21, 'atr_multiplier': 1.2, 'tp_multiplier': 1.5}",8,75.0,414.99999999998636,51.874999999998295,3.2192513368983176,601.9999999999868,187.00000000000045,100.33333333333114,-93.50000000000023,51.874999999998295,6,2,0.5249999999999999
"{'ema_length': 20, 'ema_backcandles': 14, 'hl_backcandles': 21, 'atr_multiplier': 1.2, 'tp_multiplier': 1.7}",8,75.0,414.99999999998636,51.874999999998295,3.2192513368983176,601.9999999999868,187.00000000000045,100.33333333333114,-93.50000000000023,51.874999999998295,6,2,0.5249999999999999
"{'ema_length': 20, 'ema_backcandles': 14, 'hl_backcandles': 21, 'atr_multiplier': 1.2, 'tp_multiplier': 2.0}",8,75.0,414.99999999998636,51.874999999998295,3.2192513368983176,601.9999999999868,187.00000000000045,100.33333333333114,-93.50000000000023,51.874999999998295,6,2,0.5249999999999999
"{'ema_length': 20, 'ema_backcandles': 14, 'hl_backcandles': 21, 'atr_multiplier': 1.5, 'tp_multiplier': 1.0}",8,75.0,414.99999999998636,51.874999999998295,3.2192513368983176,601.9999999999868,187.00000000000045,100.33333333333114,-93.50000000000023,51.874999999998295,6,2,0.5249999999999999
"{'ema_length': 20, 'ema_backcandles': 14, 'hl_backcandles': 21, 'atr_multiplier': 1.5, 'tp_multiplier': 1.2}",8,75.0,414.99999999998636,51.874999999998295,3.2192513368983176,601.9999999999868,187.00000000000045,100.33333333333114,-93.50000000000023,51.874999999998295,6,2,0.5249999999999999
"{'ema_length': 20, 'ema_backcandles': 14, 'hl_backcandles': 21, 'atr_multiplier': 1.5, 'tp_multiplier': 1.5}",8,75.0,414.99999999998636,51.874999999998295,3.2192513368983176,601.9999999999868,187.00000000000045,100.33333333333114,-93.50000000000023,51.874999999998295,6,2,0.5249999999999999
"{'ema_length': 20, 'ema_backcandles': 14, 'hl_backcandles': 21, 'atr_multiplier': 1.5, 'tp_multiplier': 1.7}",8,75.0,414.99999999998636,51.874999999998295,3.2192513368983176,601.9999999999868,187.00000000000045,100.33333333333114,-93.50000000000023,51.874999999998295,6,2,0.5249999999999999
"{'ema_length': 20, 'ema_backcandles': 14, 'hl_backcandles': 21, 'atr_multiplier': 1.5, 'tp_multiplier': 2.0}",8,75.0,414.99999999998636,51.874999999998295,3.2192513368983176,601.9999999999868,187.00000000000045,100.33333333333114,-93.50000000000023,51.874999999998295,6,2,0.5249999999999999
"{'ema_length': 20, 'ema_backcandles': 21, 'hl_backcandles': 7, 'atr_multiplier': 1.0, 'tp_multiplier': 1.0}",224,56.69642857142857,2923.999999999961,13.053571428571255,1.4832259130722112,8974.999999999982,6051.000000000022,70.66929133858254,-63.03125000000023,13.053571428571255,127,97,0.396875
"{'ema_length': 20, 'ema_backcandles': 21, 'hl_backcandles': 7, 'atr_multiplier': 1.2, 'tp_multiplier': 1.0}",224,56.69642857142857,2923.999999999961,13.053571428571255,1.4832259130722112,8974.999999999982,6051.000000000022,70.66929133858254,-63.03125000000023,13.053571428571255,127,97,0.396875
"{'ema_length': 20, 'ema_backcandles': 21, 'hl_backcandles': 7, 'atr_multiplier': 1.5, 'tp_multiplier': 1.0}",224,56.69642857142857,2923.999999999961,13.053571428571255,1.4832259130722112,8974.999999999982,6051.000000000022,70.66929133858254,-63.03125000000023,13.053571428571255,127,97,0.396875
"{'ema_length': 30, 'ema_backcandles': 21, 'hl_backcandles': 14, 'atr_multiplier': 1.0, 'tp_multiplier': 1.0}",106,55.660377358490564,1557.9999999999757,14.69811320754694,1.5464749210803075,4409.000000000008,2851.000000000033,74.72881355932218,-60.659574468085815,14.69811320754694,59,47,0.38962264150943393
"{'ema_length': 30, 'ema_backcandles': 21, 'hl_backcandles': 14, 'atr_multiplier': 1.2, 'tp_multiplier': 1.0}",106,55.660377358490564,1557.9999999999757,14.69811320754694,1.5464749210803075,4409.000000000008,2851.000000000033,74.72881355932218,-60.659574468085815,14.69811320754694,59,47,0.38962264150943393
"{'ema_length': 30, 'ema_backcandles': 21, 'hl_backcandles': 14, 'atr_multiplier': 1.5, 'tp_multiplier': 1.0}",106,55.660377358490564,1557.9999999999757,14.69811320754694,1.5464749210803075,4409.000000000008,2851.000000000033,74.72881355932218,-60.659574468085815,14.69811320754694,59,47,0.38962264150943393
"{'ema_length': 30, 'ema_backcandles': 21, 'hl_backcandles': 14, 'atr_multiplier': 1.0, 'tp_multiplier': 1.2}",106,54.71698113207547,2043.9999999999486,19.283018867924042,1.7058011049723514,4939.9999999999745,2896.0000000000264,85.172413793103,-60.33333333333388,19.283018867924042,58,48,0.3830188679245283
"{'ema_length': 30, 'ema_backcandles': 21, 'hl_backcandles': 14, 'atr_multiplier': 1.2, 'tp_multiplier': 1.2}",106,54.71698113207547,2043.9999999999486,19.283018867924042,1.7058011049723514,4939.9999999999745,2896.0000000000264,85.172413793103,-60.33333333333388,19.283018867924042,58,48,0.3830188679245283
"{'ema_length': 30, 'ema_backcandles': 21, 'hl_backcandles': 14, 'atr_multiplier': 1.5, 'tp_multiplier': 1.2}",106,54.71698113207547,2043.9999999999486,19.283018867924042,1.7058011049723514,4939.9999999999745,2896.0000000000264,85.172413793103,-60.33333333333388,19.283018867924042,58,48,0.3830188679245283
"{'ema_length': 20, 'ema_backcandles': 14, 'hl_backcandles': 7, 'atr_multiplier': 1.0, 'tp_multiplier': 1.0}",420,54.285714285714285,3816.9999999999272,9.088095238095065,1.323831339611429,15603.999999999975,11787.000000000047,68.43859649122795,-61.712041884817005,9.088095238095065,228,192,0.37999999999999995
"{'ema_length': 20, 'ema_backcandles': 14, 'hl_backcandles': 7, 'atr_multiplier': 1.2, 'tp_multiplier': 1.0}",420,54.285714285714285,3816.9999999999272,9.088095238095065,1.323831339611429,15603.999999999975,11787.000000000047,68.43859649122795,-61.712041884817005,9.088095238095065,228,192,0.37999999999999995
"{'ema_length': 20, 'ema_backcandles': 14, 'hl_backcandles': 7, 'atr_multiplier': 1.5, 'tp_multiplier': 1.0}",420,54.285714285714285,3816.9999999999272,9.088095238095065,1.323831339611429,15603.999999999975,11787.000000000047,68.43859649122795,-61.712041884817005,9.088095238095065,228,192,0.37999999999999995
"{'ema_length': 20, 'ema_backcandles': 21, 'hl_backcandles': 7, 'atr_multiplier': 1.0, 'tp_multiplier': 1.2}",223,54.26008968609865,2371.9999999999854,10.636771300448364,1.3825189485566811,8573.000000000002,6201.000000000016,70.8512396694215,-61.39603960396056,10.636771300448364,121,102,0.37982062780269055
"{'ema_length': 20, 'ema_backcandles': 21, 'hl_backcandles': 7, 'atr_multiplier': 1.2, 'tp_multiplier': 1.2}",223,54.26008968609865,2371.9999999999854,10.636771300448364,1.3825189485566811,8573.000000000002,6201.000000000016,70.8512396694215,-61.39603960396056,10.636771300448364,121,102,0.37982062780269055
"{'ema_length': 20, 'ema_backcandles': 21, 'hl_backcandles': 7, 'atr_multiplier': 1.5, 'tp_multiplier': 1.2}",223,54.26008968609865,2371.9999999999854,10.636771300448364,1.3825189485566811,8573.000000000002,6201.000000000016,70.8512396694215,-61.39603960396056,10.636771300448364,121,102,0.37982062780269055
"{'ema_length': 30, 'ema_backcandles': 7, 'hl_backcandles': 14, 'atr_multiplier': 1.0, 'tp_multiplier': 1.0}",131,54.19847328244275,1319.9999999999363,10.076335877862109,1.3384615384615197,5219.9999999999645,3900.000000000028,73.52112676056288,-65.00000000000047,10.076335877862109,71,60,0.3793893129770992
"{'ema_length': 30, 'ema_backcandles': 7, 'hl_backcandles': 14, 'atr_multiplier': 1.2, 'tp_multiplier': 1.0}",131,54.19847328244275,1319.9999999999363,10.076335877862109,1.3384615384615197,5219.9999999999645,3900.000000000028,73.52112676056288,-65.00000000000047,10.076335877862109,71,60,0.3793893129770992
"{'ema_length': 30, 'ema_backcandles': 7, 'hl_backcandles': 14, 'atr_multiplier': 1.5, 'tp_multiplier': 1.0}",131,54.19847328244275,1319.9999999999363,10.076335877862109,1.3384615384615197,5219.9999999999645,3900.000000000028,73.52112676056288,-65.00000000000047,10.076335877862109,71,60,0.3793893129770992
"{'ema_length': 30, 'ema_backcandles': 14, 'hl_backcandles': 14, 'atr_multiplier': 1.0, 'tp_multiplier': 1.0}",131,54.19847328244275,1319.9999999999363,10.076335877862109,1.3384615384615197,5219.9999999999645,3900.000000000028,73.52112676056288,-65.00000000000047,10.076335877862109,71,60,0.3793893129770992
"{'ema_length': 30, 'ema_backcandles': 14, 'hl_backcandles': 14, 'atr_multiplier': 1.2, 'tp_multiplier': 1.0}",131,54.19847328244275,1319.9999999999363,10.076335877862109,1.3384615384615197,5219.9999999999645,3900.000000000028,73.52112676056288,-65.00000000000047,10.076335877862109,71,60,0.3793893129770992
"{'ema_length': 30, 'ema_backcandles': 14, 'hl_backcandles': 14, 'atr_multiplier': 1.5, 'tp_multiplier': 1.0}",131,54.19847328244275,1319.9999999999363,10.076335877862109,1.3384615384615197,5219.9999999999645,3900.000000000028,73.52112676056288,-65.00000000000047,10.076335877862109,71,60,0.3793893129770992
"{'ema_length': 30, 'ema_backcandles': 21, 'hl_backcandles': 14, 'atr_multiplier': 1.0, 'tp_multiplier': 2.0}",106,53.77358490566038,2508.9999999999404,23.669811320754157,1.8563139931740356,5438.999999999958,2930.000000000018,95.42105263157822,-59.79591836734731,23.669811320754157,57,49,0.3764150943396226
"{'ema_length': 30, 'ema_backcandles': 21, 'hl_backcandles': 14, 'atr_multiplier': 1.2, 'tp_multiplier': 2.0}",106,53.77358490566038,2508.9999999999404,23.669811320754157,1.8563139931740356,5438.999999999958,2930.000000000018,95.42105263157822,-59.79591836734731,23.669811320754157,57,49,0.3764150943396226
"{'ema_length': 30, 'ema_backcandles': 21, 'hl_backcandles': 14, 'atr_multiplier': 1.5, 'tp_multiplier': 2.0}",106,53.77358490566038,2508.9999999999404,23.669811320754157,1.8563139931740356,5438.999999999958,2930.000000000018,95.42105263157822,-59.79591836734731,23.669811320754157,57,49,0.3764150943396226
"{'ema_length': 30, 'ema_backcandles': 21, 'hl_backcandles': 14, 'atr_multiplier': 1.0, 'tp_multiplier': 1.7}",106,53.77358490566038,2353.9999999999454,22.207547169810805,1.8034129692832526,5283.999999999963,2930.000000000018,92.70175438596426,-59.79591836734731,22.207547169810805,57,49,0.3764150943396226
"{'ema_length': 30, 'ema_backcandles': 21, 'hl_backcandles': 14, 'atr_multiplier': 1.2, 'tp_multiplier': 1.7}",106,53.77358490566038,2353.9999999999454,22.207547169810805,1.8034129692832526,5283.999999999963,2930.000000000018,92.70175438596426,-59.79591836734731,22.207547169810805,57,49,0.3764150943396226
"{'ema_length': 30, 'ema_backcandles': 21, 'hl_backcandles': 14, 'atr_multiplier': 1.5, 'tp_multiplier': 1.7}",106,53.77358490566038,2353.9999999999454,22.207547169810805,1.8034129692832526,5283.999999999963,2930.000000000018,92.70175438596426,-59.79591836734731,22.207547169810805,57,49,0.3764150943396226
"{'ema_length': 30, 'ema_backcandles': 21, 'hl_backcandles': 14, 'atr_multiplier': 1.0, 'tp_multiplier': 1.5}",106,53.77358490566038,2327.999999999969,21.962264150943106,1.7945392491467418,5257.999999999986,2930.000000000018,92.24561403508748,-59.79591836734731,21.962264150943106,57,49,0.3764150943396226
"{'ema_length': 30, 'ema_backcandles': 21, 'hl_backcandles': 14, 'atr_multiplier': 1.2, 'tp_multiplier': 1.5}",106,53.77358490566038,2327.999999999969,21.962264150943106,1.7945392491467418,5257.999999999986,2930.000000000018,92.24561403508748,-59.79591836734731,21.962264150943106,57,49,0.3764150943396226
"{'ema_length': 30, 'ema_backcandles': 21, 'hl_backcandles': 14, 'atr_multiplier': 1.5, 'tp_multiplier': 1.5}",106,53.77358490566038,2327.999999999969,21.962264150943106,1.7945392491467418,5257.999999999986,2930.000000000018,92.24561403508748,-59.79591836734731,21.962264150943106,57,49,0.3764150943396226
"{'ema_length': 20, 'ema_backcandles': 7, 'hl_backcandles': 7, 'atr_multiplier': 1.0, 'tp_multiplier': 1.0}",610,53.77049180327869,3081.9999999998854,5.052459016393255,1.1713936158380536,21063.999999999924,17982.000000000036,64.21951219512172,-64.6834532374102,5.052459016393255,328,282,0.37639344262295077
"{'ema_length': 20, 'ema_backcandles': 7, 'hl_backcandles': 7, 'atr_multiplier': 1.2, 'tp_multiplier': 1.0}",610,53.77049180327869,3081.9999999998854,5.052459016393255,1.1713936158380536,21063.999999999924,17982.000000000036,64.21951219512172,-64.6834532374102,5.052459016393255,328,282,0.37639344262295077
"{'ema_length': 20, 'ema_backcandles': 7, 'hl_backcandles': 7, 'atr_multiplier': 1.5, 'tp_multiplier': 1.0}",610,53.77049180327869,3081.9999999998854,5.052459016393255,1.1713936158380536,21063.999999999924,17982.000000000036,64.21951219512172,-64.6834532374102,5.052459016393255,328,282,0.37639344262295077
"{'ema_length': 30, 'ema_backcandles': 7, 'hl_backcandles': 14, 'atr_multiplier': 1.0, 'tp_multiplier': 1.2}",131,52.67175572519084,1785.9999999999275,13.633587786258989,1.4521518987341568,5735.999999999944,3950.000000000017,83.13043478260788,-63.70967741935511,13.633587786258989,69,62,0.36870229007633587
"{'ema_length': 30, 'ema_backcandles': 7, 'hl_backcandles': 14, 'atr_multiplier': 1.2, 'tp_multiplier': 1.2}",131,52.67175572519084,1785.9999999999275,13.633587786258989,1.4521518987341568,5735.999999999944,3950.000000000017,83.13043478260788,-63.70967741935511,13.633587786258989,69,62,0.36870229007633587
"{'ema_length': 30, 'ema_backcandles': 7, 'hl_backcandles': 14, 'atr_multiplier': 1.5, 'tp_multiplier': 1.2}",131,52.67175572519084,1785.9999999999275,13.633587786258989,1.4521518987341568,5735.999999999944,3950.000000000017,83.13043478260788,-63.70967741935511,13.633587786258989,69,62,0.36870229007633587
"{'ema_length': 30, 'ema_backcandles': 14, 'hl_backcandles': 14, 'atr_multiplier': 1.0, 'tp_multiplier': 1.2}",131,52.67175572519084,1785.9999999999275,13.633587786258989,1.4521518987341568,5735.999999999944,3950.000000000017,83.13043478260788,-63.70967741935511,13.633587786258989,69,62,0.36870229007633587
"{'ema_length': 30, 'ema_backcandles': 14, 'hl_backcandles': 14, 'atr_multiplier': 1.2, 'tp_multiplier': 1.2}",131,52.67175572519084,1785.9999999999275,13.633587786258989,1.4521518987341568,5735.999999999944,3950.000000000017,83.13043478260788,-63.70967741935511,13.633587786258989,69,62,0.36870229007633587
"{'ema_length': 30, 'ema_backcandles': 14, 'hl_backcandles': 14, 'atr_multiplier': 1.5, 'tp_multiplier': 1.2}",131,52.67175572519084,1785.9999999999275,13.633587786258989,1.4521518987341568,5735.999999999944,3950.000000000017,83.13043478260788,-63.70967741935511,13.633587786258989,69,62,0.36870229007633587
"{'ema_length': 30, 'ema_backcandles': 21, 'hl_backcandles': 7, 'atr_multiplier': 1.0, 'tp_multiplier': 1.0}",711,52.601969057665265,5329.999999999944,7.496483825597671,1.2696004046535123,25099.999999999978,19770.000000000033,67.11229946524058,-59.014925373134425,7.496483825597671,374,337,0.36821378340365685
"{'ema_length': 30, 'ema_backcandles': 21, 'hl_backcandles': 7, 'atr_multiplier': 1.2, 'tp_multiplier': 1.0}",711,52.601969057665265,5329.999999999944,7.496483825597671,1.2696004046535123,25099.999999999978,19770.000000000033,67.11229946524058,-59.014925373134425,7.496483825597671,374,337,0.36821378340365685
"{'ema_length': 30, 'ema_backcandles': 21, 'hl_backcandles': 7, 'atr_multiplier': 1.5, 'tp_multiplier': 1.0}",711,52.601969057665265,5329.999999999944,7.496483825597671,1.2696004046535123,25099.999999999978,19770.000000000033,67.11229946524058,-59.014925373134425,7.496483825597671,374,337,0.36821378340365685
"{'ema_length': 100, 'ema_backcandles': 7, 'hl_backcandles': 21, 'atr_multiplier': 1.0, 'tp_multiplier': 1.0}",972,52.36625514403293,2040.000000000157,2.0987654320989266,1.078652118595064,27976.999999999953,25936.999999999796,54.964636542239596,-56.262472885032096,2.0987654320989266,509,463,0.3665637860082305
"{'ema_length': 100, 'ema_backcandles': 7, 'hl_backcandles': 21, 'atr_multiplier': 1.2, 'tp_multiplier': 1.0}",972,52.36625514403293,2040.000000000157,2.0987654320989266,1.078652118595064,27976.999999999953,25936.999999999796,54.964636542239596,-56.262472885032096,2.0987654320989266,509,463,0.3665637860082305
"{'ema_length': 100, 'ema_backcandles': 7, 'hl_backcandles': 21, 'atr_multiplier': 1.5, 'tp_multiplier': 1.0}",972,52.36625514403293,2040.000000000157,2.0987654320989266,1.078652118595064,27976.999999999953,25936.999999999796,54.964636542239596,-56.262472885032096,2.0987654320989266,509,463,0.3665637860082305
"{'ema_length': 100, 'ema_backcandles': 14, 'hl_backcandles': 21, 'atr_multiplier': 1.0, 'tp_multiplier': 1.0}",972,52.36625514403293,2040.000000000157,2.0987654320989266,1.078652118595064,27976.999999999953,25936.999999999796,54.964636542239596,-56.262472885032096,2.0987654320989266,509,463,0.3665637860082305
"{'ema_length': 100, 'ema_backcandles': 14, 'hl_backcandles': 21, 'atr_multiplier': 1.2, 'tp_multiplier': 1.0}",972,52.36625514403293,2040.000000000157,2.0987654320989266,1.078652118595064,27976.999999999953,25936.999999999796,54.964636542239596,-56.262472885032096,2.0987654320989266,509,463,0.3665637860082305
"{'ema_length': 100, 'ema_backcandles': 14, 'hl_backcandles': 21, 'atr_multiplier': 1.5, 'tp_multiplier': 1.0}",972,52.36625514403293,2040.000000000157,2.0987654320989266,1.078652118595064,27976.999999999953,25936.999999999796,54.964636542239596,-56.262472885032096,2.0987654320989266,509,463,0.3665637860082305
"{'ema_length': 100, 'ema_backcandles': 21, 'hl_backcandles': 21, 'atr_multiplier': 1.0, 'tp_multiplier': 1.0}",972,52.36625514403293,2040.000000000157,2.0987654320989266,1.078652118595064,27976.999999999953,25936.999999999796,54.964636542239596,-56.262472885032096,2.0987654320989266,509,463,0.3665637860082305
"{'ema_length': 100, 'ema_backcandles': 21, 'hl_backcandles': 21, 'atr_multiplier': 1.2, 'tp_multiplier': 1.0}",972,52.36625514403293,2040.000000000157,2.0987654320989266,1.078652118595064,27976.999999999953,25936.999999999796,54.964636542239596,-56.262472885032096,2.0987654320989266,509,463,0.3665637860082305
"{'ema_length': 100, 'ema_backcandles': 21, 'hl_backcandles': 21, 'atr_multiplier': 1.5, 'tp_multiplier': 1.0}",972,52.36625514403293,2040.000000000157,2.0987654320989266,1.078652118595064,27976.999999999953,25936.999999999796,54.964636542239596,-56.262472885032096,2.0987654320989266,509,463,0.3665637860082305
"{'ema_length': 20, 'ema_backcandles': 14, 'hl_backcandles': 7, 'atr_multiplier': 1.0, 'tp_multiplier': 1.2}",419,52.2673031026253,3504.9999999999445,8.365155131264784,1.2910404384289569,15547.999999999989,12043.000000000047,70.99543378995429,-60.51758793969873,8.365155131264784,219,200,0.36587112171837705
"{'ema_length': 20, 'ema_backcandles': 14, 'hl_backcandles': 7, 'atr_multiplier': 1.2, 'tp_multiplier': 1.2}",419,52.2673031026253,3504.9999999999445,8.365155131264784,1.2910404384289569,15547.999999999989,12043.000000000047,70.99543378995429,-60.51758793969873,8.365155131264784,219,200,0.36587112171837705
"{'ema_length': 20, 'ema_backcandles': 14, 'hl_backcandles': 7, 'atr_multiplier': 1.5, 'tp_multiplier': 1.2}",419,52.2673031026253,3504.9999999999445,8.365155131264784,1.2910404384289569,15547.999999999989,12043.000000000047,70.99543378995429,-60.51758793969873,8.365155131264784,219,200,0.36587112171837705
"{'ema_length': 20, 'ema_backcandles': 21, 'hl_backcandles': 7, 'atr_multiplier': 1.0, 'tp_multiplier': 1.5}",223,52.01793721973094,2637.9999999999427,11.829596412555796,1.4210694333599252,8902.999999999967,6265.0000000000255,76.74999999999972,-59.666666666666906,11.829596412555796,116,107,0.3641255605381165
"{'ema_length': 20, 'ema_backcandles': 21, 'hl_backcandles': 7, 'atr_multiplier': 1.2, 'tp_multiplier': 1.5}",223,52.01793721973094,2637.9999999999427,11.829596412555796,1.4210694333599252,8902.999999999967,6265.0000000000255,76.74999999999972,-59.666666666666906,11.829596412555796,116,107,0.3641255605381165
"{'ema_length': 20, 'ema_backcandles': 21, 'hl_backcandles': 7, 'atr_multiplier': 1.5, 'tp_multiplier': 1.5}",223,52.01793721973094,2637.9999999999427,11.829596412555796,1.4210694333599252,8902.999999999967,6265.0000000000255,76.74999999999972,-59.666666666666906,11.829596412555796,116,107,0.3641255605381165
"{'ema_length': 30, 'ema_backcandles': 7, 'hl_backcandles': 14, 'atr_multiplier': 1.0, 'tp_multiplier': 2.0}",131,51.908396946564885,2208.999999999941,16.862595419846876,1.5544678714859275,6192.999999999949,3984.000000000009,91.07352941176396,-63.23809523809538,16.862595419846876,68,63,0.36335877862595417
"{'ema_length': 30, 'ema_backcandles': 7, 'hl_backcandles': 14, 'atr_multiplier': 1.2, 'tp_multiplier': 2.0}",131,51.908396946564885,2208.999999999941,16.862595419846876,1.5544678714859275,6192.999999999949,3984.000000000009,91.07352941176396,-63.23809523809538,16.862595419846876,68,63,0.36335877862595417
"{'ema_length': 30, 'ema_backcandles': 7, 'hl_backcandles': 14, 'atr_multiplier': 1.5, 'tp_multiplier': 2.0}",131,51.908396946564885,2208.999999999941,16.862595419846876,1.5544678714859275,6192.999999999949,3984.000000000009,91.07352941176396,-63.23809523809538,16.862595419846876,68,63,0.36335877862595417
"{'ema_length': 30, 'ema_backcandles': 14, 'hl_backcandles': 14, 'atr_multiplier': 1.0, 'tp_multiplier': 2.0}",131,51.908396946564885,2208.999999999941,16.862595419846876,1.5544678714859275,6192.999999999949,3984.000000000009,91.07352941176396,-63.23809523809538,16.862595419846876,68,63,0.36335877862595417
"{'ema_length': 30, 'ema_backcandles': 14, 'hl_backcandles': 14, 'atr_multiplier': 1.2, 'tp_multiplier': 2.0}",131,51.908396946564885,2208.999999999941,16.862595419846876,1.5544678714859275,6192.999999999949,3984.000000000009,91.07352941176396,-63.23809523809538,16.862595419846876,68,63,0.36335877862595417
"{'ema_length': 30, 'ema_backcandles': 14, 'hl_backcandles': 14, 'atr_multiplier': 1.5, 'tp_multiplier': 2.0}",131,51.908396946564885,2208.999999999941,16.862595419846876,1.5544678714859275,6192.999999999949,3984.000000000009,91.07352941176396,-63.23809523809538,16.862595419846876,68,63,0.36335877862595417
"{'ema_length': 30, 'ema_backcandles': 7, 'hl_backcandles': 14, 'atr_multiplier': 1.0, 'tp_multiplier': 1.7}",131,51.908396946564885,2117.9999999999554,16.16793893129737,1.5316265060240835,6101.999999999963,3984.000000000009,89.7352941176465,-63.23809523809538,16.16793893129737,68,63,0.36335877862595417
"{'ema_length': 30, 'ema_backcandles': 7, 'hl_backcandles': 14, 'atr_multiplier': 1.2, 'tp_multiplier': 1.7}",131,51.908396946564885,2117.9999999999554,16.16793893129737,1.5316265060240835,6101.999999999963,3984.000000000009,89.7352941176465,-63.23809523809538,16.16793893129737,68,63,0.36335877862595417
"{'ema_length': 30, 'ema_backcandles': 7, 'hl_backcandles': 14, 'atr_multiplier': 1.5, 'tp_multiplier': 1.7}",131,51.908396946564885,2117.9999999999554,16.16793893129737,1.5316265060240835,6101.999999999963,3984.000000000009,89.7352941176465,-63.23809523809538,16.16793893129737,68,63,0.36335877862595417
"{'ema_length': 30, 'ema_backcandles': 14, 'hl_backcandles': 14, 'atr_multiplier': 1.0, 'tp_multiplier': 1.7}",131,51.908396946564885,2117.9999999999554,16.16793893129737,1.5316265060240835,6101.999999999963,3984.000000000009,89.7352941176465,-63.23809523809538,16.16793893129737,68,63,0.36335877862595417
"{'ema_length': 30, 'ema_backcandles': 14, 'hl_backcandles': 14, 'atr_multiplier': 1.2, 'tp_multiplier': 1.7}",131,51.908396946564885,2117.9999999999554,16.16793893129737,1.5316265060240835,6101.999999999963,3984.000000000009,89.7352941176465,-63.23809523809538,16.16793893129737,68,63,0.36335877862595417
"{'ema_length': 30, 'ema_backcandles': 14, 'hl_backcandles': 14, 'atr_multiplier': 1.5, 'tp_multiplier': 1.7}",131,51.908396946564885,2117.9999999999554,16.16793893129737,1.5316265060240835,6101.999999999963,3984.000000000009,89.7352941176465,-63.23809523809538,16.16793893129737,68,63,0.36335877862595417
"{'ema_length': 30, 'ema_backcandles': 7, 'hl_backcandles': 14, 'atr_multiplier': 1.0, 'tp_multiplier': 1.5}",131,51.908396946564885,2077.999999999969,15.862595419847093,1.5215863453815168,6061.999999999977,3984.000000000009,89.14705882352908,-63.23809523809538,15.862595419847093,68,63,0.36335877862595417
"{'ema_length': 30, 'ema_backcandles': 7, 'hl_backcandles': 14, 'atr_multiplier': 1.2, 'tp_multiplier': 1.5}",131,51.908396946564885,2077.999999999969,15.862595419847093,1.5215863453815168,6061.999999999977,3984.000000000009,89.14705882352908,-63.23809523809538,15.862595419847093,68,63,0.36335877862595417
"{'ema_length': 30, 'ema_backcandles': 7, 'hl_backcandles': 14, 'atr_multiplier': 1.5, 'tp_multiplier': 1.5}",131,51.908396946564885,2077.999999999969,15.862595419847093,1.5215863453815168,6061.999999999977,3984.000000000009,89.14705882352908,-63.23809523809538,15.862595419847093,68,63,0.36335877862595417
"{'ema_length': 30, 'ema_backcandles': 14, 'hl_backcandles': 14, 'atr_multiplier': 1.0, 'tp_multiplier': 1.5}",131,51.908396946564885,2077.999999999969,15.862595419847093,1.5215863453815168,6061.999999999977,3984.000000000009,89.14705882352908,-63.23809523809538,15.862595419847093,68,63,0.36335877862595417
"{'ema_length': 30, 'ema_backcandles': 14, 'hl_backcandles': 14, 'atr_multiplier': 1.2, 'tp_multiplier': 1.5}",131,51.908396946564885,2077.999999999969,15.862595419847093,1.5215863453815168,6061.999999999977,3984.000000000009,89.14705882352908,-63.23809523809538,15.862595419847093,68,63,0.36335877862595417
"{'ema_length': 30, 'ema_backcandles': 14, 'hl_backcandles': 14, 'atr_multiplier': 1.5, 'tp_multiplier': 1.5}",131,51.908396946564885,2077.999999999969,15.862595419847093,1.5215863453815168,6061.999999999977,3984.000000000009,89.14705882352908,-63.23809523809538,15.862595419847093,68,63,0.36335877862595417
"{'ema_length': 20, 'ema_backcandles': 7, 'hl_backcandles': 7, 'atr_multiplier': 1.0, 'tp_multiplier': 1.2}",609,51.88834154351396,3127.9999999999236,5.136288998357839,1.1711346974504822,21405.999999999964,18278.000000000044,67.74050632911381,-63.46527777777793,5.136288998357839,316,293,0.3632183908045977
"{'ema_length': 20, 'ema_backcandles': 7, 'hl_backcandles': 7, 'atr_multiplier': 1.2, 'tp_multiplier': 1.2}",609,51.88834154351396,3127.9999999999236,5.136288998357839,1.1711346974504822,21405.999999999964,18278.000000000044,67.74050632911381,-63.46527777777793,5.136288998357839,316,293,0.3632183908045977
"{'ema_length': 20, 'ema_backcandles': 7, 'hl_backcandles': 7, 'atr_multiplier': 1.5, 'tp_multiplier': 1.2}",609,51.88834154351396,3127.9999999999236,5.136288998357839,1.1711346974504822,21405.999999999964,18278.000000000044,67.74050632911381,-63.46527777777793,5.136288998357839,316,293,0.3632183908045977
"{'ema_length': 100, 'ema_backcandles': 7, 'hl_backcandles': 14, 'atr_multiplier': 1.0, 'tp_multiplier': 1.0}",1768,51.75339366515838,3802.9999999999973,2.15101809954751,1.0797943768359213,51462.99999999988,47659.99999999988,56.243715846994405,-56.33569739952705,2.15101809954751,915,853,0.3622737556561086
"{'ema_length': 100, 'ema_backcandles': 7, 'hl_backcandles': 14, 'atr_multiplier': 1.2, 'tp_multiplier': 1.0}",1768,51.75339366515838,3802.9999999999973,2.15101809954751,1.0797943768359213,51462.99999999988,47659.99999999988,56.243715846994405,-56.33569739952705,2.15101809954751,915,853,0.3622737556561086
"{'ema_length': 100, 'ema_backcandles': 7, 'hl_backcandles': 14, 'atr_multiplier': 1.5, 'tp_multiplier': 1.0}",1768,51.75339366515838,3802.9999999999973,2.15101809954751,1.0797943768359213,51462.99999999988,47659.99999999988,56.243715846994405,-56.33569739952705,2.15101809954751,915,853,0.3622737556561086
"{'ema_length': 100, 'ema_backcandles': 14, 'hl_backcandles': 14, 'atr_multiplier': 1.0, 'tp_multiplier': 1.0}",1768,51.75339366515838,3802.9999999999973,2.15101809954751,1.0797943768359213,51462.99999999988,47659.99999999988,56.243715846994405,-56.33569739952705,2.15101809954751,915,853,0.3622737556561086
"{'ema_length': 100, 'ema_backcandles': 14, 'hl_backcandles': 14, 'atr_multiplier': 1.2, 'tp_multiplier': 1.0}",1768,51.75339366515838,3802.9999999999973,2.15101809954751,1.0797943768359213,51462.99999999988,47659.99999999988,56.243715846994405,-56.33569739952705,2.15101809954751,915,853,0.3622737556561086
"{'ema_length': 100, 'ema_backcandles': 14, 'hl_backcandles': 14, 'atr_multiplier': 1.5, 'tp_multiplier': 1.0}",1768,51.75339366515838,3802.9999999999973,2.15101809954751,1.0797943768359213,51462.99999999988,47659.99999999988,56.243715846994405,-56.33569739952705,2.15101809954751,915,853,0.3622737556561086
"{'ema_length': 30, 'ema_backcandles': 7, 'hl_backcandles': 7, 'atr_multiplier': 1.0, 'tp_multiplier': 1.0}",1426,51.61290322580645,6169.999999999805,4.326788218793692,1.153352885619123,46403.99999999982,40234.000000000015,63.04891304347802,-58.90775988286971,4.326788218793692,736,690,0.36129032258064514
"{'ema_length': 30, 'ema_backcandles': 7, 'hl_backcandles': 7, 'atr_multiplier': 1.2, 'tp_multiplier': 1.0}",1426,51.61290322580645,6169.999999999805,4.326788218793692,1.153352885619123,46403.99999999982,40234.000000000015,63.04891304347802,-58.90775988286971,4.326788218793692,736,690,0.36129032258064514
"{'ema_length': 30, 'ema_backcandles': 7, 'hl_backcandles': 7, 'atr_multiplier': 1.5, 'tp_multiplier': 1.0}",1426,51.61290322580645,6169.999999999805,4.326788218793692,1.153352885619123,46403.99999999982,40234.000000000015,63.04891304347802,-58.90775988286971,4.326788218793692,736,690,0.36129032258064514
"{'ema_length': 100, 'ema_backcandles': 21, 'hl_backcandles': 14, 'atr_multiplier': 1.0, 'tp_multiplier': 1.0}",1648,51.51699029126213,3104.0000000000928,1.8834951456311242,1.0701706793263275,47338.999999999956,44234.99999999987,55.75853945818605,-55.781841109709795,1.8834951456311242,849,799,0.3606189320388349
"{'ema_length': 100, 'ema_backcandles': 21, 'hl_backcandles': 14, 'atr_multiplier': 1.2, 'tp_multiplier': 1.0}",1648,51.51699029126213,3104.0000000000928,1.8834951456311242,1.0701706793263275,47338.999999999956,44234.99999999987,55.75853945818605,-55.781841109709795,1.8834951456311242,849,799,0.3606189320388349
"{'ema_length': 100, 'ema_backcandles': 21, 'hl_backcandles': 14, 'atr_multiplier': 1.5, 'tp_multiplier': 1.0}",1648,51.51699029126213,3104.0000000000928,1.8834951456311242,1.0701706793263275,47338.999999999956,44234.99999999987,55.75853945818605,-55.781841109709795,1.8834951456311242,849,799,0.3606189320388349
"{'ema_length': 20, 'ema_backcandles': 21, 'hl_backcandles': 7, 'atr_multiplier': 1.0, 'tp_multiplier': 1.7}",222,51.35135135135135,2279.9999999999272,10.270270270269943,1.3638684966485666,8545.999999999953,6266.0000000000255,74.96491228070134,-59.11320754717005,10.270270270269943,114,108,0.3594594594594594
"{'ema_length': 20, 'ema_backcandles': 21, 'hl_backcandles': 7, 'atr_multiplier': 1.2, 'tp_multiplier': 1.7}",222,51.35135135135135,2279.9999999999272,10.270270270269943,1.3638684966485666,8545.999999999953,6266.0000000000255,74.96491228070134,-59.11320754717005,10.270270270269943,114,108,0.3594594594594594
"{'ema_length': 20, 'ema_backcandles': 21, 'hl_backcandles': 7, 'atr_multiplier': 1.5, 'tp_multiplier': 1.7}",222,51.35135135135135,2279.9999999999272,10.270270270269943,1.3638684966485666,8545.999999999953,6266.0000000000255,74.96491228070134,-59.11320754717005,10.270270270269943,114,108,0.3594594594594594
"{'ema_length': 100, 'ema_backcandles': 21, 'hl_backcandles': 7, 'atr_multiplier': 1.0, 'tp_multiplier': 1.0}",2890,51.34948096885813,9110.999999999967,3.152595155709331,1.1182617048065313,86151.99999999988,77040.99999999991,58.05390835579507,-55.26614060258243,3.152595155709331,1484,1406,0.35944636678200687
"{'ema_length': 100, 'ema_backcandles': 21, 'hl_backcandles': 7, 'atr_multiplier': 1.2, 'tp_multiplier': 1.0}",2890,51.34948096885813,9110.999999999967,3.152595155709331,1.1182617048065313,86151.99999999988,77040.99999999991,58.05390835579507,-55.26614060258243,3.152595155709331,1484,1406,0.35944636678200687
"{'ema_length': 100, 'ema_backcandles': 21, 'hl_backcandles': 7, 'atr_multiplier': 1.5, 'tp_multiplier': 1.0}",2890,51.34948096885813,9110.999999999967,3.152595155709331,1.1182617048065313,86151.99999999988,77040.99999999991,58.05390835579507,-55.26614060258243,3.152595155709331,1484,1406,0.35944636678200687
"{'ema_length': 30, 'ema_backcandles': 14, 'hl_backcandles': 7, 'atr_multiplier': 1.0, 'tp_multiplier': 1.0}",1060,51.22641509433963,5659.9999999999,5.339622641509339,1.1898245967065735,35476.99999999991,29817.000000000007,65.33517495395932,-58.00972762645916,5.339622641509339,543,517,0.3585849056603774
"{'ema_length': 30, 'ema_backcandles': 14, 'hl_backcandles': 7, 'atr_multiplier': 1.2, 'tp_multiplier': 1.0}",1060,51.22641509433963,5659.9999999999,5.339622641509339,1.1898245967065735,35476.99999999991,29817.000000000007,65.33517495395932,-58.00972762645916,5.339622641509339,543,517,0.3585849056603774
"{'ema_length': 30, 'ema_backcandles': 14, 'hl_backcandles': 7, 'atr_multiplier': 1.5, 'tp_multiplier': 1.0}",1060,51.22641509433963,5659.9999999999,5.339622641509339,1.1898245967065735,35476.99999999991,29817.000000000007,65.33517495395932,-58.00972762645916,5.339622641509339,543,517,0.3585849056603774
"{'ema_length': 100, 'ema_backcandles': 7, 'hl_backcandles': 7, 'atr_multiplier': 1.0, 'tp_multiplier': 1.0}",3681,51.15457756044554,9322.999999999967,2.532735669654976,1.0928031057137166,109782.99999999984,100459.99999999988,58.302177376526735,-56.34324172742562,2.532735669654976,1883,1798,0.35808204292311874
"{'ema_length': 100, 'ema_backcandles': 7, 'hl_backcandles': 7, 'atr_multiplier': 1.2, 'tp_multiplier': 1.0}",3681,51.15457756044554,9322.999999999967,2.532735669654976,1.0928031057137166,109782.99999999984,100459.99999999988,58.302177376526735,-56.34324172742562,2.532735669654976,1883,1798,0.35808204292311874
"{'ema_length': 100, 'ema_backcandles': 7, 'hl_backcandles': 7, 'atr_multiplier': 1.5, 'tp_multiplier': 1.0}",3681,51.15457756044554,9322.999999999967,2.532735669654976,1.0928031057137166,109782.99999999984,100459.99999999988,58.302177376526735,-56.34324172742562,2.532735669654976,1883,1798,0.35808204292311874
"{'ema_length': 100, 'ema_backcandles': 14, 'hl_backcandles': 7, 'atr_multiplier': 1.0, 'tp_multiplier': 1.0}",3316,51.11580217129072,9584.999999999884,2.890530759951714,1.1072291582762774,98972.99999999983,89387.99999999994,58.39115044247777,-55.624144368388265,2.890530759951714,1695,1621,0.35781061519903495
"{'ema_length': 100, 'ema_backcandles': 14, 'hl_backcandles': 7, 'atr_multiplier': 1.2, 'tp_multiplier': 1.0}",3316,51.11580217129072,9584.999999999884,2.890530759951714,1.1072291582762774,98972.99999999983,89387.99999999994,58.39115044247777,-55.624144368388265,2.890530759951714,1695,1621,0.35781061519903495
"{'ema_length': 100, 'ema_backcandles': 14, 'hl_backcandles': 7, 'atr_multiplier': 1.5, 'tp_multiplier': 1.0}",3316,51.11580217129072,9584.999999999884,2.890530759951714,1.1072291582762774,98972.99999999983,89387.99999999994,58.39115044247777,-55.624144368388265,2.890530759951714,1695,1621,0.35781061519903495
"{'ema_length': 100, 'ema_backcandles': 7, 'hl_backcandles': 21, 'atr_multiplier': 1.0, 'tp_multiplier': 1.2}",971,51.081359423274975,1895.0000000001467,1.9515962924821284,1.07193288794413,28238.999999999956,26343.999999999807,56.933467741935395,-55.695560253699384,1.9515962924821284,496,475,0.3575695159629248
"{'ema_length': 100, 'ema_backcandles': 7, 'hl_backcandles': 21, 'atr_multiplier': 1.2, 'tp_multiplier': 1.2}",971,51.081359423274975,1895.0000000001467,1.9515962924821284,1.07193288794413,28238.999999999956,26343.999999999807,56.933467741935395,-55.695560253699384,1.9515962924821284,496,475,0.3575695159629248
"{'ema_length': 100, 'ema_backcandles': 7, 'hl_backcandles': 21, 'atr_multiplier': 1.5, 'tp_multiplier': 1.2}",971,51.081359423274975,1895.0000000001467,1.9515962924821284,1.07193288794413,28238.999999999956,26343.999999999807,56.933467741935395,-55.695560253699384,1.9515962924821284,496,475,0.3575695159629248
"{'ema_length': 100, 'ema_backcandles': 14, 'hl_backcandles': 21, 'atr_multiplier': 1.0, 'tp_multiplier': 1.2}",971,51.081359423274975,1895.0000000001467,1.9515962924821284,1.07193288794413,28238.999999999956,26343.999999999807,56.933467741935395,-55.695560253699384,1.9515962924821284,496,475,0.3575695159629248
"{'ema_length': 100, 'ema_backcandles': 14, 'hl_backcandles': 21, 'atr_multiplier': 1.2, 'tp_multiplier': 1.2}",971,51.081359423274975,1895.0000000001467,1.9515962924821284,1.07193288794413,28238.999999999956,26343.999999999807,56.933467741935395,-55.695560253699384,1.9515962924821284,496,475,0.3575695159629248
"{'ema_length': 100, 'ema_backcandles': 14, 'hl_backcandles': 21, 'atr_multiplier': 1.5, 'tp_multiplier': 1.2}",971,51.081359423274975,1895.0000000001467,1.9515962924821284,1.07193288794413,28238.999999999956,26343.999999999807,56.933467741935395,-55.695560253699384,1.9515962924821284,496,475,0.3575695159629248
"{'ema_length': 100, 'ema_backcandles': 21, 'hl_backcandles': 21, 'atr_multiplier': 1.0, 'tp_multiplier': 1.2}",971,51.081359423274975,1895.0000000001467,1.9515962924821284,1.07193288794413,28238.999999999956,26343.999999999807,56.933467741935395,-55.695560253699384,1.9515962924821284,496,475,0.3575695159629248
"{'ema_length': 100, 'ema_backcandles': 21, 'hl_backcandles': 21, 'atr_multiplier': 1.2, 'tp_multiplier': 1.2}",971,51.081359423274975,1895.0000000001467,1.9515962924821284,1.07193288794413,28238.999999999956,26343.999999999807,56.933467741935395,-55.695560253699384,1.9515962924821284,496,475,0.3575695159629248
"{'ema_length': 100, 'ema_backcandles': 21, 'hl_backcandles': 21, 'atr_multiplier': 1.5, 'tp_multiplier': 1.2}",971,51.081359423274975,1895.0000000001467,1.9515962924821284,1.07193288794413,28238.999999999956,26343.999999999807,56.933467741935395,-55.695560253699384,1.9515962924821284,496,475,0.3575695159629248
"{'ema_length': 30, 'ema_backcandles': 21, 'hl_backcandles': 7, 'atr_multiplier': 1.0, 'tp_multiplier': 1.2}",708,50.98870056497176,6081.99999999996,8.590395480225933,1.3058279277920226,25968.99999999998,19887.000000000022,71.93628808864261,-57.64347826086963,8.590395480225933,361,347,0.35692090395480225
"{'ema_length': 30, 'ema_backcandles': 21, 'hl_backcandles': 7, 'atr_multiplier': 1.2, 'tp_multiplier': 1.2}",708,50.98870056497176,6081.99999999996,8.590395480225933,1.3058279277920226,25968.99999999998,19887.000000000022,71.93628808864261,-57.64347826086963,8.590395480225933,361,347,0.35692090395480225
"{'ema_length': 30, 'ema_backcandles': 21, 'hl_backcandles': 7, 'atr_multiplier': 1.5, 'tp_multiplier': 1.2}",708,50.98870056497176,6081.99999999996,8.590395480225933,1.3058279277920226,25968.99999999998,19887.000000000022,71.93628808864261,-57.64347826086963,8.590395480225933,361,347,0.35692090395480225
"{'ema_length': 20, 'ema_backcandles': 21, 'hl_backcandles': 7, 'atr_multiplier': 1.0, 'tp_multiplier': 2.0}",222,50.9009009009009,2074.999999999949,9.346846846846617,1.3297314476402258,8367.999999999973,6293.000000000024,74.0530973451325,-58.81308411214975,9.346846846846617,113,109,0.3563063063063063
"{'ema_length': 20, 'ema_backcandles': 21, 'hl_backcandles': 7, 'atr_multiplier': 1.2, 'tp_multiplier': 2.0}",222,50.9009009009009,2074.999999999949,9.346846846846617,1.3297314476402258,8367.999999999973,6293.000000000024,74.0530973451325,-58.81308411214975,9.346846846846617,113,109,0.3563063063063063
"{'ema_length': 20, 'ema_backcandles': 21, 'hl_backcandles': 7, 'atr_multiplier': 1.5, 'tp_multiplier': 2.0}",222,50.9009009009009,2074.999999999949,9.346846846846617,1.3297314476402258,8367.999999999973,6293.000000000024,74.0530973451325,-58.81308411214975,9.346846846846617,113,109,0.3563063063063063
"{'ema_length': 50, 'ema_backcandles': 7, 'hl_backcandles': 21, 'atr_multiplier': 1.0, 'tp_multiplier': 1.0}",197,50.76142131979695,84.00000000001455,0.4263959390863683,1.0145757418011478,5846.999999999962,5762.999999999948,58.469999999999615,-60.03124999999946,0.4263959390863683,100,97,0.35532994923857864
"{'ema_length': 50, 'ema_backcandles': 7, 'hl_backcandles': 21, 'atr_multiplier': 1.2, 'tp_multiplier': 1.0}",197,50.76142131979695,84.00000000001455,0.4263959390863683,1.0145757418011478,5846.999999999962,5762.999999999948,58.469999999999615,-60.03124999999946,0.4263959390863683,100,97,0.35532994923857864
"{'ema_length': 50, 'ema_backcandles': 7, 'hl_backcandles': 21, 'atr_multiplier': 1.5, 'tp_multiplier': 1.0}",197,50.76142131979695,84.00000000001455,0.4263959390863683,1.0145757418011478,5846.999999999962,5762.999999999948,58.469999999999615,-60.03124999999946,0.4263959390863683,100,97,0.35532994923857864
"{'ema_length': 50, 'ema_backcandles': 14, 'hl_backcandles': 21, 'atr_multiplier': 1.0, 'tp_multiplier': 1.0}",197,50.76142131979695,84.00000000001455,0.4263959390863683,1.0145757418011478,5846.999999999962,5762.999999999948,58.469999999999615,-60.03124999999946,0.4263959390863683,100,97,0.35532994923857864
"{'ema_length': 50, 'ema_backcandles': 14, 'hl_backcandles': 21, 'atr_multiplier': 1.2, 'tp_multiplier': 1.0}",197,50.76142131979695,84.00000000001455,0.4263959390863683,1.0145757418011478,5846.999999999962,5762.999999999948,58.469999999999615,-60.03124999999946,0.4263959390863683,100,97,0.35532994923857864
"{'ema_length': 50, 'ema_backcandles': 14, 'hl_backcandles': 21, 'atr_multiplier': 1.5, 'tp_multiplier': 1.0}",197,50.76142131979695,84.00000000001455,0.4263959390863683,1.0145757418011478,5846.999999999962,5762.999999999948,58.469999999999615,-60.03124999999946,0.4263959390863683,100,97,0.35532994923857864
"{'ema_length': 50, 'ema_backcandles': 21, 'hl_backcandles': 21, 'atr_multiplier': 1.0, 'tp_multiplier': 1.0}",197,50.76142131979695,84.00000000001455,0.4263959390863683,1.0145757418011478,5846.999999999962,5762.999999999948,58.469999999999615,-60.03124999999946,0.4263959390863683,100,97,0.35532994923857864
"{'ema_length': 50, 'ema_backcandles': 21, 'hl_backcandles': 21, 'atr_multiplier': 1.2, 'tp_multiplier': 1.0}",197,50.76142131979695,84.00000000001455,0.4263959390863683,1.0145757418011478,5846.999999999962,5762.999999999948,58.469999999999615,-60.03124999999946,0.4263959390863683,100,97,0.35532994923857864
"{'ema_length': 50, 'ema_backcandles': 21, 'hl_backcandles': 21, 'atr_multiplier': 1.5, 'tp_multiplier': 1.0}",197,50.76142131979695,84.00000000001455,0.4263959390863683,1.0145757418011478,5846.999999999962,5762.999999999948,58.469999999999615,-60.03124999999946,0.4263959390863683,100,97,0.35532994923857864
"{'ema_length': 100, 'ema_backcandles': 7, 'hl_backcandles': 14, 'atr_multiplier': 1.0, 'tp_multiplier': 1.2}",1765,50.48158640226629,4075.0000000000227,2.308781869688398,1.0842220568783076,52458.99999999989,48383.99999999987,58.876543209876424,-55.93526011560679,2.308781869688398,891,874,0.353371104815864
"{'ema_length': 100, 'ema_backcandles': 7, 'hl_backcandles': 14, 'atr_multiplier': 1.2, 'tp_multiplier': 1.2}",1765,50.48158640226629,4075.0000000000227,2.308781869688398,1.0842220568783076,52458.99999999989,48383.99999999987,58.876543209876424,-55.93526011560679,2.308781869688398,891,874,0.353371104815864
"{'ema_length': 100, 'ema_backcandles': 7, 'hl_backcandles': 14, 'atr_multiplier': 1.5, 'tp_multiplier': 1.2}",1765,50.48158640226629,4075.0000000000227,2.308781869688398,1.0842220568783076,52458.99999999989,48383.99999999987,58.876543209876424,-55.93526011560679,2.308781869688398,891,874,0.353371104815864
"{'ema_length': 100, 'ema_backcandles': 14, 'hl_backcandles': 14, 'atr_multiplier': 1.0, 'tp_multiplier': 1.2}",1765,50.48158640226629,4075.0000000000227,2.308781869688398,1.0842220568783076,52458.99999999989,48383.99999999987,58.876543209876424,-55.93526011560679,2.308781869688398,891,874,0.353371104815864
"{'ema_length': 100, 'ema_backcandles': 14, 'hl_backcandles': 14, 'atr_multiplier': 1.2, 'tp_multiplier': 1.2}",1765,50.48158640226629,4075.0000000000227,2.308781869688398,1.0842220568783076,52458.99999999989,48383.99999999987,58.876543209876424,-55.93526011560679,2.308781869688398,891,874,0.353371104815864
"{'ema_length': 100, 'ema_backcandles': 14, 'hl_backcandles': 14, 'atr_multiplier': 1.5, 'tp_multiplier': 1.2}",1765,50.48158640226629,4075.0000000000227,2.308781869688398,1.0842220568783076,52458.99999999989,48383.99999999987,58.876543209876424,-55.93526011560679,2.308781869688398,891,874,0.353371104815864
"{'ema_length': 50, 'ema_backcandles': 21, 'hl_backcandles': 14, 'atr_multiplier': 1.0, 'tp_multiplier': 1.0}",625,50.4,187.00000000013114,0.2992000000002098,1.0102493833927175,18431.999999999993,18244.99999999986,58.51428571428569,-59.624183006535496,0.2992000000002098,315,310,0.3528
"{'ema_length': 50, 'ema_backcandles': 21, 'hl_backcandles': 14, 'atr_multiplier': 1.2, 'tp_multiplier': 1.0}",625,50.4,187.00000000013114,0.2992000000002098,1.0102493833927175,18431.999999999993,18244.99999999986,58.51428571428569,-59.624183006535496,0.2992000000002098,315,310,0.3528
"{'ema_length': 50, 'ema_backcandles': 21, 'hl_backcandles': 14, 'atr_multiplier': 1.5, 'tp_multiplier': 1.0}",625,50.4,187.00000000013114,0.2992000000002098,1.0102493833927175,18431.999999999993,18244.99999999986,58.51428571428569,-59.624183006535496,0.2992000000002098,315,310,0.3528
"{'ema_length': 50, 'ema_backcandles': 7, 'hl_backcandles': 14, 'atr_multiplier': 1.0, 'tp_multiplier': 1.0}",702,50.28490028490028,272.00000000013347,0.38746438746457756,1.0131204476388085,21002.999999999993,20730.999999999858,59.49858356940508,-60.264534883720515,0.38746438746457756,353,349,0.35199430199430193
"{'ema_length': 50, 'ema_backcandles': 7, 'hl_backcandles': 14, 'atr_multiplier': 1.2, 'tp_multiplier': 1.0}",702,50.28490028490028,272.00000000013347,0.38746438746457756,1.0131204476388085,21002.999999999993,20730.999999999858,59.49858356940508,-60.264534883720515,0.38746438746457756,353,349,0.35199430199430193
"{'ema_length': 50, 'ema_backcandles': 7, 'hl_backcandles': 14, 'atr_multiplier': 1.5, 'tp_multiplier': 1.0}",702,50.28490028490028,272.00000000013347,0.38746438746457756,1.0131204476388085,21002.999999999993,20730.999999999858,59.49858356940508,-60.264534883720515,0.38746438746457756,353,349,0.35199430199430193
"{'ema_length': 50, 'ema_backcandles': 14, 'hl_backcandles': 14, 'atr_multiplier': 1.0, 'tp_multiplier': 1.0}",702,50.28490028490028,272.00000000013347,0.38746438746457756,1.0131204476388085,21002.999999999993,20730.999999999858,59.49858356940508,-60.264534883720515,0.38746438746457756,353,349,0.35199430199430193
"{'ema_length': 50, 'ema_backcandles': 14, 'hl_backcandles': 14, 'atr_multiplier': 1.2, 'tp_multiplier': 1.0}",702,50.28490028490028,272.00000000013347,0.38746438746457756,1.0131204476388085,21002.999999999993,20730.999999999858,59.49858356940508,-60.264534883720515,0.38746438746457756,353,349,0.35199430199430193
"{'ema_length': 50, 'ema_backcandles': 14, 'hl_backcandles': 14, 'atr_multiplier': 1.5, 'tp_multiplier': 1.0}",702,50.28490028490028,272.00000000013347,0.38746438746457756,1.0131204476388085,21002.999999999993,20730.999999999858,59.49858356940508,-60.264534883720515,0.38746438746457756,353,349,0.35199430199430193
"{'ema_length': 100, 'ema_backcandles': 21, 'hl_backcandles': 14, 'atr_multiplier': 1.0, 'tp_multiplier': 1.2}",1645,50.212765957446805,3499.0000000001032,2.1270516717325854,1.0778351203452443,48452.999999999956,44953.999999999854,58.65980629539946,-55.430332922317945,2.1270516717325854,826,819,0.3514893617021276
"{'ema_length': 100, 'ema_backcandles': 21, 'hl_backcandles': 14, 'atr_multiplier': 1.2, 'tp_multiplier': 1.2}",1645,50.212765957446805,3499.0000000001032,2.1270516717325854,1.0778351203452443,48452.999999999956,44953.999999999854,58.65980629539946,-55.430332922317945,2.1270516717325854,826,819,0.3514893617021276
"{'ema_length': 100, 'ema_backcandles': 21, 'hl_backcandles': 14, 'atr_multiplier': 1.5, 'tp_multiplier': 1.2}",1645,50.212765957446805,3499.0000000001032,2.1270516717325854,1.0778351203452443,48452.999999999956,44953.999999999854,58.65980629539946,-55.430332922317945,2.1270516717325854,826,819,0.3514893617021276
"{'ema_length': 100, 'ema_backcandles': 7, 'hl_backcandles': 21, 'atr_multiplier': 1.0, 'tp_multiplier': 1.5}",971,50.15447991761071,2944.000000000079,3.031925849639628,1.1107641371007222,29522.99999999991,26578.999999999833,60.622176591375585,-55.14315352697061,3.031925849639628,487,484,0.3510813594232749
"{'ema_length': 100, 'ema_backcandles': 7, 'hl_backcandles': 21, 'atr_multiplier': 1.2, 'tp_multiplier': 1.5}",971,50.15447991761071,2944.000000000079,3.031925849639628,1.1107641371007222,29522.99999999991,26578.999999999833,60.622176591375585,-55.14315352697061,3.031925849639628,487,484,0.3510813594232749
"{'ema_length': 100, 'ema_backcandles': 7, 'hl_backcandles': 21, 'atr_multiplier': 1.5, 'tp_multiplier': 1.5}",971,50.15447991761071,2944.000000000079,3.031925849639628,1.1107641371007222,29522.99999999991,26578.999999999833,60.622176591375585,-55.14315352697061,3.031925849639628,487,484,0.3510813594232749
"{'ema_length': 100, 'ema_backcandles': 14, 'hl_backcandles': 21, 'atr_multiplier': 1.0, 'tp_multiplier': 1.5}",971,50.15447991761071,2944.000000000079,3.031925849639628,1.1107641371007222,29522.99999999991,26578.999999999833,60.622176591375585,-55.14315352697061,3.031925849639628,487,484,0.3510813594232749
"{'ema_length': 100, 'ema_backcandles': 14, 'hl_backcandles': 21, 'atr_multiplier': 1.2, 'tp_multiplier': 1.5}",971,50.15447991761071,2944.000000000079,3.031925849639628,1.1107641371007222,29522.99999999991,26578.999999999833,60.622176591375585,-55.14315352697061,3.031925849639628,487,484,0.3510813594232749
"{'ema_length': 100, 'ema_backcandles': 14, 'hl_backcandles': 21, 'atr_multiplier': 1.5, 'tp_multiplier': 1.5}",971,50.15447991761071,2944.000000000079,3.031925849639628,1.1107641371007222,29522.99999999991,26578.999999999833,60.622176591375585,-55.14315352697061,3.031925849639628,487,484,0.3510813594232749
"{'ema_length': 100, 'ema_backcandles': 21, 'hl_backcandles': 21, 'atr_multiplier': 1.0, 'tp_multiplier': 1.5}",971,50.15447991761071,2944.000000000079,3.031925849639628,1.1107641371007222,29522.99999999991,26578.999999999833,60.622176591375585,-55.14315352697061,3.031925849639628,487,484,0.3510813594232749
"{'ema_length': 100, 'ema_backcandles': 21, 'hl_backcandles': 21, 'atr_multiplier': 1.2, 'tp_multiplier': 1.5}",971,50.15447991761071,2944.000000000079,3.031925849639628,1.1107641371007222,29522.99999999991,26578.999999999833,60.622176591375585,-55.14315352697061,3.031925849639628,487,484,0.3510813594232749
"{'ema_length': 100, 'ema_backcandles': 21, 'hl_backcandles': 21, 'atr_multiplier': 1.5, 'tp_multiplier': 1.5}",971,50.15447991761071,2944.000000000079,3.031925849639628,1.1107641371007222,29522.99999999991,26578.999999999833,60.622176591375585,-55.14315352697061,3.031925849639628,487,484,0.3510813594232749
"{'ema_length': 50, 'ema_backcandles': 21, 'hl_backcandles': 7, 'atr_multiplier': 1.0, 'tp_multiplier': 1.0}",1602,50.12484394506866,4423.000000000014,2.7609238451935165,1.0977242598320818,49682.999999999905,45259.99999999989,61.87173100871719,-57.14646464646451,2.7609238451935165,803,799,0.35087390761548065
"{'ema_length': 50, 'ema_backcandles': 21, 'hl_backcandles': 7, 'atr_multiplier': 1.2, 'tp_multiplier': 1.0}",1602,50.12484394506866,4423.000000000014,2.7609238451935165,1.0977242598320818,49682.999999999905,45259.99999999989,61.87173100871719,-57.14646464646451,2.7609238451935165,803,799,0.35087390761548065
"{'ema_length': 50, 'ema_backcandles': 21, 'hl_backcandles': 7, 'atr_multiplier': 1.5, 'tp_multiplier': 1.0}",1602,50.12484394506866,4423.000000000014,2.7609238451935165,1.0977242598320818,49682.999999999905,45259.99999999989,61.87173100871719,-57.14646464646451,2.7609238451935165,803,799,0.35087390761548065
"{'ema_length': 50, 'ema_backcandles': 14, 'hl_backcandles': 7, 'atr_multiplier': 1.0, 'tp_multiplier': 1.0}",2035,50.122850122850124,4483.000000000049,2.202948402948427,1.0773064321434742,62472.999999999854,57989.9999999998,61.248039215686134,-57.58689175769593,2.202948402948427,1020,1015,0.35085995085995086
"{'ema_length': 50, 'ema_backcandles': 14, 'hl_backcandles': 7, 'atr_multiplier': 1.2, 'tp_multiplier': 1.0}",2035,50.122850122850124,4483.000000000049,2.202948402948427,1.0773064321434742,62472.999999999854,57989.9999999998,61.248039215686134,-57.58689175769593,2.202948402948427,1020,1015,0.35085995085995086
"{'ema_length': 50, 'ema_backcandles': 14, 'hl_backcandles': 7, 'atr_multiplier': 1.5, 'tp_multiplier': 1.0}",2035,50.122850122850124,4483.000000000049,2.202948402948427,1.0773064321434742,62472.999999999854,57989.9999999998,61.248039215686134,-57.58689175769593,2.202948402948427,1020,1015,0.35085995085995086
"{'ema_length': 50, 'ema_backcandles': 7, 'hl_backcandles': 7, 'atr_multiplier': 1.0, 'tp_multiplier': 1.0}",2462,49.959382615759544,3146.999999999992,1.278229082047113,1.0442834025188208,74211.99999999974,71064.99999999975,60.334959349593284,-58.249999999999794,1.278229082047113,1230,1232,0.3497156783103168
"{'ema_length': 50, 'ema_backcandles': 7, 'hl_backcandles': 7, 'atr_multiplier': 1.2, 'tp_multiplier': 1.0}",2462,49.959382615759544,3146.999999999992,1.278229082047113,1.0442834025188208,74211.99999999974,71064.99999999975,60.334959349593284,-58.249999999999794,1.278229082047113,1230,1232,0.3497156783103168
"{'ema_length': 50, 'ema_backcandles': 7, 'hl_backcandles': 7, 'atr_multiplier': 1.5, 'tp_multiplier': 1.0}",2462,49.959382615759544,3146.999999999992,1.278229082047113,1.0442834025188208,74211.99999999974,71064.99999999975,60.334959349593284,-58.249999999999794,1.278229082047113,1230,1232,0.3497156783103168
"{'ema_length': 30, 'ema_backcandles': 7, 'hl_backcandles': 7, 'atr_multiplier': 1.0, 'tp_multiplier': 1.2}",1418,49.78843441466855,7474.999999999853,5.271509167841927,1.1846408457662247,47958.99999999986,40484.000000000015,67.93059490084966,-57.58748221906119,5.271509167841927,706,712,0.3485190409026799
"{'ema_length': 30, 'ema_backcandles': 7, 'hl_backcandles': 7, 'atr_multiplier': 1.2, 'tp_multiplier': 1.2}",1418,49.78843441466855,7474.999999999853,5.271509167841927,1.1846408457662247,47958.99999999986,40484.000000000015,67.93059490084966,-57.58748221906119,5.271509167841927,706,712,0.3485190409026799
"{'ema_length': 30, 'ema_backcandles': 7, 'hl_backcandles': 7, 'atr_multiplier': 1.5, 'tp_multiplier': 1.2}",1418,49.78843441466855,7474.999999999853,5.271509167841927,1.1846408457662247,47958.99999999986,40484.000000000015,67.93059490084966,-57.58748221906119,5.271509167841927,706,712,0.3485190409026799
"{'ema_length': 20, 'ema_backcandles': 7, 'hl_backcandles': 7, 'atr_multiplier': 1.0, 'tp_multiplier': 1.5}",607,49.75288303130148,3104.9999999998645,5.1153212520590845,1.1686217008797573,21518.999999999935,18414.000000000073,71.254966887417,-61.5852842809367,5.1153212520590845,302,305,0.34827018121911035
"{'ema_length': 20, 'ema_backcandles': 7, 'hl_backcandles': 7, 'atr_multiplier': 1.2, 'tp_multiplier': 1.5}",607,49.75288303130148,3104.9999999998645,5.1153212520590845,1.1686217008797573,21518.999999999935,18414.000000000073,71.254966887417,-61.5852842809367,5.1153212520590845,302,305,0.34827018121911035
"{'ema_length': 20, 'ema_backcandles': 7, 'hl_backcandles': 7, 'atr_multiplier': 1.5, 'tp_multiplier': 1.5}",607,49.75288303130148,3104.9999999998645,5.1153212520590845,1.1686217008797573,21518.999999999935,18414.000000000073,71.254966887417,-61.5852842809367,5.1153212520590845,302,305,0.34827018121911035
"{'ema_length': 50, 'ema_backcandles': 7, 'hl_backcandles': 21, 'atr_multiplier': 1.0, 'tp_multiplier': 1.5}",197,49.746192893401016,945.0000000000159,4.796954314720893,1.1630153527686777,6741.999999999968,5796.999999999951,68.79591836734662,-59.15306122448929,4.796954314720893,98,99,0.3482233502538071
"{'ema_length': 50, 'ema_backcandles': 7, 'hl_backcandles': 21, 'atr_multiplier': 1.2, 'tp_multiplier': 1.5}",197,49.746192893401016,945.0000000000159,4.796954314720893,1.1630153527686777,6741.999999999968,5796.999999999951,68.79591836734662,-59.15306122448929,4.796954314720893,98,99,0.3482233502538071
"{'ema_length': 50, 'ema_backcandles': 7, 'hl_backcandles': 21, 'atr_multiplier': 1.5, 'tp_multiplier': 1.5}",197,49.746192893401016,945.0000000000159,4.796954314720893,1.1630153527686777,6741.999999999968,5796.999999999951,68.79591836734662,-59.15306122448929,4.796954314720893,98,99,0.3482233502538071
"{'ema_length': 50, 'ema_backcandles': 14, 'hl_backcandles': 21, 'atr_multiplier': 1.0, 'tp_multiplier': 1.5}",197,49.746192893401016,945.0000000000159,4.796954314720893,1.1630153527686777,6741.999999999968,5796.999999999951,68.79591836734662,-59.15306122448929,4.796954314720893,98,99,0.3482233502538071
"{'ema_length': 50, 'ema_backcandles': 14, 'hl_backcandles': 21, 'atr_multiplier': 1.2, 'tp_multiplier': 1.5}",197,49.746192893401016,945.0000000000159,4.796954314720893,1.1630153527686777,6741.999999999968,5796.999999999951,68.79591836734662,-59.15306122448929,4.796954314720893,98,99,0.3482233502538071
"{'ema_length': 50, 'ema_backcandles': 14, 'hl_backcandles': 21, 'atr_multiplier': 1.5, 'tp_multiplier': 1.5}",197,49.746192893401016,945.0000000000159,4.796954314720893,1.1630153527686777,6741.999999999968,5796.999999999951,68.79591836734662,-59.15306122448929,4.796954314720893,98,99,0.3482233502538071
"{'ema_length': 50, 'ema_backcandles': 21, 'hl_backcandles': 21, 'atr_multiplier': 1.0, 'tp_multiplier': 1.5}",197,49.746192893401016,945.0000000000159,4.796954314720893,1.1630153527686777,6741.999999999968,5796.999999999951,68.79591836734662,-59.15306122448929,4.796954314720893,98,99,0.3482233502538071
"{'ema_length': 50, 'ema_backcandles': 21, 'hl_backcandles': 21, 'atr_multiplier': 1.2, 'tp_multiplier': 1.5}",197,49.746192893401016,945.0000000000159,4.796954314720893,1.1630153527686777,6741.999999999968,5796.999999999951,68.79591836734662,-59.15306122448929,4.796954314720893,98,99,0.3482233502538071
"{'ema_length': 50, 'ema_backcandles': 21, 'hl_backcandles': 21, 'atr_multiplier': 1.5, 'tp_multiplier': 1.5}",197,49.746192893401016,945.0000000000159,4.796954314720893,1.1630153527686777,6741.999999999968,5796.999999999951,68.79591836734662,-59.15306122448929,4.796954314720893,98,99,0.3482233502538071
"{'ema_length': 50, 'ema_backcandles': 7, 'hl_backcandles': 21, 'atr_multiplier': 1.0, 'tp_multiplier': 1.2}",197,49.746192893401016,356.0000000000173,1.8071065989848594,1.0614110746938108,6152.999999999969,5796.999999999951,62.78571428571397,-59.15306122448929,1.8071065989848594,98,99,0.3482233502538071
"{'ema_length': 50, 'ema_backcandles': 7, 'hl_backcandles': 21, 'atr_multiplier': 1.2, 'tp_multiplier': 1.2}",197,49.746192893401016,356.0000000000173,1.8071065989848594,1.0614110746938108,6152.999999999969,5796.999999999951,62.78571428571397,-59.15306122448929,1.8071065989848594,98,99,0.3482233502538071
"{'ema_length': 50, 'ema_backcandles': 7, 'hl_backcandles': 21, 'atr_multiplier': 1.5, 'tp_multiplier': 1.2}",197,49.746192893401016,356.0000000000173,1.8071065989848594,1.0614110746938108,6152.999999999969,5796.999999999951,62.78571428571397,-59.15306122448929,1.8071065989848594,98,99,0.3482233502538071
"{'ema_length': 50, 'ema_backcandles': 14, 'hl_backcandles': 21, 'atr_multiplier': 1.0, 'tp_multiplier': 1.2}",197,49.746192893401016,356.0000000000173,1.8071065989848594,1.0614110746938108,6152.999999999969,5796.999999999951,62.78571428571397,-59.15306122448929,1.8071065989848594,98,99,0.3482233502538071
"{'ema_length': 50, 'ema_backcandles': 14, 'hl_backcandles': 21, 'atr_multiplier': 1.2, 'tp_multiplier': 1.2}",197,49.746192893401016,356.0000000000173,1.8071065989848594,1.0614110746938108,6152.999999999969,5796.999999999951,62.78571428571397,-59.15306122448929,1.8071065989848594,98,99,0.3482233502538071
"{'ema_length': 50, 'ema_backcandles': 14, 'hl_backcandles': 21, 'atr_multiplier': 1.5, 'tp_multiplier': 1.2}",197,49.746192893401016,356.0000000000173,1.8071065989848594,1.0614110746938108,6152.999999999969,5796.999999999951,62.78571428571397,-59.15306122448929,1.8071065989848594,98,99,0.3482233502538071
"{'ema_length': 50, 'ema_backcandles': 21, 'hl_backcandles': 21, 'atr_multiplier': 1.0, 'tp_multiplier': 1.2}",197,49.746192893401016,356.0000000000173,1.8071065989848594,1.0614110746938108,6152.999999999969,5796.999999999951,62.78571428571397,-59.15306122448929,1.8071065989848594,98,99,0.3482233502538071
"{'ema_length': 50, 'ema_backcandles': 21, 'hl_backcandles': 21, 'atr_multiplier': 1.2, 'tp_multiplier': 1.2}",197,49.746192893401016,356.0000000000173,1.8071065989848594,1.0614110746938108,6152.999999999969,5796.999999999951,62.78571428571397,-59.15306122448929,1.8071065989848594,98,99,0.3482233502538071
"{'ema_length': 50, 'ema_backcandles': 21, 'hl_backcandles': 21, 'atr_multiplier': 1.5, 'tp_multiplier': 1.2}",197,49.746192893401016,356.0000000000173,1.8071065989848594,1.0614110746938108,6152.999999999969,5796.999999999951,62.78571428571397,-59.15306122448929,1.8071065989848594,98,99,0.3482233502538071
"{'ema_length': 100, 'ema_backcandles': 7, 'hl_backcandles': 21, 'atr_multiplier': 1.0, 'tp_multiplier': 1.7}",971,49.742533470648816,2779.000000000133,2.861997940267902,1.1043089858118817,29420.999999999964,26641.99999999983,60.913043478260796,-54.81893004115191,2.861997940267902,483,488,0.3481977342945417
"{'ema_length': 100, 'ema_backcandles': 7, 'hl_backcandles': 21, 'atr_multiplier': 1.2, 'tp_multiplier': 1.7}",971,49.742533470648816,2779.000000000133,2.861997940267902,1.1043089858118817,29420.999999999964,26641.99999999983,60.913043478260796,-54.81893004115191,2.861997940267902,483,488,0.3481977342945417
"{'ema_length': 100, 'ema_backcandles': 7, 'hl_backcandles': 21, 'atr_multiplier': 1.5, 'tp_multiplier': 1.7}",971,49.742533470648816,2779.000000000133,2.861997940267902,1.1043089858118817,29420.999999999964,26641.99999999983,60.913043478260796,-54.81893004115191,2.861997940267902,483,488,0.3481977342945417
"{'ema_length': 100, 'ema_backcandles': 14, 'hl_backcandles': 21, 'atr_multiplier': 1.0, 'tp_multiplier': 1.7}",971,49.742533470648816,2779.000000000133,2.861997940267902,1.1043089858118817,29420.999999999964,26641.99999999983,60.913043478260796,-54.81893004115191,2.861997940267902,483,488,0.3481977342945417
"{'ema_length': 100, 'ema_backcandles': 14, 'hl_backcandles': 21, 'atr_multiplier': 1.2, 'tp_multiplier': 1.7}",971,49.742533470648816,2779.000000000133,2.861997940267902,1.1043089858118817,29420.999999999964,26641.99999999983,60.913043478260796,-54.81893004115191,2.861997940267902,483,488,0.3481977342945417
"{'ema_length': 100, 'ema_backcandles': 14, 'hl_backcandles': 21, 'atr_multiplier': 1.5, 'tp_multiplier': 1.7}",971,49.742533470648816,2779.000000000133,2.861997940267902,1.1043089858118817,29420.999999999964,26641.99999999983,60.913043478260796,-54.81893004115191,2.861997940267902,483,488,0.3481977342945417
"{'ema_length': 100, 'ema_backcandles': 21, 'hl_backcandles': 21, 'atr_multiplier': 1.0, 'tp_multiplier': 1.7}",971,49.742533470648816,2779.000000000133,2.861997940267902,1.1043089858118817,29420.999999999964,26641.99999999983,60.913043478260796,-54.81893004115191,2.861997940267902,483,488,0.3481977342945417
"{'ema_length': 100, 'ema_backcandles': 21, 'hl_backcandles': 21, 'atr_multiplier': 1.2, 'tp_multiplier': 1.7}",971,49.742533470648816,2779.000000000133,2.861997940267902,1.1043089858118817,29420.999999999964,26641.99999999983,60.913043478260796,-54.81893004115191,2.861997940267902,483,488,0.3481977342945417
"{'ema_length': 100, 'ema_backcandles': 21, 'hl_backcandles': 21, 'atr_multiplier': 1.5, 'tp_multiplier': 1.7}",971,49.742533470648816,2779.000000000133,2.861997940267902,1.1043089858118817,29420.999999999964,26641.99999999983,60.913043478260796,-54.81893004115191,2.861997940267902,483,488,0.3481977342945417
"{'ema_length': 20, 'ema_backcandles': 14, 'hl_backcandles': 7, 'atr_multiplier': 1.0, 'tp_multiplier': 1.5}",417,49.64028776978417,3586.999999999898,8.601918465227573,1.2952263374485493,15736.999999999964,12150.00000000007,76.0241545893718,-58.413461538461874,8.601918465227573,207,210,0.3474820143884892
"{'ema_length': 20, 'ema_backcandles': 14, 'hl_backcandles': 7, 'atr_multiplier': 1.2, 'tp_multiplier': 1.5}",417,49.64028776978417,3586.999999999898,8.601918465227573,1.2952263374485493,15736.999999999964,12150.00000000007,76.0241545893718,-58.413461538461874,8.601918465227573,207,210,0.3474820143884892
"{'ema_length': 20, 'ema_backcandles': 14, 'hl_backcandles': 7, 'atr_multiplier': 1.5, 'tp_multiplier': 1.5}",417,49.64028776978417,3586.999999999898,8.601918465227573,1.2952263374485493,15736.999999999964,12150.00000000007,76.0241545893718,-58.413461538461874,8.601918465227573,207,210,0.3474820143884892
"{'ema_length': 30, 'ema_backcandles': 14, 'hl_backcandles': 7, 'atr_multiplier': 1.0, 'tp_multiplier': 1.2}",1056,49.621212121212125,6848.999999999938,6.485795454545396,1.228201112851096,36861.999999999935,30012.999999999993,70.34732824427468,-56.84280303030302,6.485795454545396,524,532,0.34734848484848485
"{'ema_length': 30, 'ema_backcandles': 14, 'hl_backcandles': 7, 'atr_multiplier': 1.2, 'tp_multiplier': 1.2}",1056,49.621212121212125,6848.999999999938,6.485795454545396,1.228201112851096,36861.999999999935,30012.999999999993,70.34732824427468,-56.84280303030302,6.485795454545396,524,532,0.34734848484848485
"{'ema_length': 30, 'ema_backcandles': 14, 'hl_backcandles': 7, 'atr_multiplier': 1.5, 'tp_multiplier': 1.2}",1056,49.621212121212125,6848.999999999938,6.485795454545396,1.228201112851096,36861.999999999935,30012.999999999993,70.34732824427468,-56.84280303030302,6.485795454545396,524,532,0.34734848484848485
"{'ema_length': 100, 'ema_backcandles': 7, 'hl_backcandles': 14, 'atr_multiplier': 1.0, 'tp_multiplier': 1.5}",1762,49.54597048808173,5867.999999999984,3.3303064699205356,1.1203593551298354,54621.999999999854,48753.99999999987,62.568155784650465,-55.40227272727258,3.3303064699205356,873,889,0.3468217934165721
"{'ema_length': 100, 'ema_backcandles': 7, 'hl_backcandles': 14, 'atr_multiplier': 1.2, 'tp_multiplier': 1.5}",1762,49.54597048808173,5867.999999999984,3.3303064699205356,1.1203593551298354,54621.999999999854,48753.99999999987,62.568155784650465,-55.40227272727258,3.3303064699205356,873,889,0.3468217934165721
"{'ema_length': 100, 'ema_backcandles': 7, 'hl_backcandles': 14, 'atr_multiplier': 1.5, 'tp_multiplier': 1.5}",1762,49.54597048808173,5867.999999999984,3.3303064699205356,1.1203593551298354,54621.999999999854,48753.99999999987,62.568155784650465,-55.40227272727258,3.3303064699205356,873,889,0.3468217934165721
"{'ema_length': 100, 'ema_backcandles': 14, 'hl_backcandles': 14, 'atr_multiplier': 1.0, 'tp_multiplier': 1.5}",1762,49.54597048808173,5867.999999999984,3.3303064699205356,1.1203593551298354,54621.999999999854,48753.99999999987,62.568155784650465,-55.40227272727258,3.3303064699205356,873,889,0.3468217934165721
"{'ema_length': 100, 'ema_backcandles': 14, 'hl_backcandles': 14, 'atr_multiplier': 1.2, 'tp_multiplier': 1.5}",1762,49.54597048808173,5867.999999999984,3.3303064699205356,1.1203593551298354,54621.999999999854,48753.99999999987,62.568155784650465,-55.40227272727258,3.3303064699205356,873,889,0.3468217934165721
"{'ema_length': 100, 'ema_backcandles': 14, 'hl_backcandles': 14, 'atr_multiplier': 1.5, 'tp_multiplier': 1.5}",1762,49.54597048808173,5867.999999999984,3.3303064699205356,1.1203593551298354,54621.999999999854,48753.99999999987,62.568155784650465,-55.40227272727258,3.3303064699205356,873,889,0.3468217934165721
"{'ema_length': 100, 'ema_backcandles': 21, 'hl_backcandles': 7, 'atr_multiplier': 1.0, 'tp_multiplier': 1.2}",2850,49.473684210526315,8472.999999999985,2.972982456140346,1.1090279743675526,86186.99999999991,77713.99999999993,61.12553191489356,-54.49789621318368,2.972982456140346,1410,1440,0.3463157894736842
"{'ema_length': 100, 'ema_backcandles': 21, 'hl_backcandles': 7, 'atr_multiplier': 1.2, 'tp_multiplier': 1.2}",2850,49.473684210526315,8472.999999999985,2.972982456140346,1.1090279743675526,86186.99999999991,77713.99999999993,61.12553191489356,-54.49789621318368,2.972982456140346,1410,1440,0.3463157894736842
"{'ema_length': 100, 'ema_backcandles': 21, 'hl_backcandles': 7, 'atr_multiplier': 1.5, 'tp_multiplier': 1.2}",2850,49.473684210526315,8472.999999999985,2.972982456140346,1.1090279743675526,86186.99999999991,77713.99999999993,61.12553191489356,-54.49789621318368,2.972982456140346,1410,1440,0.3463157894736842
"{'ema_length': 50, 'ema_backcandles': 21, 'hl_backcandles': 14, 'atr_multiplier': 1.0, 'tp_multiplier': 1.2}",625,49.44,1094.0000000001305,1.750400000000209,1.0595082680591896,19477.99999999997,18383.99999999984,63.03559870550152,-59.11254019292553,1.750400000000209,309,316,0.34607999999999994
"{'ema_length': 50, 'ema_backcandles': 21, 'hl_backcandles': 14, 'atr_multiplier': 1.2, 'tp_multiplier': 1.2}",625,49.44,1094.0000000001305,1.750400000000209,1.0595082680591896,19477.99999999997,18383.99999999984,63.03559870550152,-59.11254019292553,1.750400000000209,309,316,0.34607999999999994
"{'ema_length': 50, 'ema_backcandles': 21, 'hl_backcandles': 14, 'atr_multiplier': 1.5, 'tp_multiplier': 1.2}",625,49.44,1094.0000000001305,1.750400000000209,1.0595082680591896,19477.99999999997,18383.99999999984,63.03559870550152,-59.11254019292553,1.750400000000209,309,316,0.34607999999999994
"{'ema_length': 100, 'ema_backcandles': 7, 'hl_backcandles': 14, 'atr_multiplier': 1.0, 'tp_multiplier': 1.7}",1762,49.31895573212259,6307.999999999982,3.5800227014755857,1.1292146339464952,55125.99999999987,48817.99999999988,63.436133486766245,-55.22398190045236,3.5800227014755857,869,893,0.3452326901248581
"{'ema_length': 100, 'ema_backcandles': 7, 'hl_backcandles': 14, 'atr_multiplier': 1.2, 'tp_multiplier': 1.7}",1762,49.31895573212259,6307.999999999982,3.5800227014755857,1.1292146339464952,55125.99999999987,48817.99999999988,63.436133486766245,-55.22398190045236,3.5800227014755857,869,893,0.3452326901248581
"{'ema_length': 100, 'ema_backcandles': 7, 'hl_backcandles': 14, 'atr_multiplier': 1.5, 'tp_multiplier': 1.7}",1762,49.31895573212259,6307.999999999982,3.5800227014755857,1.1292146339464952,55125.99999999987,48817.99999999988,63.436133486766245,-55.22398190045236,3.5800227014755857,869,893,0.3452326901248581
"{'ema_length': 100, 'ema_backcandles': 14, 'hl_backcandles': 14, 'atr_multiplier': 1.0, 'tp_multiplier': 1.7}",1762,49.31895573212259,6307.999999999982,3.5800227014755857,1.1292146339464952,55125.99999999987,48817.99999999988,63.436133486766245,-55.22398190045236,3.5800227014755857,869,893,0.3452326901248581
"{'ema_length': 100, 'ema_backcandles': 14, 'hl_backcandles': 14, 'atr_multiplier': 1.2, 'tp_multiplier': 1.7}",1762,49.31895573212259,6307.999999999982,3.5800227014755857,1.1292146339464952,55125.99999999987,48817.99999999988,63.436133486766245,-55.22398190045236,3.5800227014755857,869,893,0.3452326901248581
"{'ema_length': 100, 'ema_backcandles': 14, 'hl_backcandles': 14, 'atr_multiplier': 1.5, 'tp_multiplier': 1.7}",1762,49.31895573212259,6307.999999999982,3.5800227014755857,1.1292146339464952,55125.99999999987,48817.99999999988,63.436133486766245,-55.22398190045236,3.5800227014755857,869,893,0.3452326901248581
"{'ema_length': 50, 'ema_backcandles': 7, 'hl_backcandles': 14, 'atr_multiplier': 1.0, 'tp_multiplier': 1.2}",702,49.287749287749286,1448.0000000001269,2.0626780626782435,1.0693652694610845,22322.999999999956,20874.99999999983,64.5173410404623,-59.642857142856656,2.0626780626782435,346,356,0.34501424501424494
"{'ema_length': 50, 'ema_backcandles': 7, 'hl_backcandles': 14, 'atr_multiplier': 1.2, 'tp_multiplier': 1.2}",702,49.287749287749286,1448.0000000001269,2.0626780626782435,1.0693652694610845,22322.999999999956,20874.99999999983,64.5173410404623,-59.642857142856656,2.0626780626782435,346,356,0.34501424501424494
"{'ema_length': 50, 'ema_backcandles': 7, 'hl_backcandles': 14, 'atr_multiplier': 1.5, 'tp_multiplier': 1.2}",702,49.287749287749286,1448.0000000001269,2.0626780626782435,1.0693652694610845,22322.999999999956,20874.99999999983,64.5173410404623,-59.642857142856656,2.0626780626782435,346,356,0.34501424501424494
"{'ema_length': 50, 'ema_backcandles': 14, 'hl_backcandles': 14, 'atr_multiplier': 1.0, 'tp_multiplier': 1.2}",702,49.287749287749286,1448.0000000001269,2.0626780626782435,1.0693652694610845,22322.999999999956,20874.99999999983,64.5173410404623,-59.642857142856656,2.0626780626782435,346,356,0.34501424501424494
"{'ema_length': 50, 'ema_backcandles': 14, 'hl_backcandles': 14, 'atr_multiplier': 1.2, 'tp_multiplier': 1.2}",702,49.287749287749286,1448.0000000001269,2.0626780626782435,1.0693652694610845,22322.999999999956,20874.99999999983,64.5173410404623,-59.642857142856656,2.0626780626782435,346,356,0.34501424501424494
"{'ema_length': 50, 'ema_backcandles': 14, 'hl_backcandles': 14, 'atr_multiplier': 1.5, 'tp_multiplier': 1.2}",702,49.287749287749286,1448.0000000001269,2.0626780626782435,1.0693652694610845,22322.999999999956,20874.99999999983,64.5173410404623,-59.642857142856656,2.0626780626782435,346,356,0.34501424501424494
"{'ema_length': 20, 'ema_backcandles': 7, 'hl_backcandles': 7, 'atr_multiplier': 1.0, 'tp_multiplier': 1.7}",605,49.256198347107436,3131.999999999829,5.176859504131949,1.171965079887982,21344.99999999989,18213.000000000065,71.62751677852313,-60.50830564784075,5.176859504131949,298,307,0.34479338842975205
"{'ema_length': 20, 'ema_backcandles': 7, 'hl_backcandles': 7, 'atr_multiplier': 1.2, 'tp_multiplier': 1.7}",605,49.256198347107436,3131.999999999829,5.176859504131949,1.171965079887982,21344.99999999989,18213.000000000065,71.62751677852313,-60.50830564784075,5.176859504131949,298,307,0.34479338842975205
"{'ema_length': 20, 'ema_backcandles': 7, 'hl_backcandles': 7, 'atr_multiplier': 1.5, 'tp_multiplier': 1.7}",605,49.256198347107436,3131.999999999829,5.176859504131949,1.171965079887982,21344.99999999989,18213.000000000065,71.62751677852313,-60.50830564784075,5.176859504131949,298,307,0.34479338842975205
"{'ema_length': 100, 'ema_backcandles': 21, 'hl_backcandles': 14, 'atr_multiplier': 1.0, 'tp_multiplier': 1.5}",1643,49.23919659160073,5020.000000000061,3.055386488131504,1.1108877647942408,50290.99999999991,45270.999999999854,62.16440049443747,-54.80750605326859,3.055386488131504,809,834,0.3446743761412051
"{'ema_length': 100, 'ema_backcandles': 21, 'hl_backcandles': 14, 'atr_multiplier': 1.2, 'tp_multiplier': 1.5}",1643,49.23919659160073,5020.000000000061,3.055386488131504,1.1108877647942408,50290.99999999991,45270.999999999854,62.16440049443747,-54.80750605326859,3.055386488131504,809,834,0.3446743761412051
"{'ema_length': 100, 'ema_backcandles': 21, 'hl_backcandles': 14, 'atr_multiplier': 1.5, 'tp_multiplier': 1.5}",1643,49.23919659160073,5020.000000000061,3.055386488131504,1.1108877647942408,50290.99999999991,45270.999999999854,62.16440049443747,-54.80750605326859,3.055386488131504,809,834,0.3446743761412051
"{'ema_length': 50, 'ema_backcandles': 7, 'hl_backcandles': 21, 'atr_multiplier': 1.0, 'tp_multiplier': 1.7}",197,49.23857868020304,1181.9999999999995,5.999999999999997,1.2038634011728193,6979.999999999961,5797.999999999962,71.95876288659754,-58.56565656565618,5.999999999999997,97,100,0.34467005076142126
"{'ema_length': 50, 'ema_backcandles': 7, 'hl_backcandles': 21, 'atr_multiplier': 1.2, 'tp_multiplier': 1.7}",197,49.23857868020304,1181.9999999999995,5.999999999999997,1.2038634011728193,6979.999999999961,5797.999999999962,71.95876288659754,-58.56565656565618,5.999999999999997,97,100,0.34467005076142126
"{'ema_length': 50, 'ema_backcandles': 7, 'hl_backcandles': 21, 'atr_multiplier': 1.5, 'tp_multiplier': 1.7}",197,49.23857868020304,1181.9999999999995,5.999999999999997,1.2038634011728193,6979.999999999961,5797.999999999962,71.95876288659754,-58.56565656565618,5.999999999999997,97,100,0.34467005076142126
"{'ema_length': 50, 'ema_backcandles': 14, 'hl_backcandles': 21, 'atr_multiplier': 1.0, 'tp_multiplier': 1.7}",197,49.23857868020304,1181.9999999999995,5.999999999999997,1.2038634011728193,6979.999999999961,5797.999999999962,71.95876288659754,-58.56565656565618,5.999999999999997,97,100,0.34467005076142126
"{'ema_length': 50, 'ema_backcandles': 14, 'hl_backcandles': 21, 'atr_multiplier': 1.2, 'tp_multiplier': 1.7}",197,49.23857868020304,1181.9999999999995,5.999999999999997,1.2038634011728193,6979.999999999961,5797.999999999962,71.95876288659754,-58.56565656565618,5.999999999999997,97,100,0.34467005076142126
"{'ema_length': 50, 'ema_backcandles': 14, 'hl_backcandles': 21, 'atr_multiplier': 1.5, 'tp_multiplier': 1.7}",197,49.23857868020304,1181.9999999999995,5.999999999999997,1.2038634011728193,6979.999999999961,5797.999999999962,71.95876288659754,-58.56565656565618,5.999999999999997,97,100,0.34467005076142126
"{'ema_length': 50, 'ema_backcandles': 21, 'hl_backcandles': 21, 'atr_multiplier': 1.0, 'tp_multiplier': 1.7}",197,49.23857868020304,1181.9999999999995,5.999999999999997,1.2038634011728193,6979.999999999961,5797.999999999962,71.95876288659754,-58.56565656565618,5.999999999999997,97,100,0.34467005076142126
"{'ema_length': 50, 'ema_backcandles': 21, 'hl_backcandles': 21, 'atr_multiplier': 1.2, 'tp_multiplier': 1.7}",197,49.23857868020304,1181.9999999999995,5.999999999999997,1.2038634011728193,6979.999999999961,5797.999999999962,71.95876288659754,-58.56565656565618,5.999999999999997,97,100,0.34467005076142126
"{'ema_length': 50, 'ema_backcandles': 21, 'hl_backcandles': 21, 'atr_multiplier': 1.5, 'tp_multiplier': 1.7}",197,49.23857868020304,1181.9999999999995,5.999999999999997,1.2038634011728193,6979.999999999961,5797.999999999962,71.95876288659754,-58.56565656565618,5.999999999999997,97,100,0.34467005076142126
"{'ema_length': 100, 'ema_backcandles': 14, 'hl_backcandles': 7, 'atr_multiplier': 1.0, 'tp_multiplier': 1.2}",3276,49.23687423687424,9408.999999999958,2.8721001221001092,1.104254847645429,99658.99999999991,90249.99999999994,61.78487290762549,-54.763349514563075,2.8721001221001092,1613,1663,0.3446581196581197
"{'ema_length': 100, 'ema_backcandles': 14, 'hl_backcandles': 7, 'atr_multiplier': 1.2, 'tp_multiplier': 1.2}",3276,49.23687423687424,9408.999999999958,2.8721001221001092,1.104254847645429,99658.99999999991,90249.99999999994,61.78487290762549,-54.763349514563075,2.8721001221001092,1613,1663,0.3446581196581197
"{'ema_length': 100, 'ema_backcandles': 14, 'hl_backcandles': 7, 'atr_multiplier': 1.5, 'tp_multiplier': 1.2}",3276,49.23687423687424,9408.999999999958,2.8721001221001092,1.104254847645429,99658.99999999991,90249.99999999994,61.78487290762549,-54.763349514563075,2.8721001221001092,1613,1663,0.3446581196581197
"{'ema_length': 100, 'ema_backcandles': 7, 'hl_backcandles': 7, 'atr_multiplier': 1.0, 'tp_multiplier': 1.2}",3632,49.22907488986784,9019.000000000022,2.483204845814984,1.0892263553620898,110098.99999999991,101079.99999999988,61.57662192393731,-55.355969331872885,2.483204845814984,1788,1844,0.34460352422907486
"{'ema_length': 100, 'ema_backcandles': 7, 'hl_backcandles': 7, 'atr_multiplier': 1.2, 'tp_multiplier': 1.2}",3632,49.22907488986784,9019.000000000022,2.483204845814984,1.0892263553620898,110098.99999999991,101079.99999999988,61.57662192393731,-55.355969331872885,2.483204845814984,1788,1844,0.34460352422907486
"{'ema_length': 100, 'ema_backcandles': 7, 'hl_backcandles': 7, 'atr_multiplier': 1.5, 'tp_multiplier': 1.2}",3632,49.22907488986784,9019.000000000022,2.483204845814984,1.0892263553620898,110098.99999999991,101079.99999999988,61.57662192393731,-55.355969331872885,2.483204845814984,1788,1844,0.34460352422907486
"{'ema_length': 20, 'ema_backcandles': 14, 'hl_backcandles': 7, 'atr_multiplier': 1.0, 'tp_multiplier': 1.7}",415,49.1566265060241,3608.9999999998836,8.696385542168395,1.302084205239798,15555.999999999944,11947.000000000058,76.25490196078404,-57.1626794258376,8.696385542168395,204,211,0.34409638554216865
"{'ema_length': 20, 'ema_backcandles': 14, 'hl_backcandles': 7, 'atr_multiplier': 1.2, 'tp_multiplier': 1.7}",415,49.1566265060241,3608.9999999998836,8.696385542168395,1.302084205239798,15555.999999999944,11947.000000000058,76.25490196078404,-57.1626794258376,8.696385542168395,204,211,0.34409638554216865
"{'ema_length': 20, 'ema_backcandles': 14, 'hl_backcandles': 7, 'atr_multiplier': 1.5, 'tp_multiplier': 1.7}",415,49.1566265060241,3608.9999999998836,8.696385542168395,1.302084205239798,15555.999999999944,11947.000000000058,76.25490196078404,-57.1626794258376,8.696385542168395,204,211,0.34409638554216865
"{'ema_length': 30, 'ema_backcandles': 21, 'hl_backcandles': 7, 'atr_multiplier': 1.0, 'tp_multiplier': 1.5}",704,49.14772727272727,5525.999999999885,7.849431818181656,1.2752266161968264,25603.999999999916,20078.00000000003,73.99999999999976,-56.55774647887332,7.849431818181656,346,358,0.3440340909090909
"{'ema_length': 30, 'ema_backcandles': 21, 'hl_backcandles': 7, 'atr_multiplier': 1.2, 'tp_multiplier': 1.5}",704,49.14772727272727,5525.999999999885,7.849431818181656,1.2752266161968264,25603.999999999916,20078.00000000003,73.99999999999976,-56.55774647887332,7.849431818181656,346,358,0.3440340909090909
"{'ema_length': 30, 'ema_backcandles': 21, 'hl_backcandles': 7, 'atr_multiplier': 1.5, 'tp_multiplier': 1.5}",704,49.14772727272727,5525.999999999885,7.849431818181656,1.2752266161968264,25603.999999999916,20078.00000000003,73.99999999999976,-56.55774647887332,7.849431818181656,346,358,0.3440340909090909
"{'ema_length': 100, 'ema_backcandles': 7, 'hl_backcandles': 21, 'atr_multiplier': 1.0, 'tp_multiplier': 2.0}",971,49.12461380020597,3001.0000000001864,3.090628218331809,1.1120486876003512,29784.000000000015,26782.999999999825,62.44025157232707,-54.547861507127955,3.090628218331809,477,494,0.34387229660144175
"{'ema_length': 100, 'ema_backcandles': 7, 'hl_backcandles': 21, 'atr_multiplier': 1.2, 'tp_multiplier': 2.0}",971,49.12461380020597,3001.0000000001864,3.090628218331809,1.1120486876003512,29784.000000000015,26782.999999999825,62.44025157232707,-54.547861507127955,3.090628218331809,477,494,0.34387229660144175
"{'ema_length': 100, 'ema_backcandles': 7, 'hl_backcandles': 21, 'atr_multiplier': 1.5, 'tp_multiplier': 2.0}",971,49.12461380020597,3001.0000000001864,3.090628218331809,1.1120486876003512,29784.000000000015,26782.999999999825,62.44025157232707,-54.547861507127955,3.090628218331809,477,494,0.34387229660144175
"{'ema_length': 100, 'ema_backcandles': 14, 'hl_backcandles': 21, 'atr_multiplier': 1.0, 'tp_multiplier': 2.0}",971,49.12461380020597,3001.0000000001864,3.090628218331809,1.1120486876003512,29784.000000000015,26782.999999999825,62.44025157232707,-54.547861507127955,3.090628218331809,477,494,0.34387229660144175
"{'ema_length': 100, 'ema_backcandles': 14, 'hl_backcandles': 21, 'atr_multiplier': 1.2, 'tp_multiplier': 2.0}",971,49.12461380020597,3001.0000000001864,3.090628218331809,1.1120486876003512,29784.000000000015,26782.999999999825,62.44025157232707,-54.547861507127955,3.090628218331809,477,494,0.34387229660144175
"{'ema_length': 100, 'ema_backcandles': 14, 'hl_backcandles': 21, 'atr_multiplier': 1.5, 'tp_multiplier': 2.0}",971,49.12461380020597,3001.0000000001864,3.090628218331809,1.1120486876003512,29784.000000000015,26782.999999999825,62.44025157232707,-54.547861507127955,3.090628218331809,477,494,0.34387229660144175
"{'ema_length': 100, 'ema_backcandles': 21, 'hl_backcandles': 21, 'atr_multiplier': 1.0, 'tp_multiplier': 2.0}",971,49.12461380020597,3001.0000000001864,3.090628218331809,1.1120486876003512,29784.000000000015,26782.999999999825,62.44025157232707,-54.547861507127955,3.090628218331809,477,494,0.34387229660144175
"{'ema_length': 100, 'ema_backcandles': 21, 'hl_backcandles': 21, 'atr_multiplier': 1.2, 'tp_multiplier': 2.0}",971,49.12461380020597,3001.0000000001864,3.090628218331809,1.1120486876003512,29784.000000000015,26782.999999999825,62.44025157232707,-54.547861507127955,3.090628218331809,477,494,0.34387229660144175
"{'ema_length': 100, 'ema_backcandles': 21, 'hl_backcandles': 21, 'atr_multiplier': 1.5, 'tp_multiplier': 2.0}",971,49.12461380020597,3001.0000000001864,3.090628218331809,1.1120486876003512,29784.000000000015,26782.999999999825,62.44025157232707,-54.547861507127955,3.090628218331809,477,494,0.34387229660144175
"{'ema_length': 100, 'ema_backcandles': 21, 'hl_backcandles': 14, 'atr_multiplier': 1.0, 'tp_multiplier': 1.7}",1643,48.99573950091297,5223.000000000041,3.1789409616555333,1.115208999669131,50557.9999999999,45334.99999999986,62.80496894409925,-54.62048192771068,3.1789409616555333,805,838,0.3429701765063907
"{'ema_length': 100, 'ema_backcandles': 21, 'hl_backcandles': 14, 'atr_multiplier': 1.2, 'tp_multiplier': 1.7}",1643,48.99573950091297,5223.000000000041,3.1789409616555333,1.115208999669131,50557.9999999999,45334.99999999986,62.80496894409925,-54.62048192771068,3.1789409616555333,805,838,0.3429701765063907
"{'ema_length': 100, 'ema_backcandles': 21, 'hl_backcandles': 14, 'atr_multiplier': 1.5, 'tp_multiplier': 1.7}",1643,48.99573950091297,5223.000000000041,3.1789409616555333,1.115208999669131,50557.9999999999,45334.99999999986,62.80496894409925,-54.62048192771068,3.1789409616555333,805,838,0.3429701765063907
"{'ema_length': 20, 'ema_backcandles': 7, 'hl_backcandles': 7, 'atr_multiplier': 1.0, 'tp_multiplier': 2.0}",605,48.925619834710744,2767.999999999887,4.575206611570062,1.1515632699994458,21030.99999999995,18263.000000000062,71.0506756756755,-60.27392739273948,4.575206611570062,296,309,0.34247933884297516
"{'ema_length': 20, 'ema_backcandles': 7, 'hl_backcandles': 7, 'atr_multiplier': 1.2, 'tp_multiplier': 2.0}",605,48.925619834710744,2767.999999999887,4.575206611570062,1.1515632699994458,21030.99999999995,18263.000000000062,71.0506756756755,-60.27392739273948,4.575206611570062,296,309,0.34247933884297516
"{'ema_length': 20, 'ema_backcandles': 7, 'hl_backcandles': 7, 'atr_multiplier': 1.5, 'tp_multiplier': 2.0}",605,48.925619834710744,2767.999999999887,4.575206611570062,1.1515632699994458,21030.99999999995,18263.000000000062,71.0506756756755,-60.27392739273948,4.575206611570062,296,309,0.34247933884297516
"{'ema_length': 20, 'ema_backcandles': 14, 'hl_backcandles': 7, 'atr_multiplier': 1.0, 'tp_multiplier': 2.0}",415,48.91566265060241,3411.999999999898,8.221686746987706,1.2849507265742344,15385.999999999956,11974.000000000058,75.79310344827564,-57.019047619047896,8.221686746987706,203,212,0.34240963855421686
"{'ema_length': 20, 'ema_backcandles': 14, 'hl_backcandles': 7, 'atr_multiplier': 1.2, 'tp_multiplier': 2.0}",415,48.91566265060241,3411.999999999898,8.221686746987706,1.2849507265742344,15385.999999999956,11974.000000000058,75.79310344827564,-57.019047619047896,8.221686746987706,203,212,0.34240963855421686
"{'ema_length': 20, 'ema_backcandles': 14, 'hl_backcandles': 7, 'atr_multiplier': 1.5, 'tp_multiplier': 2.0}",415,48.91566265060241,3411.999999999898,8.221686746987706,1.2849507265742344,15385.999999999956,11974.000000000058,75.79310344827564,-57.019047619047896,8.221686746987706,203,212,0.34240963855421686
"{'ema_length': 100, 'ema_backcandles': 7, 'hl_backcandles': 14, 'atr_multiplier': 1.0, 'tp_multiplier': 2.0}",1761,48.8358886996025,6726.000000000005,3.8194207836456586,1.1372009056973262,55748.99999999988,49022.999999999876,64.82441860465103,-55.02020202020188,3.8194207836456586,860,901,0.3418512208972175
"{'ema_length': 100, 'ema_backcandles': 7, 'hl_backcandles': 14, 'atr_multiplier': 1.2, 'tp_multiplier': 2.0}",1761,48.8358886996025,6726.000000000005,3.8194207836456586,1.1372009056973262,55748.99999999988,49022.999999999876,64.82441860465103,-55.02020202020188,3.8194207836456586,860,901,0.3418512208972175
"{'ema_length': 100, 'ema_backcandles': 7, 'hl_backcandles': 14, 'atr_multiplier': 1.5, 'tp_multiplier': 2.0}",1761,48.8358886996025,6726.000000000005,3.8194207836456586,1.1372009056973262,55748.99999999988,49022.999999999876,64.82441860465103,-55.02020202020188,3.8194207836456586,860,901,0.3418512208972175
"{'ema_length': 100, 'ema_backcandles': 14, 'hl_backcandles': 14, 'atr_multiplier': 1.0, 'tp_multiplier': 2.0}",1761,48.8358886996025,6726.000000000005,3.8194207836456586,1.1372009056973262,55748.99999999988,49022.999999999876,64.82441860465103,-55.02020202020188,3.8194207836456586,860,901,0.3418512208972175
"{'ema_length': 100, 'ema_backcandles': 14, 'hl_backcandles': 14, 'atr_multiplier': 1.2, 'tp_multiplier': 2.0}",1761,48.8358886996025,6726.000000000005,3.8194207836456586,1.1372009056973262,55748.99999999988,49022.999999999876,64.82441860465103,-55.02020202020188,3.8194207836456586,860,901,0.3418512208972175
"{'ema_length': 100, 'ema_backcandles': 14, 'hl_backcandles': 14, 'atr_multiplier': 1.5, 'tp_multiplier': 2.0}",1761,48.8358886996025,6726.000000000005,3.8194207836456586,1.1372009056973262,55748.99999999988,49022.999999999876,64.82441860465103,-55.02020202020188,3.8194207836456586,860,901,0.3418512208972175
"{'ema_length': 50, 'ema_backcandles': 7, 'hl_backcandles': 21, 'atr_multiplier': 1.0, 'tp_multiplier': 2.0}",197,48.73096446700508,1268.0000000000007,6.436548223350258,1.2159400544959145,7139.999999999964,5871.999999999962,74.37499999999962,-58.719999999999615,6.436548223350258,96,101,0.3411167512690355
"{'ema_length': 50, 'ema_backcandles': 7, 'hl_backcandles': 21, 'atr_multiplier': 1.2, 'tp_multiplier': 2.0}",197,48.73096446700508,1268.0000000000007,6.436548223350258,1.2159400544959145,7139.999999999964,5871.999999999962,74.37499999999962,-58.719999999999615,6.436548223350258,96,101,0.3411167512690355
"{'ema_length': 50, 'ema_backcandles': 7, 'hl_backcandles': 21, 'atr_multiplier': 1.5, 'tp_multiplier': 2.0}",197,48.73096446700508,1268.0000000000007,6.436548223350258,1.2159400544959145,7139.999999999964,5871.999999999962,74.37499999999962,-58.719999999999615,6.436548223350258,96,101,0.3411167512690355
"{'ema_length': 50, 'ema_backcandles': 14, 'hl_backcandles': 21, 'atr_multiplier': 1.0, 'tp_multiplier': 2.0}",197,48.73096446700508,1268.0000000000007,6.436548223350258,1.2159400544959145,7139.999999999964,5871.999999999962,74.37499999999962,-58.719999999999615,6.436548223350258,96,101,0.3411167512690355
"{'ema_length': 50, 'ema_backcandles': 14, 'hl_backcandles': 21, 'atr_multiplier': 1.2, 'tp_multiplier': 2.0}",197,48.73096446700508,1268.0000000000007,6.436548223350258,1.2159400544959145,7139.999999999964,5871.999999999962,74.37499999999962,-58.719999999999615,6.436548223350258,96,101,0.3411167512690355
"{'ema_length': 50, 'ema_backcandles': 14, 'hl_backcandles': 21, 'atr_multiplier': 1.5, 'tp_multiplier': 2.0}",197,48.73096446700508,1268.0000000000007,6.436548223350258,1.2159400544959145,7139.999999999964,5871.999999999962,74.37499999999962,-58.719999999999615,6.436548223350258,96,101,0.3411167512690355
"{'ema_length': 50, 'ema_backcandles': 21, 'hl_backcandles': 21, 'atr_multiplier': 1.0, 'tp_multiplier': 2.0}",197,48.73096446700508,1268.0000000000007,6.436548223350258,1.2159400544959145,7139.999999999964,5871.999999999962,74.37499999999962,-58.719999999999615,6.436548223350258,96,101,0.3411167512690355
"{'ema_length': 50, 'ema_backcandles': 21, 'hl_backcandles': 21, 'atr_multiplier': 1.2, 'tp_multiplier': 2.0}",197,48.73096446700508,1268.0000000000007,6.436548223350258,1.2159400544959145,7139.999999999964,5871.999999999962,74.37499999999962,-58.719999999999615,6.436548223350258,96,101,0.3411167512690355
"{'ema_length': 50, 'ema_backcandles': 21, 'hl_backcandles': 21, 'atr_multiplier': 1.5, 'tp_multiplier': 2.0}",197,48.73096446700508,1268.0000000000007,6.436548223350258,1.2159400544959145,7139.999999999964,5871.999999999962,74.37499999999962,-58.719999999999615,6.436548223350258,96,101,0.3411167512690355
"{'ema_length': 30, 'ema_backcandles': 21, 'hl_backcandles': 7, 'atr_multiplier': 1.0, 'tp_multiplier': 1.7}",701,48.64479315263909,4813.999999999873,6.867332382310803,1.2380575610720932,25035.999999999913,20222.000000000036,73.41935483870942,-56.64425770308134,6.867332382310803,341,360,0.3405135520684736
"{'ema_length': 30, 'ema_backcandles': 21, 'hl_backcandles': 7, 'atr_multiplier': 1.2, 'tp_multiplier': 1.7}",701,48.64479315263909,4813.999999999873,6.867332382310803,1.2380575610720932,25035.999999999913,20222.000000000036,73.41935483870942,-56.64425770308134,6.867332382310803,341,360,0.3405135520684736
"{'ema_length': 30, 'ema_backcandles': 21, 'hl_backcandles': 7, 'atr_multiplier': 1.5, 'tp_multiplier': 1.7}",701,48.64479315263909,4813.999999999873,6.867332382310803,1.2380575610720932,25035.999999999913,20222.000000000036,73.41935483870942,-56.64425770308134,6.867332382310803,341,360,0.3405135520684736
"{'ema_length': 30, 'ema_backcandles': 21, 'hl_backcandles': 7, 'atr_multiplier': 1.0, 'tp_multiplier': 2.0}",700,48.57142857142857,4694.999999999885,6.707142857142694,1.2321728810206645,24916.999999999924,20222.000000000036,73.28529411764683,-56.64425770308134,6.707142857142694,340,360,0.33999999999999997
"{'ema_length': 30, 'ema_backcandles': 21, 'hl_backcandles': 7, 'atr_multiplier': 1.2, 'tp_multiplier': 2.0}",700,48.57142857142857,4694.999999999885,6.707142857142694,1.2321728810206645,24916.999999999924,20222.000000000036,73.28529411764683,-56.64425770308134,6.707142857142694,340,360,0.33999999999999997
"{'ema_length': 30, 'ema_backcandles': 21, 'hl_backcandles': 7, 'atr_multiplier': 1.5, 'tp_multiplier': 2.0}",700,48.57142857142857,4694.999999999885,6.707142857142694,1.2321728810206645,24916.999999999924,20222.000000000036,73.28529411764683,-56.64425770308134,6.707142857142694,340,360,0.33999999999999997
"{'ema_length': 50, 'ema_backcandles': 21, 'hl_backcandles': 14, 'atr_multiplier': 1.0, 'tp_multiplier': 1.5}",624,48.55769230769231,1943.0000000001542,3.1137820512822985,1.1052375020310985,20405.999999999978,18462.999999999825,67.34653465346527,-58.42721518987287,3.1137820512822985,303,321,0.3399038461538461
"{'ema_length': 50, 'ema_backcandles': 21, 'hl_backcandles': 14, 'atr_multiplier': 1.2, 'tp_multiplier': 1.5}",624,48.55769230769231,1943.0000000001542,3.1137820512822985,1.1052375020310985,20405.999999999978,18462.999999999825,67.34653465346527,-58.42721518987287,3.1137820512822985,303,321,0.3399038461538461
"{'ema_length': 50, 'ema_backcandles': 21, 'hl_backcandles': 14, 'atr_multiplier': 1.5, 'tp_multiplier': 1.5}",624,48.55769230769231,1943.0000000001542,3.1137820512822985,1.1052375020310985,20405.999999999978,18462.999999999825,67.34653465346527,-58.42721518987287,3.1137820512822985,303,321,0.3399038461538461
"{'ema_length': 50, 'ema_backcandles': 7, 'hl_backcandles': 14, 'atr_multiplier': 1.0, 'tp_multiplier': 1.5}",701,48.502139800285306,2336.0000000001833,3.3323823109845696,1.1114822945499765,23290.0,20953.999999999814,68.5,-59.025352112675534,3.3323823109845696,340,361,0.3395149786019971
"{'ema_length': 50, 'ema_backcandles': 7, 'hl_backcandles': 14, 'atr_multiplier': 1.2, 'tp_multiplier': 1.5}",701,48.502139800285306,2336.0000000001833,3.3323823109845696,1.1114822945499765,23290.0,20953.999999999814,68.5,-59.025352112675534,3.3323823109845696,340,361,0.3395149786019971
"{'ema_length': 50, 'ema_backcandles': 7, 'hl_backcandles': 14, 'atr_multiplier': 1.5, 'tp_multiplier': 1.5}",701,48.502139800285306,2336.0000000001833,3.3323823109845696,1.1114822945499765,23290.0,20953.999999999814,68.5,-59.025352112675534,3.3323823109845696,340,361,0.3395149786019971
"{'ema_length': 50, 'ema_backcandles': 14, 'hl_backcandles': 14, 'atr_multiplier': 1.0, 'tp_multiplier': 1.5}",701,48.502139800285306,2336.0000000001833,3.3323823109845696,1.1114822945499765,23290.0,20953.999999999814,68.5,-59.025352112675534,3.3323823109845696,340,361,0.3395149786019971
"{'ema_length': 50, 'ema_backcandles': 14, 'hl_backcandles': 14, 'atr_multiplier': 1.2, 'tp_multiplier': 1.5}",701,48.502139800285306,2336.0000000001833,3.3323823109845696,1.1114822945499765,23290.0,20953.999999999814,68.5,-59.025352112675534,3.3323823109845696,340,361,0.3395149786019971
"{'ema_length': 50, 'ema_backcandles': 14, 'hl_backcandles': 14, 'atr_multiplier': 1.5, 'tp_multiplier': 1.5}",701,48.502139800285306,2336.0000000001833,3.3323823109845696,1.1114822945499765,23290.0,20953.999999999814,68.5,-59.025352112675534,3.3323823109845696,340,361,0.3395149786019971
"{'ema_length': 100, 'ema_backcandles': 21, 'hl_backcandles': 14, 'atr_multiplier': 1.0, 'tp_multiplier': 2.0}",1642,48.47746650426309,5680.000000000064,3.45919610231429,1.1247255160298657,51219.99999999992,45539.999999999854,64.34673366834161,-54.40860215053746,3.45919610231429,796,846,0.3393422655298416
"{'ema_length': 100, 'ema_backcandles': 21, 'hl_backcandles': 14, 'atr_multiplier': 1.2, 'tp_multiplier': 2.0}",1642,48.47746650426309,5680.000000000064,3.45919610231429,1.1247255160298657,51219.99999999992,45539.999999999854,64.34673366834161,-54.40860215053746,3.45919610231429,796,846,0.3393422655298416
"{'ema_length': 100, 'ema_backcandles': 21, 'hl_backcandles': 14, 'atr_multiplier': 1.5, 'tp_multiplier': 2.0}",1642,48.47746650426309,5680.000000000064,3.45919610231429,1.1247255160298657,51219.99999999992,45539.999999999854,64.34673366834161,-54.40860215053746,3.45919610231429,796,846,0.3393422655298416
"{'ema_length': 30, 'ema_backcandles': 7, 'hl_backcandles': 7, 'atr_multiplier': 1.0, 'tp_multiplier': 1.5}",1408,48.4375,7181.999999999766,5.100852272727106,1.1766528925619775,47837.99999999981,40656.000000000044,70.14369501466248,-56.782122905028,5.100852272727106,682,726,0.3390625
"{'ema_length': 30, 'ema_backcandles': 7, 'hl_backcandles': 7, 'atr_multiplier': 1.2, 'tp_multiplier': 1.5}",1408,48.4375,7181.999999999766,5.100852272727106,1.1766528925619775,47837.99999999981,40656.000000000044,70.14369501466248,-56.782122905028,5.100852272727106,682,726,0.3390625
"{'ema_length': 30, 'ema_backcandles': 7, 'hl_backcandles': 7, 'atr_multiplier': 1.5, 'tp_multiplier': 1.5}",1408,48.4375,7181.999999999766,5.100852272727106,1.1766528925619775,47837.99999999981,40656.000000000044,70.14369501466248,-56.782122905028,5.100852272727106,682,726,0.3390625
"{'ema_length': 50, 'ema_backcandles': 21, 'hl_backcandles': 14, 'atr_multiplier': 1.0, 'tp_multiplier': 1.7}",624,48.3974358974359,2174.000000000109,3.483974358974534,1.1177426343154315,20637.99999999994,18463.999999999833,68.33774834437067,-58.24605678233386,3.483974358974534,302,322,0.33878205128205124
"{'ema_length': 50, 'ema_backcandles': 21, 'hl_backcandles': 14, 'atr_multiplier': 1.2, 'tp_multiplier': 1.7}",624,48.3974358974359,2174.000000000109,3.483974358974534,1.1177426343154315,20637.99999999994,18463.999999999833,68.33774834437067,-58.24605678233386,3.483974358974534,302,322,0.33878205128205124
"{'ema_length': 50, 'ema_backcandles': 21, 'hl_backcandles': 14, 'atr_multiplier': 1.5, 'tp_multiplier': 1.7}",624,48.3974358974359,2174.000000000109,3.483974358974534,1.1177426343154315,20637.99999999994,18463.999999999833,68.33774834437067,-58.24605678233386,3.483974358974534,302,322,0.33878205128205124
"{'ema_length': 100, 'ema_backcandles': 21, 'hl_backcandles': 7, 'atr_multiplier': 1.0, 'tp_multiplier': 1.5}",2826,48.3722576079264,9391.999999999909,3.3234253361641577,1.1207741271780352,87156.99999999985,77764.99999999996,63.75786393562535,-53.85387811634346,3.3234253361641577,1367,1459,0.3386058032554848
"{'ema_length': 100, 'ema_backcandles': 21, 'hl_backcandles': 7, 'atr_multiplier': 1.2, 'tp_multiplier': 1.5}",2826,48.3722576079264,9391.999999999909,3.3234253361641577,1.1207741271780352,87156.99999999985,77764.99999999996,63.75786393562535,-53.85387811634346,3.3234253361641577,1367,1459,0.3386058032554848
"{'ema_length': 100, 'ema_backcandles': 21, 'hl_backcandles': 7, 'atr_multiplier': 1.5, 'tp_multiplier': 1.5}",2826,48.3722576079264,9391.999999999909,3.3234253361641577,1.1207741271780352,87156.99999999985,77764.99999999996,63.75786393562535,-53.85387811634346,3.3234253361641577,1367,1459,0.3386058032554848
"{'ema_length': 50, 'ema_backcandles': 7, 'hl_backcandles': 14, 'atr_multiplier': 1.0, 'tp_multiplier': 1.7}",701,48.35948644793152,2689.0000000001464,3.8359486447933615,1.1283225960391394,23643.99999999997,20954.999999999825,69.74631268436569,-58.86235955056131,3.8359486447933615,339,362,0.3385164051355206
"{'ema_length': 50, 'ema_backcandles': 7, 'hl_backcandles': 14, 'atr_multiplier': 1.2, 'tp_multiplier': 1.7}",701,48.35948644793152,2689.0000000001464,3.8359486447933615,1.1283225960391394,23643.99999999997,20954.999999999825,69.74631268436569,-58.86235955056131,3.8359486447933615,339,362,0.3385164051355206
"{'ema_length': 50, 'ema_backcandles': 7, 'hl_backcandles': 14, 'atr_multiplier': 1.5, 'tp_multiplier': 1.7}",701,48.35948644793152,2689.0000000001464,3.8359486447933615,1.1283225960391394,23643.99999999997,20954.999999999825,69.74631268436569,-58.86235955056131,3.8359486447933615,339,362,0.3385164051355206
"{'ema_length': 50, 'ema_backcandles': 14, 'hl_backcandles': 14, 'atr_multiplier': 1.0, 'tp_multiplier': 1.7}",701,48.35948644793152,2689.0000000001464,3.8359486447933615,1.1283225960391394,23643.99999999997,20954.999999999825,69.74631268436569,-58.86235955056131,3.8359486447933615,339,362,0.3385164051355206
"{'ema_length': 50, 'ema_backcandles': 14, 'hl_backcandles': 14, 'atr_multiplier': 1.2, 'tp_multiplier': 1.7}",701,48.35948644793152,2689.0000000001464,3.8359486447933615,1.1283225960391394,23643.99999999997,20954.999999999825,69.74631268436569,-58.86235955056131,3.8359486447933615,339,362,0.3385164051355206
"{'ema_length': 50, 'ema_backcandles': 14, 'hl_backcandles': 14, 'atr_multiplier': 1.5, 'tp_multiplier': 1.7}",701,48.35948644793152,2689.0000000001464,3.8359486447933615,1.1283225960391394,23643.99999999997,20954.999999999825,69.74631268436569,-58.86235955056131,3.8359486447933615,339,362,0.3385164051355206
"{'ema_length': 30, 'ema_backcandles': 14, 'hl_backcandles': 7, 'atr_multiplier': 1.0, 'tp_multiplier': 1.5}",1050,48.19047619047619,6651.999999999901,6.335238095238001,1.2207473285989214,36785.999999999905,30134.000000000004,72.69960474308282,-55.907235621521345,6.335238095238001,506,544,0.3373333333333333
"{'ema_length': 30, 'ema_backcandles': 14, 'hl_backcandles': 7, 'atr_multiplier': 1.2, 'tp_multiplier': 1.5}",1050,48.19047619047619,6651.999999999901,6.335238095238001,1.2207473285989214,36785.999999999905,30134.000000000004,72.69960474308282,-55.907235621521345,6.335238095238001,506,544,0.3373333333333333
"{'ema_length': 30, 'ema_backcandles': 14, 'hl_backcandles': 7, 'atr_multiplier': 1.5, 'tp_multiplier': 1.5}",1050,48.19047619047619,6651.999999999901,6.335238095238001,1.2207473285989214,36785.999999999905,30134.000000000004,72.69960474308282,-55.907235621521345,6.335238095238001,506,544,0.3373333333333333
"{'ema_length': 100, 'ema_backcandles': 7, 'hl_backcandles': 7, 'atr_multiplier': 1.0, 'tp_multiplier': 1.5}",3600,48.11111111111111,10047.999999999847,2.7911111111110687,1.0993091451783459,111226.9999999998,101178.99999999994,64.21882217090058,-54.75054112554109,2.7911111111110687,1732,1868,0.33677777777777773
"{'ema_length': 100, 'ema_backcandles': 7, 'hl_backcandles': 7, 'atr_multiplier': 1.2, 'tp_multiplier': 1.5}",3600,48.11111111111111,10047.999999999847,2.7911111111110687,1.0993091451783459,111226.9999999998,101178.99999999994,64.21882217090058,-54.75054112554109,2.7911111111110687,1732,1868,0.33677777777777773
"{'ema_length': 100, 'ema_backcandles': 7, 'hl_backcandles': 7, 'atr_multiplier': 1.5, 'tp_multiplier': 1.5}",3600,48.11111111111111,10047.999999999847,2.7911111111110687,1.0993091451783459,111226.9999999998,101178.99999999994,64.21882217090058,-54.75054112554109,2.7911111111110687,1732,1868,0.33677777777777773
"{'ema_length': 50, 'ema_backcandles': 21, 'hl_backcandles': 7, 'atr_multiplier': 1.0, 'tp_multiplier': 1.2}",1584,48.10606060606061,4653.000000000043,2.937500000000027,1.1019232454218886,50304.99999999994,45651.9999999999,66.017060367454,-56.15252152521513,2.937500000000027,762,822,0.33674242424242423
"{'ema_length': 50, 'ema_backcandles': 21, 'hl_backcandles': 7, 'atr_multiplier': 1.2, 'tp_multiplier': 1.2}",1584,48.10606060606061,4653.000000000043,2.937500000000027,1.1019232454218886,50304.99999999994,45651.9999999999,66.017060367454,-56.15252152521513,2.937500000000027,762,822,0.33674242424242423
"{'ema_length': 50, 'ema_backcandles': 21, 'hl_backcandles': 7, 'atr_multiplier': 1.5, 'tp_multiplier': 1.2}",1584,48.10606060606061,4653.000000000043,2.937500000000027,1.1019232454218886,50304.99999999994,45651.9999999999,66.017060367454,-56.15252152521513,2.937500000000027,762,822,0.33674242424242423
"{'ema_length': 50, 'ema_backcandles': 21, 'hl_backcandles': 14, 'atr_multiplier': 1.0, 'tp_multiplier': 2.0}",624,48.07692307692308,2430.0000000001037,3.8942307692309353,1.1307998708149491,21007.999999999935,18577.999999999833,70.02666666666644,-58.23824451410606,3.8942307692309353,300,324,0.3365384615384615
"{'ema_length': 50, 'ema_backcandles': 21, 'hl_backcandles': 14, 'atr_multiplier': 1.2, 'tp_multiplier': 2.0}",624,48.07692307692308,2430.0000000001037,3.8942307692309353,1.1307998708149491,21007.999999999935,18577.999999999833,70.02666666666644,-58.23824451410606,3.8942307692309353,300,324,0.3365384615384615
"{'ema_length': 50, 'ema_backcandles': 21, 'hl_backcandles': 14, 'atr_multiplier': 1.5, 'tp_multiplier': 2.0}",624,48.07692307692308,2430.0000000001037,3.8942307692309353,1.1307998708149491,21007.999999999935,18577.999999999833,70.02666666666644,-58.23824451410606,3.8942307692309353,300,324,0.3365384615384615
"{'ema_length': 50, 'ema_backcandles': 7, 'hl_backcandles': 14, 'atr_multiplier': 1.0, 'tp_multiplier': 2.0}",701,48.074179743223965,2897.0000000001337,4.132667617689206,1.1375005932887254,23965.999999999956,21068.999999999825,71.11572700296723,-58.85195530726208,4.132667617689206,337,364,0.33651925820256773
"{'ema_length': 50, 'ema_backcandles': 7, 'hl_backcandles': 14, 'atr_multiplier': 1.2, 'tp_multiplier': 2.0}",701,48.074179743223965,2897.0000000001337,4.132667617689206,1.1375005932887254,23965.999999999956,21068.999999999825,71.11572700296723,-58.85195530726208,4.132667617689206,337,364,0.33651925820256773
"{'ema_length': 50, 'ema_backcandles': 7, 'hl_backcandles': 14, 'atr_multiplier': 1.5, 'tp_multiplier': 2.0}",701,48.074179743223965,2897.0000000001337,4.132667617689206,1.1375005932887254,23965.999999999956,21068.999999999825,71.11572700296723,-58.85195530726208,4.132667617689206,337,364,0.33651925820256773
"{'ema_length': 50, 'ema_backcandles': 14, 'hl_backcandles': 14, 'atr_multiplier': 1.0, 'tp_multiplier': 2.0}",701,48.074179743223965,2897.0000000001337,4.132667617689206,1.1375005932887254,23965.999999999956,21068.999999999825,71.11572700296723,-58.85195530726208,4.132667617689206,337,364,0.33651925820256773
"{'ema_length': 50, 'ema_backcandles': 14, 'hl_backcandles': 14, 'atr_multiplier': 1.2, 'tp_multiplier': 2.0}",701,48.074179743223965,2897.0000000001337,4.132667617689206,1.1375005932887254,23965.999999999956,21068.999999999825,71.11572700296723,-58.85195530726208,4.132667617689206,337,364,0.33651925820256773
"{'ema_length': 50, 'ema_backcandles': 14, 'hl_backcandles': 14, 'atr_multiplier': 1.5, 'tp_multiplier': 2.0}",701,48.074179743223965,2897.0000000001337,4.132667617689206,1.1375005932887254,23965.999999999956,21068.999999999825,71.11572700296723,-58.85195530726208,4.132667617689206,337,364,0.33651925820256773
"{'ema_length': 100, 'ema_backcandles': 14, 'hl_backcandles': 7, 'atr_multiplier': 1.0, 'tp_multiplier': 1.5}",3247,48.04434862950416,10358.999999999822,3.1903295349552887,1.1145983140473905,100752.99999999983,90394.0,64.58525641025629,-54.12814371257485,3.1903295349552887,1560,1687,0.3363104404065291
"{'ema_length': 100, 'ema_backcandles': 14, 'hl_backcandles': 7, 'atr_multiplier': 1.2, 'tp_multiplier': 1.5}",3247,48.04434862950416,10358.999999999822,3.1903295349552887,1.1145983140473905,100752.99999999983,90394.0,64.58525641025629,-54.12814371257485,3.1903295349552887,1560,1687,0.3363104404065291
"{'ema_length': 100, 'ema_backcandles': 14, 'hl_backcandles': 7, 'atr_multiplier': 1.5, 'tp_multiplier': 1.5}",3247,48.04434862950416,10358.999999999822,3.1903295349552887,1.1145983140473905,100752.99999999983,90394.0,64.58525641025629,-54.12814371257485,3.1903295349552887,1560,1687,0.3363104404065291
"{'ema_length': 50, 'ema_backcandles': 14, 'hl_backcandles': 7, 'atr_multiplier': 1.0, 'tp_multiplier': 1.2}",2015,48.03970223325062,4968.000000000087,2.465508684863567,1.0846250809116633,63673.99999999991,58705.99999999982,65.77892561983462,-56.556840077071115,2.465508684863567,968,1047,0.33627791563275433
"{'ema_length': 50, 'ema_backcandles': 14, 'hl_backcandles': 7, 'atr_multiplier': 1.2, 'tp_multiplier': 1.2}",2015,48.03970223325062,4968.000000000087,2.465508684863567,1.0846250809116633,63673.99999999991,58705.99999999982,65.77892561983462,-56.556840077071115,2.465508684863567,968,1047,0.33627791563275433
"{'ema_length': 50, 'ema_backcandles': 14, 'hl_backcandles': 7, 'atr_multiplier': 1.5, 'tp_multiplier': 1.2}",2015,48.03970223325062,4968.000000000087,2.465508684863567,1.0846250809116633,63673.99999999991,58705.99999999982,65.77892561983462,-56.556840077071115,2.465508684863567,968,1047,0.33627791563275433
"{'ema_length': 100, 'ema_backcandles': 21, 'hl_backcandles': 7, 'atr_multiplier': 1.0, 'tp_multiplier': 1.7}",2812,48.00853485064011,9044.999999999909,3.2165718349928554,1.1162925248784992,86822.99999999988,77777.99999999997,64.31333333333325,-53.751209398756025,3.2165718349928554,1350,1462,0.33605974395448074
"{'ema_length': 100, 'ema_backcandles': 21, 'hl_backcandles': 7, 'atr_multiplier': 1.2, 'tp_multiplier': 1.7}",2812,48.00853485064011,9044.999999999909,3.2165718349928554,1.1162925248784992,86822.99999999988,77777.99999999997,64.31333333333325,-53.751209398756025,3.2165718349928554,1350,1462,0.33605974395448074
"{'ema_length': 100, 'ema_backcandles': 21, 'hl_backcandles': 7, 'atr_multiplier': 1.5, 'tp_multiplier': 1.7}",2812,48.00853485064011,9044.999999999909,3.2165718349928554,1.1162925248784992,86822.99999999988,77777.99999999997,64.31333333333325,-53.751209398756025,3.2165718349928554,1350,1462,0.33605974395448074
"{'ema_length': 30, 'ema_backcandles': 7, 'hl_backcandles': 7, 'atr_multiplier': 1.0, 'tp_multiplier': 1.7}",1401,47.96573875802998,6936.999999999751,4.951463240542291,1.1715380811078078,47376.999999999796,40440.000000000044,70.50148809523779,-56.244784422809516,4.951463240542291,672,729,0.33576017130620983
"{'ema_length': 30, 'ema_backcandles': 7, 'hl_backcandles': 7, 'atr_multiplier': 1.2, 'tp_multiplier': 1.7}",1401,47.96573875802998,6936.999999999751,4.951463240542291,1.1715380811078078,47376.999999999796,40440.000000000044,70.50148809523779,-56.244784422809516,4.951463240542291,672,729,0.33576017130620983
"{'ema_length': 30, 'ema_backcandles': 7, 'hl_backcandles': 7, 'atr_multiplier': 1.5, 'tp_multiplier': 1.7}",1401,47.96573875802998,6936.999999999751,4.951463240542291,1.1715380811078078,47376.999999999796,40440.000000000044,70.50148809523779,-56.244784422809516,4.951463240542291,672,729,0.33576017130620983
"{'ema_length': 50, 'ema_backcandles': 7, 'hl_backcandles': 7, 'atr_multiplier': 1.0, 'tp_multiplier': 1.2}",2435,47.92607802874743,3441.0000000000027,1.4131416837782351,1.0479461598484006,75208.99999999977,71767.99999999977,64.4464438731789,-57.23125996810189,1.4131416837782351,1167,1268,0.335482546201232
"{'ema_length': 50, 'ema_backcandles': 7, 'hl_backcandles': 7, 'atr_multiplier': 1.2, 'tp_multiplier': 1.2}",2435,47.92607802874743,3441.0000000000027,1.4131416837782351,1.0479461598484006,75208.99999999977,71767.99999999977,64.4464438731789,-57.23125996810189,1.4131416837782351,1167,1268,0.335482546201232
"{'ema_length': 50, 'ema_backcandles': 7, 'hl_backcandles': 7, 'atr_multiplier': 1.5, 'tp_multiplier': 1.2}",2435,47.92607802874743,3441.0000000000027,1.4131416837782351,1.0479461598484006,75208.99999999977,71767.99999999977,64.4464438731789,-57.23125996810189,1.4131416837782351,1167,1268,0.335482546201232
"{'ema_length': 30, 'ema_backcandles': 7, 'hl_backcandles': 7, 'atr_multiplier': 1.0, 'tp_multiplier': 2.0}",1399,47.89135096497498,7168.999999999824,5.124374553252197,1.1773758566939607,47585.999999999876,40417.00000000006,71.02388059701474,-56.21279554937421,5.124374553252197,670,729,0.33523945675482486
"{'ema_length': 30, 'ema_backcandles': 7, 'hl_backcandles': 7, 'atr_multiplier': 1.2, 'tp_multiplier': 2.0}",1399,47.89135096497498,7168.999999999824,5.124374553252197,1.1773758566939607,47585.999999999876,40417.00000000006,71.02388059701474,-56.21279554937421,5.124374553252197,670,729,0.33523945675482486
"{'ema_length': 30, 'ema_backcandles': 7, 'hl_backcandles': 7, 'atr_multiplier': 1.5, 'tp_multiplier': 2.0}",1399,47.89135096497498,7168.999999999824,5.124374553252197,1.1773758566939607,47585.999999999876,40417.00000000006,71.02388059701474,-56.21279554937421,5.124374553252197,670,729,0.33523945675482486
"{'ema_length': 100, 'ema_backcandles': 7, 'hl_backcandles': 7, 'atr_multiplier': 1.0, 'tp_multiplier': 1.7}",3585,47.726638772663875,9653.999999999849,2.6928870292886606,1.0953575661793744,110893.99999999983,101239.99999999997,64.81239041496191,-54.606256742179056,2.6928870292886606,1711,1874,0.3340864714086471
"{'ema_length': 100, 'ema_backcandles': 7, 'hl_backcandles': 7, 'atr_multiplier': 1.2, 'tp_multiplier': 1.7}",3585,47.726638772663875,9653.999999999849,2.6928870292886606,1.0953575661793744,110893.99999999983,101239.99999999997,64.81239041496191,-54.606256742179056,2.6928870292886606,1711,1874,0.3340864714086471
"{'ema_length': 100, 'ema_backcandles': 7, 'hl_backcandles': 7, 'atr_multiplier': 1.5, 'tp_multiplier': 1.7}",3585,47.726638772663875,9653.999999999849,2.6928870292886606,1.0953575661793744,110893.99999999983,101239.99999999997,64.81239041496191,-54.606256742179056,2.6928870292886606,1711,1874,0.3340864714086471
"{'ema_length': 30, 'ema_backcandles': 14, 'hl_backcandles': 7, 'atr_multiplier': 1.0, 'tp_multiplier': 1.7}",1044,47.701149425287355,6324.999999999864,6.058429118773816,1.2111712072649528,36276.999999999876,29952.00000000001,72.84538152610416,-55.364140480591516,6.058429118773816,498,546,0.33390804597701146
"{'ema_length': 30, 'ema_backcandles': 14, 'hl_backcandles': 7, 'atr_multiplier': 1.2, 'tp_multiplier': 1.7}",1044,47.701149425287355,6324.999999999864,6.058429118773816,1.2111712072649528,36276.999999999876,29952.00000000001,72.84538152610416,-55.364140480591516,6.058429118773816,498,546,0.33390804597701146
"{'ema_length': 30, 'ema_backcandles': 14, 'hl_backcandles': 7, 'atr_multiplier': 1.5, 'tp_multiplier': 1.7}",1044,47.701149425287355,6324.999999999864,6.058429118773816,1.2111712072649528,36276.999999999876,29952.00000000001,72.84538152610416,-55.364140480591516,6.058429118773816,498,546,0.33390804597701146
"{'ema_length': 30, 'ema_backcandles': 14, 'hl_backcandles': 7, 'atr_multiplier': 1.0, 'tp_multiplier': 2.0}",1042,47.69673704414588,6381.999999999902,6.124760076775337,1.2134019929111182,36287.99999999992,29906.00000000002,73.0140845070421,-55.381481481481515,6.124760076775337,497,545,0.3338771593090211
"{'ema_length': 30, 'ema_backcandles': 14, 'hl_backcandles': 7, 'atr_multiplier': 1.2, 'tp_multiplier': 2.0}",1042,47.69673704414588,6381.999999999902,6.124760076775337,1.2134019929111182,36287.99999999992,29906.00000000002,73.0140845070421,-55.381481481481515,6.124760076775337,497,545,0.3338771593090211
"{'ema_length': 30, 'ema_backcandles': 14, 'hl_backcandles': 7, 'atr_multiplier': 1.5, 'tp_multiplier': 2.0}",1042,47.69673704414588,6381.999999999902,6.124760076775337,1.2134019929111182,36287.99999999992,29906.00000000002,73.0140845070421,-55.381481481481515,6.124760076775337,497,545,0.3338771593090211
"{'ema_length': 100, 'ema_backcandles': 21, 'hl_backcandles': 7, 'atr_multiplier': 1.0, 'tp_multiplier': 2.0}",2805,47.66488413547237,9308.999999999975,3.3187165775400977,1.1195331158992268,87186.99999999993,77877.99999999996,65.21091997008222,-53.63498622589529,3.3187165775400977,1337,1468,0.33365418894830656
"{'ema_length': 100, 'ema_backcandles': 21, 'hl_backcandles': 7, 'atr_multiplier': 1.2, 'tp_multiplier': 2.0}",2805,47.66488413547237,9308.999999999975,3.3187165775400977,1.1195331158992268,87186.99999999993,77877.99999999996,65.21091997008222,-53.63498622589529,3.3187165775400977,1337,1468,0.33365418894830656
"{'ema_length': 100, 'ema_backcandles': 21, 'hl_backcandles': 7, 'atr_multiplier': 1.5, 'tp_multiplier': 2.0}",2805,47.66488413547237,9308.999999999975,3.3187165775400977,1.1195331158992268,87186.99999999993,77877.99999999996,65.21091997008222,-53.63498622589529,3.3187165775400977,1337,1468,0.33365418894830656
"{'ema_length': 100, 'ema_backcandles': 14, 'hl_backcandles': 7, 'atr_multiplier': 1.0, 'tp_multiplier': 1.7}",3232,47.648514851485146,9859.99999999981,3.050742574257367,1.109005682446324,100313.99999999983,90454.00000000003,65.13896103896093,-54.00238805970151,3.050742574257367,1540,1692,0.333539603960396
"{'ema_length': 100, 'ema_backcandles': 14, 'hl_backcandles': 7, 'atr_multiplier': 1.2, 'tp_multiplier': 1.7}",3232,47.648514851485146,9859.99999999981,3.050742574257367,1.109005682446324,100313.99999999983,90454.00000000003,65.13896103896093,-54.00238805970151,3.050742574257367,1540,1692,0.333539603960396
"{'ema_length': 100, 'ema_backcandles': 14, 'hl_backcandles': 7, 'atr_multiplier': 1.5, 'tp_multiplier': 1.7}",3232,47.648514851485146,9859.99999999981,3.050742574257367,1.109005682446324,100313.99999999983,90454.00000000003,65.13896103896093,-54.00238805970151,3.050742574257367,1540,1692,0.333539603960396
"{'ema_length': 100, 'ema_backcandles': 7, 'hl_backcandles': 7, 'atr_multiplier': 1.0, 'tp_multiplier': 2.0}",3575,47.38461538461539,10033.999999999916,2.806713286713263,1.0990093148089666,111377.99999999988,101343.99999999997,65.74852420306959,-54.48602150537633,2.806713286713263,1694,1881,0.3316923076923077
"{'ema_length': 100, 'ema_backcandles': 7, 'hl_backcandles': 7, 'atr_multiplier': 1.2, 'tp_multiplier': 2.0}",3575,47.38461538461539,10033.999999999916,2.806713286713263,1.0990093148089666,111377.99999999988,101343.99999999997,65.74852420306959,-54.48602150537633,2.806713286713263,1694,1881,0.3316923076923077
"{'ema_length': 100, 'ema_backcandles': 7, 'hl_backcandles': 7, 'atr_multiplier': 1.5, 'tp_multiplier': 2.0}",3575,47.38461538461539,10033.999999999916,2.806713286713263,1.0990093148089666,111377.99999999988,101343.99999999997,65.74852420306959,-54.48602150537633,2.806713286713263,1694,1881,0.3316923076923077
"{'ema_length': 100, 'ema_backcandles': 14, 'hl_backcandles': 7, 'atr_multiplier': 1.0, 'tp_multiplier': 2.0}",3222,47.299813780260706,9892.999999999869,3.070453134698904,1.1092726569834854,100427.99999999988,90535.00000000003,65.89763779527551,-53.88988095238097,3.070453134698904,1524,1698,0.33109869646182494
"{'ema_length': 100, 'ema_backcandles': 14, 'hl_backcandles': 7, 'atr_multiplier': 1.2, 'tp_multiplier': 2.0}",3222,47.299813780260706,9892.999999999869,3.070453134698904,1.1092726569834854,100427.99999999988,90535.00000000003,65.89763779527551,-53.88988095238097,3.070453134698904,1524,1698,0.33109869646182494
"{'ema_length': 100, 'ema_backcandles': 14, 'hl_backcandles': 7, 'atr_multiplier': 1.5, 'tp_multiplier': 2.0}",3222,47.299813780260706,9892.999999999869,3.070453134698904,1.1092726569834854,100427.99999999988,90535.00000000003,65.89763779527551,-53.88988095238097,3.070453134698904,1524,1698,0.33109869646182494
"{'ema_length': 50, 'ema_backcandles': 21, 'hl_backcandles': 7, 'atr_multiplier': 1.0, 'tp_multiplier': 1.5}",1571,46.912794398472315,4757.000000000016,3.0280076384468595,1.10404636920385,50476.99999999992,45719.999999999905,68.48982360922649,-55.48543689320377,3.0280076384468595,737,834,0.32838956078930615
"{'ema_length': 50, 'ema_backcandles': 21, 'hl_backcandles': 7, 'atr_multiplier': 1.2, 'tp_multiplier': 1.5}",1571,46.912794398472315,4757.000000000016,3.0280076384468595,1.10404636920385,50476.99999999992,45719.999999999905,68.48982360922649,-55.48543689320377,3.0280076384468595,737,834,0.32838956078930615
"{'ema_length': 50, 'ema_backcandles': 21, 'hl_backcandles': 7, 'atr_multiplier': 1.5, 'tp_multiplier': 1.5}",1571,46.912794398472315,4757.000000000016,3.0280076384468595,1.10404636920385,50476.99999999992,45719.999999999905,68.48982360922649,-55.48543689320377,3.0280076384468595,737,834,0.32838956078930615
"{'ema_length': 50, 'ema_backcandles': 14, 'hl_backcandles': 7, 'atr_multiplier': 1.0, 'tp_multiplier': 1.5}",2002,46.75324675324675,5288.00000000004,2.641358641358661,1.0898937526561843,64112.99999999988,58824.999999999854,68.49679487179475,-55.75829383886242,2.641358641358661,936,1066,0.3272727272727272
"{'ema_length': 50, 'ema_backcandles': 14, 'hl_backcandles': 7, 'atr_multiplier': 1.2, 'tp_multiplier': 1.5}",2002,46.75324675324675,5288.00000000004,2.641358641358661,1.0898937526561843,64112.99999999988,58824.999999999854,68.49679487179475,-55.75829383886242,2.641358641358661,936,1066,0.3272727272727272
"{'ema_length': 50, 'ema_backcandles': 14, 'hl_backcandles': 7, 'atr_multiplier': 1.5, 'tp_multiplier': 1.5}",2002,46.75324675324675,5288.00000000004,2.641358641358661,1.0898937526561843,64112.99999999988,58824.999999999854,68.49679487179475,-55.75829383886242,2.641358641358661,936,1066,0.3272727272727272
"{'ema_length': 50, 'ema_backcandles': 7, 'hl_backcandles': 7, 'atr_multiplier': 1.0, 'tp_multiplier': 1.5}",2420,46.570247933884296,3344.999999999976,1.3822314049586677,1.0464260929909783,75394.9999999998,72049.99999999981,66.8988464951196,-56.421299921691315,1.3822314049586677,1127,1293,0.3259917355371901
"{'ema_length': 50, 'ema_backcandles': 7, 'hl_backcandles': 7, 'atr_multiplier': 1.2, 'tp_multiplier': 1.5}",2420,46.570247933884296,3344.999999999976,1.3822314049586677,1.0464260929909783,75394.9999999998,72049.99999999981,66.8988464951196,-56.421299921691315,1.3822314049586677,1127,1293,0.3259917355371901
"{'ema_length': 50, 'ema_backcandles': 7, 'hl_backcandles': 7, 'atr_multiplier': 1.5, 'tp_multiplier': 1.5}",2420,46.570247933884296,3344.999999999976,1.3822314049586677,1.0464260929909783,75394.9999999998,72049.99999999981,66.8988464951196,-56.421299921691315,1.3822314049586677,1127,1293,0.3259917355371901
"{'ema_length': 50, 'ema_backcandles': 21, 'hl_backcandles': 7, 'atr_multiplier': 1.0, 'tp_multiplier': 1.7}",1563,46.513115802943055,4353.999999999996,2.785668586052461,1.0953256704980845,50028.99999999991,45674.99999999991,68.81568088033,-55.29661016949142,2.785668586052461,727,836,0.3255918106206014
"{'ema_length': 50, 'ema_backcandles': 21, 'hl_backcandles': 7, 'atr_multiplier': 1.2, 'tp_multiplier': 1.7}",1563,46.513115802943055,4353.999999999996,2.785668586052461,1.0953256704980845,50028.99999999991,45674.99999999991,68.81568088033,-55.29661016949142,2.785668586052461,727,836,0.3255918106206014
"{'ema_length': 50, 'ema_backcandles': 21, 'hl_backcandles': 7, 'atr_multiplier': 1.5, 'tp_multiplier': 1.7}",1563,46.513115802943055,4353.999999999996,2.785668586052461,1.0953256704980845,50028.99999999991,45674.99999999991,68.81568088033,-55.29661016949142,2.785668586052461,727,836,0.3255918106206014
"{'ema_length': 50, 'ema_backcandles': 21, 'hl_backcandles': 7, 'atr_multiplier': 1.0, 'tp_multiplier': 2.0}",1562,46.35083226632523,4757.000000000034,3.045454545454567,1.1038895804669253,50545.99999999994,45788.99999999991,69.81491712707174,-55.30072463768106,3.045454545454567,724,838,0.32445582586427657
"{'ema_length': 50, 'ema_backcandles': 21, 'hl_backcandles': 7, 'atr_multiplier': 1.2, 'tp_multiplier': 2.0}",1562,46.35083226632523,4757.000000000034,3.045454545454567,1.1038895804669253,50545.99999999994,45788.99999999991,69.81491712707174,-55.30072463768106,3.045454545454567,724,838,0.32445582586427657
"{'ema_length': 50, 'ema_backcandles': 21, 'hl_backcandles': 7, 'atr_multiplier': 1.5, 'tp_multiplier': 2.0}",1562,46.35083226632523,4757.000000000034,3.045454545454567,1.1038895804669253,50545.99999999994,45788.99999999991,69.81491712707174,-55.30072463768106,3.045454545454567,724,838,0.32445582586427657
"{'ema_length': 50, 'ema_backcandles': 14, 'hl_backcandles': 7, 'atr_multiplier': 1.0, 'tp_multiplier': 1.7}",1992,46.335341365461844,4923.000000000002,2.4713855421686755,1.084023143486201,63513.999999999854,58590.999999999854,68.81256771397601,-55.37901701323238,2.4713855421686755,923,1069,0.3243473895582329
"{'ema_length': 50, 'ema_backcandles': 14, 'hl_backcandles': 7, 'atr_multiplier': 1.2, 'tp_multiplier': 1.7}",1992,46.335341365461844,4923.000000000002,2.4713855421686755,1.084023143486201,63513.999999999854,58590.999999999854,68.81256771397601,-55.37901701323238,2.4713855421686755,923,1069,0.3243473895582329
"{'ema_length': 50, 'ema_backcandles': 14, 'hl_backcandles': 7, 'atr_multiplier': 1.5, 'tp_multiplier': 1.7}",1992,46.335341365461844,4923.000000000002,2.4713855421686755,1.084023143486201,63513.999999999854,58590.999999999854,68.81256771397601,-55.37901701323238,2.4713855421686755,923,1069,0.3243473895582329
"{'ema_length': 50, 'ema_backcandles': 7, 'hl_backcandles': 7, 'atr_multiplier': 1.0, 'tp_multiplier': 1.7}",2407,46.15704196094724,3357.999999999976,1.3950976319069281,1.0468026983330543,75105.9999999998,71747.99999999983,67.60216021602142,-56.053124999999866,1.3950976319069281,1111,1296,0.32309929372663065
"{'ema_length': 50, 'ema_backcandles': 7, 'hl_backcandles': 7, 'atr_multiplier': 1.2, 'tp_multiplier': 1.7}",2407,46.15704196094724,3357.999999999976,1.3950976319069281,1.0468026983330543,75105.9999999998,71747.99999999983,67.60216021602142,-56.053124999999866,1.3950976319069281,1111,1296,0.32309929372663065
"{'ema_length': 50, 'ema_backcandles': 7, 'hl_backcandles': 7, 'atr_multiplier': 1.5, 'tp_multiplier': 1.7}",2407,46.15704196094724,3357.999999999976,1.3950976319069281,1.0468026983330543,75105.9999999998,71747.99999999983,67.60216021602142,-56.053124999999866,1.3950976319069281,1111,1296,0.32309929372663065
"{'ema_length': 50, 'ema_backcandles': 14, 'hl_backcandles': 7, 'atr_multiplier': 1.0, 'tp_multiplier': 2.0}",1988,46.12676056338028,5056.000000000035,2.543259557344082,1.0861534267116528,63741.99999999991,58685.99999999987,69.5114503816793,-55.364150943396105,2.543259557344082,917,1071,0.32288732394366193
"{'ema_length': 50, 'ema_backcandles': 14, 'hl_backcandles': 7, 'atr_multiplier': 1.2, 'tp_multiplier': 2.0}",1988,46.12676056338028,5056.000000000035,2.543259557344082,1.0861534267116528,63741.99999999991,58685.99999999987,69.5114503816793,-55.364150943396105,2.543259557344082,917,1071,0.32288732394366193
"{'ema_length': 50, 'ema_backcandles': 14, 'hl_backcandles': 7, 'atr_multiplier': 1.5, 'tp_multiplier': 2.0}",1988,46.12676056338028,5056.000000000035,2.543259557344082,1.0861534267116528,63741.99999999991,58685.99999999987,69.5114503816793,-55.364150943396105,2.543259557344082,917,1071,0.32288732394366193
"{'ema_length': 50, 'ema_backcandles': 7, 'hl_backcandles': 7, 'atr_multiplier': 1.0, 'tp_multiplier': 2.0}",2402,45.9616985845129,3450.0,1.4363030807660284,1.0480273964974804,75283.99999999985,71833.99999999985,68.19202898550711,-56.03276131045231,1.4363030807660284,1104,1298,0.32173189009159026
"{'ema_length': 50, 'ema_backcandles': 7, 'hl_backcandles': 7, 'atr_multiplier': 1.2, 'tp_multiplier': 2.0}",2402,45.9616985845129,3450.0,1.4363030807660284,1.0480273964974804,75283.99999999985,71833.99999999985,68.19202898550711,-56.03276131045231,1.4363030807660284,1104,1298,0.32173189009159026
"{'ema_length': 50, 'ema_backcandles': 7, 'hl_backcandles': 7, 'atr_multiplier': 1.5, 'tp_multiplier': 2.0}",2402,45.9616985845129,3450.0,1.4363030807660284,1.0480273964974804,75283.99999999985,71833.99999999985,68.19202898550711,-56.03276131045231,1.4363030807660284,1104,1298,0.32173189009159026
