date,open,high,low,close,volume,average,barCount
2025-08-29 09:30:00-04:00,574.67,575.03,574.14,574.35,1277840.0,574.539,8387
2025-08-29 09:35:00-04:00,574.33,574.45,573.26,573.3,969171.0,573.907,6409
2025-08-29 09:40:00-04:00,573.3,574.04,573.12,573.42,938401.0,573.524,6542
2025-08-29 09:45:00-04:00,573.42,573.43,571.9,572.03,1223981.0,572.433,9105
2025-08-29 09:50:00-04:00,572.02,572.81,571.61,572.17,859078.0,572.259,6776
2025-08-29 09:55:00-04:00,572.19,572.44,571.15,571.44,940560.0,571.625,6582
2025-08-29 10:00:00-04:00,571.46,572.23,570.53,570.55,1091680.0,571.402,7989
2025-08-29 10:05:00-04:00,570.53,570.75,569.55,569.98,1166307.0,570.1,8772
2025-08-29 10:10:00-04:00,569.98,570.31,569.34,569.98,1096745.0,569.821,7906
2025-08-29 10:15:00-04:00,569.99,570.21,569.25,570.11,822822.0,569.776,5942
2025-08-29 10:20:00-04:00,570.12,570.96,570.04,570.66,942115.0,570.635,6949
2025-08-29 10:25:00-04:00,570.65,570.96,569.73,570.95,701279.0,570.261,4767
2025-08-29 10:30:00-04:00,570.95,571.13,570.41,570.78,561984.0,570.858,3964
2025-08-29 10:35:00-04:00,570.78,571.33,570.49,571.22,447201.0,570.976,3201
2025-08-29 10:40:00-04:00,571.19,571.37,570.26,570.29,438509.0,570.873,3145
2025-08-29 10:45:00-04:00,570.29,570.53,569.61,569.76,604407.0,570.084,4807
2025-08-29 10:50:00-04:00,569.76,569.83,569.09,569.44,526505.0,569.407,3906
2025-08-29 10:55:00-04:00,569.46,569.84,568.96,569.42,531375.0,569.389,3691
2025-08-29 11:00:00-04:00,569.41,569.93,569.27,569.77,485792.0,569.647,3103
2025-08-29 11:05:00-04:00,569.78,570.42,569.63,570.35,405435.0,570.008,2702
2025-08-29 11:10:00-04:00,570.33,570.56,570.14,570.2,296963.0,570.366,2081
2025-08-29 11:15:00-04:00,570.2,570.52,570.04,570.27,251745.0,570.275,1736
2025-08-29 11:20:00-04:00,570.24,570.75,570.21,570.69,275062.0,570.449,1802
2025-08-29 11:25:00-04:00,570.68,570.93,570.4,570.54,314055.0,570.707,2032
2025-08-29 11:30:00-04:00,570.53,570.65,569.97,570.0,378922.0,570.225,2654
2025-08-29 11:35:00-04:00,570.01,570.42,569.8,570.13,267778.0,570.112,1996
2025-08-29 11:40:00-04:00,570.13,570.34,569.9,569.94,293720.0,570.092,2036
2025-08-29 11:45:00-04:00,569.94,569.97,569.68,569.75,293428.0,569.812,1842
2025-08-29 11:50:00-04:00,569.72,570.0,569.41,569.66,319981.0,569.686,2088
2025-08-29 11:55:00-04:00,569.65,569.81,569.17,569.32,350300.0,569.496,2367
2025-08-29 12:00:00-04:00,569.33,569.92,569.26,569.81,392594.0,569.647,2268
2025-08-29 12:05:00-04:00,569.8,569.92,569.36,569.85,258050.0,569.681,1660
2025-08-29 12:10:00-04:00,569.84,570.4,569.78,570.27,247746.0,570.163,1492
2025-08-29 12:15:00-04:00,570.25,570.46,570.11,570.28,203966.0,570.31,1167
2025-08-29 12:20:00-04:00,570.28,570.44,570.19,570.27,162448.0,570.294,988
2025-08-29 12:25:00-04:00,570.28,570.37,569.72,569.86,203596.0,569.988,1276
2025-08-29 12:30:00-04:00,569.85,570.41,569.84,570.33,177278.0,570.225,1155
2025-08-29 12:35:00-04:00,570.34,570.55,570.25,570.51,162161.0,570.389,1011
2025-08-29 12:40:00-04:00,570.52,570.58,570.36,570.57,166103.0,570.498,992
2025-08-29 12:45:00-04:00,570.55,570.74,570.37,570.42,292682.0,570.636,1874
2025-08-29 12:50:00-04:00,570.42,570.62,570.28,570.57,273739.0,570.449,1608
2025-08-29 12:55:00-04:00,570.56,570.69,570.4,570.43,258553.0,570.555,1688
2025-08-29 13:00:00-04:00,570.4,570.4,569.32,569.33,408850.0,569.924,2651
2025-08-29 13:05:00-04:00,569.36,569.7,569.09,569.59,286889.0,569.469,1992
2025-08-29 13:10:00-04:00,569.59,569.59,568.95,569.01,267448.0,569.172,1935
2025-08-29 13:15:00-04:00,569.02,569.14,568.54,568.88,373578.0,568.817,2538
2025-08-29 13:20:00-04:00,568.89,569.39,568.89,569.26,282438.0,569.196,1877
2025-08-29 13:25:00-04:00,569.26,569.49,569.13,569.22,183659.0,569.304,1121
2025-08-29 13:30:00-04:00,569.23,569.6,569.01,569.1,274102.0,569.272,1740
2025-08-29 13:35:00-04:00,569.1,569.46,568.93,569.41,248197.0,569.205,1686
2025-08-29 13:40:00-04:00,569.42,569.67,569.3,569.55,221832.0,569.471,1535
2025-08-29 13:45:00-04:00,569.56,569.96,569.53,569.87,203009.0,569.756,1491
2025-08-29 13:50:00-04:00,569.87,570.38,569.78,570.11,375716.0,570.131,2284
2025-08-29 13:55:00-04:00,570.11,570.2,569.64,569.97,241204.0,569.943,1750
2025-08-29 14:00:00-04:00,569.97,569.98,569.6,569.64,237665.0,569.735,1558
2025-08-29 14:05:00-04:00,569.65,570.12,569.57,570.09,216295.0,569.842,1269
2025-08-29 14:10:00-04:00,570.07,570.16,569.77,570.01,157879.0,569.976,1041
2025-08-29 14:15:00-04:00,570.0,570.11,569.89,569.97,132916.0,569.997,831
2025-08-29 14:20:00-04:00,569.96,569.96,569.44,569.8,269939.0,569.693,1975
2025-08-29 14:25:00-04:00,569.8,569.91,569.46,569.54,182342.0,569.661,1130
2025-08-29 14:30:00-04:00,569.55,570.07,569.55,570.0,217242.0,569.864,1294
2025-08-29 14:35:00-04:00,569.99,570.08,569.72,569.73,199331.0,569.941,1171
2025-08-29 14:40:00-04:00,569.73,569.85,569.58,569.61,141581.0,569.696,898
2025-08-29 14:45:00-04:00,569.61,569.77,569.56,569.61,152534.0,569.655,991
2025-08-29 14:50:00-04:00,569.61,569.82,569.48,569.76,209652.0,569.651,1324
2025-08-29 14:55:00-04:00,569.76,570.0,569.65,569.99,192386.0,569.79,1105
2025-08-29 15:00:00-04:00,569.98,570.08,569.83,569.99,252972.0,569.98,1744
2025-08-29 15:05:00-04:00,569.99,570.29,569.94,570.24,232034.0,570.144,1537
2025-08-29 15:10:00-04:00,570.25,570.37,570.05,570.18,312915.0,570.207,2017
2025-08-29 15:15:00-04:00,570.18,570.43,570.15,570.41,261228.0,570.331,1806
2025-08-29 15:20:00-04:00,570.41,570.63,570.2,570.31,342330.0,570.413,2352
2025-08-29 15:25:00-04:00,570.31,570.31,569.92,570.1,317882.0,570.117,2116
2025-08-29 15:30:00-04:00,570.1,570.33,570.03,570.04,374788.0,570.165,2528
2025-08-29 15:35:00-04:00,570.04,570.08,569.66,569.98,437491.0,569.873,2796
2025-08-29 15:40:00-04:00,569.98,570.56,569.93,570.44,572762.0,570.29,3752
2025-08-29 15:45:00-04:00,570.44,570.85,570.22,570.35,937388.0,570.491,5268
2025-08-29 15:50:00-04:00,570.35,570.51,569.2,569.25,1107887.0,569.72,7846
2025-08-29 15:55:00-04:00,569.24,570.33,569.18,570.29,2552213.0,569.783,15775
2025-09-02 09:30:00-04:00,561.31,561.36,559.53,560.91,3266640.0,560.51,19592
2025-09-02 09:35:00-04:00,560.89,562.85,560.84,562.14,1867996.0,562.14,12453
2025-09-02 09:40:00-04:00,562.12,563.19,561.98,562.57,1269407.0,562.584,7852
2025-09-02 09:45:00-04:00,562.52,563.76,562.27,563.71,1368736.0,563.103,7926
2025-09-02 09:50:00-04:00,563.72,564.99,563.54,564.99,1371514.0,564.452,8623
2025-09-02 09:55:00-04:00,564.99,565.23,564.27,564.59,992659.0,564.766,5873
2025-09-02 10:00:00-04:00,564.61,565.7,564.21,564.41,1256534.0,564.854,7367
2025-09-02 10:05:00-04:00,564.48,564.58,563.85,564.01,949996.0,564.173,6533
2025-09-02 10:10:00-04:00,564.04,564.71,563.66,563.95,1009561.0,564.124,6981
2025-09-02 10:15:00-04:00,563.94,564.68,563.44,564.3,736362.0,564.06,4927
2025-09-02 10:20:00-04:00,564.32,565.1,563.8,563.89,855915.0,564.596,5733
2025-09-02 10:25:00-04:00,563.88,565.26,563.62,565.24,901099.0,564.3,6007
2025-09-02 10:30:00-04:00,565.22,565.22,564.39,564.98,601586.0,564.831,3833
2025-09-02 10:35:00-04:00,564.97,565.22,564.19,564.35,520116.0,564.809,3290
2025-09-02 10:40:00-04:00,564.36,564.37,563.23,563.32,691573.0,563.73,4612
2025-09-02 10:45:00-04:00,563.34,563.45,562.38,562.42,772121.0,562.918,5151
2025-09-02 10:50:00-04:00,562.42,562.86,562.19,562.59,564726.0,562.522,4004
2025-09-02 10:55:00-04:00,562.57,562.96,562.23,562.85,584799.0,562.653,3992
2025-09-02 11:00:00-04:00,562.86,563.25,562.37,562.39,460844.0,562.896,3245
2025-09-02 11:05:00-04:00,562.39,562.46,561.93,562.29,528272.0,562.214,3579
2025-09-02 11:10:00-04:00,562.31,562.58,561.89,562.06,394608.0,562.177,2622
2025-09-02 11:15:00-04:00,562.06,562.17,561.26,561.49,578237.0,561.714,3647
2025-09-02 11:20:00-04:00,561.5,561.73,561.24,561.63,408690.0,561.491,2576
2025-09-02 11:25:00-04:00,561.62,561.98,561.52,561.58,516900.0,561.703,3501
2025-09-02 11:30:00-04:00,561.57,561.57,561.04,561.06,422537.0,561.282,2644
2025-09-02 11:35:00-04:00,561.07,561.09,560.26,560.29,744371.0,560.606,4350
2025-09-02 11:40:00-04:00,560.29,560.55,560.15,560.24,460900.0,560.343,2898
2025-09-02 11:45:00-04:00,560.25,560.51,560.1,560.2,383533.0,560.286,2238
2025-09-02 11:50:00-04:00,560.19,560.21,559.57,559.83,584506.0,559.8,3512
2025-09-02 11:55:00-04:00,559.82,560.31,559.63,560.09,525113.0,559.961,3306
2025-09-02 12:00:00-04:00,560.09,560.49,559.93,559.99,541732.0,560.285,3029
2025-09-02 12:05:00-04:00,559.99,560.4,559.84,559.85,411944.0,560.132,2211
2025-09-02 12:10:00-04:00,559.85,560.58,559.84,560.4,430803.0,560.294,2578
2025-09-02 12:15:00-04:00,560.4,560.9,560.39,560.89,384054.0,560.668,2528
2025-09-02 12:20:00-04:00,560.89,560.97,560.65,560.69,326223.0,560.804,2145
2025-09-02 12:25:00-04:00,560.71,560.81,560.4,560.55,261369.0,560.617,1718
2025-09-02 12:30:00-04:00,560.55,560.8,560.54,560.61,244077.0,560.661,1764
2025-09-02 12:35:00-04:00,560.61,561.1,560.56,560.68,334149.0,560.83,2159
2025-09-02 12:40:00-04:00,560.7,561.45,560.7,561.12,318771.0,561.12,2259
2025-09-02 12:45:00-04:00,561.09,561.39,560.68,560.99,389555.0,561.043,2535
2025-09-02 12:50:00-04:00,560.98,561.59,560.91,561.52,337873.0,561.345,2019
2025-09-02 12:55:00-04:00,561.51,562.1,561.5,561.99,423015.0,561.876,2784
2025-09-02 13:00:00-04:00,562.0,562.33,561.92,562.2,488660.0,562.14,2767
2025-09-02 13:05:00-04:00,562.2,562.4,562.03,562.07,338027.0,562.226,2157
2025-09-02 13:10:00-04:00,562.07,562.13,561.45,561.73,430497.0,561.761,2563
2025-09-02 13:15:00-04:00,561.72,562.02,561.64,561.97,234611.0,561.828,1555
2025-09-02 13:20:00-04:00,561.97,562.52,561.96,562.43,261885.0,562.193,1736
2025-09-02 13:25:00-04:00,562.43,563.0,562.42,562.81,497595.0,562.73,2921
2025-09-02 13:30:00-04:00,562.81,563.62,562.81,563.55,539752.0,563.209,3148
2025-09-02 13:35:00-04:00,563.56,564.05,563.45,564.0,453952.0,563.701,2797
2025-09-02 13:40:00-04:00,563.98,564.31,563.82,564.21,521673.0,564.092,3264
2025-09-02 13:45:00-04:00,564.22,564.32,563.98,564.21,366714.0,564.123,2385
2025-09-02 13:50:00-04:00,564.2,564.36,563.64,563.65,381175.0,564.024,2511
2025-09-02 13:55:00-04:00,563.65,563.85,563.45,563.48,372904.0,563.651,2483
2025-09-02 14:00:00-04:00,563.47,563.93,563.43,563.7,488115.0,563.722,2516
2025-09-02 14:05:00-04:00,563.7,563.75,563.19,563.24,500572.0,563.41,2698
2025-09-02 14:10:00-04:00,563.25,563.51,563.17,563.28,381357.0,563.35,2248
2025-09-02 14:15:00-04:00,563.28,563.39,562.96,562.96,310100.0,563.192,2054
2025-09-02 14:20:00-04:00,562.95,563.47,562.89,563.24,316558.0,563.182,1703
2025-09-02 14:25:00-04:00,563.24,563.34,562.85,562.89,236052.0,563.077,1581
2025-09-02 14:30:00-04:00,562.9,563.36,562.86,563.1,327694.0,563.121,2062
2025-09-02 14:35:00-04:00,563.09,563.13,562.83,563.06,247617.0,562.977,1662
2025-09-02 14:40:00-04:00,563.06,563.08,562.74,562.99,231101.0,562.884,1542
2025-09-02 14:45:00-04:00,562.99,563.76,562.88,563.46,404957.0,563.339,2587
2025-09-02 14:50:00-04:00,563.46,564.53,563.45,564.08,683750.0,564.088,4101
2025-09-02 14:55:00-04:00,564.09,564.12,563.41,563.5,382782.0,563.686,2526
2025-09-02 15:00:00-04:00,563.51,564.09,563.47,564.02,457756.0,563.836,3087
2025-09-02 15:05:00-04:00,564.0,564.16,563.79,564.02,186627.0,563.979,1385
2025-09-02 15:10:00-04:00,564.04,564.35,563.83,564.3,294352.0,564.123,2056
2025-09-02 15:15:00-04:00,564.29,564.65,564.15,564.52,378304.0,564.413,2321
2025-09-02 15:20:00-04:00,564.5,564.73,564.31,564.39,357755.0,564.514,2375
2025-09-02 15:25:00-04:00,564.38,564.68,564.26,564.59,327979.0,564.534,2149
2025-09-02 15:30:00-04:00,564.58,564.9,564.5,564.62,482121.0,564.715,3183
2025-09-02 15:35:00-04:00,564.62,565.02,564.53,564.99,500222.0,564.862,3233
2025-09-02 15:40:00-04:00,564.99,565.26,564.83,564.94,705781.0,565.072,4630
2025-09-02 15:45:00-04:00,564.93,565.09,564.64,565.05,603596.0,564.851,4076
2025-09-02 15:50:00-04:00,565.05,565.86,564.84,565.73,1209310.0,565.428,7736
2025-09-02 15:55:00-04:00,565.72,565.97,565.27,565.63,1640603.0,565.668,10169
2025-09-03 09:30:00-04:00,569.29,569.6,568.21,568.65,1518653.0,568.945,10037
2025-09-03 09:35:00-04:00,568.69,569.17,568.03,568.55,882973.0,568.518,6921
2025-09-03 09:40:00-04:00,568.53,568.88,568.1,568.64,756711.0,568.534,6119
2025-09-03 09:45:00-04:00,568.64,568.96,567.98,568.81,770104.0,568.475,5831
2025-09-03 09:50:00-04:00,568.82,569.44,568.65,568.87,686009.0,569.027,5381
2025-09-03 09:55:00-04:00,568.87,569.01,568.1,568.28,617124.0,568.391,4312
2025-09-03 10:00:00-04:00,568.27,569.89,568.06,569.58,864972.0,569.21,6539
2025-09-03 10:05:00-04:00,569.58,570.13,569.32,569.51,587141.0,569.697,4000
2025-09-03 10:10:00-04:00,569.51,569.93,568.3,568.51,817462.0,568.979,6089
2025-09-03 10:15:00-04:00,568.52,569.8,568.51,569.74,492675.0,569.099,3720
2025-09-03 10:20:00-04:00,569.71,570.04,569.49,569.92,502603.0,569.846,3418
2025-09-03 10:25:00-04:00,569.92,570.41,569.45,569.51,813056.0,570.037,5495
2025-09-03 10:30:00-04:00,569.51,570.55,569.49,570.52,451468.0,570.172,3367
2025-09-03 10:35:00-04:00,570.5,570.75,570.39,570.66,441834.0,570.573,3336
2025-09-03 10:40:00-04:00,570.62,571.47,570.62,571.29,691729.0,571.081,5032
2025-09-03 10:45:00-04:00,571.27,571.65,571.03,571.5,528578.0,571.384,3958
2025-09-03 10:50:00-04:00,571.5,571.7,571.06,571.35,469946.0,571.471,3617
2025-09-03 10:55:00-04:00,571.35,571.45,571.13,571.32,296778.0,571.327,2201
2025-09-03 11:00:00-04:00,571.31,571.49,571.06,571.31,636899.0,571.255,2941
2025-09-03 11:05:00-04:00,571.3,571.47,570.88,571.25,379238.0,571.205,2705
2025-09-03 11:10:00-04:00,571.29,571.4,570.86,570.9,313013.0,571.136,2180
2025-09-03 11:15:00-04:00,570.9,571.01,570.51,570.73,318954.0,570.714,2307
2025-09-03 11:20:00-04:00,570.72,570.82,570.05,570.38,368844.0,570.353,2563
2025-09-03 11:25:00-04:00,570.36,570.4,569.19,569.28,614449.0,569.656,4152
2025-09-03 11:30:00-04:00,569.26,569.45,568.86,569.09,775631.0,569.102,5427
2025-09-03 11:35:00-04:00,569.08,569.66,569.08,569.64,742197.0,569.474,3243
2025-09-03 11:40:00-04:00,569.64,569.84,569.36,569.44,309583.0,569.617,2279
2025-09-03 11:45:00-04:00,569.43,569.52,568.93,569.32,373170.0,569.208,2574
2025-09-03 11:50:00-04:00,569.31,569.63,569.04,569.42,355509.0,569.349,2660
2025-09-03 11:55:00-04:00,569.39,569.39,568.78,569.09,325610.0,569.09,2438
2025-09-03 12:00:00-04:00,569.07,569.24,568.75,568.99,596739.0,569.003,3544
2025-09-03 12:05:00-04:00,569.01,569.58,568.89,569.5,329356.0,569.217,2115
2025-09-03 12:10:00-04:00,569.51,569.61,569.19,569.32,277834.0,569.358,1986
2025-09-03 12:15:00-04:00,569.31,569.73,569.19,569.71,240220.0,569.428,1595
2025-09-03 12:20:00-04:00,569.7,570.25,569.54,569.55,421381.0,569.953,2781
2025-09-03 12:25:00-04:00,569.56,569.84,569.22,569.5,270787.0,569.484,1953
2025-09-03 12:30:00-04:00,569.52,569.61,569.3,569.49,168231.0,569.482,1410
2025-09-03 12:35:00-04:00,569.49,569.63,569.22,569.24,168028.0,569.424,1293
2025-09-03 12:40:00-04:00,569.23,569.24,568.62,568.99,418384.0,568.927,3140
2025-09-03 12:45:00-04:00,568.99,569.2,568.67,568.8,259156.0,568.937,1905
2025-09-03 12:50:00-04:00,568.81,568.96,568.49,568.67,319880.0,568.674,2181
2025-09-03 12:55:00-04:00,568.69,569.16,568.69,568.96,318024.0,568.966,1988
2025-09-03 13:00:00-04:00,568.97,569.54,568.94,569.35,278553.0,569.289,1890
2025-09-03 13:05:00-04:00,569.35,569.58,569.28,569.39,183354.0,569.42,1320
2025-09-03 13:10:00-04:00,569.4,570.11,569.4,569.8,316909.0,569.845,2099
2025-09-03 13:15:00-04:00,569.81,570.18,569.81,569.91,242497.0,569.98,1606
2025-09-03 13:20:00-04:00,569.9,570.04,569.54,569.55,222544.0,569.792,1554
2025-09-03 13:25:00-04:00,569.55,569.56,569.05,569.34,288472.0,569.263,2166
2025-09-03 13:30:00-04:00,569.33,569.54,568.91,568.95,283078.0,569.28,1831
2025-09-03 13:35:00-04:00,568.94,569.1,568.8,568.83,213401.0,568.951,1540
2025-09-03 13:40:00-04:00,568.8,568.95,568.11,568.17,396569.0,568.474,2730
2025-09-03 13:45:00-04:00,568.19,568.48,567.43,568.4,769945.0,567.962,5048
2025-09-03 13:50:00-04:00,568.4,568.73,568.13,568.23,365361.0,568.437,2484
2025-09-03 13:55:00-04:00,568.23,568.35,567.61,567.85,456216.0,567.92,3043
2025-09-03 14:00:00-04:00,567.86,567.87,567.23,567.43,590709.0,567.512,3959
2025-09-03 14:05:00-04:00,567.41,567.62,567.08,567.49,415587.0,567.403,2605
2025-09-03 14:10:00-04:00,567.49,567.85,567.32,567.7,304350.0,567.527,2137
2025-09-03 14:15:00-04:00,567.69,567.7,567.21,567.33,285569.0,567.434,2133
2025-09-03 14:20:00-04:00,567.33,567.52,567.03,567.2,344932.0,567.295,2477
2025-09-03 14:25:00-04:00,567.21,567.65,567.1,567.48,305358.0,567.423,2086
2025-09-03 14:30:00-04:00,567.46,567.46,566.89,567.23,384577.0,567.12,2543
2025-09-03 14:35:00-04:00,567.21,567.27,566.72,566.79,309185.0,566.949,2278
2025-09-03 14:40:00-04:00,566.79,567.54,566.77,567.5,402555.0,567.127,2440
2025-09-03 14:45:00-04:00,567.48,567.67,567.2,567.22,341947.0,567.456,2326
2025-09-03 14:50:00-04:00,567.22,567.42,567.0,567.33,365026.0,567.211,2379
2025-09-03 14:55:00-04:00,567.32,567.49,567.15,567.3,179318.0,567.294,1291
2025-09-03 15:00:00-04:00,567.3,567.44,567.03,567.26,321249.0,567.255,1903
2025-09-03 15:05:00-04:00,567.27,567.73,567.27,567.38,299199.0,567.526,2125
2025-09-03 15:10:00-04:00,567.38,567.4,567.09,567.15,258569.0,567.228,1604
2025-09-03 15:15:00-04:00,567.16,567.5,567.06,567.45,198902.0,567.264,1449
2025-09-03 15:20:00-04:00,567.44,567.59,567.27,567.54,219893.0,567.478,1502
2025-09-03 15:25:00-04:00,567.54,567.76,567.48,567.59,271408.0,567.624,1774
2025-09-03 15:30:00-04:00,567.59,568.12,567.56,568.09,402145.0,567.847,2589
2025-09-03 15:35:00-04:00,568.08,568.34,568.0,568.24,441478.0,568.188,2888
2025-09-03 15:40:00-04:00,568.24,568.69,568.2,568.63,500229.0,568.438,3052
2025-09-03 15:45:00-04:00,568.62,568.97,568.48,568.87,777694.0,568.756,5284
2025-09-03 15:50:00-04:00,568.88,569.54,568.85,569.39,1114066.0,569.307,7522
2025-09-03 15:55:00-04:00,569.38,570.07,569.14,569.99,2635354.0,569.692,15175
2025-09-04 09:30:00-04:00,570.74,572.05,570.18,572.04,1466000.0,570.942,8705
2025-09-04 09:35:00-04:00,572.04,572.35,570.77,571.0,960252.0,571.654,6557
2025-09-04 09:40:00-04:00,570.98,571.29,570.29,570.92,748116.0,570.73,5055
2025-09-04 09:45:00-04:00,570.92,571.51,570.24,570.83,838232.0,570.963,5359
2025-09-04 09:50:00-04:00,570.83,571.27,570.39,570.6,545556.0,570.84,3872
2025-09-04 09:55:00-04:00,570.6,571.0,570.23,570.61,442790.0,570.685,2873
2025-09-04 10:00:00-04:00,570.83,570.86,569.42,569.51,672808.0,570.1,4196
2025-09-04 10:05:00-04:00,569.56,570.09,569.32,569.78,652576.0,569.73,4746
2025-09-04 10:10:00-04:00,569.77,570.48,569.61,569.69,642835.0,570.005,4344
2025-09-04 10:15:00-04:00,569.68,569.95,569.02,569.83,669564.0,569.426,4567
2025-09-04 10:20:00-04:00,569.85,570.72,569.79,570.67,604158.0,570.189,4207
2025-09-04 10:25:00-04:00,570.66,571.06,570.32,570.77,519032.0,570.752,3452
2025-09-04 10:30:00-04:00,570.74,571.39,570.72,571.16,500441.0,571.13,3565
2025-09-04 10:35:00-04:00,571.16,571.92,571.14,571.66,649569.0,571.616,4007
2025-09-04 10:40:00-04:00,571.68,571.78,571.08,571.2,397479.0,571.427,2665
2025-09-04 10:45:00-04:00,571.2,571.7,571.04,571.68,320548.0,571.38,2226
2025-09-04 10:50:00-04:00,571.67,571.82,571.26,571.63,425346.0,571.541,2901
2025-09-04 10:55:00-04:00,571.61,571.74,571.2,571.74,288225.0,571.473,1887
2025-09-04 11:00:00-04:00,571.73,572.0,571.71,571.81,349115.0,571.88,2273
2025-09-04 11:05:00-04:00,571.82,572.16,571.7,571.93,397888.0,571.947,2617
2025-09-04 11:10:00-04:00,571.92,572.0,571.01,571.32,576819.0,571.401,3601
2025-09-04 11:15:00-04:00,571.34,572.11,571.32,572.09,394071.0,571.823,2535
2025-09-04 11:20:00-04:00,572.08,572.34,571.95,572.09,464231.0,572.15,2691
2025-09-04 11:25:00-04:00,572.09,572.53,572.04,572.3,480049.0,572.35,2670
2025-09-04 11:30:00-04:00,572.32,572.38,571.86,572.05,347053.0,572.113,2262
2025-09-04 11:35:00-04:00,572.04,572.07,571.62,571.88,273304.0,571.879,1822
2025-09-04 11:40:00-04:00,571.88,572.22,571.67,571.95,269779.0,572.009,1639
2025-09-04 11:45:00-04:00,571.96,572.23,571.78,572.2,201858.0,572.001,1394
2025-09-04 11:50:00-04:00,572.2,572.45,571.96,572.44,266309.0,572.271,1716
2025-09-04 11:55:00-04:00,572.43,572.52,572.12,572.13,267457.0,572.324,1754
2025-09-04 12:00:00-04:00,572.12,572.17,571.85,572.12,204228.0,572.033,1258
2025-09-04 12:05:00-04:00,572.11,572.47,571.99,572.45,242710.0,572.23,1539
2025-09-04 12:10:00-04:00,572.45,572.49,572.28,572.36,207722.0,572.383,1322
2025-09-04 12:15:00-04:00,572.37,572.4,572.1,572.25,202105.0,572.234,1354
2025-09-04 12:20:00-04:00,572.25,572.38,571.93,571.94,223667.0,572.098,1427
2025-09-04 12:25:00-04:00,571.94,572.02,571.52,571.69,202822.0,571.764,1372
2025-09-04 12:30:00-04:00,571.68,572.01,571.59,571.93,201396.0,571.855,1284
2025-09-04 12:35:00-04:00,571.93,572.23,571.9,572.09,178525.0,572.101,1136
2025-09-04 12:40:00-04:00,572.09,572.1,571.87,572.0,299535.0,571.974,1809
2025-09-04 12:45:00-04:00,572.01,572.71,572.0,572.62,320676.0,572.406,2010
2025-09-04 12:50:00-04:00,572.62,572.78,572.49,572.69,249094.0,572.631,1398
2025-09-04 12:55:00-04:00,572.66,572.76,572.1,572.13,226951.0,572.438,1334
2025-09-04 13:00:00-04:00,572.14,572.84,572.09,572.83,333594.0,572.538,2025
2025-09-04 13:05:00-04:00,572.84,573.06,572.8,572.86,388138.0,572.915,2308
2025-09-04 13:10:00-04:00,572.87,572.91,572.42,572.46,215492.0,572.639,1341
2025-09-04 13:15:00-04:00,572.45,572.82,572.45,572.8,228913.0,572.655,1464
2025-09-04 13:20:00-04:00,572.79,573.09,572.77,572.99,217142.0,572.938,1311
2025-09-04 13:25:00-04:00,573.0,573.13,572.9,573.03,217698.0,573.015,1338
2025-09-04 13:30:00-04:00,573.02,573.1,572.83,572.86,261215.0,572.957,1762
2025-09-04 13:35:00-04:00,572.87,573.1,572.81,572.86,191018.0,572.95,1316
2025-09-04 13:40:00-04:00,572.85,573.14,572.81,572.99,175873.0,573.025,1157
2025-09-04 13:45:00-04:00,573.0,573.21,572.9,573.15,200998.0,573.082,1355
2025-09-04 13:50:00-04:00,573.17,573.72,573.14,573.59,435935.0,573.479,2840
2025-09-04 13:55:00-04:00,573.59,573.59,573.14,573.23,252870.0,573.329,1788
2025-09-04 14:00:00-04:00,573.22,573.56,573.21,573.49,259912.0,573.437,1683
2025-09-04 14:05:00-04:00,573.48,573.51,573.32,573.43,208613.0,573.419,1474
2025-09-04 14:10:00-04:00,573.44,573.58,573.42,573.55,295172.0,573.508,1399
2025-09-04 14:15:00-04:00,573.56,573.78,573.53,573.64,265438.0,573.669,1685
2025-09-04 14:20:00-04:00,573.63,573.71,573.53,573.7,190899.0,573.624,1271
2025-09-04 14:25:00-04:00,573.7,573.72,573.52,573.56,259979.0,573.62,1501
2025-09-04 14:30:00-04:00,573.57,573.96,573.48,573.95,346125.0,573.763,2167
2025-09-04 14:35:00-04:00,573.96,574.07,573.88,573.95,330815.0,573.96,1848
2025-09-04 14:40:00-04:00,573.94,574.09,573.77,573.77,354049.0,573.968,2239
2025-09-04 14:45:00-04:00,573.78,574.09,573.75,574.08,298448.0,573.879,1846
2025-09-04 14:50:00-04:00,574.09,574.21,574.02,574.04,337253.0,574.113,2073
2025-09-04 14:55:00-04:00,574.05,574.22,574.01,574.11,301412.0,574.131,2044
2025-09-04 15:00:00-04:00,574.11,574.24,574.02,574.14,292068.0,574.14,1733
2025-09-04 15:05:00-04:00,574.15,574.22,574.02,574.08,228735.0,574.11,1477
2025-09-04 15:10:00-04:00,574.08,574.54,574.03,574.5,377233.0,574.32,2264
2025-09-04 15:15:00-04:00,574.5,574.56,574.38,574.49,300888.0,574.454,1828
2025-09-04 15:20:00-04:00,574.47,574.67,574.47,574.51,359550.0,574.57,2115
2025-09-04 15:25:00-04:00,574.52,574.56,574.3,574.33,266553.0,574.418,1773
2025-09-04 15:30:00-04:00,574.31,574.41,574.23,574.27,379609.0,574.312,2195
2025-09-04 15:35:00-04:00,574.27,574.5,574.17,574.49,322711.0,574.263,2199
2025-09-04 15:40:00-04:00,574.49,574.64,574.4,574.6,450214.0,574.544,2697
2025-09-04 15:45:00-04:00,574.58,574.58,574.28,574.3,445657.0,574.409,2787
2025-09-04 15:50:00-04:00,574.3,575.07,574.25,575.01,984365.0,574.709,6247
2025-09-04 15:55:00-04:00,574.99,575.6,574.95,575.26,2498638.0,575.338,13536
2025-09-05 09:30:00-04:00,580.48,581.12,579.78,579.83,2906388.0,580.344,19766
2025-09-05 09:35:00-04:00,579.84,580.03,579.21,579.56,1450744.0,579.612,10790
2025-09-05 09:40:00-04:00,579.56,580.65,579.5,580.46,1307613.0,580.141,9038
2025-09-05 09:45:00-04:00,580.47,580.76,579.54,580.57,1214517.0,580.058,8776
2025-09-05 09:50:00-04:00,580.58,580.9,579.44,580.19,1300319.0,580.207,9502
2025-09-05 09:55:00-04:00,580.18,580.2,579.29,579.95,711541.0,579.652,4806
2025-09-05 10:00:00-04:00,579.92,579.94,578.78,579.53,1036692.0,579.211,6289
2025-09-05 10:05:00-04:00,579.53,579.57,578.31,578.56,1043478.0,578.702,7019
2025-09-05 10:10:00-04:00,578.55,578.7,577.55,577.57,951735.0,578.153,6311
2025-09-05 10:15:00-04:00,577.59,577.75,576.02,576.13,1217524.0,576.895,8128
2025-09-05 10:20:00-04:00,576.08,577.03,575.13,575.33,1356746.0,576.055,8629
2025-09-05 10:25:00-04:00,575.35,575.9,574.52,575.13,1482594.0,575.281,9531
2025-09-05 10:30:00-04:00,575.1,575.41,574.57,574.95,950958.0,574.979,5865
2025-09-05 10:35:00-04:00,574.97,575.23,574.0,574.24,919125.0,574.631,4823
2025-09-05 10:40:00-04:00,574.25,574.78,573.58,574.02,877200.0,574.053,4823
2025-09-05 10:45:00-04:00,574.03,574.03,573.01,573.55,975107.0,573.358,5089
2025-09-05 10:50:00-04:00,573.54,574.68,572.94,574.67,1189785.0,573.853,7400
2025-09-05 10:55:00-04:00,574.62,574.75,572.5,572.55,1128282.0,573.665,6507
2025-09-05 11:00:00-04:00,572.56,572.87,571.78,572.25,1000769.0,572.318,5490
2025-09-05 11:05:00-04:00,572.27,572.89,572.02,572.32,755199.0,572.435,4666
2025-09-05 11:10:00-04:00,572.3,573.22,571.53,573.19,843144.0,572.344,4727
2025-09-05 11:15:00-04:00,573.17,573.7,572.9,573.29,750385.0,573.386,4478
2025-09-05 11:20:00-04:00,573.29,574.23,573.16,574.14,732294.0,573.799,4633
2025-09-05 11:25:00-04:00,574.12,574.73,573.73,574.63,593076.0,574.207,3811
2025-09-05 11:30:00-04:00,574.62,574.79,573.99,574.33,656345.0,574.395,4358
2025-09-05 11:35:00-04:00,574.34,575.26,574.34,574.9,576242.0,574.949,3631
2025-09-05 11:40:00-04:00,574.9,575.5,574.81,575.35,385086.0,575.271,2214
2025-09-05 11:45:00-04:00,575.33,575.33,574.36,575.04,521503.0,574.776,3203
2025-09-05 11:50:00-04:00,575.07,575.12,574.21,574.53,505672.0,574.567,3421
2025-09-05 11:55:00-04:00,574.51,574.88,573.92,574.27,474567.0,574.415,3231
2025-09-05 12:00:00-04:00,574.26,574.59,573.71,574.09,495200.0,574.183,3338
2025-09-05 12:05:00-04:00,574.1,574.55,573.73,574.5,436967.0,574.117,2797
2025-09-05 12:10:00-04:00,574.51,575.22,574.44,575.1,407226.0,574.844,2561
2025-09-05 12:15:00-04:00,575.1,575.24,574.48,574.82,449451.0,574.888,2851
2025-09-05 12:20:00-04:00,574.82,575.05,574.11,574.98,478027.0,574.546,3031
2025-09-05 12:25:00-04:00,574.98,575.0,574.24,574.32,275317.0,574.576,1746
2025-09-05 12:30:00-04:00,574.38,574.61,573.94,574.01,321712.0,574.27,1960
2025-09-05 12:35:00-04:00,573.99,574.37,573.75,574.16,320715.0,574.034,1984
2025-09-05 12:40:00-04:00,574.14,574.99,574.08,574.81,353673.0,574.669,2063
2025-09-05 12:45:00-04:00,574.79,575.07,574.14,574.14,388765.0,574.627,2680
2025-09-05 12:50:00-04:00,574.14,574.5,573.99,574.26,293601.0,574.27,1787
2025-09-05 12:55:00-04:00,574.24,575.15,574.11,575.15,306343.0,574.648,1908
2025-09-05 13:00:00-04:00,575.14,575.14,574.15,574.15,515584.0,574.674,2924
2025-09-05 13:05:00-04:00,574.16,574.83,573.91,574.83,362906.0,574.238,2047
2025-09-05 13:10:00-04:00,574.81,575.1,574.6,574.95,304161.0,574.875,1578
2025-09-05 13:15:00-04:00,574.96,575.21,574.67,574.95,312370.0,574.988,1778
2025-09-05 13:20:00-04:00,574.95,575.32,574.85,575.17,343742.0,575.099,1951
2025-09-05 13:25:00-04:00,575.18,575.26,574.56,574.65,281495.0,574.852,1645
2025-09-05 13:30:00-04:00,574.67,574.84,574.41,574.77,372124.0,574.664,2123
2025-09-05 13:35:00-04:00,574.77,574.89,574.23,574.46,332857.0,574.52,1927
2025-09-05 13:40:00-04:00,574.47,574.55,573.49,574.11,473729.0,573.988,2703
2025-09-05 13:45:00-04:00,574.12,574.3,573.81,573.93,308796.0,574.015,1962
2025-09-05 13:50:00-04:00,573.9,574.3,573.78,573.94,285018.0,574.021,1666
2025-09-05 13:55:00-04:00,573.96,574.31,573.74,574.18,235054.0,573.948,1441
2025-09-05 14:00:00-04:00,574.18,574.44,573.92,574.09,355163.0,574.186,1927
2025-09-05 14:05:00-04:00,574.09,574.55,574.09,574.29,202710.0,574.355,1241
2025-09-05 14:10:00-04:00,574.26,574.65,574.2,574.65,203407.0,574.431,1157
2025-09-05 14:15:00-04:00,574.65,575.15,574.6,575.1,244445.0,574.87,1353
2025-09-05 14:20:00-04:00,575.09,575.18,574.68,574.73,227941.0,575.003,1200
2025-09-05 14:25:00-04:00,574.72,574.98,574.52,574.87,177796.0,574.762,1051
2025-09-05 14:30:00-04:00,574.87,575.35,574.85,574.94,250939.0,575.117,1424
2025-09-05 14:35:00-04:00,574.97,575.18,574.77,574.89,204827.0,574.991,1211
2025-09-05 14:40:00-04:00,574.91,575.06,574.75,575.01,136435.0,574.897,790
2025-09-05 14:45:00-04:00,575.02,575.19,574.84,575.01,206627.0,575.049,1046
2025-09-05 14:50:00-04:00,575.02,575.26,574.7,574.78,241019.0,574.912,1249
2025-09-05 14:55:00-04:00,574.79,575.22,574.59,575.22,227529.0,574.89,1305
2025-09-05 15:00:00-04:00,575.21,575.22,574.84,575.2,414351.0,575.058,2287
2025-09-05 15:05:00-04:00,575.19,575.77,575.19,575.52,532038.0,575.489,2930
2025-09-05 15:10:00-04:00,575.52,575.6,575.4,575.55,172046.0,575.507,905
2025-09-05 15:15:00-04:00,575.55,575.96,575.43,575.59,465363.0,575.725,2535
2025-09-05 15:20:00-04:00,575.59,576.06,575.45,575.97,383255.0,575.758,2103
2025-09-05 15:25:00-04:00,575.97,576.07,575.8,575.85,227015.0,575.954,1361
2025-09-05 15:30:00-04:00,575.85,575.93,575.17,575.42,476838.0,575.476,2449
2025-09-05 15:35:00-04:00,575.4,575.89,575.36,575.44,380172.0,575.603,2037
2025-09-05 15:40:00-04:00,575.46,575.72,575.25,575.41,349418.0,575.446,2078
2025-09-05 15:45:00-04:00,575.4,575.64,575.29,575.44,425529.0,575.448,2470
2025-09-05 15:50:00-04:00,575.45,575.66,574.92,575.31,915764.0,575.277,5599
2025-09-05 15:55:00-04:00,575.3,576.12,575.11,576.04,1515145.0,575.537,9467
2025-09-08 09:30:00-04:00,578.37,579.22,578.07,579.2,1637756.0,578.637,10762
2025-09-08 09:35:00-04:00,579.21,579.89,578.66,578.82,1077091.0,579.336,7328
2025-09-08 09:40:00-04:00,578.82,579.83,578.81,579.48,823941.0,579.444,6074
2025-09-08 09:45:00-04:00,579.47,579.97,579.08,579.9,900563.0,579.568,6812
2025-09-08 09:50:00-04:00,579.9,580.3,579.45,580.29,903033.0,579.933,6477
2025-09-08 09:55:00-04:00,580.29,580.56,579.82,579.84,741120.0,580.253,5552
2025-09-08 10:00:00-04:00,579.84,580.12,579.38,580.1,743771.0,579.77,5581
2025-09-08 10:05:00-04:00,580.09,580.4,579.85,580.04,568684.0,580.151,4072
2025-09-08 10:10:00-04:00,580.03,580.19,579.56,579.74,664877.0,579.82,3684
2025-09-08 10:15:00-04:00,579.73,579.81,579.01,579.13,651311.0,579.449,4277
2025-09-08 10:20:00-04:00,579.12,579.46,578.87,579.31,548885.0,579.148,3776
2025-09-08 10:25:00-04:00,579.29,580.39,579.27,580.25,499548.0,579.865,3151
2025-09-08 10:30:00-04:00,580.24,580.66,579.99,580.13,546630.0,580.353,3259
2025-09-08 10:35:00-04:00,580.12,580.65,580.01,580.48,265628.0,580.376,1785
2025-09-08 10:40:00-04:00,580.5,580.8,580.42,580.68,363046.0,580.64,2198
2025-09-08 10:45:00-04:00,580.68,580.84,580.51,580.59,396269.0,580.686,2233
2025-09-08 10:50:00-04:00,580.56,580.56,580.26,580.46,422511.0,580.422,2446
2025-09-08 10:55:00-04:00,580.46,580.65,580.13,580.16,358815.0,580.418,2344
2025-09-08 11:00:00-04:00,580.15,580.36,580.06,580.22,428352.0,580.192,2634
2025-09-08 11:05:00-04:00,580.22,580.38,580.16,580.31,232704.0,580.271,1583
2025-09-08 11:10:00-04:00,580.31,580.67,580.31,580.5,336727.0,580.532,2134
2025-09-08 11:15:00-04:00,580.5,580.5,579.82,579.9,388897.0,580.173,2462
2025-09-08 11:20:00-04:00,579.92,580.05,579.79,579.93,304257.0,579.922,1929
2025-09-08 11:25:00-04:00,579.93,580.58,579.89,580.57,352288.0,580.233,2308
2025-09-08 11:30:00-04:00,580.56,580.74,580.34,580.43,301611.0,580.553,1918
2025-09-08 11:35:00-04:00,580.43,580.53,580.3,580.44,212135.0,580.416,1381
2025-09-08 11:40:00-04:00,580.44,580.44,580.14,580.21,188275.0,580.282,1274
2025-09-08 11:45:00-04:00,580.21,580.25,579.46,579.81,500707.0,579.782,2972
2025-09-08 11:50:00-04:00,579.79,580.3,579.66,580.24,388935.0,580.011,2225
2025-09-08 11:55:00-04:00,580.23,580.56,580.22,580.49,262339.0,580.418,1663
2025-09-08 12:00:00-04:00,580.49,580.5,579.99,580.06,283697.0,580.215,1740
2025-09-08 12:05:00-04:00,580.08,580.14,579.77,579.84,255674.0,579.905,1579
2025-09-08 12:10:00-04:00,579.83,580.01,579.73,579.77,200264.0,579.852,1330
2025-09-08 12:15:00-04:00,579.79,579.79,579.37,579.56,249828.0,579.592,1529
2025-09-08 12:20:00-04:00,579.58,579.72,579.36,579.45,220644.0,579.534,1486
2025-09-08 12:25:00-04:00,579.45,579.54,579.25,579.5,291794.0,579.417,1893
2025-09-08 12:30:00-04:00,579.49,579.65,578.83,579.01,388369.0,579.2,2675
2025-09-08 12:35:00-04:00,579.01,579.14,578.5,578.91,415840.0,578.822,2817
2025-09-08 12:40:00-04:00,578.91,579.28,578.74,579.06,346531.0,579.02,2249
2025-09-08 12:45:00-04:00,579.06,579.06,578.56,578.67,288946.0,578.75,1992
2025-09-08 12:50:00-04:00,578.68,579.15,578.67,579.15,276682.0,578.918,1674
2025-09-08 12:55:00-04:00,579.14,579.26,578.76,579.02,283976.0,579.059,1720
2025-09-08 13:00:00-04:00,579.01,579.12,578.53,578.58,418638.0,578.839,2311
2025-09-08 13:05:00-04:00,578.59,578.79,578.38,578.56,365416.0,578.545,2049
2025-09-08 13:10:00-04:00,578.56,578.87,578.45,578.45,170121.0,578.656,1210
2025-09-08 13:15:00-04:00,578.46,578.83,578.43,578.8,252128.0,578.641,1618
2025-09-08 13:20:00-04:00,578.79,579.11,578.7,579.08,239371.0,578.879,1606
2025-09-08 13:25:00-04:00,579.07,579.15,578.76,578.85,255288.0,578.937,1622
2025-09-08 13:30:00-04:00,578.88,579.03,578.75,578.86,173907.0,578.892,1264
2025-09-08 13:35:00-04:00,578.85,578.95,578.7,578.72,134666.0,578.834,984
2025-09-08 13:40:00-04:00,578.72,578.83,578.57,578.82,200902.0,578.694,1457
2025-09-08 13:45:00-04:00,578.83,578.86,578.44,578.45,185426.0,578.632,1306
2025-09-08 13:50:00-04:00,578.47,578.56,577.84,578.39,376861.0,578.16,2396
2025-09-08 13:55:00-04:00,578.4,578.51,578.13,578.32,218933.0,578.299,1382
2025-09-08 14:00:00-04:00,578.33,578.36,578.11,578.17,284697.0,578.26,1453
2025-09-08 14:05:00-04:00,578.17,578.45,578.08,578.32,222913.0,578.301,1286
2025-09-08 14:10:00-04:00,578.31,578.85,578.29,578.74,285204.0,578.657,1647
2025-09-08 14:15:00-04:00,578.73,579.07,578.67,579.02,251551.0,578.915,1418
2025-09-08 14:20:00-04:00,579.02,579.21,578.94,578.98,247745.0,579.062,1283
2025-09-08 14:25:00-04:00,578.97,579.09,578.8,579.04,150058.0,578.929,926
2025-09-08 14:30:00-04:00,579.05,579.14,578.85,579.0,134684.0,578.991,844
2025-09-08 14:35:00-04:00,579.0,579.07,578.68,578.7,198911.0,578.888,1100
2025-09-08 14:40:00-04:00,578.72,578.79,578.45,578.78,180862.0,578.634,1128
2025-09-08 14:45:00-04:00,578.77,579.02,578.74,578.88,192167.0,578.908,1199
2025-09-08 14:50:00-04:00,578.88,578.95,578.58,578.63,168315.0,578.742,1134
2025-09-08 14:55:00-04:00,578.62,578.78,578.5,578.59,274478.0,578.633,1438
2025-09-08 15:00:00-04:00,578.58,578.6,578.38,578.55,284547.0,578.476,1948
2025-09-08 15:05:00-04:00,578.54,578.66,578.41,578.43,213939.0,578.512,1303
2025-09-08 15:10:00-04:00,578.43,578.49,577.87,578.01,395765.0,578.13,2422
2025-09-08 15:15:00-04:00,578.02,578.15,577.85,577.99,388434.0,577.97,2108
2025-09-08 15:20:00-04:00,577.97,578.08,577.77,577.98,257380.0,577.947,1693
2025-09-08 15:25:00-04:00,577.98,578.05,577.86,578.01,218889.0,577.937,1283
2025-09-08 15:30:00-04:00,578.02,578.49,578.02,578.03,483182.0,578.219,2851
2025-09-08 15:35:00-04:00,578.03,578.58,578.03,578.52,300234.0,578.332,1820
2025-09-08 15:40:00-04:00,578.52,578.8,578.5,578.73,458522.0,578.676,2697
2025-09-08 15:45:00-04:00,578.72,579.02,578.71,579.01,669028.0,578.902,3495
2025-09-08 15:50:00-04:00,579.02,579.02,578.38,578.63,790051.0,578.617,4563
2025-09-08 15:55:00-04:00,578.65,578.87,578.37,578.82,1775746.0,578.603,9951
2025-09-09 09:30:00-04:00,579.67,580.2,579.38,579.85,1312198.0,579.831,7710
2025-09-09 09:35:00-04:00,579.85,579.96,579.41,579.65,745342.0,579.732,4832
2025-09-09 09:40:00-04:00,579.65,579.85,579.23,579.83,594383.0,579.544,4139
2025-09-09 09:45:00-04:00,579.81,579.97,579.4,579.51,611413.0,579.7,3986
2025-09-09 09:50:00-04:00,579.52,579.57,578.93,578.99,597828.0,579.167,4095
2025-09-09 09:55:00-04:00,578.98,579.64,578.84,579.18,575665.0,579.207,3833
2025-09-09 10:00:00-04:00,579.2,579.6,578.35,578.7,1100981.0,578.81,7882
2025-09-09 10:05:00-04:00,578.68,579.61,578.55,579.57,732565.0,579.1,4929
2025-09-09 10:10:00-04:00,579.58,580.03,579.46,579.67,613191.0,579.788,4069
2025-09-09 10:15:00-04:00,579.68,579.8,579.07,579.21,476751.0,579.352,3035
2025-09-09 10:20:00-04:00,579.22,579.49,579.17,579.24,288790.0,579.319,1946
2025-09-09 10:25:00-04:00,579.26,579.35,578.81,579.08,410238.0,579.072,2665
2025-09-09 10:30:00-04:00,579.07,579.11,577.68,577.7,719959.0,578.38,4706
2025-09-09 10:35:00-04:00,577.71,577.87,577.21,577.43,1037091.0,577.489,6822
2025-09-09 10:40:00-04:00,577.44,577.79,577.04,577.45,857342.0,577.412,5351
2025-09-09 10:45:00-04:00,577.45,577.95,577.29,577.88,566950.0,577.69,3925
2025-09-09 10:50:00-04:00,577.87,578.54,577.39,578.53,512249.0,578.069,3282
2025-09-09 10:55:00-04:00,578.51,578.86,578.47,578.49,450741.0,578.628,2904
2025-09-09 11:00:00-04:00,578.48,578.9,577.99,578.13,724639.0,578.412,4386
2025-09-09 11:05:00-04:00,578.12,578.28,577.66,578.15,411340.0,577.954,2599
2025-09-09 11:10:00-04:00,578.15,578.43,577.94,578.23,262700.0,578.197,1725
2025-09-09 11:15:00-04:00,578.24,578.57,578.23,578.4,238169.0,578.449,1315
2025-09-09 11:20:00-04:00,578.39,578.58,578.19,578.3,181762.0,578.401,1069
2025-09-09 11:25:00-04:00,578.36,578.51,578.2,578.43,245508.0,578.404,1428
2025-09-09 11:30:00-04:00,578.43,578.48,578.1,578.16,246937.0,578.286,1607
2025-09-09 11:35:00-04:00,578.18,578.27,577.95,578.07,266259.0,578.092,1635
2025-09-09 11:40:00-04:00,578.07,578.1,577.68,577.87,304424.0,577.859,1892
2025-09-09 11:45:00-04:00,577.87,578.22,577.8,577.83,260667.0,578.016,1830
2025-09-09 11:50:00-04:00,577.83,579.05,577.83,578.94,405056.0,578.487,2481
2025-09-09 11:55:00-04:00,578.95,579.11,578.43,578.43,439250.0,578.797,2202
2025-09-09 12:00:00-04:00,578.44,578.84,578.38,578.76,205537.0,578.577,1187
2025-09-09 12:05:00-04:00,578.75,578.99,578.7,578.96,268334.0,578.818,1634
2025-09-09 12:10:00-04:00,578.97,579.33,578.96,579.29,394312.0,579.154,2297
2025-09-09 12:15:00-04:00,579.3,579.63,579.2,579.23,405735.0,579.435,2328
2025-09-09 12:20:00-04:00,579.24,579.25,578.71,579.12,417649.0,578.952,2142
2025-09-09 12:25:00-04:00,579.11,579.33,579.05,579.25,224565.0,579.229,1321
2025-09-09 12:30:00-04:00,579.26,579.3,579.09,579.3,158046.0,579.2,999
2025-09-09 12:35:00-04:00,579.29,579.32,579.16,579.28,113781.0,579.231,682
2025-09-09 12:40:00-04:00,579.28,579.35,579.05,579.11,150946.0,579.21,886
2025-09-09 12:45:00-04:00,579.1,579.38,579.0,579.24,181107.0,579.215,1135
2025-09-09 12:50:00-04:00,579.23,579.28,578.97,579.1,149186.0,579.104,840
2025-09-09 12:55:00-04:00,579.1,579.54,579.1,579.32,208199.0,579.372,1081
2025-09-09 13:00:00-04:00,579.33,579.73,579.33,579.68,359891.0,579.569,1595
2025-09-09 13:05:00-04:00,579.68,579.93,579.66,579.87,353637.0,579.765,1668
2025-09-09 13:10:00-04:00,579.86,580.16,579.78,579.78,600478.0,579.985,3314
2025-09-09 13:15:00-04:00,579.78,580.08,579.76,579.79,177177.0,579.934,1142
2025-09-09 13:20:00-04:00,579.8,580.01,579.75,579.99,229438.0,579.874,1155
2025-09-09 13:25:00-04:00,580.0,580.12,579.81,579.82,235135.0,580.014,1430
2025-09-09 13:30:00-04:00,579.83,579.95,579.61,579.63,277829.0,579.744,1720
2025-09-09 13:35:00-04:00,579.63,579.76,579.49,579.7,248579.0,579.638,1524
2025-09-09 13:40:00-04:00,579.71,579.74,579.45,579.63,225332.0,579.625,1402
2025-09-09 13:45:00-04:00,579.61,579.88,579.58,579.75,236029.0,579.743,1410
2025-09-09 13:50:00-04:00,579.76,579.91,579.7,579.85,148714.0,579.794,870
2025-09-09 13:55:00-04:00,579.86,579.93,579.73,579.75,139319.0,579.842,804
2025-09-09 14:00:00-04:00,579.76,579.89,579.7,579.81,203648.0,579.798,1159
2025-09-09 14:05:00-04:00,579.81,579.98,579.8,579.94,231060.0,579.915,1162
2025-09-09 14:10:00-04:00,579.94,579.98,579.38,579.86,437126.0,579.608,2640
2025-09-09 14:15:00-04:00,579.84,579.94,579.63,579.81,232640.0,579.826,1400
2025-09-09 14:20:00-04:00,579.82,579.92,579.72,579.78,263817.0,579.819,1548
2025-09-09 14:25:00-04:00,579.78,579.8,579.57,579.62,189295.0,579.67,1074
2025-09-09 14:30:00-04:00,579.63,579.74,579.45,579.48,322730.0,579.538,1718
2025-09-09 14:35:00-04:00,579.49,579.58,579.38,579.39,262507.0,579.494,1377
2025-09-09 14:40:00-04:00,579.39,579.64,579.38,579.51,187053.0,579.543,1063
2025-09-09 14:45:00-04:00,579.51,579.89,579.51,579.88,309554.0,579.738,1858
2025-09-09 14:50:00-04:00,579.88,579.96,579.79,579.92,241042.0,579.89,1458
2025-09-09 14:55:00-04:00,579.93,579.98,579.79,579.87,199125.0,579.901,1258
2025-09-09 15:00:00-04:00,579.87,579.97,579.74,579.92,222708.0,579.856,1409
2025-09-09 15:05:00-04:00,579.92,579.95,579.74,579.78,204339.0,579.858,1238
2025-09-09 15:10:00-04:00,579.78,579.83,579.68,579.73,256293.0,579.739,1508
2025-09-09 15:15:00-04:00,579.73,580.01,579.73,579.97,279965.0,579.906,1662
2025-09-09 15:20:00-04:00,579.97,580.23,579.95,580.13,264352.0,580.092,1579
2025-09-09 15:25:00-04:00,580.13,580.29,580.12,580.18,300661.0,580.211,1575
2025-09-09 15:30:00-04:00,580.18,580.3,580.02,580.25,280937.0,580.175,1903
2025-09-09 15:35:00-04:00,580.25,580.3,579.93,580.0,269791.0,580.102,1648
2025-09-09 15:40:00-04:00,580.01,580.02,579.69,579.94,350183.0,579.833,2120
2025-09-09 15:45:00-04:00,579.93,580.16,579.9,580.07,395699.0,580.04,2460
2025-09-09 15:50:00-04:00,580.06,580.64,580.06,580.54,920202.0,580.448,5726
2025-09-09 15:55:00-04:00,580.54,580.94,580.42,580.47,1783594.0,580.731,10410
2025-09-10 09:30:00-04:00,583.74,583.77,582.11,582.85,2049126.0,582.753,12863
2025-09-10 09:35:00-04:00,582.84,583.16,581.97,582.31,1328222.0,582.6,9955
2025-09-10 09:40:00-04:00,582.3,582.56,581.76,582.05,943644.0,582.141,6847
2025-09-10 09:45:00-04:00,582.08,582.4,581.61,582.39,1036837.0,582.025,7556
2025-09-10 09:50:00-04:00,582.38,582.58,581.33,581.7,941309.0,581.928,6686
2025-09-10 09:55:00-04:00,581.7,582.17,581.45,582.04,657381.0,581.918,4136
2025-09-10 10:00:00-04:00,582.03,582.99,581.9,582.82,855374.0,582.556,5590
2025-09-10 10:05:00-04:00,582.83,583.15,582.41,582.62,687807.0,582.882,4517
2025-09-10 10:10:00-04:00,582.61,583.04,582.43,582.71,593225.0,582.728,3646
2025-09-10 10:15:00-04:00,582.71,583.15,582.49,582.99,503369.0,582.841,3165
2025-09-10 10:20:00-04:00,582.98,583.33,582.77,583.29,453403.0,583.046,3066
2025-09-10 10:25:00-04:00,583.28,583.36,582.75,582.85,466509.0,583.131,3016
2025-09-10 10:30:00-04:00,582.84,583.27,582.77,582.97,471302.0,583.029,3478
2025-09-10 10:35:00-04:00,582.97,583.28,582.69,583.02,409444.0,582.998,2773
2025-09-10 10:40:00-04:00,583.02,583.27,582.8,583.18,370719.0,583.109,2512
2025-09-10 10:45:00-04:00,583.15,583.45,583.04,583.18,400021.0,583.229,2705
2025-09-10 10:50:00-04:00,583.18,583.4,582.73,582.98,462702.0,583.006,2823
2025-09-10 10:55:00-04:00,582.97,583.31,582.72,582.91,432057.0,583.003,2718
2025-09-10 11:00:00-04:00,582.92,583.2,582.75,582.99,405040.0,583.023,2676
2025-09-10 11:05:00-04:00,582.99,583.11,582.72,582.91,494975.0,582.919,3317
2025-09-10 11:10:00-04:00,582.91,583.18,582.89,582.95,349391.0,583.027,2260
2025-09-10 11:15:00-04:00,582.95,582.97,582.17,582.22,553068.0,582.559,3605
2025-09-10 11:20:00-04:00,582.22,582.28,581.92,582.12,552033.0,582.067,3651
2025-09-10 11:25:00-04:00,582.12,582.49,581.84,582.33,497347.0,582.228,2977
2025-09-10 11:30:00-04:00,582.35,582.43,581.85,582.08,402914.0,582.134,2729
2025-09-10 11:35:00-04:00,582.11,582.56,581.97,582.48,320833.0,582.262,2203
2025-09-10 11:40:00-04:00,582.47,582.65,582.37,582.65,266890.0,582.52,1827
2025-09-10 11:45:00-04:00,582.65,582.79,582.47,582.75,434386.0,582.597,2156
2025-09-10 11:50:00-04:00,582.75,582.97,582.71,582.93,327327.0,582.848,1934
2025-09-10 11:55:00-04:00,582.93,582.94,582.49,582.5,271093.0,582.762,1705
2025-09-10 12:00:00-04:00,582.5,582.52,581.98,582.08,430724.0,582.214,2492
2025-09-10 12:05:00-04:00,582.08,582.22,581.88,582.11,282616.0,582.052,1957
2025-09-10 12:10:00-04:00,582.1,582.32,582.07,582.11,159872.0,582.186,1113
2025-09-10 12:15:00-04:00,582.11,582.3,581.78,581.78,191470.0,582.088,1241
2025-09-10 12:20:00-04:00,581.78,581.86,581.42,581.8,302935.0,581.677,1808
2025-09-10 12:25:00-04:00,581.8,581.92,581.67,581.72,226604.0,581.77,1458
2025-09-10 12:30:00-04:00,581.72,581.95,581.72,581.92,229660.0,581.826,1212
2025-09-10 12:35:00-04:00,581.9,581.95,581.6,581.64,138552.0,581.775,901
2025-09-10 12:40:00-04:00,581.65,581.72,581.34,581.36,252249.0,581.529,1585
2025-09-10 12:45:00-04:00,581.36,581.55,581.25,581.33,289694.0,581.403,1713
2025-09-10 12:50:00-04:00,581.33,581.67,581.27,581.58,220145.0,581.541,1416
2025-09-10 12:55:00-04:00,581.59,581.95,581.59,581.9,220079.0,581.806,1426
2025-09-10 13:00:00-04:00,581.89,582.29,581.8,582.01,325814.0,582.076,1607
2025-09-10 13:05:00-04:00,582.01,582.1,581.81,582.05,194974.0,581.962,1079
2025-09-10 13:10:00-04:00,582.05,582.08,581.87,581.9,194970.0,581.961,1200
2025-09-10 13:15:00-04:00,581.91,581.94,581.56,581.6,192728.0,581.799,1121
2025-09-10 13:20:00-04:00,581.6,581.7,581.06,581.26,272481.0,581.323,1679
2025-09-10 13:25:00-04:00,581.25,581.25,580.73,580.94,417646.0,580.92,2721
2025-09-10 13:30:00-04:00,580.94,581.27,580.78,581.23,374901.0,580.973,2164
2025-09-10 13:35:00-04:00,581.24,581.45,581.04,581.09,278411.0,581.273,1732
2025-09-10 13:40:00-04:00,581.06,581.49,581.02,581.32,202969.0,581.342,1350
2025-09-10 13:45:00-04:00,581.3,581.46,581.17,581.38,204685.0,581.281,1357
2025-09-10 13:50:00-04:00,581.4,581.54,580.88,581.12,232377.0,581.213,1448
2025-09-10 13:55:00-04:00,581.11,581.28,580.87,581.27,238147.0,581.093,1553
2025-09-10 14:00:00-04:00,581.27,581.31,581.09,581.16,176706.0,581.209,1092
2025-09-10 14:05:00-04:00,581.13,581.13,580.87,580.88,165005.0,580.982,1121
2025-09-10 14:10:00-04:00,580.89,581.07,580.77,581.02,300508.0,580.917,1782
2025-09-10 14:15:00-04:00,581.02,581.02,580.28,580.37,438686.0,580.689,2452
2025-09-10 14:20:00-04:00,580.38,580.61,580.27,580.4,514599.0,580.424,3024
2025-09-10 14:25:00-04:00,580.42,580.46,580.0,580.31,468850.0,580.252,2989
2025-09-10 14:30:00-04:00,580.3,580.81,580.23,580.8,354697.0,580.503,2369
2025-09-10 14:35:00-04:00,580.78,580.82,580.32,580.5,268358.0,580.544,1572
2025-09-10 14:40:00-04:00,580.53,580.75,580.36,580.37,320278.0,580.556,1999
2025-09-10 14:45:00-04:00,580.38,580.52,579.89,580.06,438990.0,580.174,2402
2025-09-10 14:50:00-04:00,580.05,580.06,579.76,579.98,233822.0,579.91,1536
2025-09-10 14:55:00-04:00,580.0,580.52,579.97,580.42,342008.0,580.308,2187
2025-09-10 15:00:00-04:00,580.41,580.5,579.83,579.91,262977.0,580.179,1673
2025-09-10 15:05:00-04:00,579.91,580.11,579.48,579.59,457177.0,579.794,2932
2025-09-10 15:10:00-04:00,579.58,579.7,579.01,579.04,412743.0,579.337,2659
2025-09-10 15:15:00-04:00,579.05,579.46,578.93,579.38,681192.0,579.183,4217
2025-09-10 15:20:00-04:00,579.37,579.37,578.55,579.02,516898.0,578.889,3438
2025-09-10 15:25:00-04:00,579.02,579.26,578.93,579.12,396041.0,579.099,2462
2025-09-10 15:30:00-04:00,579.13,579.86,579.13,579.62,688504.0,579.555,4241
2025-09-10 15:35:00-04:00,579.63,579.86,579.19,579.25,442981.0,579.546,2917
2025-09-10 15:40:00-04:00,579.25,580.43,579.11,580.43,506856.0,579.838,3186
2025-09-10 15:45:00-04:00,580.43,580.54,580.18,580.46,566269.0,580.371,3700
2025-09-10 15:50:00-04:00,580.45,580.89,580.45,580.59,787102.0,580.688,5348
2025-09-10 15:55:00-04:00,580.59,581.14,580.57,580.7,1753406.0,580.93,10395
2025-09-11 09:30:00-04:00,583.24,583.73,583.01,583.43,1434215.0,583.404,8164
2025-09-11 09:35:00-04:00,583.44,583.49,582.02,582.19,1124742.0,582.69,7818
2025-09-11 09:40:00-04:00,582.21,582.47,581.66,581.94,885017.0,581.986,6114
2025-09-11 09:45:00-04:00,581.96,582.95,581.62,582.58,997008.0,582.343,6971
2025-09-11 09:50:00-04:00,582.57,583.24,582.33,583.09,643372.0,582.818,4264
2025-09-11 09:55:00-04:00,583.08,583.48,582.85,583.28,680555.0,583.157,4524
2025-09-11 10:00:00-04:00,583.26,583.36,582.85,583.29,669881.0,583.104,4779
2025-09-11 10:05:00-04:00,583.28,583.85,583.23,583.45,714207.0,583.586,4823
2025-09-11 10:10:00-04:00,583.45,583.56,582.69,582.78,692155.0,583.076,4656
2025-09-11 10:15:00-04:00,582.79,583.23,582.54,582.62,545570.0,582.882,3611
2025-09-11 10:20:00-04:00,582.62,583.03,582.5,583.02,379311.0,582.778,2565
2025-09-11 10:25:00-04:00,583.01,583.09,582.61,582.95,398946.0,582.909,2812
2025-09-11 10:30:00-04:00,582.94,583.77,582.86,583.74,440746.0,583.31,2954
2025-09-11 10:35:00-04:00,583.73,584.1,583.7,584.08,664053.0,583.896,4018
2025-09-11 10:40:00-04:00,584.08,584.21,583.94,584.13,485454.0,584.075,2942
2025-09-11 10:45:00-04:00,584.12,584.24,583.69,583.91,447304.0,583.936,2880
2025-09-11 10:50:00-04:00,583.93,584.0,583.19,583.56,482539.0,583.556,3329
2025-09-11 10:55:00-04:00,583.57,583.87,583.17,583.86,465259.0,583.483,3228
2025-09-11 11:00:00-04:00,583.86,584.07,583.81,583.93,235975.0,583.925,1641
2025-09-11 11:05:00-04:00,583.93,584.18,583.79,583.93,358661.0,584.025,2244
2025-09-11 11:10:00-04:00,583.94,584.23,583.92,584.18,276708.0,584.092,1937
2025-09-11 11:15:00-04:00,584.18,584.88,584.12,584.74,692196.0,584.519,4542
2025-09-11 11:20:00-04:00,584.76,584.85,584.39,584.46,488877.0,584.614,3342
2025-09-11 11:25:00-04:00,584.48,584.72,584.38,584.68,353704.0,584.559,2458
2025-09-11 11:30:00-04:00,584.68,584.88,584.65,584.67,343895.0,584.771,2314
2025-09-11 11:35:00-04:00,584.66,584.72,584.33,584.37,356396.0,584.54,2207
2025-09-11 11:40:00-04:00,584.36,584.46,584.23,584.23,266765.0,584.337,1644
2025-09-11 11:45:00-04:00,584.24,584.31,583.87,584.06,346626.0,584.072,2080
2025-09-11 11:50:00-04:00,584.06,584.5,584.04,584.43,317660.0,584.321,2106
2025-09-11 11:55:00-04:00,584.42,584.5,584.33,584.37,147226.0,584.423,1001
2025-09-11 12:00:00-04:00,584.37,584.83,584.3,584.79,305471.0,584.636,1958
2025-09-11 12:05:00-04:00,584.79,584.82,584.6,584.68,184235.0,584.689,1200
2025-09-11 12:10:00-04:00,584.68,584.76,584.56,584.59,215753.0,584.665,1484
2025-09-11 12:15:00-04:00,584.61,584.72,584.4,584.7,299229.0,584.594,1634
2025-09-11 12:20:00-04:00,584.69,584.79,584.51,584.56,237075.0,584.696,1493
2025-09-11 12:25:00-04:00,584.57,584.7,584.34,584.36,157649.0,584.558,1076
2025-09-11 12:30:00-04:00,584.39,584.57,584.32,584.38,155504.0,584.453,1046
2025-09-11 12:35:00-04:00,584.39,584.42,584.2,584.2,178722.0,584.279,1211
2025-09-11 12:40:00-04:00,584.2,584.24,583.95,584.15,291720.0,584.094,1759
2025-09-11 12:45:00-04:00,584.15,584.21,583.96,584.18,221687.0,584.105,1350
2025-09-11 12:50:00-04:00,584.17,584.17,583.67,583.99,272830.0,583.889,1780
2025-09-11 12:55:00-04:00,583.98,584.19,583.85,584.0,255936.0,584.07,1622
2025-09-11 13:00:00-04:00,584.0,584.05,583.76,583.84,186798.0,583.869,1158
2025-09-11 13:05:00-04:00,583.84,584.12,583.73,584.09,201882.0,583.893,1452
2025-09-11 13:10:00-04:00,584.12,584.43,584.1,584.39,302731.0,584.296,2005
2025-09-11 13:15:00-04:00,584.39,584.45,584.1,584.2,198529.0,584.336,1408
2025-09-11 13:20:00-04:00,584.19,584.45,584.13,584.41,199469.0,584.317,991
2025-09-11 13:25:00-04:00,584.4,584.53,584.1,584.15,168325.0,584.37,1138
2025-09-11 13:30:00-04:00,584.13,584.51,584.13,584.46,159459.0,584.352,1139
2025-09-11 13:35:00-04:00,584.44,584.53,584.3,584.37,148836.0,584.432,1027
2025-09-11 13:40:00-04:00,584.38,584.61,584.33,584.49,180150.0,584.482,1229
2025-09-11 13:45:00-04:00,584.52,584.55,583.99,584.03,253218.0,584.226,1518
2025-09-11 13:50:00-04:00,584.04,584.38,583.9,584.37,392859.0,584.088,2289
2025-09-11 13:55:00-04:00,584.37,584.6,584.22,584.58,241107.0,584.41,1525
2025-09-11 14:00:00-04:00,584.58,584.66,584.36,584.42,227739.0,584.486,1293
2025-09-11 14:05:00-04:00,584.42,584.58,584.38,584.5,242532.0,584.463,1433
2025-09-11 14:10:00-04:00,584.49,584.63,584.33,584.44,274953.0,584.474,1699
2025-09-11 14:15:00-04:00,584.44,584.5,584.31,584.33,226493.0,584.402,1503
2025-09-11 14:20:00-04:00,584.35,584.41,584.18,584.31,186651.0,584.282,1165
2025-09-11 14:25:00-04:00,584.3,584.48,584.14,584.31,169918.0,584.264,1158
2025-09-11 14:30:00-04:00,584.31,584.4,584.22,584.28,110740.0,584.304,729
2025-09-11 14:35:00-04:00,584.27,584.51,584.22,584.51,183506.0,584.361,1286
2025-09-11 14:40:00-04:00,584.51,584.62,584.43,584.58,214094.0,584.539,1279
2025-09-11 14:45:00-04:00,584.59,584.71,584.53,584.66,167079.0,584.61,979
2025-09-11 14:50:00-04:00,584.66,584.8,584.59,584.64,256644.0,584.694,1752
2025-09-11 14:55:00-04:00,584.64,584.79,584.57,584.61,201841.0,584.668,1302
2025-09-11 15:00:00-04:00,584.6,584.63,584.47,584.53,215318.0,584.548,1374
2025-09-11 15:05:00-04:00,584.53,584.69,584.37,584.38,283902.0,584.532,1735
2025-09-11 15:10:00-04:00,584.39,584.55,584.33,584.36,235798.0,584.439,1503
2025-09-11 15:15:00-04:00,584.36,584.6,584.31,584.55,197197.0,584.445,1353
2025-09-11 15:20:00-04:00,584.54,584.67,584.46,584.6,201763.0,584.569,1227
2025-09-11 15:25:00-04:00,584.6,584.72,584.51,584.59,212048.0,584.607,1318
2025-09-11 15:30:00-04:00,584.58,584.79,584.55,584.67,370833.0,584.697,2484
2025-09-11 15:35:00-04:00,584.67,584.72,584.53,584.66,299592.0,584.624,1778
2025-09-11 15:40:00-04:00,584.65,584.69,584.39,584.44,273461.0,584.502,1741
2025-09-11 15:45:00-04:00,584.44,584.71,584.39,584.69,350150.0,584.609,2086
2025-09-11 15:50:00-04:00,584.67,584.87,584.47,584.68,789167.0,584.683,5125
2025-09-11 15:55:00-04:00,584.67,584.81,584.0,584.09,2121644.0,584.452,10143
2025-09-12 09:30:00-04:00,585.04,585.57,584.69,584.87,1359103.0,585.126,8929
2025-09-12 09:35:00-04:00,584.88,584.88,584.1,584.35,951736.0,584.461,6685
2025-09-12 09:40:00-04:00,584.36,584.85,584.21,584.76,610571.0,584.511,4574
2025-09-12 09:45:00-04:00,584.76,584.99,584.53,584.69,573060.0,584.793,4093
2025-09-12 09:50:00-04:00,584.67,584.86,584.44,584.67,409000.0,584.65,2946
2025-09-12 09:55:00-04:00,584.67,585.24,584.66,585.14,542225.0,585.022,3424
2025-09-12 10:00:00-04:00,585.14,585.36,584.76,585.23,514381.0,585.149,3097
2025-09-12 10:05:00-04:00,585.22,585.44,585.15,585.42,406308.0,585.308,2736
2025-09-12 10:10:00-04:00,585.42,585.49,584.74,584.8,463772.0,585.091,2850
2025-09-12 10:15:00-04:00,584.79,585.38,584.69,585.34,435656.0,585.065,2717
2025-09-12 10:20:00-04:00,585.34,585.81,585.27,585.77,532192.0,585.625,3324
2025-09-12 10:25:00-04:00,585.76,585.88,585.64,585.75,442720.0,585.766,2803
2025-09-12 10:30:00-04:00,585.76,586.08,585.6,585.98,446870.0,585.834,2963
2025-09-12 10:35:00-04:00,585.97,586.18,585.89,586.0,392081.0,586.041,2500
2025-09-12 10:40:00-04:00,586.01,586.14,585.86,586.0,303369.0,586.009,1991
2025-09-12 10:45:00-04:00,586.01,586.35,585.95,586.34,396656.0,586.203,2482
2025-09-12 10:50:00-04:00,586.33,586.63,586.25,586.62,445927.0,586.421,2874
2025-09-12 10:55:00-04:00,586.63,586.83,586.46,586.6,605473.0,586.621,3545
2025-09-12 11:00:00-04:00,586.6,586.73,586.1,586.13,594469.0,586.391,3108
2025-09-12 11:05:00-04:00,586.13,586.34,586.05,586.27,367431.0,586.218,2305
2025-09-12 11:10:00-04:00,586.27,586.42,586.06,586.34,266252.0,586.272,1811
2025-09-12 11:15:00-04:00,586.34,586.58,586.17,586.2,256242.0,586.406,1584
2025-09-12 11:20:00-04:00,586.2,586.29,585.95,586.28,313978.0,586.091,1986
2025-09-12 11:25:00-04:00,586.28,586.43,586.13,586.13,251093.0,586.298,1470
2025-09-12 11:30:00-04:00,586.14,586.38,585.93,586.3,282080.0,586.209,1526
2025-09-12 11:35:00-04:00,586.29,586.37,586.04,586.12,249161.0,586.173,1511
2025-09-12 11:40:00-04:00,586.11,586.26,585.9,585.97,255604.0,586.059,1512
2025-09-12 11:45:00-04:00,585.97,586.05,585.79,585.98,311031.0,585.91,1837
2025-09-12 11:50:00-04:00,585.98,586.21,585.95,586.18,374831.0,586.096,2062
2025-09-12 11:55:00-04:00,586.18,586.44,586.17,586.23,279654.0,586.302,1712
2025-09-12 12:00:00-04:00,586.22,586.25,585.84,585.97,321767.0,586.005,1815
2025-09-12 12:05:00-04:00,585.96,586.25,585.77,586.25,201299.0,585.984,1242
2025-09-12 12:10:00-04:00,586.24,586.47,586.22,586.4,248933.0,586.389,1488
2025-09-12 12:15:00-04:00,586.4,586.61,586.4,586.49,373520.0,586.543,2117
2025-09-12 12:20:00-04:00,586.48,586.62,586.27,586.58,255038.0,586.493,1408
2025-09-12 12:25:00-04:00,586.58,586.62,586.49,586.61,242081.0,586.577,1395
2025-09-12 12:30:00-04:00,586.58,586.75,586.51,586.71,345960.0,586.647,1791
2025-09-12 12:35:00-04:00,586.71,586.72,586.4,586.42,287779.0,586.581,1455
2025-09-12 12:40:00-04:00,586.41,586.5,586.38,586.48,215029.0,586.444,1330
2025-09-12 12:45:00-04:00,586.49,586.68,586.38,586.57,742986.0,586.575,3501
2025-09-12 12:50:00-04:00,586.57,586.78,586.49,586.72,544347.0,586.692,2413
2025-09-12 12:55:00-04:00,586.71,586.98,586.62,586.69,972389.0,586.783,4861
2025-09-12 13:00:00-04:00,586.7,586.71,586.47,586.48,702160.0,586.613,4730
2025-09-12 13:05:00-04:00,586.49,586.55,586.4,586.41,220199.0,586.476,1184
2025-09-12 13:10:00-04:00,586.41,586.58,586.38,586.55,440801.0,586.53,2714
2025-09-12 13:15:00-04:00,586.55,586.71,586.41,586.46,319739.0,586.592,1875
2025-09-12 13:20:00-04:00,586.46,586.59,586.41,586.57,219820.0,586.537,1234
2025-09-12 13:25:00-04:00,586.57,586.59,586.43,586.46,253919.0,586.496,1503
2025-09-12 13:30:00-04:00,586.46,586.6,586.41,586.43,133936.0,586.523,862
2025-09-12 13:35:00-04:00,586.43,586.52,586.23,586.41,295489.0,586.375,1710
2025-09-12 13:40:00-04:00,586.41,586.56,586.4,586.52,122214.0,586.494,749
2025-09-12 13:45:00-04:00,586.52,586.78,586.51,586.76,278455.0,586.671,1603
2025-09-12 13:50:00-04:00,586.76,586.94,586.7,586.86,417073.0,586.827,2079
2025-09-12 13:55:00-04:00,586.86,587.11,586.84,587.01,467535.0,587.0,2656
2025-09-12 14:00:00-04:00,587.02,587.02,586.76,586.76,393114.0,586.867,2162
2025-09-12 14:05:00-04:00,586.77,586.94,586.75,586.93,187189.0,586.837,1067
2025-09-12 14:10:00-04:00,586.93,587.03,586.83,587.02,182785.0,586.923,1053
2025-09-12 14:15:00-04:00,587.01,587.01,586.85,586.94,195003.0,586.926,1246
2025-09-12 14:20:00-04:00,586.94,587.01,586.9,586.98,160382.0,586.958,931
2025-09-12 14:25:00-04:00,586.98,587.07,586.94,586.99,194456.0,587.021,1079
2025-09-12 14:30:00-04:00,586.98,587.35,586.91,587.22,540434.0,587.133,2969
2025-09-12 14:35:00-04:00,587.21,587.44,587.13,587.39,426178.0,587.267,2181
2025-09-12 14:40:00-04:00,587.38,587.48,587.3,587.39,343140.0,587.403,1702
2025-09-12 14:45:00-04:00,587.4,587.44,586.87,587.13,378200.0,587.189,2438
2025-09-12 14:50:00-04:00,587.15,587.77,587.14,587.74,479070.0,587.512,3033
2025-09-12 14:55:00-04:00,587.75,587.86,587.67,587.75,315714.0,587.778,1872
2025-09-12 15:00:00-04:00,587.75,587.83,587.69,587.74,257457.0,587.771,1510
2025-09-12 15:05:00-04:00,587.73,587.81,587.58,587.66,328962.0,587.676,1671
2025-09-12 15:10:00-04:00,587.67,587.67,587.33,587.39,370193.0,587.47,1935
2025-09-12 15:15:00-04:00,587.39,587.43,587.25,587.36,275303.0,587.337,1491
2025-09-12 15:20:00-04:00,587.35,587.4,587.11,587.12,281354.0,587.259,1398
2025-09-12 15:25:00-04:00,587.14,587.24,586.93,587.02,381098.0,587.076,2117
2025-09-12 15:30:00-04:00,587.04,587.07,586.55,586.71,635107.0,586.768,3695
2025-09-12 15:35:00-04:00,586.7,586.81,586.37,586.42,637301.0,586.555,3824
2025-09-12 15:40:00-04:00,586.42,586.77,586.12,586.75,949817.0,586.42,5442
2025-09-12 15:45:00-04:00,586.75,587.0,586.63,586.88,646780.0,586.821,3726
2025-09-12 15:50:00-04:00,586.88,587.23,586.86,587.22,1147827.0,587.061,6233
2025-09-12 15:55:00-04:00,587.22,587.22,586.64,586.66,1476362.0,586.919,7739
2025-09-15 09:30:00-04:00,588.44,589.34,588.31,589.01,1649710.0,588.816,9519
2025-09-15 09:35:00-04:00,589.01,589.59,588.89,589.32,892107.0,589.258,5569
2025-09-15 09:40:00-04:00,589.32,589.64,588.92,589.08,777337.0,589.381,4975
2025-09-15 09:45:00-04:00,589.07,589.75,589.07,589.68,644161.0,589.424,4781
2025-09-15 09:50:00-04:00,589.67,590.2,589.61,590.11,628013.0,589.975,3932
2025-09-15 09:55:00-04:00,590.1,590.47,589.91,590.43,567231.0,590.214,3321
2025-09-15 10:00:00-04:00,590.44,590.56,590.16,590.25,566214.0,590.346,3931
2025-09-15 10:05:00-04:00,590.25,590.48,590.09,590.17,517885.0,590.31,3880
2025-09-15 10:10:00-04:00,590.19,590.27,589.88,590.11,464364.0,590.088,2985
2025-09-15 10:15:00-04:00,590.12,590.17,589.91,589.96,332335.0,590.04,2277
2025-09-15 10:20:00-04:00,589.98,590.03,589.68,589.82,445461.0,589.874,3096
2025-09-15 10:25:00-04:00,589.82,590.36,589.7,590.29,379827.0,590.117,2578
2025-09-15 10:30:00-04:00,590.28,590.35,589.89,589.97,560533.0,590.167,4192
2025-09-15 10:35:00-04:00,589.97,590.26,589.87,590.13,323462.0,590.034,2080
2025-09-15 10:40:00-04:00,590.14,590.39,590.08,590.3,265769.0,590.266,1699
2025-09-15 10:45:00-04:00,590.31,590.47,589.95,590.05,397387.0,590.264,2527
2025-09-15 10:50:00-04:00,590.04,590.34,589.96,590.2,263463.0,590.18,1770
2025-09-15 10:55:00-04:00,590.22,590.47,590.2,590.47,258097.0,590.351,1757
2025-09-15 11:00:00-04:00,590.47,590.65,590.37,590.56,449802.0,590.527,2786
2025-09-15 11:05:00-04:00,590.57,590.6,590.16,590.17,338612.0,590.333,2273
2025-09-15 11:10:00-04:00,590.18,590.54,590.09,590.32,279476.0,590.371,1914
2025-09-15 11:15:00-04:00,590.31,590.47,590.14,590.17,250581.0,590.291,2006
2025-09-15 11:20:00-04:00,590.19,590.19,589.96,590.12,351556.0,590.07,2406
2025-09-15 11:25:00-04:00,590.12,590.52,590.12,590.28,277309.0,590.336,1744
2025-09-15 11:30:00-04:00,590.27,590.36,590.2,590.21,329814.0,590.281,2251
2025-09-15 11:35:00-04:00,590.22,590.6,590.21,590.56,225284.0,590.422,1559
2025-09-15 11:40:00-04:00,590.58,590.78,590.45,590.46,332633.0,590.633,1891
2025-09-15 11:45:00-04:00,590.47,590.89,590.42,590.87,216586.0,590.662,1393
2025-09-15 11:50:00-04:00,590.86,590.98,590.76,590.95,302840.0,590.875,1970
2025-09-15 11:55:00-04:00,590.94,591.13,590.81,590.91,342390.0,590.983,2208
2025-09-15 12:00:00-04:00,590.91,590.94,590.59,590.66,439155.0,590.77,2665
2025-09-15 12:05:00-04:00,590.67,591.0,590.66,590.98,243639.0,590.854,1641
2025-09-15 12:10:00-04:00,590.98,591.18,590.82,591.06,304474.0,591.028,1910
2025-09-15 12:15:00-04:00,591.06,591.18,590.94,590.96,225923.0,591.067,1568
2025-09-15 12:20:00-04:00,590.97,591.11,590.83,590.9,174293.0,590.959,1283
2025-09-15 12:25:00-04:00,590.9,590.91,590.6,590.67,237629.0,590.733,1510
2025-09-15 12:30:00-04:00,590.67,591.09,590.63,591.03,240141.0,590.896,1398
2025-09-15 12:35:00-04:00,591.03,591.08,590.85,591.03,139097.0,590.983,1079
2025-09-15 12:40:00-04:00,591.01,591.09,590.81,591.02,173058.0,590.944,1295
2025-09-15 12:45:00-04:00,591.01,591.02,590.72,590.84,202719.0,590.824,1423
2025-09-15 12:50:00-04:00,590.82,590.92,590.63,590.76,183065.0,590.753,1421
2025-09-15 12:55:00-04:00,590.76,590.82,590.46,590.58,228595.0,590.636,1641
2025-09-15 13:00:00-04:00,590.58,590.7,590.51,590.55,268674.0,590.591,1888
2025-09-15 13:05:00-04:00,590.55,590.92,590.55,590.76,188522.0,590.78,1309
2025-09-15 13:10:00-04:00,590.75,590.79,590.51,590.58,235060.0,590.633,1599
2025-09-15 13:15:00-04:00,590.57,590.64,590.35,590.44,280433.0,590.508,1972
2025-09-15 13:20:00-04:00,590.43,590.55,590.27,590.46,293810.0,590.402,2128
2025-09-15 13:25:00-04:00,590.46,590.48,590.29,590.29,200103.0,590.37,1433
2025-09-15 13:30:00-04:00,590.3,590.46,590.19,590.41,306551.0,590.334,2102
2025-09-15 13:35:00-04:00,590.41,590.58,590.25,590.53,246306.0,590.399,1859
2025-09-15 13:40:00-04:00,590.52,590.75,590.52,590.65,313588.0,590.649,1798
2025-09-15 13:45:00-04:00,590.65,590.83,590.52,590.81,211971.0,590.686,1378
2025-09-15 13:50:00-04:00,590.81,590.9,590.77,590.84,190130.0,590.843,1224
2025-09-15 13:55:00-04:00,590.85,591.13,590.82,591.1,228154.0,591.022,1514
2025-09-15 14:00:00-04:00,591.09,591.12,590.87,591.1,346280.0,591.013,2204
2025-09-15 14:05:00-04:00,591.1,591.18,590.93,590.97,240266.0,591.078,1627
2025-09-15 14:10:00-04:00,590.98,591.06,590.76,590.96,223885.0,590.901,1627
2025-09-15 14:15:00-04:00,590.96,591.03,590.7,590.81,205573.0,590.825,1582
2025-09-15 14:20:00-04:00,590.8,590.84,590.66,590.72,207036.0,590.735,1545
2025-09-15 14:25:00-04:00,590.71,590.81,590.52,590.52,200896.0,590.682,1506
2025-09-15 14:30:00-04:00,590.53,590.9,590.51,590.82,243553.0,590.715,1824
2025-09-15 14:35:00-04:00,590.82,590.87,590.54,590.58,218563.0,590.714,1485
2025-09-15 14:40:00-04:00,590.58,590.58,590.09,590.21,587718.0,590.308,3783
2025-09-15 14:45:00-04:00,590.22,590.48,590.21,590.47,333091.0,590.334,2250
2025-09-15 14:50:00-04:00,590.47,590.73,590.39,590.72,299058.0,590.571,1895
2025-09-15 14:55:00-04:00,590.73,590.75,590.57,590.69,224653.0,590.67,1560
2025-09-15 15:00:00-04:00,590.69,590.83,590.58,590.59,269879.0,590.73,1913
2025-09-15 15:05:00-04:00,590.6,590.8,590.47,590.74,163241.0,590.648,1221
2025-09-15 15:10:00-04:00,590.72,590.85,590.66,590.7,191102.0,590.735,1311
2025-09-15 15:15:00-04:00,590.69,590.76,590.46,590.76,218599.0,590.611,1377
2025-09-15 15:20:00-04:00,590.76,590.84,590.63,590.74,240907.0,590.74,1628
2025-09-15 15:25:00-04:00,590.73,590.83,590.66,590.76,213859.0,590.765,1576
2025-09-15 15:30:00-04:00,590.75,590.86,590.64,590.84,308601.0,590.738,2168
2025-09-15 15:35:00-04:00,590.85,590.97,590.76,590.91,342388.0,590.879,2256
2025-09-15 15:40:00-04:00,590.9,591.03,590.79,590.85,466389.0,590.905,2964
2025-09-15 15:45:00-04:00,590.83,591.22,590.81,591.15,670292.0,591.095,4166
2025-09-15 15:50:00-04:00,591.16,591.16,590.54,591.1,854668.0,590.857,5654
2025-09-15 15:55:00-04:00,591.1,591.79,590.83,591.69,2772333.0,591.399,16350
2025-09-16 09:30:00-04:00,592.59,592.86,591.87,592.11,1442253.0,592.496,8827
2025-09-16 09:35:00-04:00,592.11,592.32,591.76,591.82,793267.0,592.024,5579
2025-09-16 09:40:00-04:00,591.82,592.19,591.71,592.06,700906.0,591.93,4718
2025-09-16 09:45:00-04:00,592.08,592.13,591.52,591.94,736754.0,591.793,5357
2025-09-16 09:50:00-04:00,591.94,592.01,591.1,591.36,762046.0,591.413,5238
2025-09-16 09:55:00-04:00,591.37,591.56,591.01,591.37,498226.0,591.3,3391
2025-09-16 10:00:00-04:00,591.36,591.59,591.15,591.33,605401.0,591.375,4280
2025-09-16 10:05:00-04:00,591.32,591.78,591.31,591.52,405663.0,591.53,2876
2025-09-16 10:10:00-04:00,591.5,591.66,590.99,591.38,481712.0,591.328,3334
2025-09-16 10:15:00-04:00,591.36,591.88,591.33,591.6,412048.0,591.646,2984
2025-09-16 10:20:00-04:00,591.58,591.91,591.31,591.83,339313.0,591.704,2315
2025-09-16 10:25:00-04:00,591.84,591.85,591.31,591.4,302821.0,591.565,1962
2025-09-16 10:30:00-04:00,591.41,591.64,591.32,591.57,296349.0,591.468,1808
2025-09-16 10:35:00-04:00,591.56,591.84,591.15,591.27,424177.0,591.506,2623
2025-09-16 10:40:00-04:00,591.3,591.4,591.21,591.24,238250.0,591.303,1688
2025-09-16 10:45:00-04:00,591.24,591.52,591.12,591.4,313497.0,591.353,1792
2025-09-16 10:50:00-04:00,591.39,591.68,591.36,591.6,230788.0,591.51,1596
2025-09-16 10:55:00-04:00,591.6,591.61,591.34,591.39,227179.0,591.463,1662
2025-09-16 11:00:00-04:00,591.39,591.43,590.74,590.88,491223.0,591.023,3097
2025-09-16 11:05:00-04:00,590.87,591.19,590.85,591.14,275740.0,591.03,1768
2025-09-16 11:10:00-04:00,591.13,591.33,590.95,591.19,260143.0,591.148,1708
2025-09-16 11:15:00-04:00,591.18,591.25,590.92,591.23,267296.0,591.081,1929
2025-09-16 11:20:00-04:00,591.23,591.49,591.08,591.1,249916.0,591.313,1862
2025-09-16 11:25:00-04:00,591.1,591.26,590.88,590.92,200753.0,591.087,1466
2025-09-16 11:30:00-04:00,590.91,591.08,590.82,590.84,200573.0,590.928,1380
2025-09-16 11:35:00-04:00,590.86,590.99,590.73,590.98,178952.0,590.856,1369
2025-09-16 11:40:00-04:00,590.97,591.06,590.56,590.77,290625.0,590.746,2042
2025-09-16 11:45:00-04:00,590.79,591.06,590.75,590.79,224294.0,590.919,1475
2025-09-16 11:50:00-04:00,590.79,591.09,590.67,591.04,155301.0,590.89,1048
2025-09-16 11:55:00-04:00,591.05,591.1,590.57,590.73,164055.0,590.852,1134
2025-09-16 12:00:00-04:00,590.71,590.87,590.49,590.51,276050.0,590.654,1679
2025-09-16 12:05:00-04:00,590.53,590.88,590.5,590.87,198032.0,590.649,1350
2025-09-16 12:10:00-04:00,590.86,590.99,590.73,590.95,158124.0,590.89,1136
2025-09-16 12:15:00-04:00,590.96,590.99,590.86,590.91,185186.0,590.935,1264
2025-09-16 12:20:00-04:00,590.91,590.97,590.76,590.88,244948.0,590.901,1519
2025-09-16 12:25:00-04:00,590.9,591.18,590.86,591.15,230158.0,591.005,1547
2025-09-16 12:30:00-04:00,591.14,591.16,590.94,591.04,157102.0,591.044,1044
2025-09-16 12:35:00-04:00,591.02,591.17,590.71,591.1,171293.0,590.954,1184
2025-09-16 12:40:00-04:00,591.11,591.17,590.84,591.01,126092.0,590.986,798
2025-09-16 12:45:00-04:00,591.01,591.11,590.87,590.91,165737.0,591.016,1035
2025-09-16 12:50:00-04:00,590.92,591.07,590.88,591.06,131321.0,591.027,834
2025-09-16 12:55:00-04:00,591.05,591.3,591.02,591.1,255797.0,591.158,1554
2025-09-16 13:00:00-04:00,591.09,591.34,591.08,591.28,218656.0,591.244,1208
2025-09-16 13:05:00-04:00,591.27,591.43,591.19,591.38,189610.0,591.345,1244
2025-09-16 13:10:00-04:00,591.38,591.48,591.29,591.45,181457.0,591.404,1208
2025-09-16 13:15:00-04:00,591.44,591.51,591.35,591.4,191991.0,591.451,1233
2025-09-16 13:20:00-04:00,591.4,591.63,591.4,591.52,150748.0,591.528,955
2025-09-16 13:25:00-04:00,591.53,591.54,591.27,591.31,146072.0,591.404,1050
2025-09-16 13:30:00-04:00,591.33,591.41,591.21,591.35,186685.0,591.322,1317
2025-09-16 13:35:00-04:00,591.34,591.38,591.14,591.31,204599.0,591.24,1474
2025-09-16 13:40:00-04:00,591.31,591.33,591.19,591.23,121623.0,591.244,1022
2025-09-16 13:45:00-04:00,591.23,591.39,591.19,591.33,159830.0,591.304,1083
2025-09-16 13:50:00-04:00,591.32,591.36,591.07,591.33,218139.0,591.199,1411
2025-09-16 13:55:00-04:00,591.34,591.45,591.3,591.36,149349.0,591.38,980
2025-09-16 14:00:00-04:00,591.36,591.36,591.1,591.21,245650.0,591.208,1299
2025-09-16 14:05:00-04:00,591.21,591.44,591.12,591.27,167427.0,591.315,1009
2025-09-16 14:10:00-04:00,591.28,591.37,591.12,591.17,132244.0,591.243,868
2025-09-16 14:15:00-04:00,591.16,591.3,591.14,591.25,169780.0,591.214,1123
2025-09-16 14:20:00-04:00,591.25,591.37,591.18,591.31,145870.0,591.307,927
2025-09-16 14:25:00-04:00,591.3,591.4,591.25,591.29,120958.0,591.335,830
2025-09-16 14:30:00-04:00,591.28,591.41,591.21,591.31,220410.0,591.337,1473
2025-09-16 14:35:00-04:00,591.31,591.51,591.26,591.33,185533.0,591.402,1146
2025-09-16 14:40:00-04:00,591.34,591.47,591.33,591.41,188217.0,591.39,1202
2025-09-16 14:45:00-04:00,591.43,591.64,591.42,591.53,151782.0,591.535,1041
2025-09-16 14:50:00-04:00,591.53,591.71,591.53,591.61,210535.0,591.633,1457
2025-09-16 14:55:00-04:00,591.62,591.74,591.56,591.7,188516.0,591.666,1171
2025-09-16 15:00:00-04:00,591.7,591.87,591.67,591.77,307255.0,591.765,1828
2025-09-16 15:05:00-04:00,591.78,591.96,591.76,591.8,201176.0,591.874,1389
2025-09-16 15:10:00-04:00,591.8,591.84,591.67,591.78,243993.0,591.765,1735
2025-09-16 15:15:00-04:00,591.79,591.83,591.71,591.77,170049.0,591.761,1239
2025-09-16 15:20:00-04:00,591.77,591.87,591.66,591.7,188110.0,591.757,1368
2025-09-16 15:25:00-04:00,591.7,591.71,591.4,591.48,370517.0,591.547,2648
2025-09-16 15:30:00-04:00,591.48,591.52,591.35,591.44,294431.0,591.441,2259
2025-09-16 15:35:00-04:00,591.45,591.54,591.29,591.4,343427.0,591.4,2363
2025-09-16 15:40:00-04:00,591.4,591.62,591.36,591.45,320443.0,591.484,2309
2025-09-16 15:45:00-04:00,591.45,591.7,591.43,591.63,323168.0,591.605,2190
2025-09-16 15:50:00-04:00,591.64,592.07,591.46,591.56,949839.0,591.781,5424
2025-09-16 15:55:00-04:00,591.57,591.72,591.01,591.17,1760354.0,591.365,9022
2025-09-17 09:30:00-04:00,591.12,591.57,590.48,590.6,1205773.0,591.153,7441
2025-09-17 09:35:00-04:00,590.6,590.83,590.03,590.11,844123.0,590.366,5720
2025-09-17 09:40:00-04:00,590.11,590.26,589.73,589.95,917598.0,589.987,6588
2025-09-17 09:45:00-04:00,589.96,590.52,589.63,590.45,722371.0,590.095,4892
2025-09-17 09:50:00-04:00,590.46,591.02,590.38,590.5,667573.0,590.744,4364
2025-09-17 09:55:00-04:00,590.52,590.68,589.88,589.99,532269.0,590.341,3480
2025-09-17 10:00:00-04:00,590.0,590.05,589.27,589.86,581212.0,589.691,4024
2025-09-17 10:05:00-04:00,589.85,590.01,589.63,589.7,408548.0,589.831,2765
2025-09-17 10:10:00-04:00,589.69,589.94,589.57,589.91,294290.0,589.755,2034
2025-09-17 10:15:00-04:00,589.9,590.07,589.44,589.62,298715.0,589.729,1827
2025-09-17 10:20:00-04:00,589.66,589.89,589.38,589.41,255044.0,589.605,1795
2025-09-17 10:25:00-04:00,589.42,589.53,589.0,589.08,474458.0,589.206,2969
2025-09-17 10:30:00-04:00,589.09,589.55,588.97,589.27,520633.0,589.24,3367
2025-09-17 10:35:00-04:00,589.27,589.3,588.87,589.14,298848.0,589.031,2089
2025-09-17 10:40:00-04:00,589.14,589.28,588.69,588.71,300602.0,588.958,1957
2025-09-17 10:45:00-04:00,588.72,588.96,588.51,588.82,364836.0,588.74,2378
2025-09-17 10:50:00-04:00,588.82,588.88,588.38,588.84,345385.0,588.587,2269
2025-09-17 10:55:00-04:00,588.85,588.99,588.56,588.61,301478.0,588.73,2147
2025-09-17 11:00:00-04:00,588.61,588.73,588.37,588.4,279724.0,588.552,1743
2025-09-17 11:05:00-04:00,588.41,588.56,588.23,588.54,324714.0,588.4,1949
2025-09-17 11:10:00-04:00,588.52,588.92,588.31,588.89,305899.0,588.659,1829
2025-09-17 11:15:00-04:00,588.89,589.17,588.73,589.03,257083.0,589.02,1642
2025-09-17 11:20:00-04:00,589.02,589.06,588.67,588.7,199344.0,588.919,1246
2025-09-17 11:25:00-04:00,588.7,588.75,588.29,588.44,247103.0,588.468,1474
2025-09-17 11:30:00-04:00,588.44,588.63,588.34,588.5,281975.0,588.495,1640
2025-09-17 11:35:00-04:00,588.52,588.7,588.3,588.34,220503.0,588.496,1503
2025-09-17 11:40:00-04:00,588.34,588.57,588.15,588.54,248288.0,588.341,1640
2025-09-17 11:45:00-04:00,588.55,588.71,588.35,588.53,237041.0,588.498,1627
2025-09-17 11:50:00-04:00,588.53,588.57,588.16,588.21,194622.0,588.36,1337
2025-09-17 11:55:00-04:00,588.21,588.48,588.18,588.39,168076.0,588.393,956
2025-09-17 12:00:00-04:00,588.4,588.48,588.17,588.19,143227.0,588.287,961
2025-09-17 12:05:00-04:00,588.17,588.4,588.1,588.21,219311.0,588.256,1442
2025-09-17 12:10:00-04:00,588.21,588.24,587.99,588.14,190978.0,588.118,1295
2025-09-17 12:15:00-04:00,588.14,588.29,588.1,588.24,176605.0,588.204,1157
2025-09-17 12:20:00-04:00,588.25,588.51,588.19,588.46,178424.0,588.348,1150
2025-09-17 12:25:00-04:00,588.44,588.64,588.35,588.62,214209.0,588.461,1321
2025-09-17 12:30:00-04:00,588.61,588.61,588.07,588.09,292667.0,588.43,1782
2025-09-17 12:35:00-04:00,588.09,588.19,587.68,587.69,227454.0,587.964,1415
2025-09-17 12:40:00-04:00,587.69,588.04,587.52,588.01,372226.0,587.752,2012
2025-09-17 12:45:00-04:00,588.0,588.0,587.55,587.77,317373.0,587.701,1756
2025-09-17 12:50:00-04:00,587.77,588.11,587.77,587.99,304473.0,587.997,1898
2025-09-17 12:55:00-04:00,587.99,588.07,587.74,587.88,141895.0,587.919,966
2025-09-17 13:00:00-04:00,587.86,588.17,587.85,588.11,131470.0,588.023,920
2025-09-17 13:05:00-04:00,588.12,588.19,588.02,588.07,183112.0,588.098,1191
2025-09-17 13:10:00-04:00,588.07,588.18,587.84,588.17,156194.0,587.982,1077
2025-09-17 13:15:00-04:00,588.17,588.22,588.01,588.22,137217.0,588.144,938
2025-09-17 13:20:00-04:00,588.22,588.3,588.01,588.26,205846.0,588.173,1384
2025-09-17 13:25:00-04:00,588.27,588.37,588.16,588.35,170820.0,588.297,946
2025-09-17 13:30:00-04:00,588.36,588.7,588.36,588.63,176426.0,588.533,1229
2025-09-17 13:35:00-04:00,588.62,589.19,588.6,589.13,305697.0,588.946,1878
2025-09-17 13:40:00-04:00,589.13,589.29,588.92,588.98,297855.0,589.177,2027
2025-09-17 13:45:00-04:00,588.98,589.11,588.77,588.83,207679.0,588.931,1353
2025-09-17 13:50:00-04:00,588.84,588.93,588.7,588.93,180790.0,588.815,1266
2025-09-17 13:55:00-04:00,588.94,589.47,588.76,589.34,267328.0,589.003,1530
2025-09-17 14:00:00-04:00,589.49,591.1,589.14,590.81,1857960.0,590.195,10987
2025-09-17 14:05:00-04:00,590.79,590.87,588.96,589.08,1644398.0,589.937,9962
2025-09-17 14:10:00-04:00,589.08,589.35,586.25,586.25,2053067.0,587.845,13258
2025-09-17 14:15:00-04:00,586.26,587.85,585.52,587.54,1912272.0,586.818,12684
2025-09-17 14:20:00-04:00,587.52,588.74,586.53,588.46,1214500.0,587.736,8317
2025-09-17 14:25:00-04:00,588.47,589.23,587.82,589.16,700594.0,588.675,3414
2025-09-17 14:30:00-04:00,589.16,589.43,586.88,587.33,1210824.0,587.948,6906
2025-09-17 14:35:00-04:00,587.4,588.46,586.3,586.35,1614083.0,587.337,9617
2025-09-17 14:40:00-04:00,586.36,587.52,585.46,586.17,1707388.0,586.373,10165
2025-09-17 14:45:00-04:00,586.27,587.21,584.9,586.76,1572258.0,585.977,8482
2025-09-17 14:50:00-04:00,586.74,587.03,584.36,584.98,1648573.0,585.499,10458
2025-09-17 14:55:00-04:00,584.99,588.08,584.94,587.99,1726755.0,586.594,11011
2025-09-17 15:00:00-04:00,587.94,589.51,587.76,589.39,1536957.0,588.767,8553
2025-09-17 15:05:00-04:00,589.37,590.88,589.05,590.29,1743590.0,589.995,12204
2025-09-17 15:10:00-04:00,590.31,591.02,588.47,588.9,1300404.0,589.745,8994
2025-09-17 15:15:00-04:00,588.89,590.62,588.87,589.84,1248704.0,589.718,8828
2025-09-17 15:20:00-04:00,589.88,591.25,589.45,591.06,1224450.0,590.354,8889
2025-09-17 15:25:00-04:00,591.06,591.75,590.81,591.24,958538.0,591.282,5964
2025-09-17 15:30:00-04:00,591.27,591.67,589.91,590.38,906567.0,590.71,5404
2025-09-17 15:35:00-04:00,590.38,591.27,590.31,590.33,893831.0,590.777,6103
2025-09-17 15:40:00-04:00,590.35,590.9,590.0,590.49,686413.0,590.541,4795
2025-09-17 15:45:00-04:00,590.51,590.61,589.94,590.3,734830.0,590.256,4634
2025-09-17 15:50:00-04:00,590.3,590.78,589.5,590.13,1083777.0,590.022,7051
2025-09-17 15:55:00-04:00,590.12,590.64,589.27,589.93,2499821.0,589.75,15700
2025-09-18 09:30:00-04:00,594.91,595.61,594.32,595.38,1852151.0,594.976,12341
2025-09-18 09:35:00-04:00,595.36,595.72,594.59,594.63,1542490.0,595.34,11707
2025-09-18 09:40:00-04:00,594.63,594.83,593.57,593.58,1441145.0,594.084,10584
2025-09-18 09:45:00-04:00,593.58,594.38,592.96,594.36,1452188.0,593.531,9886
2025-09-18 09:50:00-04:00,594.36,595.34,594.28,594.47,944456.0,594.94,6407
2025-09-18 09:55:00-04:00,594.47,595.34,594.02,595.32,937889.0,594.631,5850
2025-09-18 10:00:00-04:00,595.32,596.03,595.25,595.9,890193.0,595.643,5496
2025-09-18 10:05:00-04:00,595.89,596.54,595.89,596.54,782607.0,596.277,5243
2025-09-18 10:10:00-04:00,596.54,596.91,596.4,596.54,1021286.0,596.627,5946
2025-09-18 10:15:00-04:00,596.54,597.09,596.48,597.05,731098.0,596.793,4889
2025-09-18 10:20:00-04:00,597.04,597.31,596.67,597.02,655699.0,597.013,4787
2025-09-18 10:25:00-04:00,597.03,597.49,597.02,597.45,484388.0,597.341,3212
2025-09-18 10:30:00-04:00,597.44,597.97,597.31,597.34,679096.0,597.68,4288
2025-09-18 10:35:00-04:00,597.34,597.42,596.86,596.89,533491.0,597.154,3368
2025-09-18 10:40:00-04:00,596.89,597.17,596.76,596.83,399117.0,596.972,2467
2025-09-18 10:45:00-04:00,596.82,597.24,596.59,597.02,578022.0,596.853,3828
2025-09-18 10:50:00-04:00,597.03,597.03,596.46,596.48,378890.0,596.687,2640
2025-09-18 10:55:00-04:00,596.49,596.84,596.16,596.21,413806.0,596.451,2668
2025-09-18 11:00:00-04:00,596.21,597.07,596.19,596.73,582396.0,596.768,3842
2025-09-18 11:05:00-04:00,596.74,597.22,596.48,597.14,671724.0,596.9,4704
2025-09-18 11:10:00-04:00,597.16,597.46,596.89,597.24,384996.0,597.205,2692
2025-09-18 11:15:00-04:00,597.24,597.99,597.08,597.95,565859.0,597.557,3514
2025-09-18 11:20:00-04:00,597.96,598.14,597.57,597.67,558100.0,597.864,3274
2025-09-18 11:25:00-04:00,597.68,597.8,597.2,597.34,469157.0,597.574,2535
2025-09-18 11:30:00-04:00,597.34,597.9,597.34,597.53,474404.0,597.632,3112
2025-09-18 11:35:00-04:00,597.54,597.56,597.32,597.53,285170.0,597.451,1823
2025-09-18 11:40:00-04:00,597.53,597.61,597.04,597.13,264360.0,597.262,1768
2025-09-18 11:45:00-04:00,597.13,597.21,596.84,596.93,303987.0,596.982,1915
2025-09-18 11:50:00-04:00,596.92,596.96,596.01,596.39,753636.0,596.37,4700
2025-09-18 11:55:00-04:00,596.39,596.61,596.06,596.29,553500.0,596.37,3527
2025-09-18 12:00:00-04:00,596.28,596.73,596.19,596.71,409090.0,596.495,2776
2025-09-18 12:05:00-04:00,596.71,596.78,596.05,596.09,351612.0,596.4,2349
2025-09-18 12:10:00-04:00,596.09,596.77,595.9,596.7,363594.0,596.359,2246
2025-09-18 12:15:00-04:00,596.68,597.16,596.67,596.83,348151.0,596.919,2261
2025-09-18 12:20:00-04:00,596.82,597.14,596.68,597.0,248343.0,596.889,1655
2025-09-18 12:25:00-04:00,597.0,597.17,596.85,597.07,286702.0,597.032,1539
2025-09-18 12:30:00-04:00,597.08,597.48,597.06,597.37,304303.0,597.263,1636
2025-09-18 12:35:00-04:00,597.36,597.49,597.27,597.44,257964.0,597.408,1606
2025-09-18 12:40:00-04:00,597.44,597.44,597.29,597.33,200399.0,597.363,1323
2025-09-18 12:45:00-04:00,597.35,597.57,597.31,597.52,297470.0,597.449,1773
2025-09-18 12:50:00-04:00,597.52,597.6,597.42,597.43,233239.0,597.523,1444
2025-09-18 12:55:00-04:00,597.43,597.58,597.31,597.47,220015.0,597.429,1518
2025-09-18 13:00:00-04:00,597.47,597.67,597.42,597.53,329109.0,597.525,2149
2025-09-18 13:05:00-04:00,597.53,597.69,597.48,597.61,326314.0,597.599,2256
2025-09-18 13:10:00-04:00,597.56,597.6,597.36,597.39,213638.0,597.477,1430
2025-09-18 13:15:00-04:00,597.39,597.57,597.25,597.35,254966.0,597.427,1633
2025-09-18 13:20:00-04:00,597.36,597.45,597.14,597.15,244100.0,597.3,1714
2025-09-18 13:25:00-04:00,597.15,597.19,596.86,596.87,311046.0,597.013,1929
2025-09-18 13:30:00-04:00,596.88,596.95,596.48,596.5,418619.0,596.679,2100
2025-09-18 13:35:00-04:00,596.5,596.52,596.1,596.5,488495.0,596.316,3101
2025-09-18 13:40:00-04:00,596.5,596.52,596.07,596.23,380598.0,596.245,2058
2025-09-18 13:45:00-04:00,596.22,596.45,596.05,596.23,251510.0,596.234,1599
2025-09-18 13:50:00-04:00,596.23,596.51,596.03,596.47,598309.0,596.389,1588
2025-09-18 13:55:00-04:00,596.46,596.5,595.93,596.2,341091.0,596.153,2172
2025-09-18 14:00:00-04:00,596.19,596.51,596.04,596.49,281253.0,596.212,1640
2025-09-18 14:05:00-04:00,596.5,596.86,596.47,596.65,326723.0,596.717,1875
2025-09-18 14:10:00-04:00,596.65,596.65,596.08,596.29,240916.0,596.314,1508
2025-09-18 14:15:00-04:00,596.31,596.58,596.08,596.15,194485.0,596.365,1299
2025-09-18 14:20:00-04:00,596.16,596.45,596.05,596.41,146764.0,596.242,1053
2025-09-18 14:25:00-04:00,596.41,596.59,596.26,596.29,198585.0,596.403,1326
2025-09-18 14:30:00-04:00,596.29,596.52,596.29,596.52,200750.0,596.394,1319
2025-09-18 14:35:00-04:00,596.51,596.61,596.39,596.5,200797.0,596.538,1325
2025-09-18 14:40:00-04:00,596.51,596.6,596.04,596.15,244613.0,596.29,1640
2025-09-18 14:45:00-04:00,596.15,596.84,596.1,596.59,379471.0,596.567,2251
2025-09-18 14:50:00-04:00,596.59,596.89,596.59,596.85,261738.0,596.76,1451
2025-09-18 14:55:00-04:00,596.85,596.95,596.69,596.72,189504.0,596.842,1175
2025-09-18 15:00:00-04:00,596.72,596.78,596.43,596.57,230492.0,596.596,1411
2025-09-18 15:05:00-04:00,596.58,596.75,596.49,596.69,288479.0,596.623,2119
2025-09-18 15:10:00-04:00,596.69,596.71,596.47,596.5,257135.0,596.6,1743
2025-09-18 15:15:00-04:00,596.5,596.58,596.27,596.51,311783.0,596.453,1589
2025-09-18 15:20:00-04:00,596.53,596.55,596.07,596.1,312549.0,596.266,1755
2025-09-18 15:25:00-04:00,596.1,596.19,595.78,595.88,322303.0,595.924,1779
2025-09-18 15:30:00-04:00,595.88,596.12,595.59,595.77,446282.0,595.839,2586
2025-09-18 15:35:00-04:00,595.79,596.02,595.65,595.74,466985.0,595.791,2708
2025-09-18 15:40:00-04:00,595.74,595.91,595.55,595.71,450600.0,595.691,2825
2025-09-18 15:45:00-04:00,595.7,595.75,595.29,595.53,658940.0,595.482,4501
2025-09-18 15:50:00-04:00,595.52,596.06,595.35,595.91,1308392.0,595.807,8092
2025-09-18 15:55:00-04:00,595.89,595.99,595.33,595.37,2538357.0,595.652,14134
2025-09-19 09:30:00-04:00,597.32,597.65,596.72,596.9,1849241.0,597.243,12144
2025-09-19 09:35:00-04:00,596.9,597.12,596.55,596.91,860272.0,596.834,6346
2025-09-19 09:40:00-04:00,596.92,597.63,596.81,597.25,702010.0,597.223,4988
2025-09-19 09:45:00-04:00,597.26,598.06,596.81,597.89,763898.0,597.381,5502
2025-09-19 09:50:00-04:00,597.88,598.43,597.75,598.12,812502.0,598.098,5223
2025-09-19 09:55:00-04:00,598.13,598.34,597.61,597.83,549384.0,597.903,3425
2025-09-19 10:00:00-04:00,597.83,598.17,597.69,598.02,623957.0,597.931,4193
2025-09-19 10:05:00-04:00,598.03,598.22,597.65,597.72,489480.0,597.991,3204
2025-09-19 10:10:00-04:00,597.73,598.06,597.54,597.79,368451.0,597.814,2257
2025-09-19 10:15:00-04:00,597.79,597.83,597.14,597.26,489939.0,597.42,2939
2025-09-19 10:20:00-04:00,597.25,597.73,596.96,597.62,432982.0,597.386,2791
2025-09-19 10:25:00-04:00,597.6,598.04,597.51,597.62,406988.0,597.768,2492
2025-09-19 10:30:00-04:00,597.62,597.79,597.41,597.64,381129.0,597.6,2443
2025-09-19 10:35:00-04:00,597.66,597.79,597.25,597.39,260468.0,597.528,1717
2025-09-19 10:40:00-04:00,597.38,597.4,596.92,596.93,430089.0,597.101,2727
2025-09-19 10:45:00-04:00,596.93,597.09,596.51,597.0,463670.0,596.808,3055
2025-09-19 10:50:00-04:00,596.99,597.53,596.74,597.1,613796.0,597.148,4380
2025-09-19 10:55:00-04:00,597.1,597.32,596.78,597.18,305044.0,597.053,1960
2025-09-19 11:00:00-04:00,597.19,597.55,596.73,596.74,334764.0,597.186,1911
2025-09-19 11:05:00-04:00,596.73,596.88,596.43,596.65,345864.0,596.636,2208
2025-09-19 11:10:00-04:00,596.64,596.77,596.42,596.49,346202.0,596.59,2257
2025-09-19 11:15:00-04:00,596.5,596.58,596.23,596.55,326852.0,596.404,1940
2025-09-19 11:20:00-04:00,596.53,596.82,596.11,596.55,548059.0,596.477,3693
2025-09-19 11:25:00-04:00,596.54,596.61,596.12,596.29,353610.0,596.289,2195
2025-09-19 11:30:00-04:00,596.28,596.28,595.85,596.22,533424.0,596.101,3465
2025-09-19 11:35:00-04:00,596.21,596.46,596.15,596.29,412330.0,596.298,2488
2025-09-19 11:40:00-04:00,596.3,596.94,596.3,596.77,356421.0,596.631,2137
2025-09-19 11:45:00-04:00,596.77,596.89,596.69,596.81,256888.0,596.798,1596
2025-09-19 11:50:00-04:00,596.81,597.23,596.79,597.2,289260.0,597.042,1902
2025-09-19 11:55:00-04:00,597.2,597.42,597.03,597.36,286479.0,597.237,1587
2025-09-19 12:00:00-04:00,597.34,597.98,597.33,597.91,639819.0,597.693,3458
2025-09-19 12:05:00-04:00,597.9,598.15,597.81,597.95,525204.0,598.002,3098
2025-09-19 12:10:00-04:00,597.96,598.3,597.91,598.15,467279.0,598.127,2519
2025-09-19 12:15:00-04:00,598.16,598.32,598.11,598.22,447312.0,598.224,2685
2025-09-19 12:20:00-04:00,598.22,598.6,598.07,598.29,457200.0,598.286,2669
2025-09-19 12:25:00-04:00,598.29,598.47,598.21,598.43,327657.0,598.352,1791
2025-09-19 12:30:00-04:00,598.42,598.57,598.04,598.15,428136.0,598.272,2422
2025-09-19 12:35:00-04:00,598.15,598.41,598.14,598.23,232062.0,598.284,1597
2025-09-19 12:40:00-04:00,598.23,598.64,598.22,598.63,239982.0,598.478,1535
2025-09-19 12:45:00-04:00,598.62,598.82,598.41,598.59,278234.0,598.607,1636
2025-09-19 12:50:00-04:00,598.6,598.6,598.38,598.53,175111.0,598.475,1046
2025-09-19 12:55:00-04:00,598.53,598.61,598.38,598.49,161003.0,598.504,961
2025-09-19 13:00:00-04:00,598.49,598.55,598.38,598.41,224868.0,598.459,1223
2025-09-19 13:05:00-04:00,598.42,598.43,598.22,598.26,180714.0,598.325,1050
2025-09-19 13:10:00-04:00,598.26,598.27,598.1,598.19,185530.0,598.162,1018
2025-09-19 13:15:00-04:00,598.18,598.24,597.98,598.02,188141.0,598.123,1033
2025-09-19 13:20:00-04:00,598.02,598.23,597.95,598.15,286803.0,598.104,1353
2025-09-19 13:25:00-04:00,598.16,598.17,597.91,598.12,158474.0,598.037,906
2025-09-19 13:30:00-04:00,598.12,598.5,598.11,598.32,294611.0,598.319,1655
2025-09-19 13:35:00-04:00,598.31,598.41,598.17,598.39,203109.0,598.304,1029
2025-09-19 13:40:00-04:00,598.41,598.59,598.32,598.59,231623.0,598.434,1391
2025-09-19 13:45:00-04:00,598.58,598.68,598.51,598.6,208522.0,598.602,1143
2025-09-19 13:50:00-04:00,598.6,598.67,598.4,598.44,186529.0,598.523,1033
2025-09-19 13:55:00-04:00,598.44,598.45,598.24,598.37,176909.0,598.357,1043
2025-09-19 14:00:00-04:00,598.38,598.47,598.2,598.44,188008.0,598.324,1065
2025-09-19 14:05:00-04:00,598.47,598.49,598.35,598.45,160794.0,598.429,958
2025-09-19 14:10:00-04:00,598.43,598.45,598.31,598.43,135870.0,598.373,866
2025-09-19 14:15:00-04:00,598.42,598.49,598.18,598.25,214837.0,598.346,1091
2025-09-19 14:20:00-04:00,598.27,598.46,598.19,598.2,181129.0,598.316,937
2025-09-19 14:25:00-04:00,598.19,598.26,598.07,598.23,228443.0,598.155,1339
2025-09-19 14:30:00-04:00,598.23,598.55,598.19,598.49,228272.0,598.384,1280
2025-09-19 14:35:00-04:00,598.48,598.56,598.41,598.53,158590.0,598.492,1074
2025-09-19 14:40:00-04:00,598.52,598.71,598.44,598.56,227560.0,598.562,1339
2025-09-19 14:45:00-04:00,598.58,598.59,598.19,598.24,234987.0,598.348,1365
2025-09-19 14:50:00-04:00,598.25,598.32,598.12,598.28,230916.0,598.209,1400
2025-09-19 14:55:00-04:00,598.29,598.55,598.28,598.55,274376.0,598.438,1707
2025-09-19 15:00:00-04:00,598.54,598.81,598.45,598.53,650797.0,598.628,4153
2025-09-19 15:05:00-04:00,598.52,598.7,598.49,598.65,303020.0,598.601,1924
2025-09-19 15:10:00-04:00,598.65,598.81,598.62,598.8,280658.0,598.711,1788
2025-09-19 15:15:00-04:00,598.8,598.92,598.71,598.76,351807.0,598.822,2091
2025-09-19 15:20:00-04:00,598.76,598.77,598.53,598.68,328526.0,598.651,2091
2025-09-19 15:25:00-04:00,598.68,599.25,598.67,599.02,522495.0,598.992,3348
2025-09-19 15:30:00-04:00,599.02,599.06,598.78,598.91,446767.0,598.91,3119
2025-09-19 15:35:00-04:00,598.91,599.02,598.83,598.98,404694.0,598.897,3046
2025-09-19 15:40:00-04:00,598.98,598.99,598.71,598.74,358987.0,598.798,2609
2025-09-19 15:45:00-04:00,598.73,599.03,598.72,598.95,362217.0,598.893,2336
2025-09-19 15:50:00-04:00,598.96,599.73,598.9,599.7,1635512.0,599.419,10245
2025-09-19 15:55:00-04:00,599.71,600.05,599.39,599.46,3135135.0,599.748,17113
2025-09-22 09:30:00-04:00,597.74,598.75,597.72,598.61,1465818.0,598.231,8382
2025-09-22 09:35:00-04:00,598.59,598.79,598.16,598.25,789175.0,598.47,4861
2025-09-22 09:40:00-04:00,598.25,598.6,597.94,598.57,648667.0,598.267,4438
2025-09-22 09:45:00-04:00,598.59,599.01,598.42,598.81,610844.0,598.684,3822
2025-09-22 09:50:00-04:00,598.81,599.32,598.76,599.29,514497.0,599.006,3356
2025-09-22 09:55:00-04:00,599.29,599.38,598.83,599.17,527866.0,599.089,3295
2025-09-22 10:00:00-04:00,599.17,599.52,599.01,599.22,532007.0,599.3,3658
2025-09-22 10:05:00-04:00,599.24,599.52,599.2,599.36,498680.0,599.378,3054
2025-09-22 10:10:00-04:00,599.35,599.35,598.75,598.96,510938.0,598.995,3102
2025-09-22 10:15:00-04:00,598.97,599.34,598.84,599.18,334792.0,599.105,2077
2025-09-22 10:20:00-04:00,599.18,599.65,599.18,599.61,367148.0,599.5,2275
2025-09-22 10:25:00-04:00,599.6,599.98,599.47,599.93,422684.0,599.684,2894
2025-09-22 10:30:00-04:00,599.92,599.96,599.61,599.77,428480.0,599.781,2836
2025-09-22 10:35:00-04:00,599.76,600.05,599.72,600.03,425207.0,599.919,2694
2025-09-22 10:40:00-04:00,600.02,600.35,600.02,600.27,541452.0,600.204,3064
2025-09-22 10:45:00-04:00,600.27,600.45,600.17,600.2,436693.0,600.318,3079
2025-09-22 10:50:00-04:00,600.21,600.58,600.17,600.3,464241.0,600.378,2972
2025-09-22 10:55:00-04:00,600.3,600.53,600.28,600.47,251249.0,600.422,1633
2025-09-22 11:00:00-04:00,600.46,600.72,600.24,600.27,528478.0,600.519,3244
2025-09-22 11:05:00-04:00,600.27,600.4,600.14,600.35,344793.0,600.251,2109
2025-09-22 11:10:00-04:00,600.33,600.39,600.02,600.05,282017.0,600.167,1951
2025-09-22 11:15:00-04:00,600.05,600.18,599.93,599.99,256581.0,600.034,1590
2025-09-22 11:20:00-04:00,599.99,600.27,599.93,600.25,430888.0,600.134,2167
2025-09-22 11:25:00-04:00,600.26,600.4,600.13,600.3,278703.0,600.276,1518
2025-09-22 11:30:00-04:00,600.32,600.44,599.86,599.88,388646.0,600.175,2613
2025-09-22 11:35:00-04:00,599.87,600.21,599.77,600.11,536871.0,599.969,3428
2025-09-22 11:40:00-04:00,600.12,600.23,599.97,600.02,271504.0,600.109,1704
2025-09-22 11:45:00-04:00,600.03,600.21,600.03,600.17,220904.0,600.119,1495
2025-09-22 11:50:00-04:00,600.18,600.3,600.05,600.19,269820.0,600.187,1701
2025-09-22 11:55:00-04:00,600.18,600.21,600.02,600.13,156786.0,600.119,993
2025-09-22 12:00:00-04:00,600.11,600.48,600.09,600.33,602467.0,600.329,3968
2025-09-22 12:05:00-04:00,600.32,600.86,600.11,600.77,690605.0,600.529,4312
2025-09-22 12:10:00-04:00,600.76,601.17,600.7,601.15,673884.0,600.97,4379
2025-09-22 12:15:00-04:00,601.15,601.47,601.06,601.13,672775.0,601.28,4034
2025-09-22 12:20:00-04:00,601.14,601.5,601.04,601.26,528210.0,601.283,3312
2025-09-22 12:25:00-04:00,601.26,601.63,601.15,601.57,528693.0,601.428,3192
2025-09-22 12:30:00-04:00,601.58,601.86,601.49,601.86,454988.0,601.694,2760
2025-09-22 12:35:00-04:00,601.86,601.91,601.67,601.86,436624.0,601.805,2609
2025-09-22 12:40:00-04:00,601.86,602.06,601.72,601.77,475497.0,601.922,2921
2025-09-22 12:45:00-04:00,601.77,601.85,601.63,601.73,334712.0,601.723,2076
2025-09-22 12:50:00-04:00,601.73,602.06,601.73,601.96,316717.0,601.933,2125
2025-09-22 12:55:00-04:00,601.96,602.07,601.81,601.89,374498.0,601.952,2627
2025-09-22 13:00:00-04:00,601.89,602.05,601.79,602.04,376229.0,601.912,2136
2025-09-22 13:05:00-04:00,602.03,602.04,601.83,601.96,270118.0,601.917,1593
2025-09-22 13:10:00-04:00,601.96,602.03,601.67,601.72,256908.0,601.902,1644
2025-09-22 13:15:00-04:00,601.74,601.91,601.56,601.62,345961.0,601.694,2266
2025-09-22 13:20:00-04:00,601.62,602.0,601.6,601.89,190041.0,601.846,1345
2025-09-22 13:25:00-04:00,601.89,602.03,601.85,601.94,177475.0,601.941,1112
2025-09-22 13:30:00-04:00,601.94,602.11,601.74,601.76,284453.0,601.934,1646
2025-09-22 13:35:00-04:00,601.76,602.0,601.68,601.95,292614.0,601.83,1783
2025-09-22 13:40:00-04:00,601.95,602.11,601.8,602.1,296933.0,601.975,2099
2025-09-22 13:45:00-04:00,602.11,602.21,601.98,602.11,321268.0,602.099,1947
2025-09-22 13:50:00-04:00,602.11,602.19,601.99,602.0,225585.0,602.1,1407
2025-09-22 13:55:00-04:00,602.0,602.04,601.79,601.94,267603.0,601.917,1500
2025-09-22 14:00:00-04:00,601.93,602.06,601.88,602.03,306737.0,601.959,1904
2025-09-22 14:05:00-04:00,602.04,602.13,601.94,602.07,300745.0,602.034,1862
2025-09-22 14:10:00-04:00,602.06,602.26,602.05,602.23,322468.0,602.17,1823
2025-09-22 14:15:00-04:00,602.21,602.53,602.18,602.38,242793.0,602.378,1463
2025-09-22 14:20:00-04:00,602.38,602.44,602.16,602.24,244875.0,602.292,1493
2025-09-22 14:25:00-04:00,602.25,602.43,602.21,602.42,216327.0,602.356,1311
2025-09-22 14:30:00-04:00,602.42,602.6,602.37,602.43,369515.0,602.477,1991
2025-09-22 14:35:00-04:00,602.43,602.59,602.39,602.56,192718.0,602.498,1251
2025-09-22 14:40:00-04:00,602.57,602.58,602.41,602.48,231832.0,602.476,1512
2025-09-22 14:45:00-04:00,602.49,602.65,602.43,602.44,261164.0,602.559,1492
2025-09-22 14:50:00-04:00,602.44,602.52,602.28,602.33,301129.0,602.406,1572
2025-09-22 14:55:00-04:00,602.34,602.57,602.27,602.5,260237.0,602.413,1575
2025-09-22 15:00:00-04:00,602.51,602.6,602.41,602.47,302128.0,602.505,1820
2025-09-22 15:05:00-04:00,602.47,602.61,602.44,602.58,218584.0,602.527,1299
2025-09-22 15:10:00-04:00,602.59,602.78,602.52,602.76,446911.0,602.66,2616
2025-09-22 15:15:00-04:00,602.77,602.87,602.51,602.64,292018.0,602.646,1684
2025-09-22 15:20:00-04:00,602.63,602.7,602.5,602.62,302731.0,602.622,1834
2025-09-22 15:25:00-04:00,602.62,602.67,602.49,602.63,301894.0,602.606,1637
2025-09-22 15:30:00-04:00,602.64,602.69,602.47,602.49,313096.0,602.573,1812
2025-09-22 15:35:00-04:00,602.5,602.51,602.08,602.17,460774.0,602.27,2575
2025-09-22 15:40:00-04:00,602.15,602.33,602.0,602.07,467601.0,602.102,2723
2025-09-22 15:45:00-04:00,602.08,602.35,602.03,602.34,586993.0,602.184,3368
2025-09-22 15:50:00-04:00,602.34,602.6,602.02,602.25,1068363.0,602.28,6754
2025-09-22 15:55:00-04:00,602.25,602.63,602.17,602.24,2138506.0,602.411,11828
2025-09-23 09:30:00-04:00,602.35,602.57,602.01,602.15,1269122.0,602.24,7420
2025-09-23 09:35:00-04:00,602.13,602.23,601.62,601.84,910506.0,601.894,5809
2025-09-23 09:40:00-04:00,601.86,601.97,600.97,601.25,877678.0,601.299,5212
2025-09-23 09:45:00-04:00,601.22,601.64,601.05,601.23,657526.0,601.329,4178
2025-09-23 09:50:00-04:00,601.24,601.65,601.01,601.08,698901.0,601.359,4953
2025-09-23 09:55:00-04:00,601.08,601.19,600.69,600.87,921263.0,600.941,6194
2025-09-23 10:00:00-04:00,600.89,601.16,600.62,600.88,799030.0,600.855,5274
2025-09-23 10:05:00-04:00,600.9,601.34,600.86,601.17,518975.0,601.1,3496
2025-09-23 10:10:00-04:00,601.16,601.38,600.85,601.3,533266.0,601.174,3519
2025-09-23 10:15:00-04:00,601.3,601.36,601.0,601.3,516854.0,601.185,3523
2025-09-23 10:20:00-04:00,601.31,601.4,600.74,600.78,383762.0,601.084,2665
2025-09-23 10:25:00-04:00,600.79,601.41,600.7,601.19,441189.0,601.099,2778
2025-09-23 10:30:00-04:00,601.21,601.37,601.08,601.15,351788.0,601.223,2357
2025-09-23 10:35:00-04:00,601.16,601.38,601.04,601.23,433558.0,601.224,2790
2025-09-23 10:40:00-04:00,601.22,601.7,601.05,601.15,462851.0,601.375,2956
2025-09-23 10:45:00-04:00,601.15,601.2,600.81,601.0,373414.0,601.018,2497
2025-09-23 10:50:00-04:00,601.01,601.27,600.87,601.25,359031.0,601.063,2540
2025-09-23 10:55:00-04:00,601.25,601.41,600.92,600.97,463502.0,601.144,2935
2025-09-23 11:00:00-04:00,600.97,601.08,600.7,600.94,369653.0,600.862,2442
2025-09-23 11:05:00-04:00,600.94,601.05,600.67,601.02,280553.0,600.875,1996
2025-09-23 11:10:00-04:00,601.04,601.48,601.01,601.37,385394.0,601.28,2408
2025-09-23 11:15:00-04:00,601.37,601.49,601.09,601.44,360674.0,601.326,2224
2025-09-23 11:20:00-04:00,601.44,601.57,601.3,601.55,211920.0,601.425,1391
2025-09-23 11:25:00-04:00,601.56,601.56,601.16,601.3,246639.0,601.329,1568
2025-09-23 11:30:00-04:00,601.3,601.39,601.12,601.21,299040.0,601.248,1943
2025-09-23 11:35:00-04:00,601.21,601.34,600.92,600.95,254882.0,601.15,1565
2025-09-23 11:40:00-04:00,600.93,601.1,600.61,601.08,380467.0,600.837,2454
2025-09-23 11:45:00-04:00,601.09,601.35,601.03,601.18,322434.0,601.198,1844
2025-09-23 11:50:00-04:00,601.17,601.25,600.98,601.07,244436.0,601.124,1706
2025-09-23 11:55:00-04:00,601.07,601.1,600.87,601.0,222974.0,600.972,1474
2025-09-23 12:00:00-04:00,601.0,601.16,600.82,600.86,223346.0,600.978,1421
2025-09-23 12:05:00-04:00,600.87,600.93,600.42,600.42,316264.0,600.663,2010
2025-09-23 12:10:00-04:00,600.43,600.63,600.26,600.62,539884.0,600.44,3146
2025-09-23 12:15:00-04:00,600.62,600.97,600.53,600.96,403584.0,600.735,2421
2025-09-23 12:20:00-04:00,600.98,601.21,600.9,600.92,502140.0,601.028,2857
2025-09-23 12:25:00-04:00,600.92,600.95,600.58,600.65,254090.0,600.745,1442
2025-09-23 12:30:00-04:00,600.65,600.85,600.56,600.8,280335.0,600.689,1592
2025-09-23 12:35:00-04:00,600.78,600.92,600.32,600.8,633562.0,600.635,3967
2025-09-23 12:40:00-04:00,600.81,600.93,600.64,600.78,273719.0,600.782,1717
2025-09-23 12:45:00-04:00,600.79,601.12,600.72,601.08,352052.0,600.971,2160
2025-09-23 12:50:00-04:00,601.06,601.15,600.82,600.83,247333.0,601.012,1570
2025-09-23 12:55:00-04:00,600.82,600.82,600.3,600.58,443515.0,600.56,2648
2025-09-23 13:00:00-04:00,600.58,600.62,600.1,600.22,416650.0,600.336,2269
2025-09-23 13:05:00-04:00,600.23,600.52,600.22,600.51,294917.0,600.381,1989
2025-09-23 13:10:00-04:00,600.5,600.54,600.12,600.13,299619.0,600.284,1997
2025-09-23 13:15:00-04:00,600.13,600.21,599.92,599.93,344175.0,600.076,2096
2025-09-23 13:20:00-04:00,599.95,600.16,599.78,599.85,681669.0,599.918,4201
2025-09-23 13:25:00-04:00,599.85,599.9,599.06,599.14,878487.0,599.405,5853
2025-09-23 13:30:00-04:00,599.13,599.38,598.89,599.07,680350.0,599.111,4706
2025-09-23 13:35:00-04:00,599.1,599.14,597.91,597.97,1308326.0,598.354,8836
2025-09-23 13:40:00-04:00,597.97,598.16,596.98,597.51,1507005.0,597.61,9953
2025-09-23 13:45:00-04:00,597.51,598.48,597.27,598.44,1078993.0,597.801,7240
2025-09-23 13:50:00-04:00,598.43,598.56,597.83,597.87,620504.0,598.203,3896
2025-09-23 13:55:00-04:00,597.91,598.48,597.81,598.35,521724.0,598.196,3440
2025-09-23 14:00:00-04:00,598.35,598.6,597.88,597.98,731850.0,598.207,3587
2025-09-23 14:05:00-04:00,597.99,598.21,597.77,597.95,429637.0,598.018,2430
2025-09-23 14:10:00-04:00,597.94,598.06,597.65,597.71,357973.0,597.79,2264
2025-09-23 14:15:00-04:00,597.71,597.82,597.34,597.38,458580.0,597.562,2964
2025-09-23 14:20:00-04:00,597.38,597.65,597.21,597.45,580074.0,597.45,3828
2025-09-23 14:25:00-04:00,597.45,598.12,597.45,597.74,546668.0,597.858,3428
2025-09-23 14:30:00-04:00,597.73,598.31,597.66,598.24,414224.0,598.048,2726
2025-09-23 14:35:00-04:00,598.23,598.34,597.49,597.56,387160.0,597.998,2557
2025-09-23 14:40:00-04:00,597.57,597.8,597.46,597.73,344485.0,597.656,2207
2025-09-23 14:45:00-04:00,597.74,598.02,597.68,597.73,345930.0,597.846,2249
2025-09-23 14:50:00-04:00,597.72,597.81,597.34,597.49,313254.0,597.572,1917
2025-09-23 14:55:00-04:00,597.49,597.65,597.1,597.25,623508.0,597.373,4388
2025-09-23 15:00:00-04:00,597.26,597.79,597.25,597.36,487093.0,597.569,3243
2025-09-23 15:05:00-04:00,597.36,597.49,597.23,597.37,380665.0,597.329,2758
2025-09-23 15:10:00-04:00,597.36,597.74,597.36,597.56,303162.0,597.579,2202
2025-09-23 15:15:00-04:00,597.58,598.16,597.51,598.05,369767.0,597.917,2520
2025-09-23 15:20:00-04:00,598.05,598.09,597.43,597.6,419959.0,597.666,2633
2025-09-23 15:25:00-04:00,597.6,597.64,597.32,597.51,380522.0,597.486,2494
2025-09-23 15:30:00-04:00,597.51,597.88,597.51,597.84,361032.0,597.707,2418
2025-09-23 15:35:00-04:00,597.85,597.97,597.64,597.85,551557.0,597.85,2955
2025-09-23 15:40:00-04:00,597.87,598.19,597.84,598.16,502159.0,598.031,3227
2025-09-23 15:45:00-04:00,598.14,598.37,597.95,598.12,473038.0,598.164,3180
2025-09-23 15:50:00-04:00,598.13,598.46,597.88,598.34,1527693.0,598.213,9731
2025-09-23 15:55:00-04:00,598.35,598.41,597.84,598.16,2031576.0,598.076,10629
2025-09-24 09:30:00-04:00,599.57,599.9,598.22,598.5,1530397.0,599.061,10111
2025-09-24 09:35:00-04:00,598.51,598.87,598.09,598.38,894980.0,598.46,6635
2025-09-24 09:40:00-04:00,598.38,598.73,598.17,598.37,816104.0,598.446,6232
2025-09-24 09:45:00-04:00,598.35,598.43,597.61,597.63,749064.0,598.127,5117
2025-09-24 09:50:00-04:00,597.62,597.91,597.13,597.52,895539.0,597.518,5724
2025-09-24 09:55:00-04:00,597.54,598.1,597.54,598.0,538287.0,597.804,3441
2025-09-24 10:00:00-04:00,597.99,598.46,597.6,598.4,729512.0,598.007,4593
2025-09-24 10:05:00-04:00,598.42,598.44,597.77,597.85,544232.0,597.998,3620
2025-09-24 10:10:00-04:00,597.85,598.21,597.62,598.18,443630.0,597.869,2760
2025-09-24 10:15:00-04:00,598.16,598.45,597.96,598.3,404754.0,598.236,2555
2025-09-24 10:20:00-04:00,598.27,598.38,597.76,597.84,349158.0,598.017,2283
2025-09-24 10:25:00-04:00,597.83,598.11,597.73,597.93,372643.0,597.92,2553
2025-09-24 10:30:00-04:00,597.92,598.14,597.33,597.49,429295.0,597.737,3020
2025-09-24 10:35:00-04:00,597.49,598.05,597.49,597.77,365748.0,597.806,2563
2025-09-24 10:40:00-04:00,597.77,597.84,597.39,597.79,291135.0,597.606,2009
2025-09-24 10:45:00-04:00,597.78,598.16,597.73,598.06,309274.0,597.933,2244
2025-09-24 10:50:00-04:00,598.09,598.22,597.5,597.54,333707.0,597.976,2266
2025-09-24 10:55:00-04:00,597.54,597.62,597.27,597.34,310963.0,597.466,2159
2025-09-24 11:00:00-04:00,597.35,597.57,597.19,597.26,392418.0,597.339,2633
2025-09-24 11:05:00-04:00,597.28,597.55,597.25,597.27,291604.0,597.401,1761
2025-09-24 11:10:00-04:00,597.26,597.38,596.94,596.96,465677.0,597.128,3168
2025-09-24 11:15:00-04:00,596.97,597.34,596.97,597.34,253173.0,597.147,1684
2025-09-24 11:20:00-04:00,597.33,597.73,597.31,597.61,358514.0,597.53,2544
2025-09-24 11:25:00-04:00,597.61,597.67,597.3,597.36,249146.0,597.468,1680
2025-09-24 11:30:00-04:00,597.36,597.37,596.73,596.75,292846.0,597.049,1972
2025-09-24 11:35:00-04:00,596.77,597.12,596.63,596.81,366870.0,596.86,2481
2025-09-24 11:40:00-04:00,596.81,596.92,596.49,596.63,349832.0,596.697,2428
2025-09-24 11:45:00-04:00,596.63,596.63,595.75,595.8,689732.0,596.094,4655
2025-09-24 11:50:00-04:00,595.8,595.96,595.36,595.66,807362.0,595.633,5627
2025-09-24 11:55:00-04:00,595.68,595.69,594.55,594.6,869149.0,595.001,5609
2025-09-24 12:00:00-04:00,594.6,594.98,594.32,594.48,963987.0,594.608,6015
2025-09-24 12:05:00-04:00,594.46,594.68,593.77,593.85,972019.0,594.175,5536
2025-09-24 12:10:00-04:00,593.84,594.02,593.36,593.93,850608.0,593.717,5420
2025-09-24 12:15:00-04:00,593.92,594.22,593.52,594.19,742952.0,593.905,4501
2025-09-24 12:20:00-04:00,594.19,594.96,594.18,594.95,656281.0,594.602,3554
2025-09-24 12:25:00-04:00,594.94,595.21,594.5,595.05,541471.0,594.896,3109
2025-09-24 12:30:00-04:00,595.05,595.16,594.67,594.73,383591.0,594.891,2236
2025-09-24 12:35:00-04:00,594.75,595.03,594.73,594.99,325649.0,594.883,1975
2025-09-24 12:40:00-04:00,595.0,595.24,594.88,595.05,364671.0,595.112,2282
2025-09-24 12:45:00-04:00,595.05,595.05,594.6,594.88,342377.0,594.85,1925
2025-09-24 12:50:00-04:00,594.86,594.99,594.65,594.75,298975.0,594.801,1820
2025-09-24 12:55:00-04:00,594.75,594.91,594.6,594.73,258022.0,594.712,1586
2025-09-24 13:00:00-04:00,594.74,595.12,594.68,594.96,355727.0,594.944,1823
2025-09-24 13:05:00-04:00,594.96,595.54,594.83,595.5,410487.0,595.245,2321
2025-09-24 13:10:00-04:00,595.5,596.1,595.46,595.57,863289.0,595.819,4530
2025-09-24 13:15:00-04:00,595.57,595.7,595.36,595.42,341813.0,595.502,1833
2025-09-24 13:20:00-04:00,595.43,595.74,595.3,595.68,177101.0,595.451,1114
2025-09-24 13:25:00-04:00,595.68,595.96,595.48,595.88,209267.0,595.762,1296
2025-09-24 13:30:00-04:00,595.88,596.25,595.88,596.22,287084.0,596.11,1648
2025-09-24 13:35:00-04:00,596.23,596.47,595.64,595.7,341979.0,596.002,1803
2025-09-24 13:40:00-04:00,595.69,595.85,595.63,595.7,175341.0,595.745,1045
2025-09-24 13:45:00-04:00,595.7,595.74,595.14,595.28,320248.0,595.433,1822
2025-09-24 13:50:00-04:00,595.27,595.52,595.13,595.51,291491.0,595.318,1605
2025-09-24 13:55:00-04:00,595.51,595.64,595.29,595.34,196472.0,595.455,1129
2025-09-24 14:00:00-04:00,595.34,595.43,595.21,595.31,184971.0,595.291,1113
2025-09-24 14:05:00-04:00,595.31,595.49,595.13,595.17,199638.0,595.287,1194
2025-09-24 14:10:00-04:00,595.17,595.19,594.69,595.13,344839.0,594.946,2209
2025-09-24 14:15:00-04:00,595.13,595.48,595.13,595.48,266320.0,595.319,1592
2025-09-24 14:20:00-04:00,595.47,595.47,595.01,595.11,274916.0,595.151,1608
2025-09-24 14:25:00-04:00,595.1,595.24,594.94,595.16,400869.0,595.069,2403
2025-09-24 14:30:00-04:00,595.17,595.41,595.06,595.24,306467.0,595.211,1930
2025-09-24 14:35:00-04:00,595.22,595.63,595.22,595.53,267045.0,595.455,1567
2025-09-24 14:40:00-04:00,595.53,595.66,595.45,595.55,224027.0,595.54,1222
2025-09-24 14:45:00-04:00,595.55,595.76,595.3,595.42,256665.0,595.541,1528
2025-09-24 14:50:00-04:00,595.4,596.04,595.38,595.96,322711.0,595.713,1879
2025-09-24 14:55:00-04:00,595.97,596.1,595.91,596.05,249141.0,596.014,1454
2025-09-24 15:00:00-04:00,596.05,596.11,595.64,595.8,265541.0,595.858,1425
2025-09-24 15:05:00-04:00,595.79,595.93,595.63,595.65,178178.0,595.744,959
2025-09-24 15:10:00-04:00,595.66,595.86,595.56,595.56,270696.0,595.738,1542
2025-09-24 15:15:00-04:00,595.55,595.86,595.45,595.82,235993.0,595.651,1341
2025-09-24 15:20:00-04:00,595.82,595.89,595.61,595.67,191538.0,595.721,1121
2025-09-24 15:25:00-04:00,595.67,595.71,595.54,595.66,133766.0,595.63,885
2025-09-24 15:30:00-04:00,595.66,595.86,595.61,595.85,249096.0,595.716,1530
2025-09-24 15:35:00-04:00,595.84,595.84,595.37,595.5,356751.0,595.516,1955
2025-09-24 15:40:00-04:00,595.5,595.66,595.32,595.35,273344.0,595.499,1583
2025-09-24 15:45:00-04:00,595.35,595.72,595.11,595.7,525438.0,595.418,3036
2025-09-24 15:50:00-04:00,595.69,596.04,595.68,595.99,707983.0,595.871,4423
2025-09-24 15:55:00-04:00,595.99,596.31,595.71,596.04,1180415.0,596.026,7648
2025-09-25 09:30:00-04:00,592.2,592.23,590.78,590.83,2565325.0,591.433,15651
2025-09-25 09:35:00-04:00,590.83,590.98,589.71,589.75,1497996.0,590.216,9779
2025-09-25 09:40:00-04:00,589.77,589.8,588.5,588.62,1526938.0,588.997,9940
2025-09-25 09:45:00-04:00,588.63,590.28,588.56,590.02,1935747.0,589.492,13800
2025-09-25 09:50:00-04:00,590.02,590.9,589.07,589.37,1576361.0,589.918,10354
2025-09-25 09:55:00-04:00,589.38,589.75,588.72,589.23,774172.0,589.286,4827
2025-09-25 10:00:00-04:00,589.23,590.89,589.07,590.81,1274353.0,589.954,7113
2025-09-25 10:05:00-04:00,590.81,592.05,590.79,591.99,1008422.0,591.469,5693
2025-09-25 10:10:00-04:00,591.99,592.39,591.61,592.2,968899.0,592.105,5734
2025-09-25 10:15:00-04:00,592.21,593.08,592.17,592.92,1012680.0,592.722,5978
2025-09-25 10:20:00-04:00,592.91,593.78,592.74,593.64,708028.0,593.225,4193
2025-09-25 10:25:00-04:00,593.64,593.79,592.83,593.25,916101.0,593.331,5352
2025-09-25 10:30:00-04:00,593.25,593.63,593.03,593.51,627162.0,593.364,3795
2025-09-25 10:35:00-04:00,593.49,593.63,593.0,593.55,572403.0,593.29,3590
2025-09-25 10:40:00-04:00,593.55,593.89,593.07,593.49,538897.0,593.507,3320
2025-09-25 10:45:00-04:00,593.48,594.14,593.17,594.09,732075.0,593.637,4442
2025-09-25 10:50:00-04:00,594.1,594.1,593.21,593.44,593522.0,593.497,3710
2025-09-25 10:55:00-04:00,593.44,594.08,593.43,593.63,470223.0,593.822,2808
2025-09-25 11:00:00-04:00,593.63,593.67,592.93,593.08,585844.0,593.251,3411
2025-09-25 11:05:00-04:00,593.1,593.37,592.39,592.74,653970.0,592.786,3637
2025-09-25 11:10:00-04:00,592.72,594.06,592.59,594.01,674713.0,593.528,4029
2025-09-25 11:15:00-04:00,594.01,594.12,593.6,593.75,487940.0,593.871,3071
2025-09-25 11:20:00-04:00,593.75,593.89,593.06,593.08,554317.0,593.461,3536
2025-09-25 11:25:00-04:00,593.09,593.11,592.49,592.75,460500.0,592.762,2970
2025-09-25 11:30:00-04:00,592.73,594.0,592.73,593.98,559500.0,593.319,3491
2025-09-25 11:35:00-04:00,593.97,594.57,593.7,594.55,596996.0,594.073,3557
2025-09-25 11:40:00-04:00,594.56,595.06,594.41,594.89,574424.0,594.785,3413
2025-09-25 11:45:00-04:00,594.88,595.12,594.82,595.05,513341.0,594.99,3150
2025-09-25 11:50:00-04:00,595.04,595.04,594.45,594.72,529975.0,594.733,3105
2025-09-25 11:55:00-04:00,594.72,594.84,594.43,594.67,378805.0,594.641,2347
2025-09-25 12:00:00-04:00,594.66,595.0,594.48,594.51,365218.0,594.72,2353
2025-09-25 12:05:00-04:00,594.51,594.85,594.35,594.42,334399.0,594.576,2144
2025-09-25 12:10:00-04:00,594.43,594.69,594.26,594.33,341331.0,594.456,2075
2025-09-25 12:15:00-04:00,594.33,594.74,594.28,594.31,331061.0,594.5,2179
2025-09-25 12:20:00-04:00,594.3,594.55,593.67,593.97,409109.0,594.0,2643
2025-09-25 12:25:00-04:00,593.96,594.18,593.54,593.57,683977.0,593.721,3673
2025-09-25 12:30:00-04:00,593.57,594.51,593.55,594.45,430942.0,594.126,2759
2025-09-25 12:35:00-04:00,594.47,594.47,593.82,593.84,196866.0,594.144,1210
2025-09-25 12:40:00-04:00,593.83,593.83,593.11,593.46,471793.0,593.521,3046
2025-09-25 12:45:00-04:00,593.46,593.83,593.33,593.43,255452.0,593.559,1548
2025-09-25 12:50:00-04:00,593.45,593.62,593.1,593.31,296949.0,593.366,1778
2025-09-25 12:55:00-04:00,593.33,593.59,593.29,593.38,229717.0,593.417,1444
2025-09-25 13:00:00-04:00,593.38,593.56,593.14,593.2,267275.0,593.352,1563
2025-09-25 13:05:00-04:00,593.18,593.79,593.13,593.58,301774.0,593.523,1639
2025-09-25 13:10:00-04:00,593.59,593.85,593.32,593.45,449454.0,593.598,2720
2025-09-25 13:15:00-04:00,593.44,593.64,592.94,593.04,430288.0,593.289,2659
2025-09-25 13:20:00-04:00,593.06,593.06,591.93,592.04,732420.0,592.308,4419
2025-09-25 13:25:00-04:00,592.05,592.89,592.0,592.68,543131.0,592.604,3373
2025-09-25 13:30:00-04:00,592.67,592.93,592.12,592.24,431759.0,592.415,2652
2025-09-25 13:35:00-04:00,592.26,592.31,591.77,592.02,419837.0,592.055,2678
2025-09-25 13:40:00-04:00,592.0,592.07,591.38,591.87,641073.0,591.728,4040
2025-09-25 13:45:00-04:00,591.84,591.93,591.21,591.24,397514.0,591.603,2642
2025-09-25 13:50:00-04:00,591.23,591.68,591.23,591.61,370019.0,591.514,2352
2025-09-25 13:55:00-04:00,591.6,591.71,590.65,590.78,656096.0,590.995,3944
2025-09-25 14:00:00-04:00,590.79,590.83,589.29,589.34,1167518.0,590.021,7501
2025-09-25 14:05:00-04:00,589.34,590.39,589.26,590.26,1088541.0,589.976,6284
2025-09-25 14:10:00-04:00,590.26,591.18,590.25,591.17,611501.0,590.776,3610
2025-09-25 14:15:00-04:00,591.17,592.1,591.13,592.05,735077.0,591.652,4342
2025-09-25 14:20:00-04:00,592.03,592.22,591.68,592.15,637016.0,591.99,3843
2025-09-25 14:25:00-04:00,592.15,592.48,592.07,592.33,454613.0,592.268,2819
2025-09-25 14:30:00-04:00,592.33,592.68,592.01,592.35,569231.0,592.364,3397
2025-09-25 14:35:00-04:00,592.37,592.91,592.21,592.86,541340.0,592.525,3588
2025-09-25 14:40:00-04:00,592.86,593.74,592.85,593.36,981219.0,593.396,5688
2025-09-25 14:45:00-04:00,593.35,593.42,592.65,593.18,601231.0,592.951,3943
2025-09-25 14:50:00-04:00,593.19,593.5,592.99,593.47,396740.0,593.257,2641
2025-09-25 14:55:00-04:00,593.47,593.7,593.1,593.44,507040.0,593.456,3091
2025-09-25 15:00:00-04:00,593.44,593.63,593.14,593.46,550989.0,593.408,3353
2025-09-25 15:05:00-04:00,593.46,593.68,593.1,593.33,397382.0,593.406,2445
2025-09-25 15:10:00-04:00,593.36,593.6,593.08,593.16,470669.0,593.336,2861
2025-09-25 15:15:00-04:00,593.16,593.31,592.92,592.98,355262.0,593.088,2317
2025-09-25 15:20:00-04:00,592.98,593.3,592.61,592.69,381062.0,592.948,2745
2025-09-25 15:25:00-04:00,592.69,593.09,592.69,592.96,303276.0,592.89,2099
2025-09-25 15:30:00-04:00,592.96,593.36,592.91,593.01,427081.0,593.196,2663
2025-09-25 15:35:00-04:00,592.99,593.1,592.66,592.72,359574.0,592.841,2259
2025-09-25 15:40:00-04:00,592.71,593.01,592.58,593.0,351454.0,592.78,2566
2025-09-25 15:45:00-04:00,592.98,593.07,592.61,592.74,467669.0,592.773,3287
2025-09-25 15:50:00-04:00,592.74,593.71,592.69,593.4,936684.0,593.147,5791
2025-09-25 15:55:00-04:00,593.39,593.86,593.09,593.53,1707771.0,593.447,10023
2025-09-26 09:30:00-04:00,594.35,595.45,592.96,595.27,2074304.0,594.104,13133
2025-09-26 09:35:00-04:00,595.28,595.57,594.79,595.29,1036535.0,595.233,7141
2025-09-26 09:40:00-04:00,595.27,595.73,594.52,594.72,827197.0,595.081,5820
2025-09-26 09:45:00-04:00,594.74,595.67,594.08,595.39,1053555.0,594.94,7734
2025-09-26 09:50:00-04:00,595.39,595.77,594.82,595.17,798524.0,595.228,5172
2025-09-26 09:55:00-04:00,595.17,595.63,594.8,595.52,466772.0,595.305,2965
2025-09-26 10:00:00-04:00,595.55,596.2,594.76,594.79,868734.0,595.623,5252
2025-09-26 10:05:00-04:00,594.82,594.91,593.17,593.51,1045555.0,593.861,6794
2025-09-26 10:10:00-04:00,593.54,593.87,592.74,593.15,829277.0,593.233,5538
2025-09-26 10:15:00-04:00,593.11,593.34,592.61,593.19,708083.0,592.993,4819
2025-09-26 10:20:00-04:00,593.18,593.26,592.19,592.28,709608.0,592.683,4437
2025-09-26 10:25:00-04:00,592.3,592.36,591.06,592.23,1234557.0,591.611,7202
2025-09-26 10:30:00-04:00,592.25,592.25,591.54,591.75,707663.0,591.838,4604
2025-09-26 10:35:00-04:00,591.74,593.3,591.57,593.24,804296.0,592.474,5153
2025-09-26 10:40:00-04:00,593.23,594.01,593.1,593.64,690024.0,593.683,4258
2025-09-26 10:45:00-04:00,593.63,593.87,592.17,592.18,605416.0,593.019,3692
2025-09-26 10:50:00-04:00,592.15,592.87,591.81,592.62,592471.0,592.386,3808
2025-09-26 10:55:00-04:00,592.6,593.07,592.03,592.18,499591.0,592.609,3416
2025-09-26 11:00:00-04:00,592.18,592.96,592.04,592.55,515862.0,592.383,3188
2025-09-26 11:05:00-04:00,592.55,592.86,592.22,592.47,423070.0,592.583,2844
2025-09-26 11:10:00-04:00,592.49,592.67,591.87,591.89,404591.0,592.21,2912
2025-09-26 11:15:00-04:00,591.89,593.19,591.72,593.09,506936.0,592.474,3252
2025-09-26 11:20:00-04:00,593.11,593.2,592.34,592.66,430577.0,592.754,2833
2025-09-26 11:25:00-04:00,592.68,593.8,592.67,593.77,464560.0,593.413,3078
2025-09-26 11:30:00-04:00,593.77,593.87,593.16,593.5,524405.0,593.557,3209
2025-09-26 11:35:00-04:00,593.51,593.61,592.71,592.9,393765.0,593.185,2583
2025-09-26 11:40:00-04:00,592.91,593.46,592.74,593.18,363761.0,593.078,2352
2025-09-26 11:45:00-04:00,593.18,593.41,592.84,593.39,275875.0,593.125,1689
2025-09-26 11:50:00-04:00,593.38,593.38,592.74,593.01,394544.0,593.01,2775
2025-09-26 11:55:00-04:00,593.05,593.17,592.44,592.57,293283.0,592.842,2039
2025-09-26 12:00:00-04:00,592.59,592.8,592.27,592.68,377401.0,592.551,2349
2025-09-26 12:05:00-04:00,592.71,593.06,592.53,592.67,266820.0,592.748,1608
2025-09-26 12:10:00-04:00,592.69,593.1,592.49,593.01,291678.0,592.735,1888
2025-09-26 12:15:00-04:00,592.98,593.58,592.92,593.56,284006.0,593.171,1978
2025-09-26 12:20:00-04:00,593.58,594.72,593.55,594.68,624252.0,594.201,3992
2025-09-26 12:25:00-04:00,594.69,594.95,594.12,594.49,445853.0,594.638,2654
2025-09-26 12:30:00-04:00,594.48,594.68,594.02,594.33,464558.0,594.354,2609
2025-09-26 12:35:00-04:00,594.33,594.7,594.1,594.41,288546.0,594.413,1709
2025-09-26 12:40:00-04:00,594.4,594.93,594.31,594.79,276293.0,594.646,1675
2025-09-26 12:45:00-04:00,594.78,594.87,594.44,594.72,359083.0,594.747,2332
2025-09-26 12:50:00-04:00,594.72,595.11,594.64,594.94,287107.0,594.891,1758
2025-09-26 12:55:00-04:00,594.93,595.39,594.74,595.18,322841.0,595.097,1955
2025-09-26 13:00:00-04:00,595.18,595.33,595.04,595.1,471506.0,595.184,2409
2025-09-26 13:05:00-04:00,595.12,595.39,595.05,595.37,379534.0,595.219,1953
2025-09-26 13:10:00-04:00,595.37,595.74,595.36,595.6,390195.0,595.561,2249
2025-09-26 13:15:00-04:00,595.59,595.63,595.34,595.39,247844.0,595.426,1392
2025-09-26 13:20:00-04:00,595.39,595.49,595.18,595.49,265076.0,595.304,1628
2025-09-26 13:25:00-04:00,595.49,595.81,595.39,595.63,244152.0,595.612,1527
2025-09-26 13:30:00-04:00,595.63,595.65,595.35,595.56,211422.0,595.554,1403
2025-09-26 13:35:00-04:00,595.55,595.73,595.37,595.43,330891.0,595.54,2183
2025-09-26 13:40:00-04:00,595.45,595.58,595.18,595.37,274128.0,595.397,1737
2025-09-26 13:45:00-04:00,595.37,595.39,595.11,595.19,225725.0,595.218,1394
2025-09-26 13:50:00-04:00,595.18,595.19,594.76,594.83,226363.0,595.01,1488
2025-09-26 13:55:00-04:00,594.83,595.22,594.57,595.21,326912.0,594.923,2075
2025-09-26 14:00:00-04:00,595.2,595.66,595.13,595.52,337190.0,595.5,2154
2025-09-26 14:05:00-04:00,595.5,595.52,594.87,594.87,274073.0,595.144,1668
2025-09-26 14:10:00-04:00,594.86,595.24,594.73,595.22,206365.0,594.975,1337
2025-09-26 14:15:00-04:00,595.21,595.63,595.18,595.39,217927.0,595.48,1490
2025-09-26 14:20:00-04:00,595.41,595.93,595.28,595.85,281525.0,595.618,1777
2025-09-26 14:25:00-04:00,595.85,596.11,595.61,595.78,384889.0,595.88,2343
2025-09-26 14:30:00-04:00,595.79,595.91,595.68,595.8,266334.0,595.795,1714
2025-09-26 14:35:00-04:00,595.8,596.13,595.78,596.04,648182.0,595.992,1727
2025-09-26 14:40:00-04:00,596.04,596.3,595.97,595.99,215474.0,596.119,1476
2025-09-26 14:45:00-04:00,595.98,596.05,595.51,595.93,385478.0,595.792,2704
2025-09-26 14:50:00-04:00,595.93,595.93,595.66,595.73,187531.0,595.807,1307
2025-09-26 14:55:00-04:00,595.73,596.11,595.72,596.04,182838.0,595.934,1195
2025-09-26 15:00:00-04:00,596.03,596.15,595.85,595.96,298000.0,596.023,1821
2025-09-26 15:05:00-04:00,595.96,596.12,595.66,595.74,318479.0,595.861,1912
2025-09-26 15:10:00-04:00,595.73,595.93,595.65,595.75,189440.0,595.8,1334
2025-09-26 15:15:00-04:00,595.75,596.01,595.59,595.96,205038.0,595.827,1440
2025-09-26 15:20:00-04:00,595.96,596.16,595.81,596.07,218106.0,596.01,1431
2025-09-26 15:25:00-04:00,596.09,596.25,596.0,596.03,195897.0,596.152,1237
2025-09-26 15:30:00-04:00,596.03,596.03,595.8,595.83,244702.0,595.897,1483
2025-09-26 15:35:00-04:00,595.82,596.04,595.7,595.89,347798.0,595.862,2184
2025-09-26 15:40:00-04:00,595.9,596.01,595.75,595.78,379142.0,595.892,2565
2025-09-26 15:45:00-04:00,595.78,596.05,595.64,596.02,359830.0,595.804,2436
2025-09-26 15:50:00-04:00,596.02,596.14,595.4,596.04,780009.0,595.669,5053
2025-09-26 15:55:00-04:00,596.05,596.27,595.71,596.04,1663284.0,596.065,10326
2025-09-29 09:30:00-04:00,599.11,599.99,599.04,599.63,1597183.0,599.527,9347
2025-09-29 09:35:00-04:00,599.6,600.12,599.48,599.65,827154.0,599.781,5525
2025-09-29 09:40:00-04:00,599.66,600.66,599.53,600.64,931136.0,600.12,5697
2025-09-29 09:45:00-04:00,600.64,601.41,600.61,601.4,923751.0,601.048,6351
2025-09-29 09:50:00-04:00,601.41,601.57,600.79,601.5,800216.0,601.264,5243
2025-09-29 09:55:00-04:00,601.49,601.57,600.99,601.26,581547.0,601.218,3843
2025-09-29 10:00:00-04:00,601.26,601.64,600.73,600.9,920767.0,601.118,5566
2025-09-29 10:05:00-04:00,600.9,602.05,600.78,601.9,654115.0,601.493,4157
2025-09-29 10:10:00-04:00,601.9,601.96,601.34,601.59,494980.0,601.635,3107
2025-09-29 10:15:00-04:00,601.61,601.71,600.9,600.9,472663.0,601.334,3044
2025-09-29 10:20:00-04:00,600.91,601.87,600.68,601.81,457026.0,601.264,2790
2025-09-29 10:25:00-04:00,601.82,601.9,601.54,601.61,336803.0,601.722,2112
2025-09-29 10:30:00-04:00,601.61,601.64,601.26,601.5,427600.0,601.463,2603
2025-09-29 10:35:00-04:00,601.54,601.72,601.09,601.3,402276.0,601.405,2472
2025-09-29 10:40:00-04:00,601.29,601.62,601.24,601.49,318684.0,601.432,1787
2025-09-29 10:45:00-04:00,601.49,601.69,601.37,601.54,322808.0,601.519,1968
2025-09-29 10:50:00-04:00,601.55,601.68,601.19,601.27,282175.0,601.447,1617
2025-09-29 10:55:00-04:00,601.26,601.33,600.8,600.95,361631.0,601.011,2202
2025-09-29 11:00:00-04:00,600.94,601.28,600.88,601.1,303527.0,601.13,1852
2025-09-29 11:05:00-04:00,601.1,601.17,600.68,600.73,272486.0,600.928,1637
2025-09-29 11:10:00-04:00,600.73,600.76,600.05,600.12,438081.0,600.311,2529
2025-09-29 11:15:00-04:00,600.11,600.11,599.38,599.82,780740.0,599.729,4478
2025-09-29 11:20:00-04:00,599.82,600.15,599.54,599.65,388582.0,599.839,2307
2025-09-29 11:25:00-04:00,599.65,599.88,599.37,599.48,454394.0,599.577,2527
2025-09-29 11:30:00-04:00,599.48,599.64,599.15,599.33,523470.0,599.363,2914
2025-09-29 11:35:00-04:00,599.33,599.45,598.83,599.31,475489.0,599.179,2988
2025-09-29 11:40:00-04:00,599.31,599.51,599.09,599.48,355472.0,599.298,2081
2025-09-29 11:45:00-04:00,599.49,599.53,599.04,599.09,277506.0,599.273,1649
2025-09-29 11:50:00-04:00,599.1,599.17,598.64,598.98,347227.0,598.891,1938
2025-09-29 11:55:00-04:00,599.0,599.2,598.64,599.07,281620.0,598.957,1597
2025-09-29 12:00:00-04:00,599.06,599.25,598.51,598.64,438749.0,598.857,2049
2025-09-29 12:05:00-04:00,598.63,599.02,598.53,599.02,439803.0,598.754,1735
2025-09-29 12:10:00-04:00,599.02,599.49,599.01,599.42,363954.0,599.252,1952
2025-09-29 12:15:00-04:00,599.41,599.53,598.53,599.13,452490.0,599.005,2177
2025-09-29 12:20:00-04:00,599.14,599.3,598.87,599.24,259710.0,599.123,1437
2025-09-29 12:25:00-04:00,599.23,599.25,598.99,599.05,172763.0,599.108,1137
2025-09-29 12:30:00-04:00,599.06,599.38,599.04,599.29,196974.0,599.209,1289
2025-09-29 12:35:00-04:00,599.28,599.29,599.02,599.14,210704.0,599.161,1236
2025-09-29 12:40:00-04:00,599.16,599.48,598.86,598.88,287273.0,599.199,1616
2025-09-29 12:45:00-04:00,598.88,599.05,598.71,598.95,282710.0,598.857,1759
2025-09-29 12:50:00-04:00,598.91,599.01,598.51,598.55,224144.0,598.75,1329
2025-09-29 12:55:00-04:00,598.55,598.82,598.45,598.74,264831.0,598.613,1639
2025-09-29 13:00:00-04:00,598.74,598.79,597.91,598.2,580394.0,598.283,3232
2025-09-29 13:05:00-04:00,598.23,598.74,598.2,598.53,305375.0,598.456,1922
2025-09-29 13:10:00-04:00,598.54,598.73,598.3,598.39,277880.0,598.521,1650
2025-09-29 13:15:00-04:00,598.4,598.83,598.28,598.69,292667.0,598.526,1827
2025-09-29 13:20:00-04:00,598.71,598.71,598.45,598.67,177167.0,598.597,1210
2025-09-29 13:25:00-04:00,598.67,598.9,598.53,598.69,189714.0,598.702,1270
2025-09-29 13:30:00-04:00,598.68,598.79,598.28,598.52,254833.0,598.512,1650
2025-09-29 13:35:00-04:00,598.52,598.63,598.39,598.62,184993.0,598.499,1306
2025-09-29 13:40:00-04:00,598.63,598.85,598.5,598.54,244310.0,598.697,1460
2025-09-29 13:45:00-04:00,598.53,598.72,598.44,598.54,209992.0,598.544,1278
2025-09-29 13:50:00-04:00,598.55,599.09,598.5,599.04,332321.0,598.832,2029
2025-09-29 13:55:00-04:00,599.04,599.07,598.85,598.98,167352.0,598.952,1078
2025-09-29 14:00:00-04:00,598.99,599.21,598.93,599.14,230007.0,599.057,1497
2025-09-29 14:05:00-04:00,599.13,599.24,598.88,598.92,244132.0,599.046,1537
2025-09-29 14:10:00-04:00,598.92,599.37,598.87,599.36,297402.0,599.155,1812
2025-09-29 14:15:00-04:00,599.35,599.45,599.19,599.33,290617.0,599.366,1333
2025-09-29 14:20:00-04:00,599.32,599.5,599.3,599.47,177165.0,599.414,1242
2025-09-29 14:25:00-04:00,599.47,599.56,599.29,599.33,197828.0,599.444,1233
2025-09-29 14:30:00-04:00,599.34,599.42,599.21,599.21,211811.0,599.343,1471
2025-09-29 14:35:00-04:00,599.22,599.24,598.94,598.94,255808.0,599.113,1502
2025-09-29 14:40:00-04:00,598.95,599.01,598.73,598.96,301698.0,598.884,1785
2025-09-29 14:45:00-04:00,598.97,599.14,598.96,599.11,152957.0,599.055,1064
2025-09-29 14:50:00-04:00,599.11,599.11,598.88,598.92,203513.0,598.969,1248
2025-09-29 14:55:00-04:00,598.91,598.99,598.79,598.92,195992.0,598.887,1366
2025-09-29 15:00:00-04:00,598.91,598.92,598.44,598.68,283397.0,598.647,1741
2025-09-29 15:05:00-04:00,598.68,598.7,598.06,598.23,381953.0,598.381,2135
2025-09-29 15:10:00-04:00,598.23,598.5,598.01,598.13,378046.0,598.248,2132
2025-09-29 15:15:00-04:00,598.13,598.13,597.41,597.92,711820.0,597.727,3951
2025-09-29 15:20:00-04:00,597.91,598.26,597.91,598.2,438511.0,598.114,2736
2025-09-29 15:25:00-04:00,598.19,598.41,598.04,598.06,362244.0,598.251,2025
2025-09-29 15:30:00-04:00,598.06,598.21,597.88,598.13,357672.0,598.055,2250
2025-09-29 15:35:00-04:00,598.14,598.36,598.07,598.31,323620.0,598.232,2183
2025-09-29 15:40:00-04:00,598.32,598.61,598.28,598.42,409135.0,598.441,2801
2025-09-29 15:45:00-04:00,598.42,598.87,598.42,598.74,650888.0,598.665,4382
2025-09-29 15:50:00-04:00,598.74,599.06,598.47,598.51,1171877.0,598.757,8288
2025-09-29 15:55:00-04:00,598.51,598.87,598.39,598.75,2009041.0,598.616,12417
2025-09-30 09:30:00-04:00,598.45,598.67,596.94,597.04,1140995.0,597.871,7179
2025-09-30 09:35:00-04:00,597.06,597.57,596.55,596.81,755299.0,597.016,4876
2025-09-30 09:40:00-04:00,596.8,597.89,596.7,597.89,579928.0,597.219,3422
2025-09-30 09:45:00-04:00,597.89,598.1,597.15,597.5,549398.0,597.769,3419
2025-09-30 09:50:00-04:00,597.47,597.58,596.31,596.36,629412.0,596.95,3872
2025-09-30 09:55:00-04:00,596.35,597.72,596.1,597.63,495092.0,596.863,2804
2025-09-30 10:00:00-04:00,597.72,598.24,597.47,597.93,646995.0,597.899,3824
2025-09-30 10:05:00-04:00,597.95,597.97,596.79,596.9,544858.0,597.196,3176
2025-09-30 10:10:00-04:00,596.88,597.3,596.66,597.17,502373.0,596.987,2813
2025-09-30 10:15:00-04:00,597.16,597.89,597.03,597.29,349641.0,597.471,1750
2025-09-30 10:20:00-04:00,597.29,597.89,597.05,597.21,254540.0,597.466,1188
2025-09-30 10:25:00-04:00,597.22,597.61,597.0,597.53,385619.0,597.261,2009
2025-09-30 10:30:00-04:00,597.52,598.13,597.34,597.71,313201.0,597.786,1838
2025-09-30 10:35:00-04:00,597.71,597.9,596.8,596.91,329626.0,597.328,1823
2025-09-30 10:40:00-04:00,596.88,597.79,596.8,597.71,347678.0,597.406,1782
2025-09-30 10:45:00-04:00,597.69,598.83,597.69,598.6,526863.0,598.329,2894
2025-09-30 10:50:00-04:00,598.6,598.77,598.34,598.58,372163.0,598.599,1920
2025-09-30 10:55:00-04:00,598.57,599.21,598.56,598.94,490947.0,598.895,2682
2025-09-30 11:00:00-04:00,598.94,599.41,598.87,599.28,409023.0,599.153,2346
2025-09-30 11:05:00-04:00,599.28,599.4,598.84,599.2,320923.0,599.118,1692
2025-09-30 11:10:00-04:00,599.23,599.27,598.55,598.56,297291.0,598.928,1704
2025-09-30 11:15:00-04:00,598.58,598.7,597.93,598.03,358384.0,598.362,2126
2025-09-30 11:20:00-04:00,598.01,598.21,597.52,597.8,510838.0,597.869,3122
2025-09-30 11:25:00-04:00,597.81,597.91,596.85,597.43,454253.0,597.352,2788
2025-09-30 11:30:00-04:00,597.44,598.05,597.33,597.86,353424.0,597.788,2296
2025-09-30 11:35:00-04:00,597.87,597.89,597.16,597.16,346831.0,597.425,2187
2025-09-30 11:40:00-04:00,597.17,597.41,597.03,597.23,323000.0,597.197,2015
2025-09-30 11:45:00-04:00,597.22,597.86,597.07,597.84,431915.0,597.409,2516
2025-09-30 11:50:00-04:00,597.86,598.15,597.62,597.99,399360.0,597.931,2094
2025-09-30 11:55:00-04:00,597.97,598.42,597.58,598.2,328175.0,598.061,1989
2025-09-30 12:00:00-04:00,598.18,598.38,597.94,598.0,240592.0,598.174,1367
2025-09-30 12:05:00-04:00,598.0,598.3,597.5,597.85,289438.0,597.888,1937
2025-09-30 12:10:00-04:00,597.86,597.87,597.59,597.78,219448.0,597.737,1497
2025-09-30 12:15:00-04:00,597.79,598.1,597.65,598.1,180472.0,597.856,1186
2025-09-30 12:20:00-04:00,598.11,598.97,598.1,598.31,353701.0,598.555,2253
2025-09-30 12:25:00-04:00,598.33,598.4,597.99,598.18,204527.0,598.17,988
2025-09-30 12:30:00-04:00,598.19,598.49,598.13,598.16,201541.0,598.317,1243
2025-09-30 12:35:00-04:00,598.16,598.36,598.04,598.1,151821.0,598.162,873
2025-09-30 12:40:00-04:00,598.1,598.3,597.85,598.28,184340.0,598.051,1136
2025-09-30 12:45:00-04:00,598.26,598.33,597.74,597.81,173329.0,597.964,978
2025-09-30 12:50:00-04:00,597.82,598.03,597.74,597.82,128928.0,597.869,872
2025-09-30 12:55:00-04:00,597.83,597.91,597.22,597.54,229400.0,597.558,1406
2025-09-30 13:00:00-04:00,597.53,597.61,597.24,597.36,284250.0,597.404,1403
2025-09-30 13:05:00-04:00,597.38,597.52,597.21,597.42,252139.0,597.33,1226
2025-09-30 13:10:00-04:00,597.43,597.47,596.83,597.16,291450.0,597.092,1687
2025-09-30 13:15:00-04:00,597.14,597.3,596.96,597.08,208699.0,597.094,1205
2025-09-30 13:20:00-04:00,597.07,597.1,596.4,596.51,280792.0,596.758,1344
2025-09-30 13:25:00-04:00,596.51,596.77,596.33,596.71,343962.0,596.535,2006
2025-09-30 13:30:00-04:00,596.69,596.75,596.33,596.69,341853.0,596.543,2112
2025-09-30 13:35:00-04:00,596.69,596.84,596.33,596.59,263642.0,596.603,1652
2025-09-30 13:40:00-04:00,596.62,597.02,596.57,596.79,268306.0,596.856,1523
2025-09-30 13:45:00-04:00,596.77,597.4,596.76,597.38,194845.0,597.183,1126
2025-09-30 13:50:00-04:00,597.39,597.88,597.39,597.8,279854.0,597.7,1593
2025-09-30 13:55:00-04:00,597.81,597.84,597.1,597.21,232309.0,597.439,1315
2025-09-30 14:00:00-04:00,597.2,597.28,597.04,597.14,280350.0,597.151,1468
2025-09-30 14:05:00-04:00,597.13,597.72,597.12,597.65,215292.0,597.458,1325
2025-09-30 14:10:00-04:00,597.67,598.24,597.67,598.2,336127.0,598.039,2064
2025-09-30 14:15:00-04:00,598.19,598.66,598.0,598.27,354865.0,598.297,1977
2025-09-30 14:20:00-04:00,598.27,598.58,598.21,598.52,194704.0,598.399,1190
2025-09-30 14:25:00-04:00,598.5,598.76,598.42,598.62,260645.0,598.588,1457
2025-09-30 14:30:00-04:00,598.61,598.69,598.33,598.41,210648.0,598.545,1193
2025-09-30 14:35:00-04:00,598.38,598.66,598.34,598.6,136199.0,598.511,840
2025-09-30 14:40:00-04:00,598.6,598.95,598.55,598.89,214991.0,598.748,1235
2025-09-30 14:45:00-04:00,598.88,599.17,598.77,599.14,258886.0,598.972,1409
2025-09-30 14:50:00-04:00,599.13,599.2,598.86,598.9,231012.0,599.019,1233
2025-09-30 14:55:00-04:00,598.89,599.07,598.78,598.86,214898.0,598.951,1265
2025-09-30 15:00:00-04:00,598.87,599.2,598.74,598.76,316296.0,598.96,1717
2025-09-30 15:05:00-04:00,598.76,599.07,598.67,598.9,271969.0,598.861,1430
2025-09-30 15:10:00-04:00,598.92,599.05,598.64,598.67,212471.0,598.833,1196
2025-09-30 15:15:00-04:00,598.68,598.79,598.48,598.75,213572.0,598.676,1175
2025-09-30 15:20:00-04:00,598.75,599.25,598.73,599.23,299937.0,599.033,1967
2025-09-30 15:25:00-04:00,599.21,599.53,599.14,599.42,336518.0,599.349,2177
2025-09-30 15:30:00-04:00,599.43,599.82,599.39,599.66,358042.0,599.631,2254
2025-09-30 15:35:00-04:00,599.67,599.74,599.44,599.52,477274.0,599.535,2992
2025-09-30 15:40:00-04:00,599.52,599.53,598.84,599.03,641727.0,599.097,3902
2025-09-30 15:45:00-04:00,599.01,599.97,599.0,599.93,756110.0,599.509,5375
2025-09-30 15:50:00-04:00,599.92,600.71,599.57,600.54,1200205.0,600.164,7475
2025-09-30 15:55:00-04:00,600.54,600.7,600.18,600.33,1876086.0,600.48,11216
2025-10-01 09:30:00-04:00,597.18,598.91,596.7,598.44,2011186.0,597.699,11235
2025-10-01 09:35:00-04:00,598.43,599.07,598.19,598.74,865080.0,598.723,5577
2025-10-01 09:40:00-04:00,598.7,598.99,598.2,598.77,722718.0,598.55,3885
2025-10-01 09:45:00-04:00,598.74,598.94,596.55,596.6,947978.0,597.748,6014
2025-10-01 09:50:00-04:00,596.58,597.67,596.34,597.6,942820.0,596.977,5217
2025-10-01 09:55:00-04:00,597.6,598.44,597.19,597.6,734231.0,597.798,3775
2025-10-01 10:00:00-04:00,597.59,598.67,597.14,598.65,603786.0,598.091,3621
2025-10-01 10:05:00-04:00,598.65,598.67,598.01,598.47,509366.0,598.36,3197
2025-10-01 10:10:00-04:00,598.48,598.93,598.36,598.86,369289.0,598.672,2234
2025-10-01 10:15:00-04:00,598.86,599.55,598.76,599.51,360039.0,599.108,2101
2025-10-01 10:20:00-04:00,599.51,600.09,599.44,599.81,490757.0,599.775,2829
2025-10-01 10:25:00-04:00,599.85,600.35,599.85,600.12,385580.0,600.113,2185
2025-10-01 10:30:00-04:00,600.13,600.45,599.91,600.44,412430.0,600.138,2377
2025-10-01 10:35:00-04:00,600.44,600.79,600.36,600.39,527594.0,600.58,2663
2025-10-01 10:40:00-04:00,600.4,600.43,600.05,600.27,473227.0,600.272,2895
2025-10-01 10:45:00-04:00,600.28,600.37,600.0,600.15,431787.0,600.157,2865
2025-10-01 10:50:00-04:00,600.15,600.53,600.13,600.41,291493.0,600.32,1861
2025-10-01 10:55:00-04:00,600.44,600.56,600.3,600.47,278259.0,600.452,1753
2025-10-01 11:00:00-04:00,600.45,601.02,600.45,600.65,725490.0,600.815,3468
2025-10-01 11:05:00-04:00,600.64,600.9,600.39,600.77,345405.0,600.683,1832
2025-10-01 11:10:00-04:00,600.77,600.83,600.06,600.51,383335.0,600.342,2155
2025-10-01 11:15:00-04:00,600.54,600.57,600.0,600.03,341711.0,600.262,1952
2025-10-01 11:20:00-04:00,600.03,600.29,599.94,600.25,311105.0,600.101,1829
2025-10-01 11:25:00-04:00,600.24,600.46,600.05,600.31,215490.0,600.278,1352
2025-10-01 11:30:00-04:00,600.33,600.76,600.32,600.71,233424.0,600.585,1400
2025-10-01 11:35:00-04:00,600.71,601.26,600.62,601.18,383901.0,601.023,2107
2025-10-01 11:40:00-04:00,601.17,601.3,601.03,601.24,275228.0,601.183,1673
2025-10-01 11:45:00-04:00,601.25,601.41,601.02,601.14,298808.0,601.256,2008
2025-10-01 11:50:00-04:00,601.12,601.37,601.11,601.29,172102.0,601.287,1100
2025-10-01 11:55:00-04:00,601.26,601.45,601.23,601.29,191837.0,601.353,1123
2025-10-01 12:00:00-04:00,601.29,601.56,601.26,601.3,351261.0,601.414,1991
2025-10-01 12:05:00-04:00,601.31,601.65,601.3,601.52,294140.0,601.521,1737
2025-10-01 12:10:00-04:00,601.52,601.65,601.46,601.47,238410.0,601.56,1439
2025-10-01 12:15:00-04:00,601.48,601.69,601.4,601.41,229275.0,601.561,1369
2025-10-01 12:20:00-04:00,601.42,601.47,601.21,601.35,285933.0,601.291,1611
2025-10-01 12:25:00-04:00,601.36,601.63,601.34,601.58,182716.0,601.495,1041
2025-10-01 12:30:00-04:00,601.58,601.79,601.56,601.78,206730.0,601.674,1189
2025-10-01 12:35:00-04:00,601.78,601.78,601.51,601.57,180413.0,601.673,974
2025-10-01 12:40:00-04:00,601.57,601.64,601.36,601.37,154958.0,601.506,923
2025-10-01 12:45:00-04:00,601.36,601.62,601.24,601.49,227089.0,601.416,1457
2025-10-01 12:50:00-04:00,601.5,601.65,601.46,601.47,152587.0,601.548,899
2025-10-01 12:55:00-04:00,601.48,601.91,601.42,601.84,192822.0,601.709,1257
2025-10-01 13:00:00-04:00,601.84,602.26,601.77,602.23,465468.0,602.014,2567
2025-10-01 13:05:00-04:00,602.24,602.45,602.24,602.29,334435.0,602.346,1853
2025-10-01 13:10:00-04:00,602.29,602.43,602.13,602.21,220905.0,602.278,1377
2025-10-01 13:15:00-04:00,602.2,602.51,602.16,602.33,278058.0,602.361,1516
2025-10-01 13:20:00-04:00,602.33,602.44,602.22,602.43,202294.0,602.34,1133
2025-10-01 13:25:00-04:00,602.43,602.69,602.38,602.54,364784.0,602.512,1938
2025-10-01 13:30:00-04:00,602.55,602.61,602.27,602.52,343295.0,602.477,1966
2025-10-01 13:35:00-04:00,602.52,602.56,602.32,602.35,135081.0,602.411,838
2025-10-01 13:40:00-04:00,602.39,602.45,602.08,602.28,209004.0,602.263,1227
2025-10-01 13:45:00-04:00,602.27,602.35,602.1,602.21,157862.0,602.195,929
2025-10-01 13:50:00-04:00,602.2,602.39,602.16,602.28,199726.0,602.301,1197
2025-10-01 13:55:00-04:00,602.28,602.56,602.21,602.54,269510.0,602.39,1661
2025-10-01 14:00:00-04:00,602.53,603.19,602.38,602.79,619376.0,602.826,3751
2025-10-01 14:05:00-04:00,602.79,603.22,602.79,603.18,422386.0,603.032,2347
2025-10-01 14:10:00-04:00,603.19,603.29,602.98,603.24,245226.0,603.138,1475
2025-10-01 14:15:00-04:00,603.24,603.44,603.18,603.39,270127.0,603.356,1404
2025-10-01 14:20:00-04:00,603.39,603.46,603.13,603.3,339954.0,603.267,1937
2025-10-01 14:25:00-04:00,603.3,603.5,603.15,603.25,226451.0,603.325,1277
2025-10-01 14:30:00-04:00,603.23,603.46,603.19,603.45,185514.0,603.284,1022
2025-10-01 14:35:00-04:00,603.46,603.59,603.37,603.55,228018.0,603.48,1363
2025-10-01 14:40:00-04:00,603.54,603.74,603.46,603.59,331737.0,603.59,2039
2025-10-01 14:45:00-04:00,603.58,603.67,603.49,603.57,145897.0,603.567,856
2025-10-01 14:50:00-04:00,603.58,603.76,603.51,603.54,269001.0,603.635,1518
2025-10-01 14:55:00-04:00,603.53,603.65,603.4,603.51,236285.0,603.498,1446
2025-10-01 15:00:00-04:00,603.51,603.75,603.47,603.73,322160.0,603.633,1660
2025-10-01 15:05:00-04:00,603.73,603.78,603.62,603.65,237506.0,603.71,1281
2025-10-01 15:10:00-04:00,603.65,603.66,603.36,603.58,312057.0,603.512,1451
2025-10-01 15:15:00-04:00,603.57,603.61,603.3,603.34,145568.0,603.507,900
2025-10-01 15:20:00-04:00,603.34,603.43,603.15,603.19,262622.0,603.269,1337
2025-10-01 15:25:00-04:00,603.17,603.57,603.13,603.54,335639.0,603.353,2030
2025-10-01 15:30:00-04:00,603.53,603.79,603.42,603.75,502031.0,603.622,2993
2025-10-01 15:35:00-04:00,603.75,603.75,603.36,603.41,379095.0,603.521,2265
2025-10-01 15:40:00-04:00,603.42,603.63,603.11,603.12,511750.0,603.384,3166
2025-10-01 15:45:00-04:00,603.13,603.59,603.04,603.53,702814.0,603.353,4478
2025-10-01 15:50:00-04:00,603.54,603.74,603.31,603.33,836841.0,603.5,5012
2025-10-01 15:55:00-04:00,603.33,603.78,601.48,603.29,2456798.0,603.532,11914
2025-10-02 09:30:00-04:00,607.06,607.16,605.83,605.92,1399333.0,606.573,8997
2025-10-02 09:35:00-04:00,605.92,606.2,604.93,605.03,851486.0,605.657,5861
2025-10-02 09:40:00-04:00,605.01,605.02,603.99,604.26,750623.0,604.435,5381
2025-10-02 09:45:00-04:00,604.23,604.81,603.74,603.8,659251.0,604.414,4747
2025-10-02 09:50:00-04:00,603.81,604.51,603.44,604.32,658972.0,603.968,4515
2025-10-02 09:55:00-04:00,604.3,604.7,603.57,604.64,451846.0,604.09,2804
2025-10-02 10:00:00-04:00,604.63,604.94,604.1,604.91,565423.0,604.589,4157
2025-10-02 10:05:00-04:00,604.92,605.08,604.43,604.93,468023.0,604.816,3427
2025-10-02 10:10:00-04:00,604.94,604.99,604.12,604.59,446818.0,604.554,3139
2025-10-02 10:15:00-04:00,604.61,605.17,604.51,604.54,434743.0,604.804,2882
2025-10-02 10:20:00-04:00,604.54,605.19,604.26,605.06,354008.0,604.754,2322
2025-10-02 10:25:00-04:00,605.07,605.31,604.87,604.92,451093.0,605.054,2719
2025-10-02 10:30:00-04:00,604.95,605.28,604.53,604.76,381957.0,604.89,2335
2025-10-02 10:35:00-04:00,604.78,605.24,604.7,605.23,248096.0,604.935,1709
2025-10-02 10:40:00-04:00,605.24,605.24,604.4,604.64,249413.0,604.813,1766
2025-10-02 10:45:00-04:00,604.64,604.72,603.73,604.31,528058.0,604.177,3379
2025-10-02 10:50:00-04:00,604.32,604.33,603.62,603.64,357425.0,603.989,2278
2025-10-02 10:55:00-04:00,603.64,603.94,603.54,603.59,368593.0,603.719,2455
2025-10-02 11:00:00-04:00,603.59,603.84,602.93,602.96,686353.0,603.414,3792
2025-10-02 11:05:00-04:00,602.96,604.02,602.96,603.87,384475.0,603.546,2744
2025-10-02 11:10:00-04:00,603.88,604.32,603.63,603.87,388581.0,603.996,2604
2025-10-02 11:15:00-04:00,603.91,603.95,603.65,603.87,222931.0,603.854,1570
2025-10-02 11:20:00-04:00,603.86,604.35,603.66,604.19,293422.0,604.021,1959
2025-10-02 11:25:00-04:00,604.17,604.39,603.89,604.12,228109.0,604.189,1506
2025-10-02 11:30:00-04:00,604.09,604.16,603.71,603.81,227567.0,603.921,1385
2025-10-02 11:35:00-04:00,603.81,603.91,603.14,603.6,372158.0,603.474,2504
2025-10-02 11:40:00-04:00,603.59,604.07,603.59,603.73,220174.0,603.827,1519
2025-10-02 11:45:00-04:00,603.72,604.01,603.5,603.85,217734.0,603.782,1456
2025-10-02 11:50:00-04:00,603.86,604.63,603.82,604.61,305087.0,604.296,1855
2025-10-02 11:55:00-04:00,604.61,605.09,604.59,604.97,388137.0,604.891,2591
2025-10-02 12:00:00-04:00,604.96,604.97,604.62,604.72,321031.0,604.777,2037
2025-10-02 12:05:00-04:00,604.71,604.71,604.12,604.51,207365.0,604.408,1493
2025-10-02 12:10:00-04:00,604.49,604.62,604.18,604.57,151401.0,604.43,1011
2025-10-02 12:15:00-04:00,604.54,604.73,604.44,604.68,151063.0,604.598,1068
2025-10-02 12:20:00-04:00,604.67,604.81,604.29,604.59,194888.0,604.562,1334
2025-10-02 12:25:00-04:00,604.59,604.75,604.41,604.59,143724.0,604.6,905
2025-10-02 12:30:00-04:00,604.58,604.7,604.43,604.66,150747.0,604.569,1026
2025-10-02 12:35:00-04:00,604.67,604.76,604.36,604.62,159393.0,604.57,1060
2025-10-02 12:40:00-04:00,604.61,604.61,603.97,604.32,231377.0,604.292,1626
2025-10-02 12:45:00-04:00,604.31,604.62,604.28,604.38,246344.0,604.431,1522
2025-10-02 12:50:00-04:00,604.37,604.99,604.37,604.97,277999.0,604.788,1702
2025-10-02 12:55:00-04:00,604.97,605.03,604.8,604.97,207413.0,604.908,1349
2025-10-02 13:00:00-04:00,604.97,605.0,604.54,604.61,198068.0,604.758,1274
2025-10-02 13:05:00-04:00,604.61,605.01,604.58,604.8,191838.0,604.835,1269
2025-10-02 13:10:00-04:00,604.8,605.05,604.75,605.0,192461.0,604.922,1303
2025-10-02 13:15:00-04:00,605.01,605.12,604.88,604.92,199463.0,605.022,1364
2025-10-02 13:20:00-04:00,604.92,605.24,604.83,605.23,190776.0,605.058,1292
2025-10-02 13:25:00-04:00,605.23,605.45,605.14,605.23,330238.0,605.273,1688
2025-10-02 13:30:00-04:00,605.24,605.47,605.06,605.3,212359.0,605.257,1465
2025-10-02 13:35:00-04:00,605.3,605.4,605.13,605.28,135716.0,605.269,1056
2025-10-02 13:40:00-04:00,605.27,605.8,605.27,605.48,255302.0,605.553,1929
2025-10-02 13:45:00-04:00,605.49,605.6,605.22,605.27,187268.0,605.373,1305
2025-10-02 13:50:00-04:00,605.28,605.4,605.23,605.28,136071.0,605.315,987
2025-10-02 13:55:00-04:00,605.28,605.32,605.12,605.19,221319.0,605.216,1532
2025-10-02 14:00:00-04:00,605.19,605.39,605.05,605.15,232892.0,605.213,1601
2025-10-02 14:05:00-04:00,605.17,605.42,605.15,605.35,212684.0,605.291,1476
2025-10-02 14:10:00-04:00,605.36,605.74,605.34,605.63,230428.0,605.558,1589
2025-10-02 14:15:00-04:00,605.61,605.69,605.48,605.64,227848.0,605.592,1236
2025-10-02 14:20:00-04:00,605.64,605.82,605.61,605.8,253207.0,605.723,1272
2025-10-02 14:25:00-04:00,605.79,605.88,605.49,605.7,227493.0,605.722,1405
2025-10-02 14:30:00-04:00,605.69,605.77,605.52,605.65,169031.0,605.67,1123
2025-10-02 14:35:00-04:00,605.65,605.78,605.51,605.78,191183.0,605.621,1190
2025-10-02 14:40:00-04:00,605.77,605.78,605.59,605.74,140775.0,605.72,873
2025-10-02 14:45:00-04:00,605.74,605.77,605.58,605.69,141839.0,605.691,887
2025-10-02 14:50:00-04:00,605.69,605.78,605.48,605.73,178608.0,605.657,1231
2025-10-02 14:55:00-04:00,605.74,605.95,605.71,605.82,243079.0,605.836,1492
2025-10-02 15:00:00-04:00,605.81,606.02,605.75,606.01,234819.0,605.9,1384
2025-10-02 15:05:00-04:00,606.0,606.07,605.86,605.99,196226.0,605.978,1240
2025-10-02 15:10:00-04:00,605.98,606.01,605.8,605.89,182726.0,605.903,1210
2025-10-02 15:15:00-04:00,605.89,605.92,605.74,605.87,193544.0,605.831,1253
2025-10-02 15:20:00-04:00,605.88,605.97,605.82,605.97,141516.0,605.894,1004
2025-10-02 15:25:00-04:00,605.96,606.11,605.91,606.04,200211.0,606.039,1287
2025-10-02 15:30:00-04:00,606.04,606.15,605.92,606.04,246498.0,606.038,1609
2025-10-02 15:35:00-04:00,606.03,606.04,605.59,605.78,333454.0,605.81,1992
2025-10-02 15:40:00-04:00,605.79,605.82,605.57,605.79,391197.0,605.683,2752
2025-10-02 15:45:00-04:00,605.8,605.91,605.68,605.9,364974.0,605.799,2438
2025-10-02 15:50:00-04:00,605.92,606.0,605.46,605.61,703326.0,605.636,4747
2025-10-02 15:55:00-04:00,605.61,605.87,605.29,605.7,1337221.0,605.621,8390
2025-10-03 09:30:00-04:00,606.51,607.25,606.24,606.81,1056452.0,606.753,6678
2025-10-03 09:35:00-04:00,606.83,607.17,606.5,607.12,638128.0,606.87,4792
2025-10-03 09:40:00-04:00,607.12,607.25,606.06,606.56,717408.0,606.57,4623
2025-10-03 09:45:00-04:00,606.51,607.08,606.37,606.93,385507.0,606.796,2868
2025-10-03 09:50:00-04:00,606.92,607.33,606.56,606.6,354878.0,606.926,2075
2025-10-03 09:55:00-04:00,606.6,606.62,605.71,605.89,413843.0,606.074,2659
2025-10-03 10:00:00-04:00,605.89,605.92,604.86,605.33,874771.0,605.25,5950
2025-10-03 10:05:00-04:00,605.34,605.41,604.52,605.06,503178.0,604.986,3558
2025-10-03 10:10:00-04:00,605.07,605.38,604.65,605.12,386771.0,605.054,2846
2025-10-03 10:15:00-04:00,605.11,605.72,605.02,605.08,361962.0,605.394,2574
2025-10-03 10:20:00-04:00,605.08,605.29,604.72,605.2,282790.0,605.045,2070
2025-10-03 10:25:00-04:00,605.2,605.86,605.04,605.47,298496.0,605.429,2027
2025-10-03 10:30:00-04:00,605.46,605.68,605.19,605.54,223352.0,605.454,1473
2025-10-03 10:35:00-04:00,605.56,606.09,605.39,605.92,337303.0,605.818,1944
2025-10-03 10:40:00-04:00,605.91,606.34,605.83,605.95,317329.0,606.107,2181
2025-10-03 10:45:00-04:00,605.98,606.15,605.62,605.68,223743.0,605.909,1582
2025-10-03 10:50:00-04:00,605.68,606.21,605.49,606.2,236194.0,605.861,1542
2025-10-03 10:55:00-04:00,606.2,606.25,606.0,606.1,255419.0,606.147,1666
2025-10-03 11:00:00-04:00,606.11,606.12,605.76,605.88,216246.0,605.935,1347
2025-10-03 11:05:00-04:00,605.87,606.23,605.75,605.92,200990.0,606.059,1341
2025-10-03 11:10:00-04:00,605.93,606.33,605.68,606.3,206060.0,606.053,1322
2025-10-03 11:15:00-04:00,606.29,606.46,606.24,606.41,270264.0,606.351,1576
2025-10-03 11:20:00-04:00,606.42,606.7,606.28,606.69,318203.0,606.573,1728
2025-10-03 11:25:00-04:00,606.68,606.71,606.25,606.5,345711.0,606.527,2337
2025-10-03 11:30:00-04:00,606.49,606.62,606.28,606.37,172619.0,606.457,1146
2025-10-03 11:35:00-04:00,606.38,606.61,606.16,606.16,207332.0,606.391,1332
2025-10-03 11:40:00-04:00,606.17,606.2,605.79,606.18,289394.0,605.992,1854
2025-10-03 11:45:00-04:00,606.17,606.34,605.99,606.3,229887.0,606.172,1364
2025-10-03 11:50:00-04:00,606.26,606.58,606.26,606.58,347398.0,606.425,1934
2025-10-03 11:55:00-04:00,606.56,606.93,606.49,606.77,356635.0,606.725,2136
2025-10-03 12:00:00-04:00,606.76,606.89,606.67,606.85,277751.0,606.795,1413
2025-10-03 12:05:00-04:00,606.85,607.02,606.7,606.74,285057.0,606.876,1608
2025-10-03 12:10:00-04:00,606.74,606.77,606.51,606.72,210488.0,606.653,1191
2025-10-03 12:15:00-04:00,606.73,606.89,606.67,606.88,125767.0,606.781,842
2025-10-03 12:20:00-04:00,606.89,606.92,606.54,606.57,118714.0,606.712,752
2025-10-03 12:25:00-04:00,606.59,606.76,606.36,606.72,134416.0,606.562,838
2025-10-03 12:30:00-04:00,606.71,606.76,606.62,606.72,154290.0,606.693,777
2025-10-03 12:35:00-04:00,606.7,606.74,606.32,606.36,149234.0,606.485,861
2025-10-03 12:40:00-04:00,606.33,606.39,606.07,606.15,194336.0,606.231,1160
2025-10-03 12:45:00-04:00,606.16,606.36,606.09,606.17,176524.0,606.222,1091
2025-10-03 12:50:00-04:00,606.17,606.25,605.88,606.14,235806.0,606.098,1501
2025-10-03 12:55:00-04:00,606.14,606.29,605.98,606.1,188019.0,606.135,1139
2025-10-03 13:00:00-04:00,606.06,606.06,604.01,604.49,1052092.0,604.863,6100
2025-10-03 13:05:00-04:00,604.48,604.9,603.8,604.85,913184.0,604.32,6446
2025-10-03 13:10:00-04:00,604.83,605.52,604.52,605.2,376025.0,605.117,2384
2025-10-03 13:15:00-04:00,605.17,605.17,604.32,604.36,363277.0,604.815,2414
2025-10-03 13:20:00-04:00,604.37,604.52,603.91,604.07,419593.0,604.243,2660
2025-10-03 13:25:00-04:00,604.09,604.29,603.78,603.9,381636.0,604.065,2587
2025-10-03 13:30:00-04:00,603.87,604.65,603.58,604.18,540504.0,604.151,3511
2025-10-03 13:35:00-04:00,604.16,604.35,603.92,604.2,323705.0,604.153,2047
2025-10-03 13:40:00-04:00,604.2,604.26,603.27,603.45,457703.0,603.611,3186
2025-10-03 13:45:00-04:00,603.45,603.59,602.72,602.97,740180.0,603.078,5050
2025-10-03 13:50:00-04:00,602.95,603.0,601.39,601.45,877873.0,602.036,5621
2025-10-03 13:55:00-04:00,601.45,602.86,601.38,602.62,735264.0,602.397,5112
2025-10-03 14:00:00-04:00,602.61,602.74,601.76,601.79,789440.0,602.316,4814
2025-10-03 14:05:00-04:00,601.78,602.19,601.45,601.91,736862.0,601.766,4541
2025-10-03 14:10:00-04:00,601.9,602.91,601.85,602.61,478979.0,602.508,3362
2025-10-03 14:15:00-04:00,602.59,603.48,602.53,603.4,515768.0,602.982,3478
2025-10-03 14:20:00-04:00,603.4,603.8,603.06,603.73,392362.0,603.447,2619
2025-10-03 14:25:00-04:00,603.73,604.3,603.67,604.14,478554.0,604.007,2662
2025-10-03 14:30:00-04:00,604.14,604.23,603.09,603.53,502972.0,603.652,3050
2025-10-03 14:35:00-04:00,603.52,603.69,603.26,603.48,246821.0,603.493,1702
2025-10-03 14:40:00-04:00,603.49,603.75,603.27,603.55,257150.0,603.536,1770
2025-10-03 14:45:00-04:00,603.54,603.55,602.89,602.94,375864.0,603.259,2485
2025-10-03 14:50:00-04:00,602.92,603.18,602.74,603.14,265108.0,602.977,1957
2025-10-03 14:55:00-04:00,603.13,603.56,603.11,603.46,374942.0,603.376,2259
2025-10-03 15:00:00-04:00,603.44,603.67,603.16,603.32,366325.0,603.403,2588
2025-10-03 15:05:00-04:00,603.3,603.59,603.18,603.48,272365.0,603.433,1895
2025-10-03 15:10:00-04:00,603.47,603.96,603.42,603.51,327395.0,603.666,2053
2025-10-03 15:15:00-04:00,603.52,603.65,603.26,603.44,254730.0,603.433,1770
2025-10-03 15:20:00-04:00,603.44,603.5,603.12,603.27,256983.0,603.329,1664
2025-10-03 15:25:00-04:00,603.27,603.52,603.24,603.34,190585.0,603.395,1383
2025-10-03 15:30:00-04:00,603.34,603.64,603.19,603.52,253392.0,603.412,1793
2025-10-03 15:35:00-04:00,603.52,603.77,603.46,603.53,259301.0,603.628,1709
2025-10-03 15:40:00-04:00,603.52,603.86,603.48,603.53,335847.0,603.661,2099
2025-10-03 15:45:00-04:00,603.53,603.75,603.49,603.7,410728.0,603.654,2654
2025-10-03 15:50:00-04:00,603.68,603.68,603.13,603.41,913538.0,603.349,6773
2025-10-03 15:55:00-04:00,603.4,603.55,602.77,603.15,1652336.0,603.045,11405
2025-10-06 09:30:00-04:00,608.43,608.62,607.04,607.19,1489064.0,607.838,10238
2025-10-06 09:35:00-04:00,607.18,607.94,606.87,607.19,903990.0,607.415,6530
2025-10-06 09:40:00-04:00,607.23,607.69,606.09,606.66,764383.0,606.811,5780
2025-10-06 09:45:00-04:00,606.66,607.46,606.54,607.24,785418.0,607.068,5957
2025-10-06 09:50:00-04:00,607.27,607.28,606.42,606.88,495625.0,606.852,3624
2025-10-06 09:55:00-04:00,606.87,607.12,606.55,607.03,536290.0,606.825,3851
2025-10-06 10:00:00-04:00,607.03,607.56,606.69,607.44,632034.0,607.162,4671
2025-10-06 10:05:00-04:00,607.46,607.6,606.84,606.86,413326.0,607.304,2864
2025-10-06 10:10:00-04:00,606.88,607.26,606.55,607.12,431465.0,606.899,3030
2025-10-06 10:15:00-04:00,607.12,607.42,607.03,607.2,316466.0,607.245,2293
2025-10-06 10:20:00-04:00,607.21,607.73,607.03,607.08,357822.0,607.374,2428
2025-10-06 10:25:00-04:00,607.1,607.13,606.66,606.75,262848.0,606.915,1767
2025-10-06 10:30:00-04:00,606.74,606.95,606.39,606.49,373241.0,606.607,2473
2025-10-06 10:35:00-04:00,606.5,606.77,606.25,606.75,355280.0,606.47,2160
2025-10-06 10:40:00-04:00,606.75,606.8,605.97,606.45,495153.0,606.396,3473
2025-10-06 10:45:00-04:00,606.46,607.1,606.32,607.04,279471.0,606.703,1886
2025-10-06 10:50:00-04:00,607.01,607.02,606.58,606.61,231998.0,606.768,1680
2025-10-06 10:55:00-04:00,606.62,606.98,606.48,606.98,229251.0,606.701,1496
2025-10-06 11:00:00-04:00,606.97,607.23,606.76,607.21,246958.0,606.954,1822
2025-10-06 11:05:00-04:00,607.22,607.44,607.1,607.25,291650.0,607.294,1976
2025-10-06 11:10:00-04:00,607.24,607.4,607.14,607.16,194112.0,607.286,1327
2025-10-06 11:15:00-04:00,607.17,607.42,607.05,607.21,201207.0,607.233,1211
2025-10-06 11:20:00-04:00,607.17,607.27,607.03,607.2,114975.0,607.156,877
2025-10-06 11:25:00-04:00,607.18,607.56,607.05,607.2,202070.0,607.351,1253
2025-10-06 11:30:00-04:00,607.2,607.46,607.13,607.45,185517.0,607.321,1110
2025-10-06 11:35:00-04:00,607.45,607.58,607.38,607.45,172934.0,607.477,1155
2025-10-06 11:40:00-04:00,607.45,607.66,607.34,607.58,231924.0,607.532,1360
2025-10-06 11:45:00-04:00,607.58,608.18,607.57,608.17,405642.0,607.914,2542
2025-10-06 11:50:00-04:00,608.18,608.43,608.11,608.35,479161.0,608.272,2704
2025-10-06 11:55:00-04:00,608.36,608.5,608.26,608.31,256137.0,608.37,1696
2025-10-06 12:00:00-04:00,608.3,608.39,607.91,608.03,460869.0,608.216,2689
2025-10-06 12:05:00-04:00,608.04,608.23,607.87,607.88,298842.0,608.057,1644
2025-10-06 12:10:00-04:00,607.87,607.9,607.71,607.79,183125.0,607.792,1242
2025-10-06 12:15:00-04:00,607.79,608.03,607.7,607.95,165221.0,607.885,1104
2025-10-06 12:20:00-04:00,607.95,608.15,607.81,608.14,148299.0,608.006,933
2025-10-06 12:25:00-04:00,608.14,608.23,608.06,608.18,176895.0,608.139,1010
2025-10-06 12:30:00-04:00,608.19,608.21,607.99,608.01,183495.0,608.102,1032
2025-10-06 12:35:00-04:00,608.01,608.13,607.83,608.04,152945.0,607.981,951
2025-10-06 12:40:00-04:00,608.04,608.11,607.88,608.04,120528.0,608.001,768
2025-10-06 12:45:00-04:00,608.03,608.18,607.91,607.93,144969.0,608.04,824
2025-10-06 12:50:00-04:00,607.91,608.19,607.88,608.15,173522.0,608.06,989
2025-10-06 12:55:00-04:00,608.16,608.23,608.09,608.18,129789.0,608.161,859
2025-10-06 13:00:00-04:00,608.17,608.22,608.01,608.07,157684.0,608.125,968
2025-10-06 13:05:00-04:00,608.07,608.08,607.86,607.92,151265.0,607.965,1017
2025-10-06 13:10:00-04:00,607.92,607.96,607.74,607.95,191053.0,607.85,1176
2025-10-06 13:15:00-04:00,607.94,608.14,607.71,608.11,258623.0,607.922,1458
2025-10-06 13:20:00-04:00,608.11,608.79,608.07,608.71,437560.0,608.524,2898
2025-10-06 13:25:00-04:00,608.7,608.87,608.52,608.63,383395.0,608.715,2288
2025-10-06 13:30:00-04:00,608.63,608.73,608.5,608.57,286515.0,608.62,1856
2025-10-06 13:35:00-04:00,608.56,608.73,608.32,608.67,270767.0,608.503,1910
2025-10-06 13:40:00-04:00,608.69,608.73,608.32,608.36,221999.0,608.558,1496
2025-10-06 13:45:00-04:00,608.35,608.64,608.33,608.62,294342.0,608.489,2121
2025-10-06 13:50:00-04:00,608.62,608.79,608.57,608.68,205748.0,608.726,1392
2025-10-06 13:55:00-04:00,608.68,608.86,608.61,608.78,175946.0,608.762,1126
2025-10-06 14:00:00-04:00,608.77,608.98,608.59,608.87,321430.0,608.752,1582
2025-10-06 14:05:00-04:00,608.87,608.95,608.64,608.67,233771.0,608.795,1329
2025-10-06 14:10:00-04:00,608.67,608.87,608.56,608.7,145367.0,608.727,968
2025-10-06 14:15:00-04:00,608.7,608.87,608.65,608.85,150471.0,608.771,898
2025-10-06 14:20:00-04:00,608.86,608.99,608.76,608.95,213501.0,608.894,1013
2025-10-06 14:25:00-04:00,608.96,609.08,608.87,608.95,226210.0,608.967,1392
2025-10-06 14:30:00-04:00,608.96,609.34,608.94,609.21,446829.0,609.194,2387
2025-10-06 14:35:00-04:00,609.2,609.36,608.99,609.0,303914.0,609.245,1612
2025-10-06 14:40:00-04:00,609.01,609.11,608.78,608.98,148856.0,608.953,946
2025-10-06 14:45:00-04:00,608.98,609.15,608.93,609.04,104165.0,609.044,659
2025-10-06 14:50:00-04:00,609.04,609.24,609.03,609.1,131211.0,609.13,897
2025-10-06 14:55:00-04:00,609.1,609.16,608.84,609.02,133896.0,608.995,880
2025-10-06 15:00:00-04:00,609.01,609.04,608.81,608.84,186123.0,608.926,1172
2025-10-06 15:05:00-04:00,608.83,609.03,608.77,608.95,206651.0,608.895,1189
2025-10-06 15:10:00-04:00,608.95,609.01,608.84,608.96,134934.0,608.929,921
2025-10-06 15:15:00-04:00,608.96,608.97,608.76,608.8,219776.0,608.838,1349
2025-10-06 15:20:00-04:00,608.8,608.81,608.53,608.66,258586.0,608.667,1535
2025-10-06 15:25:00-04:00,608.65,608.81,608.62,608.66,246207.0,608.708,1365
2025-10-06 15:30:00-04:00,608.65,608.7,608.48,608.65,265202.0,608.608,1500
2025-10-06 15:35:00-04:00,608.63,608.79,608.51,608.75,300829.0,608.668,1844
2025-10-06 15:40:00-04:00,608.74,608.8,608.23,608.33,1226533.0,608.417,7291
2025-10-06 15:45:00-04:00,608.33,608.4,607.8,607.95,1196171.0,608.036,7415
2025-10-06 15:50:00-04:00,607.94,608.27,607.88,608.06,1133677.0,608.088,7278
2025-10-06 15:55:00-04:00,608.07,608.15,607.62,607.71,1768009.0,607.874,9814
2025-10-07 09:30:00-04:00,609.05,609.3,608.58,609.1,1369508.0,608.922,7924
2025-10-07 09:35:00-04:00,609.1,609.69,608.99,609.28,712840.0,609.284,4848
2025-10-07 09:40:00-04:00,609.29,609.59,609.05,609.27,620032.0,609.32,3959
2025-10-07 09:45:00-04:00,609.27,609.43,608.89,609.32,628163.0,609.105,3915
2025-10-07 09:50:00-04:00,609.33,609.39,608.91,609.32,473546.0,609.095,3274
2025-10-07 09:55:00-04:00,609.32,609.71,609.03,609.16,566789.0,609.386,3607
2025-10-07 10:00:00-04:00,609.17,609.36,608.51,608.63,548823.0,608.966,3678
2025-10-07 10:05:00-04:00,608.61,609.27,608.5,609.25,467784.0,608.992,2929
2025-10-07 10:10:00-04:00,609.25,609.54,609.06,609.09,443504.0,609.324,2706
2025-10-07 10:15:00-04:00,609.1,609.27,609.01,609.13,272014.0,609.131,1843
2025-10-07 10:20:00-04:00,609.13,609.17,608.82,608.95,257984.0,608.958,1741
2025-10-07 10:25:00-04:00,608.95,609.01,608.34,608.48,624434.0,608.636,3938
2025-10-07 10:30:00-04:00,608.49,608.9,608.44,608.71,408372.0,608.67,2711
2025-10-07 10:35:00-04:00,608.7,608.72,607.86,608.11,753314.0,608.158,4956
2025-10-07 10:40:00-04:00,608.12,608.44,607.88,608.13,380486.0,608.153,2369
2025-10-07 10:45:00-04:00,608.13,608.42,607.9,607.99,340136.0,608.13,2130
2025-10-07 10:50:00-04:00,607.99,608.04,607.72,607.97,325953.0,607.89,2145
2025-10-07 10:55:00-04:00,607.97,608.05,607.53,607.84,361377.0,607.794,2434
2025-10-07 11:00:00-04:00,607.85,607.96,606.74,606.85,811570.0,607.405,5115
2025-10-07 11:05:00-04:00,606.83,606.88,604.67,604.83,2021141.0,605.57,13300
2025-10-07 11:10:00-04:00,604.83,606.28,604.74,606.04,1467587.0,605.529,10524
2025-10-07 11:15:00-04:00,606.03,606.35,605.52,605.77,677981.0,605.965,4566
2025-10-07 11:20:00-04:00,605.74,606.43,605.69,605.93,521123.0,606.146,3520
2025-10-07 11:25:00-04:00,605.93,606.2,604.97,605.21,642590.0,605.413,4417
2025-10-07 11:30:00-04:00,605.18,605.29,604.45,604.73,834127.0,604.818,5902
2025-10-07 11:35:00-04:00,604.72,605.06,603.52,604.05,1091806.0,604.143,7750
2025-10-07 11:40:00-04:00,604.04,605.01,603.61,604.3,825073.0,604.376,5564
2025-10-07 11:45:00-04:00,604.32,604.36,603.13,603.38,732444.0,603.637,5091
2025-10-07 11:50:00-04:00,603.39,603.98,603.03,603.31,958496.0,603.407,6628
2025-10-07 11:55:00-04:00,603.31,604.2,603.21,604.14,702994.0,603.723,4756
2025-10-07 12:00:00-04:00,604.13,604.88,604.06,604.7,834655.0,604.582,5439
2025-10-07 12:05:00-04:00,604.7,604.86,603.8,604.07,710613.0,604.322,4814
2025-10-07 12:10:00-04:00,604.09,604.27,603.65,603.76,457990.0,603.987,2923
2025-10-07 12:15:00-04:00,603.76,604.16,603.36,603.42,407903.0,603.785,2795
2025-10-07 12:20:00-04:00,603.43,604.23,603.41,603.99,407377.0,603.793,2785
2025-10-07 12:25:00-04:00,603.98,604.76,603.95,604.31,504485.0,604.424,3191
2025-10-07 12:30:00-04:00,604.31,605.28,604.26,605.21,555734.0,604.829,3667
2025-10-07 12:35:00-04:00,605.22,605.63,604.98,605.35,416677.0,605.329,2670
2025-10-07 12:40:00-04:00,605.34,605.5,604.91,605.18,434367.0,605.188,2601
2025-10-07 12:45:00-04:00,605.14,605.22,604.2,604.22,314506.0,604.792,2124
2025-10-07 12:50:00-04:00,604.2,604.62,604.08,604.18,390473.0,604.298,2523
2025-10-07 12:55:00-04:00,604.19,604.36,603.72,604.01,310624.0,604.055,2096
2025-10-07 13:00:00-04:00,604.01,604.6,603.78,604.5,316591.0,604.282,1896
2025-10-07 13:05:00-04:00,604.48,604.59,604.07,604.57,255069.0,604.339,1600
2025-10-07 13:10:00-04:00,604.59,604.9,604.03,604.58,348467.0,604.499,2226
2025-10-07 13:15:00-04:00,604.59,604.81,604.28,604.48,176526.0,604.555,1097
2025-10-07 13:20:00-04:00,604.45,604.97,604.43,604.81,200321.0,604.697,1267
2025-10-07 13:25:00-04:00,604.8,604.84,604.29,604.63,250182.0,604.498,1654
2025-10-07 13:30:00-04:00,604.61,604.66,604.22,604.26,245975.0,604.441,1607
2025-10-07 13:35:00-04:00,604.25,604.46,604.05,604.39,278673.0,604.232,1890
2025-10-07 13:40:00-04:00,604.39,604.51,604.05,604.5,276163.0,604.229,1863
2025-10-07 13:45:00-04:00,604.5,604.79,604.35,604.74,243382.0,604.601,1575
2025-10-07 13:50:00-04:00,604.73,604.74,603.85,603.93,268178.0,604.152,1859
2025-10-07 13:55:00-04:00,603.92,604.1,603.74,603.79,308814.0,603.914,1857
2025-10-07 14:00:00-04:00,603.8,603.85,603.21,603.46,459538.0,603.533,2843
2025-10-07 14:05:00-04:00,603.47,604.05,603.46,603.88,350491.0,603.8,2177
2025-10-07 14:10:00-04:00,603.91,604.63,603.85,604.27,353747.0,604.292,2164
2025-10-07 14:15:00-04:00,604.29,604.52,603.99,604.19,231236.0,604.244,1319
2025-10-07 14:20:00-04:00,604.2,604.54,604.15,604.46,253297.0,604.377,1591
2025-10-07 14:25:00-04:00,604.44,604.5,604.04,604.21,206077.0,604.296,1302
2025-10-07 14:30:00-04:00,604.23,604.44,604.07,604.29,252305.0,604.255,1634
2025-10-07 14:35:00-04:00,604.28,604.55,604.27,604.52,212678.0,604.382,1301
2025-10-07 14:40:00-04:00,604.53,604.53,604.11,604.33,184930.0,604.278,1132
2025-10-07 14:45:00-04:00,604.34,604.42,604.11,604.4,157233.0,604.305,1004
2025-10-07 14:50:00-04:00,604.4,604.62,604.27,604.62,187024.0,604.45,1047
2025-10-07 14:55:00-04:00,604.61,604.7,604.47,604.69,251695.0,604.589,1403
2025-10-07 15:00:00-04:00,604.68,604.81,604.46,604.51,291084.0,604.659,1667
2025-10-07 15:05:00-04:00,604.5,604.56,604.26,604.47,248184.0,604.408,1389
2025-10-07 15:10:00-04:00,604.5,604.52,604.21,604.34,237842.0,604.313,1343
2025-10-07 15:15:00-04:00,604.36,604.54,604.23,604.29,156310.0,604.359,1045
2025-10-07 15:20:00-04:00,604.28,604.38,604.17,604.35,193572.0,604.25,1191
2025-10-07 15:25:00-04:00,604.35,604.4,604.16,604.22,164562.0,604.31,919
2025-10-07 15:30:00-04:00,604.21,604.44,604.19,604.4,251575.0,604.32,1298
2025-10-07 15:35:00-04:00,604.4,604.61,604.31,604.5,355353.0,604.463,1946
2025-10-07 15:40:00-04:00,604.5,605.0,604.46,605.0,486491.0,604.791,2526
2025-10-07 15:45:00-04:00,605.01,605.12,604.75,604.93,466879.0,604.915,2854
2025-10-07 15:50:00-04:00,604.93,605.07,604.68,604.81,683657.0,604.852,4372
2025-10-07 15:55:00-04:00,604.82,604.87,604.06,604.47,1265996.0,604.365,7428
2025-10-08 09:30:00-04:00,605.41,606.69,605.26,606.41,1453922.0,606.03,8534
2025-10-08 09:35:00-04:00,606.42,607.0,606.13,606.99,834152.0,606.477,5454
2025-10-08 09:40:00-04:00,607.0,607.08,606.2,606.6,650793.0,606.599,4323
2025-10-08 09:45:00-04:00,606.58,607.4,606.48,607.29,872849.0,606.995,5713
2025-10-08 09:50:00-04:00,607.31,607.39,606.84,607.35,729775.0,607.137,4863
2025-10-08 09:55:00-04:00,607.36,607.81,607.26,607.58,685395.0,607.575,4691
2025-10-08 10:00:00-04:00,607.59,608.47,607.59,608.28,1178492.0,608.141,8098
2025-10-08 10:05:00-04:00,608.29,608.67,608.26,608.56,637014.0,608.464,4410
2025-10-08 10:10:00-04:00,608.56,608.95,608.39,608.46,823781.0,608.682,5074
2025-10-08 10:15:00-04:00,608.44,608.75,608.34,608.47,456309.0,608.55,3316
2025-10-08 10:20:00-04:00,608.48,608.53,607.83,608.22,528697.0,608.172,3554
2025-10-08 10:25:00-04:00,608.23,608.68,608.09,608.63,376954.0,608.387,2222
2025-10-08 10:30:00-04:00,608.61,608.83,608.45,608.54,455215.0,608.637,2887
2025-10-08 10:35:00-04:00,608.54,608.65,608.19,608.54,402623.0,608.447,2484
2025-10-08 10:40:00-04:00,608.53,608.61,608.11,608.14,321664.0,608.34,1923
2025-10-08 10:45:00-04:00,608.14,608.34,607.88,608.07,373050.0,608.095,2184
2025-10-08 10:50:00-04:00,608.08,608.1,607.65,607.8,535602.0,607.788,2561
2025-10-08 10:55:00-04:00,607.81,608.11,607.58,608.1,438070.0,607.779,2374
2025-10-08 11:00:00-04:00,608.1,608.46,608.02,608.33,402368.0,608.231,2145
2025-10-08 11:05:00-04:00,608.34,608.5,608.28,608.36,286908.0,608.401,1723
2025-10-08 11:10:00-04:00,608.35,608.67,608.35,608.5,286015.0,608.544,1720
2025-10-08 11:15:00-04:00,608.51,608.73,608.26,608.38,351970.0,608.478,1930
2025-10-08 11:20:00-04:00,608.38,608.86,608.35,608.83,211167.0,608.592,1227
2025-10-08 11:25:00-04:00,608.81,609.35,608.77,609.1,565502.0,609.169,3040
2025-10-08 11:30:00-04:00,609.08,609.19,608.94,609.04,302592.0,609.059,1768
2025-10-08 11:35:00-04:00,609.03,609.3,608.98,609.19,229237.0,609.13,1369
2025-10-08 11:40:00-04:00,609.18,609.37,609.02,609.13,195009.0,609.205,1145
2025-10-08 11:45:00-04:00,609.14,609.4,609.14,609.32,213420.0,609.288,1188
2025-10-08 11:50:00-04:00,609.3,609.64,609.3,609.61,460916.0,609.517,2289
2025-10-08 11:55:00-04:00,609.61,609.69,609.47,609.54,288615.0,609.574,1704
2025-10-08 12:00:00-04:00,609.54,609.58,609.36,609.42,368338.0,609.489,1676
2025-10-08 12:05:00-04:00,609.42,609.66,609.36,609.53,212231.0,609.531,1041
2025-10-08 12:10:00-04:00,609.55,609.88,609.55,609.83,329667.0,609.752,1775
2025-10-08 12:15:00-04:00,609.82,610.06,609.73,609.86,383015.0,609.907,2140
2025-10-08 12:20:00-04:00,609.86,609.92,609.68,609.77,226817.0,609.786,1045
2025-10-08 12:25:00-04:00,609.77,609.78,609.38,609.5,241657.0,609.511,1301
2025-10-08 12:30:00-04:00,609.49,609.49,609.25,609.44,202727.0,609.357,1142
2025-10-08 12:35:00-04:00,609.43,609.48,609.32,609.37,120996.0,609.401,729
2025-10-08 12:40:00-04:00,609.35,609.42,609.26,609.39,131097.0,609.345,874
2025-10-08 12:45:00-04:00,609.39,609.4,609.09,609.11,179130.0,609.25,1044
2025-10-08 12:50:00-04:00,609.13,609.3,609.03,609.08,243716.0,609.158,1306
2025-10-08 12:55:00-04:00,609.09,609.49,609.09,609.47,232275.0,609.284,1202
2025-10-08 13:00:00-04:00,609.47,609.59,609.4,609.51,213936.0,609.513,891
2025-10-08 13:05:00-04:00,609.5,609.51,609.34,609.44,100420.0,609.41,661
2025-10-08 13:10:00-04:00,609.43,609.5,609.2,609.46,160843.0,609.324,799
2025-10-08 13:15:00-04:00,609.45,609.66,609.43,609.5,179232.0,609.544,964
2025-10-08 13:20:00-04:00,609.49,609.74,609.48,609.71,185127.0,609.616,950
2025-10-08 13:25:00-04:00,609.71,609.85,609.66,609.84,272219.0,609.762,1208
2025-10-08 13:30:00-04:00,609.86,609.96,609.77,609.89,254275.0,609.865,1136
2025-10-08 13:35:00-04:00,609.88,609.99,609.72,609.77,198704.0,609.853,1128
2025-10-08 13:40:00-04:00,609.8,609.91,609.7,609.75,188599.0,609.791,987
2025-10-08 13:45:00-04:00,609.76,610.36,609.73,610.13,314689.0,610.031,1993
2025-10-08 13:50:00-04:00,610.14,610.15,609.88,609.93,234986.0,609.994,1189
2025-10-08 13:55:00-04:00,609.93,610.04,609.85,610.03,173296.0,609.937,929
2025-10-08 14:00:00-04:00,610.02,610.33,609.82,610.22,706970.0,610.112,4173
2025-10-08 14:05:00-04:00,610.23,610.35,609.87,610.26,391030.0,610.128,2074
2025-10-08 14:10:00-04:00,610.28,610.56,610.12,610.44,341889.0,610.368,1595
2025-10-08 14:15:00-04:00,610.43,610.59,610.29,610.53,361672.0,610.469,1865
2025-10-08 14:20:00-04:00,610.56,610.59,610.31,610.5,251123.0,610.457,1394
2025-10-08 14:25:00-04:00,610.5,610.52,610.21,610.25,213426.0,610.361,1189
2025-10-08 14:30:00-04:00,610.26,610.39,610.18,610.36,188110.0,610.297,1114
2025-10-08 14:35:00-04:00,610.33,610.48,610.21,610.36,167690.0,610.359,999
2025-10-08 14:40:00-04:00,610.35,610.36,610.06,610.09,261394.0,610.181,1376
2025-10-08 14:45:00-04:00,610.08,610.19,609.94,609.96,224701.0,610.066,1359
2025-10-08 14:50:00-04:00,609.97,610.21,609.93,609.95,293908.0,610.036,1545
2025-10-08 14:55:00-04:00,609.95,610.06,609.84,609.96,221789.0,609.954,1417
2025-10-08 15:00:00-04:00,609.95,610.28,609.9,610.27,276181.0,610.073,1593
2025-10-08 15:05:00-04:00,610.27,610.37,610.18,610.35,307346.0,610.291,1730
2025-10-08 15:10:00-04:00,610.36,610.58,610.26,610.56,187151.0,610.381,1101
2025-10-08 15:15:00-04:00,610.55,610.86,610.55,610.84,457529.0,610.671,2336
2025-10-08 15:20:00-04:00,610.84,610.92,610.69,610.81,368587.0,610.789,2010
2025-10-08 15:25:00-04:00,610.81,611.05,610.8,610.94,378729.0,610.948,1982
2025-10-08 15:30:00-04:00,610.94,611.09,610.89,610.97,493055.0,610.962,2599
2025-10-08 15:35:00-04:00,610.98,611.04,610.82,610.9,480567.0,610.921,2537
2025-10-08 15:40:00-04:00,610.9,610.91,610.74,610.82,441261.0,610.821,2470
2025-10-08 15:45:00-04:00,610.82,610.96,610.74,610.93,522179.0,610.826,3156
2025-10-08 15:50:00-04:00,610.94,611.48,610.88,611.43,1460066.0,611.211,7767
2025-10-08 15:55:00-04:00,611.44,611.75,611.32,611.44,3213713.0,611.511,15246
2025-10-09 09:30:00-04:00,611.48,611.61,610.72,610.96,1286639.0,611.199,8979
2025-10-09 09:35:00-04:00,610.98,611.15,610.57,610.8,537190.0,610.854,4073
2025-10-09 09:40:00-04:00,610.8,610.87,609.8,610.2,751789.0,610.204,4994
2025-10-09 09:45:00-04:00,610.2,610.87,609.69,610.83,687873.0,610.165,4655
2025-10-09 09:50:00-04:00,610.82,611.18,609.85,609.98,687917.0,610.461,4940
2025-10-09 09:55:00-04:00,610.01,610.66,609.68,610.29,465536.0,610.248,3588
2025-10-09 10:00:00-04:00,610.3,610.44,609.86,610.31,534512.0,610.081,3799
2025-10-09 10:05:00-04:00,610.3,610.53,609.9,610.11,460653.0,610.254,3082
2025-10-09 10:10:00-04:00,610.13,610.29,609.97,610.12,357211.0,610.136,2750
2025-10-09 10:15:00-04:00,610.12,610.21,609.78,609.94,435304.0,610.0,3282
2025-10-09 10:20:00-04:00,609.95,610.22,609.48,610.14,445928.0,609.869,3262
2025-10-09 10:25:00-04:00,610.13,610.17,609.53,609.64,393291.0,609.767,2113
2025-10-09 10:30:00-04:00,609.66,609.66,609.02,609.07,491842.0,609.294,3529
2025-10-09 10:35:00-04:00,609.08,609.18,608.6,608.72,573844.0,608.921,3993
2025-10-09 10:40:00-04:00,608.71,609.18,608.4,608.45,504348.0,608.742,3462
2025-10-09 10:45:00-04:00,608.44,609.22,608.23,609.18,525515.0,608.663,3627
2025-10-09 10:50:00-04:00,609.13,609.44,609.09,609.34,405390.0,609.306,2776
2025-10-09 10:55:00-04:00,609.31,609.84,609.26,609.63,350188.0,609.574,2469
2025-10-09 11:00:00-04:00,609.64,610.02,609.42,609.79,360282.0,609.811,2473
2025-10-09 11:05:00-04:00,609.79,610.0,609.51,609.99,261494.0,609.772,1959
2025-10-09 11:10:00-04:00,610.0,610.01,609.61,609.78,193436.0,609.773,1449
2025-10-09 11:15:00-04:00,609.79,610.18,609.7,609.78,275103.0,609.924,1892
2025-10-09 11:20:00-04:00,609.77,609.87,609.12,609.23,356104.0,609.492,2380
2025-10-09 11:25:00-04:00,609.23,609.37,608.95,609.06,262562.0,609.15,1995
2025-10-09 11:30:00-04:00,609.05,609.12,608.5,608.63,312902.0,608.899,2353
2025-10-09 11:35:00-04:00,608.64,609.26,608.34,609.04,434623.0,608.842,3052
2025-10-09 11:40:00-04:00,609.04,609.04,608.64,608.8,232745.0,608.812,1798
2025-10-09 11:45:00-04:00,608.81,609.65,608.79,609.63,476394.0,609.203,3285
2025-10-09 11:50:00-04:00,609.63,609.98,609.54,609.97,351176.0,609.773,2505
2025-10-09 11:55:00-04:00,609.97,610.19,609.88,609.92,262433.0,610.013,1595
2025-10-09 12:00:00-04:00,609.93,610.13,609.83,610.04,232220.0,610.011,1519
2025-10-09 12:05:00-04:00,610.05,610.13,609.71,610.02,161409.0,609.955,1154
2025-10-09 12:10:00-04:00,610.02,610.19,609.86,609.98,178353.0,610.002,1367
2025-10-09 12:15:00-04:00,609.96,610.16,609.81,609.83,176223.0,609.993,1307
2025-10-09 12:20:00-04:00,609.86,609.88,609.24,609.7,259975.0,609.556,1966
2025-10-09 12:25:00-04:00,609.72,609.94,609.49,609.71,291327.0,609.707,2193
2025-10-09 12:30:00-04:00,609.73,609.84,609.55,609.77,194937.0,609.693,1510
2025-10-09 12:35:00-04:00,609.76,609.88,609.56,609.62,209281.0,609.724,1516
2025-10-09 12:40:00-04:00,609.63,609.65,608.83,609.36,475851.0,609.166,2888
2025-10-09 12:45:00-04:00,609.37,609.81,609.32,609.74,238873.0,609.599,1767
2025-10-09 12:50:00-04:00,609.73,609.84,609.0,609.06,253829.0,609.423,1901
2025-10-09 12:55:00-04:00,609.05,609.12,608.32,608.5,521527.0,608.7,3309
2025-10-09 13:00:00-04:00,608.5,608.86,608.29,608.61,375933.0,608.59,2648
2025-10-09 13:05:00-04:00,608.61,609.18,608.25,609.0,402318.0,608.723,2823
2025-10-09 13:10:00-04:00,608.99,609.03,608.21,608.42,381909.0,608.587,2753
2025-10-09 13:15:00-04:00,608.43,608.58,607.79,608.24,406648.0,608.188,2851
2025-10-09 13:20:00-04:00,608.23,608.72,608.11,608.18,276856.0,608.401,1906
2025-10-09 13:25:00-04:00,608.17,608.33,607.68,607.84,301217.0,607.967,2219
2025-10-09 13:30:00-04:00,607.84,608.12,607.5,607.81,457191.0,607.828,3084
2025-10-09 13:35:00-04:00,607.82,608.5,607.48,608.44,433088.0,607.979,2860
2025-10-09 13:40:00-04:00,608.45,608.71,608.11,608.39,298517.0,608.454,2050
2025-10-09 13:45:00-04:00,608.4,608.69,608.21,608.68,224461.0,608.427,1605
2025-10-09 13:50:00-04:00,608.69,608.84,608.36,608.54,260820.0,608.597,1740
2025-10-09 13:55:00-04:00,608.55,608.85,608.42,608.8,201667.0,608.637,1498
2025-10-09 14:00:00-04:00,608.8,608.87,608.29,608.33,308553.0,608.561,2295
2025-10-09 14:05:00-04:00,608.36,608.42,608.02,608.35,285204.0,608.251,1938
2025-10-09 14:10:00-04:00,608.38,608.74,608.37,608.61,214251.0,608.548,1561
2025-10-09 14:15:00-04:00,608.6,609.13,608.51,608.94,351423.0,608.932,2366
2025-10-09 14:20:00-04:00,608.95,609.03,608.71,609.01,194066.0,608.936,1228
2025-10-09 14:25:00-04:00,609.03,609.25,608.72,608.74,239336.0,609.055,1676
2025-10-09 14:30:00-04:00,608.73,608.89,608.54,608.7,188624.0,608.72,1231
2025-10-09 14:35:00-04:00,608.71,608.85,608.64,608.74,154246.0,608.737,1086
2025-10-09 14:40:00-04:00,608.75,608.97,608.69,608.88,162231.0,608.833,1058
2025-10-09 14:45:00-04:00,608.9,609.09,608.75,608.94,183337.0,608.925,1238
2025-10-09 14:50:00-04:00,608.93,609.09,608.71,608.92,211522.0,608.863,1338
2025-10-09 14:55:00-04:00,608.92,609.42,608.82,609.25,313153.0,609.258,1763
2025-10-09 15:00:00-04:00,609.26,609.53,609.21,609.4,208561.0,609.371,1377
2025-10-09 15:05:00-04:00,609.4,609.66,609.35,609.59,236577.0,609.515,1504
2025-10-09 15:10:00-04:00,609.59,609.87,609.49,609.56,293862.0,609.67,1976
2025-10-09 15:15:00-04:00,609.58,609.88,609.37,609.84,481769.0,609.607,3378
2025-10-09 15:20:00-04:00,609.83,610.02,609.78,610.0,340046.0,609.932,2135
2025-10-09 15:25:00-04:00,610.01,610.11,609.86,609.97,253677.0,609.981,1591
2025-10-09 15:30:00-04:00,609.97,610.12,609.93,610.03,317156.0,610.037,1876
2025-10-09 15:35:00-04:00,610.04,610.42,609.98,610.25,477462.0,610.164,2408
2025-10-09 15:40:00-04:00,610.25,610.3,610.07,610.23,380305.0,610.174,2268
2025-10-09 15:45:00-04:00,610.23,610.34,610.09,610.21,534044.0,610.214,3601
2025-10-09 15:50:00-04:00,610.22,610.6,610.22,610.48,983039.0,610.413,6308
2025-10-09 15:55:00-04:00,610.47,610.76,610.13,610.7,1537060.0,610.419,9481
2025-10-10 09:30:00-04:00,611.4,612.21,610.96,611.78,1056468.0,611.672,6918
2025-10-10 09:35:00-04:00,611.77,612.91,611.58,612.79,870100.0,612.394,5262
2025-10-10 09:40:00-04:00,612.8,612.84,612.36,612.69,525580.0,612.615,3460
2025-10-10 09:45:00-04:00,612.7,613.18,612.14,612.36,656525.0,612.869,4398
2025-10-10 09:50:00-04:00,612.34,612.34,611.69,611.88,595061.0,612.016,3544
2025-10-10 09:55:00-04:00,611.88,612.68,611.76,612.5,299264.0,612.245,1559
2025-10-10 10:00:00-04:00,612.55,612.75,611.39,611.93,450602.0,611.996,2760
2025-10-10 10:05:00-04:00,611.94,612.39,611.69,612.18,265449.0,612.024,1330
2025-10-10 10:10:00-04:00,612.18,612.39,611.64,611.74,249723.0,612.063,1300
2025-10-10 10:15:00-04:00,611.72,611.84,611.13,611.62,337765.0,611.433,1870
2025-10-10 10:20:00-04:00,611.6,612.09,611.59,611.97,264313.0,611.903,1394
2025-10-10 10:25:00-04:00,611.96,612.34,611.8,611.89,311485.0,612.124,1677
2025-10-10 10:30:00-04:00,611.93,612.21,611.82,611.99,181874.0,611.981,1178
2025-10-10 10:35:00-04:00,611.97,612.15,611.52,611.87,261802.0,611.862,1271
2025-10-10 10:40:00-04:00,611.88,612.04,611.44,612.02,234345.0,611.712,1158
2025-10-10 10:45:00-04:00,612.01,612.42,611.93,612.29,213953.0,612.173,1161
2025-10-10 10:50:00-04:00,612.29,612.32,611.79,612.02,179176.0,612.088,1046
2025-10-10 10:55:00-04:00,612.02,612.14,606.93,608.52,1556592.0,609.334,10310
2025-10-10 11:00:00-04:00,608.47,608.54,603.64,604.54,2810164.0,605.467,17929
2025-10-10 11:05:00-04:00,604.54,606.3,603.43,603.78,1626777.0,604.777,9482
2025-10-10 11:10:00-04:00,603.78,606.3,603.73,605.4,872357.0,605.194,4986
2025-10-10 11:15:00-04:00,605.37,605.8,601.68,602.64,1290580.0,603.251,6997
2025-10-10 11:20:00-04:00,602.68,603.12,599.46,599.57,1609931.0,601.049,9995
2025-10-10 11:25:00-04:00,599.55,601.48,599.1,599.57,1797466.0,600.028,9762
2025-10-10 11:30:00-04:00,599.5,599.63,595.93,597.23,2149625.0,597.492,13449
2025-10-10 11:35:00-04:00,597.22,598.8,597.08,597.19,1490173.0,597.989,9276
2025-10-10 11:40:00-04:00,597.23,600.64,596.28,600.53,1406700.0,598.284,9253
2025-10-10 11:45:00-04:00,600.51,601.4,599.32,600.1,1220908.0,600.484,6998
2025-10-10 11:50:00-04:00,600.09,601.69,599.93,600.72,848309.0,600.669,5550
2025-10-10 11:55:00-04:00,600.7,600.7,598.38,599.74,642491.0,599.336,3867
2025-10-10 12:00:00-04:00,599.64,599.7,597.95,598.67,658313.0,598.729,3691
2025-10-10 12:05:00-04:00,598.67,599.51,598.03,599.01,537404.0,598.91,2896
2025-10-10 12:10:00-04:00,598.95,599.61,597.99,599.46,631697.0,598.976,4066
2025-10-10 12:15:00-04:00,599.5,599.81,597.75,598.51,651121.0,598.639,4297
2025-10-10 12:20:00-04:00,598.52,600.22,597.7,599.31,572930.0,599.197,3150
2025-10-10 12:25:00-04:00,599.3,599.65,598.59,598.81,394988.0,599.157,2250
2025-10-10 12:30:00-04:00,598.74,599.92,598.29,598.45,630450.0,599.179,3495
2025-10-10 12:35:00-04:00,598.43,599.24,598.05,598.7,413991.0,598.608,2431
2025-10-10 12:40:00-04:00,598.54,598.89,597.24,597.52,413564.0,597.929,2309
2025-10-10 12:45:00-04:00,597.56,598.09,596.46,596.56,652944.0,597.186,3867
2025-10-10 12:50:00-04:00,596.57,596.74,595.68,596.07,540910.0,596.157,3047
2025-10-10 12:55:00-04:00,596.08,596.55,595.42,595.67,560132.0,595.982,3586
2025-10-10 13:00:00-04:00,595.64,596.13,594.63,594.81,539193.0,595.21,3007
2025-10-10 13:05:00-04:00,594.82,595.16,594.33,594.49,404049.0,594.704,1951
2025-10-10 13:10:00-04:00,594.44,595.89,594.34,594.79,531510.0,595.084,3153
2025-10-10 13:15:00-04:00,594.83,596.05,594.64,595.47,451355.0,595.551,2602
2025-10-10 13:20:00-04:00,595.49,596.39,594.79,596.02,456876.0,595.694,2744
2025-10-10 13:25:00-04:00,596.03,597.18,595.9,597.05,478956.0,596.603,2899
2025-10-10 13:30:00-04:00,596.94,597.62,596.55,597.51,443109.0,597.049,2809
2025-10-10 13:35:00-04:00,597.49,597.89,596.92,597.11,457980.0,597.423,2511
2025-10-10 13:40:00-04:00,597.12,597.74,596.81,596.88,341440.0,597.315,1774
2025-10-10 13:45:00-04:00,596.83,597.03,595.77,596.69,443999.0,596.452,2211
2025-10-10 13:50:00-04:00,596.68,596.75,595.59,595.63,237307.0,596.11,1517
2025-10-10 13:55:00-04:00,595.71,596.26,595.38,596.18,243804.0,595.781,1347
2025-10-10 14:00:00-04:00,596.22,596.27,595.27,595.73,269971.0,595.627,1668
2025-10-10 14:05:00-04:00,595.72,596.29,595.42,595.77,244554.0,595.878,1408
2025-10-10 14:10:00-04:00,595.8,596.43,595.49,596.38,234654.0,595.886,1306
2025-10-10 14:15:00-04:00,596.34,596.79,595.55,595.93,298037.0,596.249,1875
2025-10-10 14:20:00-04:00,595.95,597.13,595.94,596.9,344990.0,596.675,1735
2025-10-10 14:25:00-04:00,596.87,597.08,595.84,595.89,243216.0,596.657,1424
2025-10-10 14:30:00-04:00,595.88,596.35,595.51,595.52,206115.0,595.929,1235
2025-10-10 14:35:00-04:00,595.5,595.81,595.34,595.49,201661.0,595.502,1097
2025-10-10 14:40:00-04:00,595.47,595.75,594.87,594.9,252264.0,595.3,1266
2025-10-10 14:45:00-04:00,594.92,595.67,594.41,594.62,339417.0,594.891,1630
2025-10-10 14:50:00-04:00,594.63,594.76,593.59,593.71,513502.0,594.085,2250
2025-10-10 14:55:00-04:00,593.7,594.43,593.64,593.99,401111.0,594.044,2152
2025-10-10 15:00:00-04:00,594.0,595.11,593.93,594.79,625305.0,594.608,3715
2025-10-10 15:05:00-04:00,594.79,594.87,594.05,594.14,386603.0,594.521,2500
2025-10-10 15:10:00-04:00,594.12,594.24,593.19,593.54,593274.0,593.589,3050
2025-10-10 15:15:00-04:00,593.52,594.03,593.38,593.75,374607.0,593.717,2034
2025-10-10 15:20:00-04:00,593.73,594.03,593.06,593.14,410662.0,593.425,2154
2025-10-10 15:25:00-04:00,593.17,593.49,592.16,592.61,558695.0,592.763,2984
2025-10-10 15:30:00-04:00,592.64,592.96,592.04,592.23,572582.0,592.44,2854
2025-10-10 15:35:00-04:00,592.18,592.18,590.59,590.83,956241.0,591.293,4961
2025-10-10 15:40:00-04:00,590.82,592.83,590.78,592.73,955168.0,591.902,5342
2025-10-10 15:45:00-04:00,592.72,593.24,592.33,592.51,1042685.0,592.788,6143
2025-10-10 15:50:00-04:00,592.49,592.57,590.08,590.09,1709770.0,591.455,9642
2025-10-10 15:55:00-04:00,590.09,590.09,589.05,589.48,3270608.0,589.478,18107
2025-10-13 09:30:00-04:00,599.7,600.11,598.06,598.08,2107797.0,599.44,12199
2025-10-13 09:35:00-04:00,598.07,598.44,597.23,598.02,1489423.0,597.785,9740
2025-10-13 09:40:00-04:00,598.05,599.38,597.37,599.35,1089142.0,598.361,6653
2025-10-13 09:45:00-04:00,599.31,599.75,598.31,599.71,819773.0,599.103,4595
2025-10-13 09:50:00-04:00,599.71,600.64,599.34,600.02,846098.0,600.208,4410
2025-10-13 09:55:00-04:00,600.04,601.25,599.93,601.16,877340.0,600.712,4503
2025-10-13 10:00:00-04:00,601.14,601.59,600.62,601.55,804826.0,601.244,4257
2025-10-13 10:05:00-04:00,601.55,601.73,601.06,601.52,724332.0,601.402,4275
2025-10-13 10:10:00-04:00,601.49,601.74,600.8,601.06,657405.0,601.252,3946
2025-10-13 10:15:00-04:00,601.05,601.54,600.46,600.49,484007.0,601.044,3102
2025-10-13 10:20:00-04:00,600.52,600.69,598.74,599.91,772067.0,599.694,4592
2025-10-13 10:25:00-04:00,599.92,599.93,598.91,599.63,381792.0,599.368,2359
2025-10-13 10:30:00-04:00,599.65,600.43,598.95,600.3,399922.0,599.731,2411
2025-10-13 10:35:00-04:00,600.29,601.16,600.21,600.99,571908.0,600.739,3074
2025-10-13 10:40:00-04:00,601.01,601.11,599.76,599.83,484342.0,600.349,2705
2025-10-13 10:45:00-04:00,599.83,600.23,599.05,599.12,633055.0,599.542,3759
2025-10-13 10:50:00-04:00,599.05,599.19,598.24,598.64,467298.0,598.743,2566
2025-10-13 10:55:00-04:00,598.62,598.63,597.68,598.04,379716.0,598.044,2374
2025-10-13 11:00:00-04:00,598.06,598.56,597.74,598.19,430864.0,598.078,2325
2025-10-13 11:05:00-04:00,598.23,599.0,597.88,598.98,346841.0,598.362,2025
2025-10-13 11:10:00-04:00,598.97,599.91,598.91,599.72,501233.0,599.611,2546
2025-10-13 11:15:00-04:00,599.72,600.68,599.72,600.58,326617.0,600.303,1953
2025-10-13 11:20:00-04:00,600.61,601.05,600.57,600.62,457778.0,600.854,2678
2025-10-13 11:25:00-04:00,600.61,601.09,600.55,600.9,320052.0,600.809,1882
2025-10-13 11:30:00-04:00,600.9,601.39,600.8,601.1,288111.0,601.056,1956
2025-10-13 11:35:00-04:00,601.14,601.2,600.79,600.8,276137.0,600.981,1758
2025-10-13 11:40:00-04:00,600.8,600.89,600.3,600.35,269586.0,600.632,1746
2025-10-13 11:45:00-04:00,600.38,601.05,600.33,601.01,314269.0,600.744,2046
2025-10-13 11:50:00-04:00,601.0,601.15,600.61,601.06,214720.0,600.974,1297
2025-10-13 11:55:00-04:00,601.07,601.47,601.01,601.25,241509.0,601.275,1471
2025-10-13 12:00:00-04:00,601.29,601.5,601.02,601.41,324355.0,601.328,1691
2025-10-13 12:05:00-04:00,601.4,601.51,600.93,601.27,316169.0,601.223,1828
2025-10-13 12:10:00-04:00,601.27,601.58,601.07,601.49,218085.0,601.293,1457
2025-10-13 12:15:00-04:00,601.5,601.88,601.5,601.83,308687.0,601.684,2012
2025-10-13 12:20:00-04:00,601.84,602.24,600.71,601.64,608450.0,601.483,4418
2025-10-13 12:25:00-04:00,601.65,601.99,601.42,601.66,281479.0,601.644,1732
2025-10-13 12:30:00-04:00,601.67,602.12,601.52,601.91,187681.0,601.868,1206
2025-10-13 12:35:00-04:00,601.97,602.01,601.42,601.57,310282.0,601.744,1670
2025-10-13 12:40:00-04:00,601.55,601.6,601.15,601.47,276199.0,601.344,1623
2025-10-13 12:45:00-04:00,601.48,602.2,601.18,602.03,360632.0,601.552,2602
2025-10-13 12:50:00-04:00,602.03,602.3,601.86,602.13,422872.0,602.051,2742
2025-10-13 12:55:00-04:00,602.13,602.77,602.09,602.58,450791.0,602.484,2532
2025-10-13 13:00:00-04:00,602.6,602.83,602.35,602.68,525250.0,602.59,2726
2025-10-13 13:05:00-04:00,602.69,602.81,602.54,602.54,240376.0,602.639,1428
2025-10-13 13:10:00-04:00,602.56,602.61,601.6,601.82,318673.0,602.082,2140
2025-10-13 13:15:00-04:00,601.83,601.97,601.26,601.53,236215.0,601.646,1464
2025-10-13 13:20:00-04:00,601.54,602.16,601.41,601.71,231941.0,601.794,1386
2025-10-13 13:25:00-04:00,601.71,601.72,601.34,601.54,139440.0,601.501,1007
2025-10-13 13:30:00-04:00,601.57,601.69,601.3,601.33,143561.0,601.461,1058
2025-10-13 13:35:00-04:00,601.34,601.67,601.27,601.4,162107.0,601.436,1002
2025-10-13 13:40:00-04:00,601.42,601.61,601.16,601.28,216257.0,601.334,1400
2025-10-13 13:45:00-04:00,601.26,601.57,601.21,601.49,143930.0,601.401,941
2025-10-13 13:50:00-04:00,601.52,601.85,601.22,601.84,190798.0,601.511,1204
2025-10-13 13:55:00-04:00,601.83,602.09,601.31,602.09,207882.0,601.76,1243
2025-10-13 14:00:00-04:00,602.08,602.34,601.95,602.14,243750.0,602.164,1462
2025-10-13 14:05:00-04:00,602.13,602.25,602.02,602.11,177082.0,602.14,1073
2025-10-13 14:10:00-04:00,602.1,602.31,602.0,602.06,135937.0,602.182,853
2025-10-13 14:15:00-04:00,602.09,602.41,602.08,602.14,139735.0,602.24,864
2025-10-13 14:20:00-04:00,602.15,602.73,602.14,602.62,150618.0,602.469,888
2025-10-13 14:25:00-04:00,602.6,602.73,602.46,602.66,152477.0,602.593,946
2025-10-13 14:30:00-04:00,602.67,602.95,602.49,602.57,269612.0,602.758,1657
2025-10-13 14:35:00-04:00,602.56,602.66,602.11,602.23,248318.0,602.425,1587
2025-10-13 14:40:00-04:00,602.24,602.33,601.58,601.96,290792.0,601.917,1987
2025-10-13 14:45:00-04:00,601.97,601.99,601.63,601.79,156090.0,601.798,1081
2025-10-13 14:50:00-04:00,601.79,602.09,601.35,601.5,251826.0,601.663,1624
2025-10-13 14:55:00-04:00,601.51,601.6,601.21,601.46,217564.0,601.422,1377
2025-10-13 15:00:00-04:00,601.47,601.71,601.03,601.21,348077.0,601.297,2060
2025-10-13 15:05:00-04:00,601.21,601.87,601.14,601.7,258768.0,601.627,1643
2025-10-13 15:10:00-04:00,601.67,601.9,601.44,601.57,233945.0,601.709,1402
2025-10-13 15:15:00-04:00,601.57,602.24,601.49,602.11,225584.0,601.94,1443
2025-10-13 15:20:00-04:00,602.11,602.6,602.11,602.39,230188.0,602.4,1170
2025-10-13 15:25:00-04:00,602.41,602.43,601.67,601.8,251346.0,602.056,1590
2025-10-13 15:30:00-04:00,601.8,602.02,601.65,602.0,180283.0,601.855,1096
2025-10-13 15:35:00-04:00,601.99,602.12,601.83,602.08,210515.0,601.995,1234
2025-10-13 15:40:00-04:00,602.07,602.49,602.07,602.38,248123.0,602.331,1488
2025-10-13 15:45:00-04:00,602.37,602.41,601.76,601.84,431325.0,602.021,2685
2025-10-13 15:50:00-04:00,601.83,602.61,601.65,602.49,829483.0,602.234,5318
2025-10-13 15:55:00-04:00,602.49,602.67,601.99,602.05,2140329.0,602.173,9838
2025-10-14 09:30:00-04:00,595.3,595.33,593.36,593.41,1304456.0,594.457,7681
2025-10-14 09:35:00-04:00,593.4,593.41,591.23,592.18,934650.0,592.275,5937
2025-10-14 09:40:00-04:00,592.18,592.42,590.29,590.8,1030826.0,591.162,6607
2025-10-14 09:45:00-04:00,590.8,592.29,590.13,591.38,809532.0,591.435,5525
2025-10-14 09:50:00-04:00,591.33,593.3,591.02,593.07,767889.0,592.123,5318
2025-10-14 09:55:00-04:00,593.07,594.1,592.94,593.8,739684.0,593.538,4472
2025-10-14 10:00:00-04:00,593.77,594.65,593.34,594.48,531906.0,593.829,3505
2025-10-14 10:05:00-04:00,594.49,594.83,593.88,593.99,447268.0,594.468,2793
2025-10-14 10:10:00-04:00,594.01,595.16,593.92,594.99,379229.0,594.497,2444
2025-10-14 10:15:00-04:00,594.97,595.28,594.43,595.08,341970.0,594.966,2281
2025-10-14 10:20:00-04:00,595.09,596.68,594.96,596.51,557864.0,595.983,2811
2025-10-14 10:25:00-04:00,596.49,597.38,596.49,597.3,629048.0,596.99,3475
2025-10-14 10:30:00-04:00,597.29,597.41,596.28,596.76,520255.0,596.762,3087
2025-10-14 10:35:00-04:00,596.77,597.62,596.77,597.48,359208.0,597.209,2298
2025-10-14 10:40:00-04:00,597.47,597.63,597.23,597.24,290624.0,597.426,1848
2025-10-14 10:45:00-04:00,597.24,597.82,596.71,597.19,613706.0,597.171,3160
2025-10-14 10:50:00-04:00,597.19,597.31,596.04,596.78,377481.0,596.624,2290
2025-10-14 10:55:00-04:00,596.78,596.89,596.06,596.52,384171.0,596.453,1987
2025-10-14 11:00:00-04:00,596.56,597.76,596.56,597.74,533228.0,597.265,2891
2025-10-14 11:05:00-04:00,597.72,598.39,596.95,597.05,536680.0,597.882,3022
2025-10-14 11:10:00-04:00,597.08,597.46,596.79,597.14,201511.0,597.195,1512
2025-10-14 11:15:00-04:00,597.17,597.17,596.39,596.59,236951.0,596.802,1708
2025-10-14 11:20:00-04:00,596.61,597.47,596.57,597.45,245920.0,597.08,1548
2025-10-14 11:25:00-04:00,597.48,597.51,596.65,596.84,191247.0,596.997,1310
2025-10-14 11:30:00-04:00,596.86,597.41,596.81,597.35,211163.0,597.16,1385
2025-10-14 11:35:00-04:00,597.34,598.36,596.8,597.08,777843.0,597.742,5251
2025-10-14 11:40:00-04:00,597.1,598.91,596.82,598.61,631866.0,597.896,4407
2025-10-14 11:45:00-04:00,598.61,599.28,598.61,599.22,548038.0,598.984,2583
2025-10-14 11:50:00-04:00,599.21,600.07,599.15,599.68,405625.0,599.683,2134
2025-10-14 11:55:00-04:00,599.67,599.68,599.04,599.27,381147.0,599.373,1890
2025-10-14 12:00:00-04:00,599.29,599.51,598.64,598.87,429305.0,599.188,1883
2025-10-14 12:05:00-04:00,598.88,598.96,598.25,598.34,287565.0,598.591,1513
2025-10-14 12:10:00-04:00,598.33,599.1,598.33,599.01,273464.0,598.786,1543
2025-10-14 12:15:00-04:00,599.02,599.92,598.91,599.79,314035.0,599.42,1818
2025-10-14 12:20:00-04:00,599.78,601.02,599.78,600.41,611431.0,600.547,3557
2025-10-14 12:25:00-04:00,600.37,601.02,600.23,600.87,217896.0,600.706,1256
2025-10-14 12:30:00-04:00,600.87,601.42,600.82,601.22,331847.0,601.12,1818
2025-10-14 12:35:00-04:00,601.21,601.78,601.08,601.3,325319.0,601.413,1732
2025-10-14 12:40:00-04:00,601.3,601.97,601.29,601.84,257066.0,601.695,1500
2025-10-14 12:45:00-04:00,601.84,602.44,601.82,602.2,505179.0,602.176,2416
2025-10-14 12:50:00-04:00,602.22,602.69,602.03,602.21,520917.0,602.46,2487
2025-10-14 12:55:00-04:00,602.2,602.2,601.32,601.36,535489.0,601.672,2650
2025-10-14 13:00:00-04:00,601.33,601.51,600.53,601.4,521551.0,601.0,2391
2025-10-14 13:05:00-04:00,601.38,601.97,601.36,601.8,353172.0,601.703,1952
2025-10-14 13:10:00-04:00,601.81,602.29,601.71,601.85,338713.0,602.073,1907
2025-10-14 13:15:00-04:00,601.85,602.11,601.45,601.6,305650.0,601.932,1897
2025-10-14 13:20:00-04:00,601.6,602.22,601.6,602.13,284972.0,601.964,1642
2025-10-14 13:25:00-04:00,602.13,602.44,602.03,602.17,258919.0,602.245,1606
2025-10-14 13:30:00-04:00,602.19,602.38,601.29,601.45,283208.0,601.895,1854
2025-10-14 13:35:00-04:00,601.45,601.51,601.05,601.31,206392.0,601.297,1359
2025-10-14 13:40:00-04:00,601.34,601.96,601.25,601.93,247063.0,601.69,1510
2025-10-14 13:45:00-04:00,601.94,602.17,601.75,601.91,246936.0,601.961,1436
2025-10-14 13:50:00-04:00,601.91,602.32,601.53,601.64,345181.0,601.924,1702
2025-10-14 13:55:00-04:00,601.66,601.75,601.35,601.49,209537.0,601.562,1391
2025-10-14 14:00:00-04:00,601.53,601.76,601.13,601.31,230011.0,601.464,1323
2025-10-14 14:05:00-04:00,601.3,601.43,601.08,601.36,175152.0,601.277,1229
2025-10-14 14:10:00-04:00,601.36,601.96,601.25,601.6,215364.0,601.626,1300
2025-10-14 14:15:00-04:00,601.59,601.86,601.47,601.62,195649.0,601.674,1051
2025-10-14 14:20:00-04:00,601.63,601.72,601.23,601.57,207976.0,601.476,1224
2025-10-14 14:25:00-04:00,601.56,602.11,601.28,601.88,229194.0,601.783,1286
2025-10-14 14:30:00-04:00,601.88,602.14,601.74,601.76,266930.0,601.943,1591
2025-10-14 14:35:00-04:00,601.78,601.86,601.16,601.24,188971.0,601.537,1097
2025-10-14 14:40:00-04:00,601.22,601.49,601.08,601.41,180443.0,601.293,1001
2025-10-14 14:45:00-04:00,601.39,601.76,601.29,601.74,184020.0,601.565,1140
2025-10-14 14:50:00-04:00,601.75,602.0,601.56,601.75,227385.0,601.803,1494
2025-10-14 14:55:00-04:00,601.76,601.79,601.32,601.49,161687.0,601.454,888
2025-10-14 15:00:00-04:00,601.48,601.96,601.48,601.74,167713.0,601.802,1090
2025-10-14 15:05:00-04:00,601.74,602.01,601.46,601.5,191214.0,601.813,1181
2025-10-14 15:10:00-04:00,601.5,601.83,601.32,601.42,162936.0,601.605,1027
2025-10-14 15:15:00-04:00,601.44,601.79,601.4,601.57,172785.0,601.569,1078
2025-10-14 15:20:00-04:00,601.59,602.09,601.58,601.98,188493.0,601.908,1110
2025-10-14 15:25:00-04:00,601.96,602.16,601.52,601.54,210194.0,601.859,1362
2025-10-14 15:30:00-04:00,601.54,601.57,600.94,600.97,355324.0,601.249,2011
2025-10-14 15:35:00-04:00,601.0,601.11,598.2,599.72,1324609.0,599.468,8008
2025-10-14 15:40:00-04:00,599.73,599.8,596.68,597.07,868870.0,598.149,4771
2025-10-14 15:45:00-04:00,597.1,597.94,596.37,597.52,996454.0,597.203,6080
2025-10-14 15:50:00-04:00,597.55,598.42,596.87,597.86,851243.0,597.836,5345
2025-10-14 15:55:00-04:00,597.85,598.49,597.45,598.05,2053340.0,598.109,11096
2025-10-15 09:30:00-04:00,604.01,604.05,602.71,603.05,1426924.0,603.386,7987
2025-10-15 09:35:00-04:00,603.04,603.82,602.24,602.38,748638.0,603.088,4569
2025-10-15 09:40:00-04:00,602.43,603.32,602.06,602.59,494311.0,602.795,3054
2025-10-15 09:45:00-04:00,602.57,603.62,601.51,601.95,700901.0,602.481,4577
2025-10-15 09:50:00-04:00,601.98,603.67,601.8,603.43,555425.0,602.843,3331
2025-10-15 09:55:00-04:00,603.43,604.52,603.37,604.29,700608.0,604.111,3696
2025-10-15 10:00:00-04:00,604.33,604.98,604.28,604.88,627763.0,604.741,3793
2025-10-15 10:05:00-04:00,604.89,606.28,604.85,606.23,823718.0,605.741,4752
2025-10-15 10:10:00-04:00,606.25,606.61,605.67,605.85,767400.0,606.162,5321
2025-10-15 10:15:00-04:00,605.85,606.41,605.71,606.04,494470.0,606.056,3444
2025-10-15 10:20:00-04:00,606.05,606.56,605.75,606.48,525870.0,606.202,3731
2025-10-15 10:25:00-04:00,606.47,606.67,606.11,606.39,341356.0,606.392,2434
2025-10-15 10:30:00-04:00,606.4,606.7,606.3,606.53,269799.0,606.518,1830
2025-10-15 10:35:00-04:00,606.53,606.66,606.26,606.45,290729.0,606.489,2054
2025-10-15 10:40:00-04:00,606.46,606.53,605.87,606.21,374159.0,606.229,2460
2025-10-15 10:45:00-04:00,606.23,606.51,605.95,606.1,296575.0,606.226,1640
2025-10-15 10:50:00-04:00,606.1,606.23,605.75,605.97,374722.0,606.014,2185
2025-10-15 10:55:00-04:00,605.97,606.67,605.87,606.34,311723.0,606.264,1763
2025-10-15 11:00:00-04:00,606.39,606.6,605.93,606.17,238220.0,606.267,1328
2025-10-15 11:05:00-04:00,606.15,606.48,605.94,606.06,240591.0,606.142,1443
2025-10-15 11:10:00-04:00,606.05,606.14,605.34,605.81,316136.0,605.669,1967
2025-10-15 11:15:00-04:00,605.79,606.0,605.22,605.27,227210.0,605.595,1352
2025-10-15 11:20:00-04:00,605.24,605.53,605.15,605.32,222701.0,605.301,1254
2025-10-15 11:25:00-04:00,605.3,605.97,605.1,605.22,270793.0,605.596,1532
2025-10-15 11:30:00-04:00,605.22,605.38,604.01,604.31,443666.0,604.74,2406
2025-10-15 11:35:00-04:00,604.31,604.32,603.2,603.98,625100.0,603.647,3585
2025-10-15 11:40:00-04:00,603.96,603.99,602.39,603.03,552705.0,603.034,3086
2025-10-15 11:45:00-04:00,603.02,603.03,601.92,602.16,391114.0,602.472,2298
2025-10-15 11:50:00-04:00,602.18,602.2,601.02,601.7,602252.0,601.525,3556
2025-10-15 11:55:00-04:00,601.71,602.74,601.62,602.43,618920.0,602.444,3575
2025-10-15 12:00:00-04:00,602.43,603.37,602.26,602.73,555407.0,602.904,2904
2025-10-15 12:05:00-04:00,602.74,603.54,602.18,603.23,371957.0,602.853,2255
2025-10-15 12:10:00-04:00,603.24,603.32,602.59,603.09,237073.0,602.976,1576
2025-10-15 12:15:00-04:00,603.05,603.27,602.23,602.6,237281.0,602.694,1683
2025-10-15 12:20:00-04:00,602.6,603.16,602.48,603.05,141152.0,602.8,1020
2025-10-15 12:25:00-04:00,603.06,603.8,602.81,603.03,302292.0,603.476,1658
2025-10-15 12:30:00-04:00,603.01,603.2,602.37,602.49,189317.0,602.738,1122
2025-10-15 12:35:00-04:00,602.5,603.21,602.29,602.74,199889.0,602.693,1171
2025-10-15 12:40:00-04:00,602.74,602.85,602.27,602.49,166084.0,602.484,898
2025-10-15 12:45:00-04:00,602.5,602.52,601.71,602.19,283665.0,602.041,1617
2025-10-15 12:50:00-04:00,602.19,602.24,601.55,601.78,195678.0,601.918,1349
2025-10-15 12:55:00-04:00,601.77,602.11,601.42,601.64,225420.0,601.801,1079
2025-10-15 13:00:00-04:00,601.64,601.69,599.99,600.4,691435.0,600.458,3778
2025-10-15 13:05:00-04:00,600.44,600.58,598.61,598.94,686459.0,599.542,3287
2025-10-15 13:10:00-04:00,598.97,599.07,596.82,596.92,1066716.0,597.744,6165
2025-10-15 13:15:00-04:00,596.89,598.03,595.93,597.58,1388367.0,596.848,8528
2025-10-15 13:20:00-04:00,597.6,598.46,596.95,598.35,706366.0,597.787,4134
2025-10-15 13:25:00-04:00,598.35,599.05,597.64,597.96,487507.0,598.34,3234
2025-10-15 13:30:00-04:00,597.96,599.0,597.72,598.8,361524.0,598.305,2386
2025-10-15 13:35:00-04:00,598.79,599.79,598.75,599.61,420398.0,599.488,2248
2025-10-15 13:40:00-04:00,599.61,600.17,599.33,600.11,282728.0,599.869,1708
2025-10-15 13:45:00-04:00,600.11,601.11,600.1,600.92,456236.0,600.687,2323
2025-10-15 13:50:00-04:00,600.96,601.76,600.91,601.66,421477.0,601.385,2288
2025-10-15 13:55:00-04:00,601.66,601.92,601.01,601.72,332263.0,601.476,1706
2025-10-15 14:00:00-04:00,601.67,601.97,600.61,600.83,329662.0,601.226,1872
2025-10-15 14:05:00-04:00,600.81,601.42,600.71,601.35,217972.0,601.087,1341
2025-10-15 14:10:00-04:00,601.33,601.8,600.93,601.51,243005.0,601.343,1243
2025-10-15 14:15:00-04:00,601.47,601.89,601.24,601.44,160726.0,601.576,863
2025-10-15 14:20:00-04:00,601.46,602.13,601.33,601.61,220198.0,601.741,1284
2025-10-15 14:25:00-04:00,601.61,601.83,601.26,601.37,137922.0,601.568,752
2025-10-15 14:30:00-04:00,601.4,602.18,601.24,602.07,204557.0,601.758,1136
2025-10-15 14:35:00-04:00,602.06,602.23,601.89,602.15,164728.0,602.039,950
2025-10-15 14:40:00-04:00,602.13,602.78,602.07,602.22,265867.0,602.419,1297
2025-10-15 14:45:00-04:00,602.2,602.43,601.93,602.13,118562.0,602.138,669
2025-10-15 14:50:00-04:00,602.15,602.74,602.09,602.65,164288.0,602.477,810
2025-10-15 14:55:00-04:00,602.64,602.99,602.45,602.84,236366.0,602.789,978
2025-10-15 15:00:00-04:00,602.84,602.92,602.26,602.4,199966.0,602.529,1046
2025-10-15 15:05:00-04:00,602.37,602.44,601.89,602.03,170466.0,602.119,914
2025-10-15 15:10:00-04:00,602.01,602.19,601.66,602.17,197836.0,601.986,1153
2025-10-15 15:15:00-04:00,602.16,602.7,602.11,602.68,224612.0,602.499,1116
2025-10-15 15:20:00-04:00,602.67,602.89,602.44,602.58,217058.0,602.626,991
2025-10-15 15:25:00-04:00,602.56,602.82,602.51,602.57,96756.0,602.643,524
2025-10-15 15:30:00-04:00,602.62,602.74,602.34,602.42,157103.0,602.55,719
2025-10-15 15:35:00-04:00,602.42,602.42,601.17,601.24,450450.0,601.593,2191
2025-10-15 15:40:00-04:00,601.25,601.87,600.99,601.85,324844.0,601.5,1775
2025-10-15 15:45:00-04:00,601.86,601.88,601.49,601.65,208661.0,601.689,1237
2025-10-15 15:50:00-04:00,601.67,601.85,600.43,600.61,636640.0,600.998,3382
2025-10-15 15:55:00-04:00,600.61,602.31,600.28,602.16,1332747.0,601.66,7080
2025-10-16 09:30:00-04:00,605.1,606.55,605.02,606.17,1058252.0,605.806,5731
2025-10-16 09:35:00-04:00,606.18,606.18,605.29,605.47,581635.0,605.788,3802
2025-10-16 09:40:00-04:00,605.47,606.29,604.94,606.23,540490.0,605.53,3664
2025-10-16 09:45:00-04:00,606.21,607.02,605.17,605.23,747175.0,606.254,4683
2025-10-16 09:50:00-04:00,605.24,605.72,604.66,605.57,524575.0,605.218,3533
2025-10-16 09:55:00-04:00,605.6,606.33,605.19,605.52,527630.0,605.708,2509
2025-10-16 10:00:00-04:00,605.52,605.84,604.87,605.62,354997.0,605.387,2073
2025-10-16 10:05:00-04:00,605.64,606.11,605.06,605.29,448945.0,605.571,2847
2025-10-16 10:10:00-04:00,605.33,605.54,604.36,605.06,536779.0,604.894,3376
2025-10-16 10:15:00-04:00,605.11,606.23,604.78,605.73,429835.0,605.683,2835
2025-10-16 10:20:00-04:00,605.76,606.74,605.65,606.09,409191.0,606.269,2630
2025-10-16 10:25:00-04:00,606.09,606.47,605.11,605.96,439633.0,605.72,2724
2025-10-16 10:30:00-04:00,605.98,606.7,605.98,606.65,258978.0,606.335,1499
2025-10-16 10:35:00-04:00,606.65,607.5,606.54,607.07,509800.0,607.143,2552
2025-10-16 10:40:00-04:00,607.04,608.3,607.02,608.09,503877.0,607.91,2922
2025-10-16 10:45:00-04:00,608.09,608.31,607.1,607.49,429970.0,607.685,2456
2025-10-16 10:50:00-04:00,607.41,607.45,606.54,607.34,400582.0,606.946,2405
2025-10-16 10:55:00-04:00,607.32,607.58,606.34,606.59,443014.0,606.88,2374
2025-10-16 11:00:00-04:00,606.64,607.0,606.31,606.51,265857.0,606.632,1584
2025-10-16 11:05:00-04:00,606.51,607.07,605.81,607.02,318372.0,606.493,1949
2025-10-16 11:10:00-04:00,607.04,607.16,606.55,606.99,159425.0,606.961,913
2025-10-16 11:15:00-04:00,606.97,607.08,606.41,606.91,233461.0,606.774,1253
2025-10-16 11:20:00-04:00,606.89,607.06,606.0,606.06,245914.0,606.461,1588
2025-10-16 11:25:00-04:00,606.06,606.11,604.48,604.95,589383.0,605.236,3065
2025-10-16 11:30:00-04:00,604.93,605.46,604.02,605.46,565961.0,604.672,3366
2025-10-16 11:35:00-04:00,605.46,605.77,604.9,605.16,432656.0,605.388,2415
2025-10-16 11:40:00-04:00,605.15,605.21,603.47,603.99,501257.0,604.077,2932
2025-10-16 11:45:00-04:00,604.06,604.07,603.09,603.32,456843.0,603.502,2843
2025-10-16 11:50:00-04:00,603.33,604.48,603.32,603.71,416456.0,603.948,2676
2025-10-16 11:55:00-04:00,603.74,603.82,602.76,603.38,397519.0,603.2,2525
2025-10-16 12:00:00-04:00,603.34,603.43,602.45,603.25,461904.0,602.884,2329
2025-10-16 12:05:00-04:00,603.26,603.96,603.09,603.32,383552.0,603.51,2184
2025-10-16 12:10:00-04:00,603.38,603.91,602.91,603.55,332133.0,603.44,1868
2025-10-16 12:15:00-04:00,603.54,603.96,601.75,601.92,409236.0,602.747,2091
2025-10-16 12:20:00-04:00,601.93,602.65,601.52,602.37,470786.0,602.13,2440
2025-10-16 12:25:00-04:00,602.42,602.6,600.9,601.08,444843.0,601.433,2540
2025-10-16 12:30:00-04:00,601.07,601.12,598.15,598.46,1116048.0,599.221,5949
2025-10-16 12:35:00-04:00,598.44,599.82,598.43,598.8,665719.0,599.123,4269
2025-10-16 12:40:00-04:00,598.83,599.95,598.07,599.27,530859.0,599.183,2833
2025-10-16 12:45:00-04:00,599.21,599.5,597.64,599.41,640132.0,598.53,3620
2025-10-16 12:50:00-04:00,599.36,600.72,599.34,600.5,550306.0,600.15,3012
2025-10-16 12:55:00-04:00,600.53,602.46,600.52,602.33,616781.0,601.606,2944
2025-10-16 13:00:00-04:00,602.29,602.59,600.33,600.66,518703.0,601.488,2998
2025-10-16 13:05:00-04:00,600.72,601.94,599.89,601.41,634419.0,601.076,3549
2025-10-16 13:10:00-04:00,601.39,602.24,601.02,601.38,445409.0,601.729,2570
2025-10-16 13:15:00-04:00,601.41,603.21,601.1,602.47,413473.0,602.291,2318
2025-10-16 13:20:00-04:00,602.45,602.56,601.09,601.54,364495.0,601.599,2060
2025-10-16 13:25:00-04:00,601.59,602.51,601.29,602.42,246290.0,601.975,1139
2025-10-16 13:30:00-04:00,602.39,603.04,601.82,602.1,255957.0,602.426,1545
2025-10-16 13:35:00-04:00,602.14,602.57,601.58,601.62,180121.0,602.269,942
2025-10-16 13:40:00-04:00,601.63,601.68,600.51,601.02,312356.0,600.983,1837
2025-10-16 13:45:00-04:00,601.04,601.3,600.35,601.12,252349.0,600.761,1629
2025-10-16 13:50:00-04:00,601.13,601.21,599.93,600.14,224044.0,600.391,1254
2025-10-16 13:55:00-04:00,600.18,600.86,600.16,600.81,243209.0,600.563,1541
2025-10-16 14:00:00-04:00,600.78,600.96,599.11,599.12,222467.0,599.994,1324
2025-10-16 14:05:00-04:00,599.14,599.33,598.24,598.41,363840.0,598.698,1899
2025-10-16 14:10:00-04:00,598.48,598.72,596.75,597.08,592480.0,597.497,3162
2025-10-16 14:15:00-04:00,597.07,597.5,595.95,596.17,680328.0,596.681,4049
2025-10-16 14:20:00-04:00,596.16,597.82,596.08,597.26,428957.0,597.15,2401
2025-10-16 14:25:00-04:00,597.26,597.62,596.28,596.8,295167.0,596.759,1484
2025-10-16 14:30:00-04:00,596.8,597.28,595.5,595.75,534723.0,596.137,2637
2025-10-16 14:35:00-04:00,595.78,597.54,595.53,597.0,446028.0,596.897,2079
2025-10-16 14:40:00-04:00,596.98,598.82,596.84,598.41,519899.0,597.872,2705
2025-10-16 14:45:00-04:00,598.44,599.18,598.14,598.24,548783.0,598.661,2846
2025-10-16 14:50:00-04:00,598.36,599.04,597.93,599.04,231906.0,598.463,1448
2025-10-16 14:55:00-04:00,599.08,599.28,598.71,599.21,239605.0,599.024,1317
2025-10-16 15:00:00-04:00,599.22,599.56,598.41,598.98,332527.0,598.867,1788
2025-10-16 15:05:00-04:00,598.98,599.36,598.67,599.01,214359.0,598.991,1344
2025-10-16 15:10:00-04:00,599.01,599.69,598.13,598.17,441690.0,598.85,2700
2025-10-16 15:15:00-04:00,598.24,598.45,597.48,597.63,395161.0,597.824,2385
2025-10-16 15:20:00-04:00,597.6,598.27,596.66,598.05,445012.0,597.327,2486
2025-10-16 15:25:00-04:00,598.11,598.3,597.35,597.7,322027.0,597.745,2219
2025-10-16 15:30:00-04:00,597.7,597.94,597.04,597.45,418520.0,597.38,3042
2025-10-16 15:35:00-04:00,597.47,598.67,597.25,597.88,408297.0,598.029,2829
2025-10-16 15:40:00-04:00,597.9,598.81,597.9,598.62,352882.0,598.456,2234
2025-10-16 15:45:00-04:00,598.63,599.34,598.12,599.29,525188.0,598.614,3302
2025-10-16 15:50:00-04:00,599.29,600.11,598.96,600.0,558521.0,599.627,3221
2025-10-16 15:55:00-04:00,600.02,600.33,599.22,599.97,1282047.0,599.767,7227
2025-10-17 09:30:00-04:00,597.95,599.27,597.08,599.01,1345693.0,598.029,9095
2025-10-17 09:35:00-04:00,598.96,599.89,597.81,597.97,890323.0,598.959,6362
2025-10-17 09:40:00-04:00,597.95,598.17,596.37,596.88,651528.0,597.386,4898
2025-10-17 09:45:00-04:00,596.87,599.12,596.41,598.63,992132.0,597.507,6301
2025-10-17 09:50:00-04:00,598.66,600.98,598.57,600.64,734784.0,599.817,5150
2025-10-17 09:55:00-04:00,600.65,601.61,599.81,600.0,705352.0,600.834,4803
2025-10-17 10:00:00-04:00,599.97,601.48,598.91,600.62,711861.0,600.13,5477
2025-10-17 10:05:00-04:00,600.6,601.4,599.77,599.96,501343.0,600.569,3424
2025-10-17 10:10:00-04:00,599.93,602.78,599.83,602.57,759594.0,601.625,5627
2025-10-17 10:15:00-04:00,602.6,603.32,601.64,601.85,757013.0,602.622,5009
2025-10-17 10:20:00-04:00,601.86,602.54,601.29,602.27,404150.0,601.942,3195
2025-10-17 10:25:00-04:00,602.25,602.71,601.72,602.08,350541.0,602.219,2453
2025-10-17 10:30:00-04:00,602.07,602.19,600.75,600.81,421970.0,601.435,3342
2025-10-17 10:35:00-04:00,600.83,600.93,599.6,599.62,591115.0,600.136,4302
2025-10-17 10:40:00-04:00,599.62,600.93,599.08,599.65,571288.0,599.983,3900
2025-10-17 10:45:00-04:00,599.62,601.07,599.23,600.44,381562.0,600.152,2310
2025-10-17 10:50:00-04:00,600.5,601.03,599.73,599.93,266732.0,600.309,1824
2025-10-17 10:55:00-04:00,599.94,599.98,598.2,598.57,494343.0,598.844,2816
2025-10-17 11:00:00-04:00,598.55,600.5,598.28,599.99,533592.0,599.429,3157
2025-10-17 11:05:00-04:00,599.97,600.78,599.62,599.65,351128.0,600.17,2266
2025-10-17 11:10:00-04:00,599.62,600.46,598.0,598.02,437165.0,598.94,2162
2025-10-17 11:15:00-04:00,598.0,599.21,597.89,598.17,524843.0,598.476,3092
2025-10-17 11:20:00-04:00,598.15,598.43,597.34,597.44,336076.0,597.712,2017
2025-10-17 11:25:00-04:00,597.46,598.42,597.02,597.87,369108.0,597.711,2080
2025-10-17 11:30:00-04:00,597.9,598.4,597.12,597.39,337974.0,597.68,2218
2025-10-17 11:35:00-04:00,597.45,598.32,596.42,598.22,445419.0,597.129,2807
2025-10-17 11:40:00-04:00,598.26,599.36,598.2,599.2,428391.0,598.965,2337
2025-10-17 11:45:00-04:00,599.17,600.31,598.94,600.18,425578.0,599.561,2537
2025-10-17 11:50:00-04:00,600.17,600.96,599.78,600.31,416863.0,600.301,2440
2025-10-17 11:55:00-04:00,600.32,601.19,600.21,600.6,356233.0,600.802,1600
2025-10-17 12:00:00-04:00,600.62,602.25,600.6,601.98,459158.0,601.595,2588
2025-10-17 12:05:00-04:00,601.99,602.58,601.76,602.52,375345.0,602.259,2263
2025-10-17 12:10:00-04:00,602.51,602.51,601.97,602.25,360630.0,602.198,2445
2025-10-17 12:15:00-04:00,602.25,602.99,601.88,602.1,464911.0,602.524,3341
2025-10-17 12:20:00-04:00,602.11,602.81,602.03,602.7,283326.0,602.401,1817
2025-10-17 12:25:00-04:00,602.68,603.18,602.37,603.0,485453.0,602.936,3186
2025-10-17 12:30:00-04:00,602.95,603.57,602.49,602.53,464425.0,603.197,2831
2025-10-17 12:35:00-04:00,602.53,603.27,602.26,602.56,291658.0,602.672,1880
2025-10-17 12:40:00-04:00,602.6,602.82,601.87,602.23,352879.0,602.283,2114
2025-10-17 12:45:00-04:00,602.23,603.11,601.6,603.08,364009.0,602.326,2293
2025-10-17 12:50:00-04:00,603.09,603.58,601.45,601.59,464327.0,602.452,2907
2025-10-17 12:55:00-04:00,601.62,602.04,601.06,601.87,452703.0,601.522,2224
2025-10-17 13:00:00-04:00,601.89,602.01,601.11,601.34,335262.0,601.616,2101
2025-10-17 13:05:00-04:00,601.33,601.98,600.97,601.28,230711.0,601.494,1316
2025-10-17 13:10:00-04:00,601.26,601.73,600.61,601.42,177905.0,601.155,1097
2025-10-17 13:15:00-04:00,601.4,601.44,600.31,600.5,224725.0,600.725,1097
2025-10-17 13:20:00-04:00,600.49,601.51,600.12,601.24,236697.0,600.81,1416
2025-10-17 13:25:00-04:00,601.24,601.29,600.74,600.86,111820.0,600.994,626
2025-10-17 13:30:00-04:00,600.88,601.81,600.65,601.78,215694.0,601.161,1326
2025-10-17 13:35:00-04:00,601.74,602.2,601.38,601.51,254876.0,601.88,1280
2025-10-17 13:40:00-04:00,601.46,601.71,600.57,600.71,186123.0,601.077,978
2025-10-17 13:45:00-04:00,600.72,601.33,600.24,601.33,282736.0,600.696,1642
2025-10-17 13:50:00-04:00,601.31,602.89,601.22,602.74,454142.0,602.148,2813
2025-10-17 13:55:00-04:00,602.72,602.93,602.06,602.71,454029.0,602.58,3070
2025-10-17 14:00:00-04:00,602.68,603.31,602.68,602.88,340840.0,603.011,1688
2025-10-17 14:05:00-04:00,602.88,603.66,602.88,603.46,491034.0,603.398,2509
2025-10-17 14:10:00-04:00,603.48,603.78,603.05,603.47,246363.0,603.483,1494
2025-10-17 14:15:00-04:00,603.44,604.4,603.4,604.39,438289.0,603.933,2101
2025-10-17 14:20:00-04:00,604.4,604.94,604.39,604.58,534507.0,604.732,3035
2025-10-17 14:25:00-04:00,604.58,604.89,604.29,604.6,271641.0,604.588,1803
2025-10-17 14:30:00-04:00,604.61,604.83,604.07,604.45,229267.0,604.54,1259
2025-10-17 14:35:00-04:00,604.45,604.89,604.26,604.29,194421.0,604.607,1094
2025-10-17 14:40:00-04:00,604.25,604.52,603.82,603.94,217477.0,604.102,1156
2025-10-17 14:45:00-04:00,603.95,604.4,603.69,604.04,184401.0,604.023,1037
2025-10-17 14:50:00-04:00,604.05,604.32,603.76,604.03,183805.0,604.101,1222
2025-10-17 14:55:00-04:00,604.03,604.26,603.93,604.14,178894.0,604.105,1166
2025-10-17 15:00:00-04:00,604.12,604.74,604.12,604.64,331040.0,604.474,1891
2025-10-17 15:05:00-04:00,604.65,604.81,604.29,604.79,284240.0,604.571,1530
2025-10-17 15:10:00-04:00,604.81,605.51,604.72,605.34,341671.0,605.212,1788
2025-10-17 15:15:00-04:00,605.32,605.47,604.84,605.09,230300.0,605.11,1305
2025-10-17 15:20:00-04:00,605.09,605.47,605.08,605.37,179775.0,605.26,999
2025-10-17 15:25:00-04:00,605.36,605.38,604.73,604.84,212834.0,604.975,1176
2025-10-17 15:30:00-04:00,604.84,604.84,603.83,604.38,351002.0,604.286,2082
2025-10-17 15:35:00-04:00,604.39,604.74,604.22,604.63,197962.0,604.466,1038
2025-10-17 15:40:00-04:00,604.64,604.74,604.22,604.31,230602.0,604.409,1495
2025-10-17 15:45:00-04:00,604.31,604.47,603.93,604.39,357003.0,604.207,2182
2025-10-17 15:50:00-04:00,604.37,604.47,603.86,604.25,471560.0,604.185,3091
2025-10-17 15:55:00-04:00,604.24,604.42,603.72,603.88,1541901.0,604.027,8723
2025-10-20 09:30:00-04:00,607.14,609.13,607.1,608.77,1279431.0,608.423,7675
2025-10-20 09:35:00-04:00,608.77,609.7,608.6,609.34,1022293.0,609.369,7381
2025-10-20 09:40:00-04:00,609.36,609.53,608.83,608.88,880387.0,609.178,7045
2025-10-20 09:45:00-04:00,608.89,609.89,608.7,609.62,519513.0,609.254,3500
2025-10-20 09:50:00-04:00,609.64,609.96,609.47,609.84,433230.0,609.711,2913
2025-10-20 09:55:00-04:00,609.85,610.07,609.2,609.63,510110.0,609.579,3623
2025-10-20 10:00:00-04:00,609.65,610.18,609.42,610.07,487290.0,609.864,3265
2025-10-20 10:05:00-04:00,610.09,610.41,609.93,610.3,471725.0,610.189,2855
2025-10-20 10:10:00-04:00,610.3,610.39,609.92,610.05,349285.0,610.152,2223
2025-10-20 10:15:00-04:00,610.05,610.06,609.49,609.75,302037.0,609.743,2000
2025-10-20 10:20:00-04:00,609.75,610.33,609.58,610.3,305298.0,610.053,1711
2025-10-20 10:25:00-04:00,610.32,611.14,610.25,611.1,510844.0,610.848,3060
2025-10-20 10:30:00-04:00,611.09,611.17,610.72,610.8,450624.0,610.984,2719
2025-10-20 10:35:00-04:00,610.81,611.21,610.7,611.19,357634.0,610.932,1907
2025-10-20 10:40:00-04:00,611.19,611.61,611.12,611.42,482824.0,611.377,3028
2025-10-20 10:45:00-04:00,611.42,611.78,611.38,611.73,366965.0,611.629,2274
2025-10-20 10:50:00-04:00,611.72,612.01,611.46,611.96,401399.0,611.774,2374
2025-10-20 10:55:00-04:00,611.97,612.03,611.74,611.84,366475.0,611.876,2075
2025-10-20 11:00:00-04:00,611.86,611.94,611.55,611.74,358743.0,611.767,2036
2025-10-20 11:05:00-04:00,611.74,612.01,611.57,611.88,288910.0,611.825,1699
2025-10-20 11:10:00-04:00,611.89,612.01,611.28,611.29,331896.0,611.663,1990
2025-10-20 11:15:00-04:00,611.3,611.98,611.24,611.94,244789.0,611.657,1531
2025-10-20 11:20:00-04:00,611.93,612.08,611.83,611.99,250187.0,611.982,1543
2025-10-20 11:25:00-04:00,611.98,612.17,611.75,611.99,207407.0,611.972,1269
2025-10-20 11:30:00-04:00,612.03,612.14,611.78,611.96,212807.0,611.989,1399
2025-10-20 11:35:00-04:00,611.97,612.07,611.7,611.89,183797.0,611.891,1271
2025-10-20 11:40:00-04:00,611.91,612.09,611.71,611.83,214193.0,611.886,1358
2025-10-20 11:45:00-04:00,611.82,612.34,611.67,612.32,305520.0,612.052,2016
2025-10-20 11:50:00-04:00,612.32,612.58,611.57,612.13,618084.0,612.123,4317
2025-10-20 11:55:00-04:00,612.13,612.16,611.45,611.9,389722.0,611.86,2633
2025-10-20 12:00:00-04:00,611.91,612.05,611.66,611.83,242487.0,611.836,1327
2025-10-20 12:05:00-04:00,611.83,612.16,611.72,611.77,228031.0,611.95,1365
2025-10-20 12:10:00-04:00,611.75,611.88,611.42,611.52,239005.0,611.592,1423
2025-10-20 12:15:00-04:00,611.52,611.97,611.4,611.93,240827.0,611.667,1663
2025-10-20 12:20:00-04:00,611.89,611.9,611.49,611.52,166613.0,611.641,1099
2025-10-20 12:25:00-04:00,611.5,611.93,611.48,611.78,195404.0,611.721,1264
2025-10-20 12:30:00-04:00,611.78,611.81,611.42,611.56,177661.0,611.639,1043
2025-10-20 12:35:00-04:00,611.57,611.67,611.27,611.62,171002.0,611.482,1084
2025-10-20 12:40:00-04:00,611.64,611.86,611.53,611.61,120238.0,611.69,827
2025-10-20 12:45:00-04:00,611.62,611.81,611.43,611.79,103324.0,611.567,708
2025-10-20 12:50:00-04:00,611.78,611.83,611.64,611.78,136113.0,611.747,930
2025-10-20 12:55:00-04:00,611.78,611.95,611.7,611.85,113090.0,611.831,760
2025-10-20 13:00:00-04:00,611.84,612.39,611.78,612.37,276043.0,612.098,1608
2025-10-20 13:05:00-04:00,612.37,612.47,612.18,612.34,223444.0,612.331,1209
2025-10-20 13:10:00-04:00,612.33,612.4,612.19,612.27,147646.0,612.305,900
2025-10-20 13:15:00-04:00,612.25,612.72,612.23,612.63,319588.0,612.528,1816
2025-10-20 13:20:00-04:00,612.62,612.62,612.4,612.58,137238.0,612.493,836
2025-10-20 13:25:00-04:00,612.57,612.61,612.3,612.37,184963.0,612.414,922
2025-10-20 13:30:00-04:00,612.37,612.55,612.31,612.42,181968.0,612.456,990
2025-10-20 13:35:00-04:00,612.43,612.61,612.4,612.55,105393.0,612.557,715
2025-10-20 13:40:00-04:00,612.56,612.77,612.54,612.67,190020.0,612.662,1155
2025-10-20 13:45:00-04:00,612.66,612.8,612.57,612.75,115916.0,612.686,719
2025-10-20 13:50:00-04:00,612.76,612.76,612.44,612.44,170369.0,612.583,1105
2025-10-20 13:55:00-04:00,612.43,612.48,612.24,612.37,237018.0,612.352,1288
2025-10-20 14:00:00-04:00,612.34,612.6,612.32,612.58,209565.0,612.479,1221
2025-10-20 14:05:00-04:00,612.59,612.73,612.53,612.71,206441.0,612.656,1176
2025-10-20 14:10:00-04:00,612.72,612.76,612.57,612.7,189907.0,612.68,999
2025-10-20 14:15:00-04:00,612.71,612.78,612.37,612.53,177493.0,612.585,1033
2025-10-20 14:20:00-04:00,612.52,612.54,612.29,612.45,176032.0,612.432,1041
2025-10-20 14:25:00-04:00,612.45,612.46,612.26,612.39,167611.0,612.353,1001
2025-10-20 14:30:00-04:00,612.4,612.43,612.22,612.42,184580.0,612.339,1126
2025-10-20 14:35:00-04:00,612.43,612.44,612.16,612.17,167931.0,612.285,1018
2025-10-20 14:40:00-04:00,612.17,612.2,611.98,612.08,222347.0,612.097,1239
2025-10-20 14:45:00-04:00,612.09,612.1,611.68,611.94,325485.0,611.862,1955
2025-10-20 14:50:00-04:00,611.94,612.06,611.76,611.93,172927.0,611.87,1120
2025-10-20 14:55:00-04:00,611.93,612.29,611.93,612.16,213715.0,612.158,1342
2025-10-20 15:00:00-04:00,612.18,612.37,612.13,612.3,250382.0,612.277,1456
2025-10-20 15:05:00-04:00,612.3,612.37,612.22,612.27,170160.0,612.285,1068
2025-10-20 15:10:00-04:00,612.27,612.28,611.93,611.96,208961.0,612.042,1232
2025-10-20 15:15:00-04:00,611.96,611.97,611.56,611.69,331309.0,611.719,1870
2025-10-20 15:20:00-04:00,611.68,611.71,611.44,611.63,309445.0,611.556,1842
2025-10-20 15:25:00-04:00,611.63,612.13,611.63,612.04,332610.0,611.904,1904
2025-10-20 15:30:00-04:00,612.04,612.05,611.89,612.01,206697.0,611.975,1390
2025-10-20 15:35:00-04:00,611.99,612.22,611.89,612.12,262579.0,612.088,1693
2025-10-20 15:40:00-04:00,612.12,612.15,611.74,611.8,272864.0,611.917,1787
2025-10-20 15:45:00-04:00,611.8,612.18,611.77,612.13,466598.0,612.017,3022
2025-10-20 15:50:00-04:00,612.14,612.37,612.04,612.22,796063.0,612.233,5100
2025-10-20 15:55:00-04:00,612.21,612.21,611.51,611.55,1486814.0,611.829,7555
2025-10-21 09:30:00-04:00,611.63,611.72,610.55,611.11,853903.0,611.195,5210
2025-10-21 09:35:00-04:00,611.11,611.44,610.86,611.09,609299.0,611.192,4206
2025-10-21 09:40:00-04:00,611.11,611.23,609.99,610.53,856565.0,610.515,5556
2025-10-21 09:45:00-04:00,610.53,610.68,609.67,610.19,684788.0,610.163,4497
2025-10-21 09:50:00-04:00,610.19,610.9,610.13,610.5,433569.0,610.561,2744
2025-10-21 09:55:00-04:00,610.52,610.52,609.54,610.03,569960.0,609.928,3577
2025-10-21 10:00:00-04:00,610.04,610.23,609.49,609.8,719591.0,609.798,4885
2025-10-21 10:05:00-04:00,609.81,610.47,609.7,609.88,373999.0,610.181,2323
2025-10-21 10:10:00-04:00,609.89,610.53,609.66,610.4,433432.0,610.103,2941
2025-10-21 10:15:00-04:00,610.42,611.07,610.16,611.0,450063.0,610.6,3208
2025-10-21 10:20:00-04:00,610.99,611.3,610.67,610.87,385838.0,611.082,2384
2025-10-21 10:25:00-04:00,610.87,610.87,609.35,609.73,534985.0,609.998,3288
2025-10-21 10:30:00-04:00,609.72,610.01,609.32,610.0,413982.0,609.731,2633
2025-10-21 10:35:00-04:00,609.99,610.73,609.95,610.46,349116.0,610.363,2097
2025-10-21 10:40:00-04:00,610.49,610.83,610.24,610.36,252482.0,610.565,1463
2025-10-21 10:45:00-04:00,610.38,610.87,609.99,610.67,201148.0,610.388,1267
2025-10-21 10:50:00-04:00,610.65,611.22,610.55,611.12,285672.0,610.9,1527
2025-10-21 10:55:00-04:00,611.11,611.69,611.08,611.58,324879.0,611.453,1934
2025-10-21 11:00:00-04:00,611.6,611.72,610.96,611.06,364145.0,611.351,1787
2025-10-21 11:05:00-04:00,611.05,611.44,610.9,611.29,309834.0,611.208,1599
2025-10-21 11:10:00-04:00,611.3,611.65,611.17,611.29,243545.0,611.431,1291
2025-10-21 11:15:00-04:00,611.29,611.29,610.25,610.95,374314.0,610.806,2378
2025-10-21 11:20:00-04:00,610.95,611.03,610.6,610.84,225275.0,610.88,1487
2025-10-21 11:25:00-04:00,610.84,611.22,610.74,611.04,171614.0,610.974,1190
2025-10-21 11:30:00-04:00,611.05,611.48,611.03,611.39,218974.0,611.311,1430
2025-10-21 11:35:00-04:00,611.38,611.43,610.6,611.06,236696.0,610.978,1633
2025-10-21 11:40:00-04:00,611.07,611.44,610.99,611.19,223577.0,611.285,1276
2025-10-21 11:45:00-04:00,611.18,612.05,611.17,611.83,365185.0,611.739,2392
2025-10-21 11:50:00-04:00,611.83,612.25,611.8,612.11,296369.0,612.082,1743
2025-10-21 11:55:00-04:00,612.11,612.19,611.89,612.15,326153.0,612.052,1976
2025-10-21 12:00:00-04:00,612.14,612.61,611.99,612.39,482951.0,612.353,2535
2025-10-21 12:05:00-04:00,612.35,612.45,612.06,612.21,202594.0,612.203,1215
2025-10-21 12:10:00-04:00,612.18,612.38,612.05,612.28,195907.0,612.233,1173
2025-10-21 12:15:00-04:00,612.31,612.48,612.09,612.11,176452.0,612.279,1197
2025-10-21 12:20:00-04:00,612.09,612.44,611.99,612.37,240272.0,612.222,1476
2025-10-21 12:25:00-04:00,612.37,612.49,612.18,612.48,206660.0,612.341,1395
2025-10-21 12:30:00-04:00,612.49,612.62,612.43,612.56,170611.0,612.53,1056
2025-10-21 12:35:00-04:00,612.55,612.59,612.29,612.39,176035.0,612.472,1153
2025-10-21 12:40:00-04:00,612.38,612.49,612.12,612.37,222946.0,612.281,1420
2025-10-21 12:45:00-04:00,612.38,612.58,612.38,612.49,163757.0,612.492,1142
2025-10-21 12:50:00-04:00,612.49,612.73,611.36,611.41,644205.0,611.936,4562
2025-10-21 12:55:00-04:00,611.44,611.65,611.05,611.24,473735.0,611.407,3228
2025-10-21 13:00:00-04:00,611.24,611.32,610.37,610.84,553723.0,610.79,3277
2025-10-21 13:05:00-04:00,610.84,611.52,610.62,611.31,384738.0,611.094,2279
2025-10-21 13:10:00-04:00,611.32,611.83,611.26,611.75,280344.0,611.637,1537
2025-10-21 13:15:00-04:00,611.75,611.82,610.84,611.02,270604.0,611.331,1552
2025-10-21 13:20:00-04:00,611.05,611.27,610.58,611.18,316663.0,610.956,1798
2025-10-21 13:25:00-04:00,611.19,611.24,610.58,611.2,190057.0,610.887,1322
2025-10-21 13:30:00-04:00,611.21,611.44,610.97,611.23,234072.0,611.249,1555
2025-10-21 13:35:00-04:00,611.25,611.27,610.93,611.03,189256.0,611.102,1345
2025-10-21 13:40:00-04:00,611.06,611.69,611.04,611.37,238516.0,611.513,1574
2025-10-21 13:45:00-04:00,611.37,611.62,611.24,611.6,143113.0,611.448,1005
2025-10-21 13:50:00-04:00,611.61,611.78,611.49,611.63,127629.0,611.637,872
2025-10-21 13:55:00-04:00,611.63,611.94,611.62,611.91,169957.0,611.837,1251
2025-10-21 14:00:00-04:00,611.91,612.0,611.78,611.9,221574.0,611.904,1208
2025-10-21 14:05:00-04:00,611.92,612.04,611.83,611.98,158581.0,611.961,903
2025-10-21 14:10:00-04:00,611.99,612.04,611.75,611.88,161033.0,611.899,964
2025-10-21 14:15:00-04:00,611.86,611.87,611.35,611.53,178868.0,611.608,1267
2025-10-21 14:20:00-04:00,611.51,611.99,611.39,611.93,245946.0,611.72,1728
2025-10-21 14:25:00-04:00,611.92,612.2,611.8,611.96,195300.0,611.978,1332
2025-10-21 14:30:00-04:00,611.97,612.08,611.82,612.02,157211.0,611.97,998
2025-10-21 14:35:00-04:00,612.04,612.08,611.76,611.89,132407.0,611.933,934
2025-10-21 14:40:00-04:00,611.9,611.91,611.56,611.59,169669.0,611.691,1163
2025-10-21 14:45:00-04:00,611.58,611.88,611.52,611.81,149364.0,611.746,1099
2025-10-21 14:50:00-04:00,611.82,611.98,611.65,611.71,182502.0,611.821,1034
2025-10-21 14:55:00-04:00,611.71,611.95,611.68,611.83,164494.0,611.848,1018
2025-10-21 15:00:00-04:00,611.81,611.88,611.7,611.74,197358.0,611.784,1279
2025-10-21 15:05:00-04:00,611.72,611.94,611.63,611.9,215282.0,611.789,1274
2025-10-21 15:10:00-04:00,611.9,611.97,611.79,611.93,147000.0,611.894,956
2025-10-21 15:15:00-04:00,611.93,612.01,611.73,612.0,170181.0,611.862,1048
2025-10-21 15:20:00-04:00,611.99,612.2,611.96,611.98,193278.0,612.055,1268
2025-10-21 15:25:00-04:00,611.99,612.07,611.78,611.82,257542.0,611.906,1573
2025-10-21 15:30:00-04:00,611.81,611.82,611.59,611.74,230477.0,611.718,1525
2025-10-21 15:35:00-04:00,611.74,611.86,611.64,611.77,257231.0,611.763,1520
2025-10-21 15:40:00-04:00,611.77,611.91,611.68,611.9,221286.0,611.781,1418
2025-10-21 15:45:00-04:00,611.89,612.02,611.85,611.99,310897.0,611.939,2040
2025-10-21 15:50:00-04:00,611.99,612.43,611.92,612.34,685566.0,612.265,4004
2025-10-21 15:55:00-04:00,612.33,612.33,611.25,611.41,1353171.0,611.831,6668
2025-10-22 09:30:00-04:00,610.82,610.95,608.8,608.9,1143593.0,609.755,7056
2025-10-22 09:35:00-04:00,608.9,609.91,608.63,609.91,641354.0,609.114,4669
2025-10-22 09:40:00-04:00,609.92,610.82,609.84,610.71,640500.0,610.188,4330
2025-10-22 09:45:00-04:00,610.71,610.76,610.14,610.62,462828.0,610.48,3356
2025-10-22 09:50:00-04:00,610.62,611.41,610.42,611.21,421732.0,610.986,2972
2025-10-22 09:55:00-04:00,611.2,611.25,610.48,610.64,446967.0,610.786,3030
2025-10-22 10:00:00-04:00,610.64,611.19,610.42,610.47,375138.0,610.787,2590
2025-10-22 10:05:00-04:00,610.47,610.91,610.33,610.55,260023.0,610.62,2011
2025-10-22 10:10:00-04:00,610.55,610.62,609.5,609.53,522511.0,610.081,3611
2025-10-22 10:15:00-04:00,609.52,610.32,609.06,610.14,726301.0,609.762,5060
2025-10-22 10:20:00-04:00,610.15,610.21,608.95,609.09,544440.0,609.536,3479
2025-10-22 10:25:00-04:00,609.09,609.4,607.24,607.42,942663.0,608.157,5859
2025-10-22 10:30:00-04:00,607.43,607.84,606.57,607.27,1042306.0,607.082,5936
2025-10-22 10:35:00-04:00,607.22,607.6,606.53,606.66,656154.0,607.116,3882
2025-10-22 10:40:00-04:00,606.68,607.29,606.16,606.18,563500.0,606.566,3946
2025-10-22 10:45:00-04:00,606.16,607.11,605.63,607.01,1006104.0,606.205,6861
2025-10-22 10:50:00-04:00,607.02,607.77,607.02,607.59,540425.0,607.425,3090
2025-10-22 10:55:00-04:00,607.63,609.8,607.11,608.6,559633.0,608.122,3125
2025-10-22 11:00:00-04:00,608.6,609.02,608.32,608.71,595443.0,608.675,3555
2025-10-22 11:05:00-04:00,608.72,608.87,608.11,608.26,307520.0,608.497,1854
2025-10-22 11:10:00-04:00,608.23,608.23,607.32,607.81,439177.0,607.793,3045
2025-10-22 11:15:00-04:00,607.78,608.08,607.19,607.3,268093.0,607.542,1552
2025-10-22 11:20:00-04:00,607.26,607.4,605.07,605.82,899688.0,605.888,5263
2025-10-22 11:25:00-04:00,605.81,606.11,604.98,605.11,457251.0,605.534,2689
2025-10-22 11:30:00-04:00,605.11,605.83,604.49,605.18,577897.0,605.069,3332
2025-10-22 11:35:00-04:00,605.21,605.48,604.67,605.38,364863.0,605.146,2314
2025-10-22 11:40:00-04:00,605.36,606.2,605.12,605.93,372449.0,605.794,2572
2025-10-22 11:45:00-04:00,605.93,606.96,605.88,606.9,313660.0,606.651,1900
2025-10-22 11:50:00-04:00,606.9,607.45,606.77,607.19,437209.0,607.164,2240
2025-10-22 11:55:00-04:00,607.25,607.57,606.67,606.82,309001.0,607.1,1719
2025-10-22 12:00:00-04:00,606.87,607.07,605.79,606.18,425648.0,606.393,1754
2025-10-22 12:05:00-04:00,606.18,606.75,605.96,606.17,248253.0,606.323,1281
2025-10-22 12:10:00-04:00,606.15,606.27,605.5,605.97,258798.0,605.99,1327
2025-10-22 12:15:00-04:00,606.04,606.62,605.92,606.04,197877.0,606.255,1293
2025-10-22 12:20:00-04:00,606.02,606.1,604.63,604.97,339985.0,605.218,1851
2025-10-22 12:25:00-04:00,604.98,605.63,604.9,605.13,271078.0,605.263,1652
2025-10-22 12:30:00-04:00,605.16,605.7,601.26,604.47,1990553.0,602.927,13676
2025-10-22 12:35:00-04:00,604.5,604.81,603.8,604.4,704891.0,604.296,4749
2025-10-22 12:40:00-04:00,604.39,604.95,603.72,604.21,301374.0,604.212,1836
2025-10-22 12:45:00-04:00,604.26,605.0,603.5,603.74,283843.0,604.295,1671
2025-10-22 12:50:00-04:00,603.75,604.74,603.27,604.68,361991.0,603.941,1967
2025-10-22 12:55:00-04:00,604.69,605.29,604.07,604.26,453223.0,604.793,2804
2025-10-22 13:00:00-04:00,604.26,604.67,603.48,603.66,283712.0,604.021,1738
2025-10-22 13:05:00-04:00,603.7,604.1,603.16,604.06,355646.0,603.548,2266
2025-10-22 13:10:00-04:00,604.05,604.17,602.79,602.82,505378.0,603.548,3326
2025-10-22 13:15:00-04:00,602.81,603.03,602.34,602.52,562126.0,602.661,4004
2025-10-22 13:20:00-04:00,602.5,602.56,601.64,601.76,410897.0,602.11,2614
2025-10-22 13:25:00-04:00,601.77,602.41,601.45,602.28,431207.0,601.85,2908
2025-10-22 13:30:00-04:00,602.24,602.58,601.71,602.53,381395.0,602.2,2450
2025-10-22 13:35:00-04:00,602.48,602.68,600.9,600.94,478756.0,601.635,3005
2025-10-22 13:40:00-04:00,600.94,601.11,600.13,600.33,523965.0,600.501,3341
2025-10-22 13:45:00-04:00,600.33,601.38,600.26,601.25,495441.0,600.896,3699
2025-10-22 13:50:00-04:00,601.25,601.32,599.74,599.86,595258.0,600.431,4158
2025-10-22 13:55:00-04:00,599.86,601.39,599.86,601.39,507453.0,600.544,3589
2025-10-22 14:00:00-04:00,601.39,602.28,601.28,601.66,529369.0,601.881,2953
2025-10-22 14:05:00-04:00,601.64,602.24,601.52,601.62,252449.0,601.922,1544
2025-10-22 14:10:00-04:00,601.64,602.0,600.97,601.08,272557.0,601.573,1761
2025-10-22 14:15:00-04:00,601.03,601.13,600.29,600.95,364668.0,600.781,2045
2025-10-22 14:20:00-04:00,600.97,602.94,600.94,602.86,446184.0,602.314,2533
2025-10-22 14:25:00-04:00,602.88,603.05,602.14,602.41,342439.0,602.549,1956
2025-10-22 14:30:00-04:00,602.4,602.6,601.78,602.34,324005.0,602.234,1809
2025-10-22 14:35:00-04:00,602.36,602.87,602.11,602.74,272917.0,602.548,1639
2025-10-22 14:40:00-04:00,602.71,603.15,601.95,602.82,464282.0,602.762,2579
2025-10-22 14:45:00-04:00,602.77,603.15,602.61,602.98,365016.0,602.963,1935
2025-10-22 14:50:00-04:00,602.94,602.95,602.12,602.62,326742.0,602.422,1969
2025-10-22 14:55:00-04:00,602.67,603.5,602.57,603.45,434784.0,603.058,2583
2025-10-22 15:00:00-04:00,603.42,603.7,602.64,603.37,436810.0,603.277,2814
2025-10-22 15:05:00-04:00,603.37,604.55,603.2,604.33,430028.0,603.957,2305
2025-10-22 15:10:00-04:00,604.34,604.69,603.75,604.0,419441.0,604.247,1866
2025-10-22 15:15:00-04:00,604.04,604.56,603.99,604.54,233523.0,604.286,1182
2025-10-22 15:20:00-04:00,604.55,604.84,604.07,604.32,359008.0,604.51,1949
2025-10-22 15:25:00-04:00,604.32,604.88,604.23,604.68,196317.0,604.558,906
2025-10-22 15:30:00-04:00,604.67,605.28,604.66,605.02,418287.0,605.009,2182
2025-10-22 15:35:00-04:00,605.04,605.77,604.77,605.68,444665.0,605.27,2317
2025-10-22 15:40:00-04:00,605.68,605.84,605.02,605.07,315671.0,605.463,1864
2025-10-22 15:45:00-04:00,605.09,605.31,604.71,605.2,373820.0,605.015,2314
2025-10-22 15:50:00-04:00,605.22,605.55,604.87,605.14,554383.0,605.158,3692
2025-10-22 15:55:00-04:00,605.14,605.56,604.92,605.38,1200445.0,605.228,6964
2025-10-23 09:30:00-04:00,604.91,605.57,604.52,605.3,856336.0,605.075,4894
2025-10-23 09:35:00-04:00,605.3,606.4,604.99,606.18,600056.0,605.807,3710
2025-10-23 09:40:00-04:00,606.21,606.74,605.9,606.74,525141.0,606.305,2925
2025-10-23 09:45:00-04:00,606.74,607.93,606.74,607.82,687002.0,607.327,4010
2025-10-23 09:50:00-04:00,607.85,608.51,607.83,608.47,818337.0,608.221,3992
2025-10-23 09:55:00-04:00,608.48,608.83,608.05,608.34,587647.0,608.415,3503
2025-10-23 10:00:00-04:00,608.38,608.74,607.83,608.27,525046.0,608.254,3339
2025-10-23 10:05:00-04:00,608.27,608.28,607.43,607.5,527720.0,607.793,3092
2025-10-23 10:10:00-04:00,607.52,608.02,606.97,607.78,553781.0,607.493,3092
2025-10-23 10:15:00-04:00,607.79,607.99,606.58,606.8,470371.0,607.328,2656
2025-10-23 10:20:00-04:00,606.79,608.25,606.51,608.21,507352.0,607.404,2956
2025-10-23 10:25:00-04:00,608.2,608.47,607.92,608.04,431615.0,608.193,2093
2025-10-23 10:30:00-04:00,608.05,608.43,607.76,608.41,218309.0,608.06,1233
2025-10-23 10:35:00-04:00,608.38,609.08,608.33,609.0,382253.0,608.766,1968
2025-10-23 10:40:00-04:00,608.98,609.07,608.3,608.43,286578.0,608.715,1421
2025-10-23 10:45:00-04:00,608.46,609.27,607.94,609.18,407906.0,608.756,2196
2025-10-23 10:50:00-04:00,609.18,609.19,608.25,608.29,256654.0,608.673,1217
2025-10-23 10:55:00-04:00,608.27,609.08,608.06,609.06,236867.0,608.481,1117
2025-10-23 11:00:00-04:00,609.06,609.14,608.51,608.83,190585.0,608.867,1127
2025-10-23 11:05:00-04:00,608.82,609.12,608.58,608.98,167334.0,608.893,954
2025-10-23 11:10:00-04:00,609.01,609.07,608.37,608.66,213083.0,608.693,997
2025-10-23 11:15:00-04:00,608.65,608.76,608.02,608.27,169960.0,608.335,946
2025-10-23 11:20:00-04:00,608.29,608.6,607.88,608.49,160636.0,608.304,1003
2025-10-23 11:25:00-04:00,608.48,608.95,608.25,608.81,195703.0,608.618,1116
2025-10-23 11:30:00-04:00,608.85,609.44,608.84,609.04,266645.0,609.199,1479
2025-10-23 11:35:00-04:00,609.05,609.13,608.26,608.64,177817.0,608.636,1218
2025-10-23 11:40:00-04:00,608.63,608.77,607.4,607.59,264280.0,608.026,1541
2025-10-23 11:45:00-04:00,607.59,608.57,607.47,608.53,367315.0,608.0,2050
2025-10-23 11:50:00-04:00,608.54,609.3,608.33,609.23,318854.0,608.848,1618
2025-10-23 11:55:00-04:00,609.19,609.69,608.98,609.17,365768.0,609.372,2008
2025-10-23 12:00:00-04:00,609.17,609.45,609.0,609.44,158904.0,609.206,881
2025-10-23 12:05:00-04:00,609.46,609.88,609.37,609.61,303849.0,609.641,1531
2025-10-23 12:10:00-04:00,609.57,609.87,609.52,609.85,220179.0,609.724,1152
2025-10-23 12:15:00-04:00,609.86,609.94,609.58,609.73,268245.0,609.793,1138
2025-10-23 12:20:00-04:00,609.74,609.8,609.43,609.45,191029.0,609.595,969
2025-10-23 12:25:00-04:00,609.46,609.52,608.94,609.32,284218.0,609.266,1375
2025-10-23 12:30:00-04:00,609.31,609.75,609.27,609.5,187282.0,609.528,935
2025-10-23 12:35:00-04:00,609.52,609.81,609.4,609.72,88572.0,609.601,506
2025-10-23 12:40:00-04:00,609.73,610.01,609.71,609.98,198499.0,609.872,912
2025-10-23 12:45:00-04:00,609.99,610.08,609.7,609.87,182421.0,609.928,977
2025-10-23 12:50:00-04:00,609.88,610.23,609.83,610.2,172224.0,610.094,844
2025-10-23 12:55:00-04:00,610.2,610.28,610.07,610.26,255060.0,610.163,1192
2025-10-23 13:00:00-04:00,610.28,610.41,610.11,610.22,195456.0,610.251,1010
2025-10-23 13:05:00-04:00,610.22,610.28,609.06,609.57,617557.0,609.602,4209
2025-10-23 13:10:00-04:00,609.55,610.37,609.52,610.17,232136.0,610.09,1564
2025-10-23 13:15:00-04:00,610.18,610.3,609.82,609.92,148969.0,610.029,971
2025-10-23 13:20:00-04:00,609.88,610.01,609.74,609.81,121887.0,609.877,771
2025-10-23 13:25:00-04:00,609.81,609.81,609.28,609.48,200079.0,609.501,1243
2025-10-23 13:30:00-04:00,609.47,610.22,609.43,609.97,234778.0,609.847,1638
2025-10-23 13:35:00-04:00,609.95,611.09,609.94,610.96,548941.0,610.564,3141
2025-10-23 13:40:00-04:00,610.96,610.98,610.58,610.89,222811.0,610.802,1372
2025-10-23 13:45:00-04:00,610.92,611.14,610.88,611.0,290089.0,611.021,1362
2025-10-23 13:50:00-04:00,610.99,611.21,610.96,611.21,224142.0,611.113,1211
2025-10-23 13:55:00-04:00,611.22,611.3,611.1,611.19,211436.0,611.234,1043
2025-10-23 14:00:00-04:00,611.21,611.28,610.74,610.88,194059.0,610.975,1150
2025-10-23 14:05:00-04:00,610.87,610.93,610.71,610.85,154008.0,610.792,985
2025-10-23 14:10:00-04:00,610.84,610.9,610.71,610.79,89165.0,610.787,422
2025-10-23 14:15:00-04:00,610.78,610.94,610.36,610.92,204410.0,610.719,1386
2025-10-23 14:20:00-04:00,610.91,611.18,610.84,611.06,162786.0,611.068,774
2025-10-23 14:25:00-04:00,611.09,611.18,610.91,611.16,86586.0,611.078,483
2025-10-23 14:30:00-04:00,611.15,611.37,610.97,610.99,133706.0,611.143,707
2025-10-23 14:35:00-04:00,610.97,610.99,610.7,610.76,131084.0,610.812,838
2025-10-23 14:40:00-04:00,610.77,610.89,610.67,610.86,121976.0,610.797,778
2025-10-23 14:45:00-04:00,610.85,610.89,610.61,610.79,134217.0,610.736,698
2025-10-23 14:50:00-04:00,610.79,611.09,610.79,611.03,180977.0,610.98,894
2025-10-23 14:55:00-04:00,611.02,611.17,611.02,611.1,122853.0,611.094,600
2025-10-23 15:00:00-04:00,611.1,611.23,610.93,611.11,169353.0,611.098,653
2025-10-23 15:05:00-04:00,611.1,611.13,610.82,610.97,123379.0,610.944,756
2025-10-23 15:10:00-04:00,610.97,611.27,610.96,611.17,173740.0,611.177,1025
2025-10-23 15:15:00-04:00,611.18,611.24,610.94,611.08,213755.0,611.062,1181
2025-10-23 15:20:00-04:00,611.08,611.32,611.06,611.15,184194.0,611.202,1083
2025-10-23 15:25:00-04:00,611.15,611.2,610.93,611.14,200912.0,611.064,1183
2025-10-23 15:30:00-04:00,611.14,611.14,610.91,610.98,232091.0,611.018,1443
2025-10-23 15:35:00-04:00,610.99,611.06,610.69,610.84,220180.0,610.869,1277
2025-10-23 15:40:00-04:00,610.83,610.88,610.65,610.7,240977.0,610.768,1364
2025-10-23 15:45:00-04:00,610.69,611.0,610.66,610.83,294339.0,610.848,1601
2025-10-23 15:50:00-04:00,610.82,610.82,610.08,610.71,683123.0,610.391,3987
2025-10-23 15:55:00-04:00,610.71,610.89,610.37,610.62,936438.0,610.636,5398
2025-10-24 09:30:00-04:00,615.99,616.65,615.13,616.57,1295207.0,615.843,7095
2025-10-24 09:35:00-04:00,616.57,617.53,616.5,616.97,1253305.0,617.094,7714
2025-10-24 09:40:00-04:00,616.94,617.26,616.63,616.94,654885.0,617.009,3832
2025-10-24 09:45:00-04:00,616.97,617.49,616.22,616.43,879710.0,616.879,5265
2025-10-24 09:50:00-04:00,616.41,616.61,615.93,616.37,595359.0,616.285,4255
2025-10-24 09:55:00-04:00,616.39,617.12,616.3,616.97,461513.0,616.75,2881
2025-10-24 10:00:00-04:00,617.02,617.5,616.68,617.14,771588.0,617.174,5235
2025-10-24 10:05:00-04:00,617.13,617.9,617.08,617.56,643909.0,617.463,4432
2025-10-24 10:10:00-04:00,617.56,617.77,617.29,617.68,635365.0,617.584,4294
2025-10-24 10:15:00-04:00,617.69,617.71,617.28,617.5,459181.0,617.449,2923
2025-10-24 10:20:00-04:00,617.49,617.5,616.82,617.14,533597.0,617.067,3694
2025-10-24 10:25:00-04:00,617.13,617.14,616.62,616.76,429217.0,616.858,3038
2025-10-24 10:30:00-04:00,616.75,616.84,616.03,616.79,449259.0,616.444,3016
2025-10-24 10:35:00-04:00,616.78,617.16,616.26,617.04,382466.0,616.795,2493
2025-10-24 10:40:00-04:00,617.02,617.64,617.01,617.53,386597.0,617.382,2514
2025-10-24 10:45:00-04:00,617.53,617.58,617.02,617.12,361187.0,617.317,2470
2025-10-24 10:50:00-04:00,617.13,617.18,615.9,616.14,459476.0,616.463,3062
2025-10-24 10:55:00-04:00,616.11,616.2,615.18,616.05,799244.0,615.804,4523
2025-10-24 11:00:00-04:00,616.04,616.35,615.8,616.02,297472.0,616.056,2016
2025-10-24 11:05:00-04:00,616.05,616.52,615.76,616.5,264107.0,616.113,1719
2025-10-24 11:10:00-04:00,616.49,616.88,616.18,616.86,234978.0,616.552,1547
2025-10-24 11:15:00-04:00,616.86,617.3,616.86,617.09,424847.0,617.104,2489
2025-10-24 11:20:00-04:00,617.1,617.84,617.08,617.72,404985.0,617.549,2709
2025-10-24 11:25:00-04:00,617.74,617.8,617.46,617.61,376499.0,617.638,2370
2025-10-24 11:30:00-04:00,617.63,617.89,617.5,617.5,301717.0,617.713,2022
2025-10-24 11:35:00-04:00,617.5,617.7,617.1,617.61,468410.0,617.423,2884
2025-10-24 11:40:00-04:00,617.61,617.62,617.2,617.28,269455.0,617.399,1819
2025-10-24 11:45:00-04:00,617.29,617.42,616.83,617.29,388841.0,617.205,2554
2025-10-24 11:50:00-04:00,617.28,617.58,617.17,617.33,239724.0,617.394,1758
2025-10-24 11:55:00-04:00,617.34,617.48,616.89,617.35,301071.0,617.208,2114
2025-10-24 12:00:00-04:00,617.34,617.69,617.31,617.64,333670.0,617.548,2065
2025-10-24 12:05:00-04:00,617.65,617.69,617.32,617.61,216601.0,617.5,1390
2025-10-24 12:10:00-04:00,617.61,617.82,617.57,617.74,165752.0,617.691,1017
2025-10-24 12:15:00-04:00,617.72,617.81,617.63,617.79,142124.0,617.748,932
2025-10-24 12:20:00-04:00,617.77,618.27,617.66,617.78,427005.0,617.895,2737
2025-10-24 12:25:00-04:00,617.78,617.81,617.58,617.67,201777.0,617.706,1442
2025-10-24 12:30:00-04:00,617.67,617.91,617.55,617.63,272077.0,617.69,1779
2025-10-24 12:35:00-04:00,617.63,617.84,617.41,617.63,287268.0,617.625,1881
2025-10-24 12:40:00-04:00,617.65,617.73,617.28,617.45,242687.0,617.467,1580
2025-10-24 12:45:00-04:00,617.45,617.97,617.3,617.96,235094.0,617.748,1671
2025-10-24 12:50:00-04:00,617.96,618.27,617.94,618.03,248438.0,618.103,1680
2025-10-24 12:55:00-04:00,618.01,618.14,617.79,618.0,186636.0,617.923,1248
2025-10-24 13:00:00-04:00,617.99,618.08,617.88,618.05,192389.0,617.972,1078
2025-10-24 13:05:00-04:00,618.04,618.09,617.94,618.02,124291.0,618.018,762
2025-10-24 13:10:00-04:00,618.05,618.18,617.78,617.82,190869.0,617.98,1084
2025-10-24 13:15:00-04:00,617.82,618.03,617.72,618.01,299366.0,617.902,1167
2025-10-24 13:20:00-04:00,618.01,618.12,617.75,618.11,215696.0,617.907,1164
2025-10-24 13:25:00-04:00,618.1,618.19,617.86,617.92,177874.0,618.048,990
2025-10-24 13:30:00-04:00,617.9,618.09,617.8,618.03,168739.0,618.002,1061
2025-10-24 13:35:00-04:00,618.02,618.25,617.93,618.2,190245.0,618.115,1087
2025-10-24 13:40:00-04:00,618.18,618.23,618.05,618.15,126137.0,618.133,770
2025-10-24 13:45:00-04:00,618.16,618.42,618.04,618.36,235183.0,618.276,1480
2025-10-24 13:50:00-04:00,618.37,618.37,618.12,618.21,179828.0,618.263,1153
2025-10-24 13:55:00-04:00,618.2,618.2,617.95,617.98,161455.0,618.062,1102
2025-10-24 14:00:00-04:00,617.97,617.99,617.62,617.9,256776.0,617.844,1710
2025-10-24 14:05:00-04:00,617.88,618.09,617.85,618.0,186746.0,617.984,1044
2025-10-24 14:10:00-04:00,618.0,618.1,617.93,617.95,114560.0,618.035,644
2025-10-24 14:15:00-04:00,617.95,618.07,617.77,618.05,133419.0,617.954,885
2025-10-24 14:20:00-04:00,618.06,618.09,617.92,617.97,104565.0,618.014,689
2025-10-24 14:25:00-04:00,617.97,617.99,617.81,617.88,101193.0,617.883,726
2025-10-24 14:30:00-04:00,617.89,618.0,617.72,617.93,196064.0,617.885,1089
2025-10-24 14:35:00-04:00,617.93,618.11,617.88,617.97,199856.0,618.017,1214
2025-10-24 14:40:00-04:00,617.96,617.96,617.73,617.75,219435.0,617.81,1390
2025-10-24 14:45:00-04:00,617.75,617.76,617.51,617.69,372585.0,617.636,2029
2025-10-24 14:50:00-04:00,617.7,617.73,617.5,617.69,269545.0,617.635,1572
2025-10-24 14:55:00-04:00,617.68,617.9,617.61,617.86,220857.0,617.766,1418
2025-10-24 15:00:00-04:00,617.86,618.16,617.84,618.12,337795.0,618.027,2311
2025-10-24 15:05:00-04:00,618.13,618.3,617.99,618.24,479356.0,618.104,2457
2025-10-24 15:10:00-04:00,618.25,618.35,618.13,618.17,255755.0,618.232,1460
2025-10-24 15:15:00-04:00,618.18,618.23,618.02,618.1,169905.0,618.127,1137
2025-10-24 15:20:00-04:00,618.1,618.39,618.03,618.3,206817.0,618.252,1346
2025-10-24 15:25:00-04:00,618.31,618.41,618.22,618.25,249634.0,618.322,1587
2025-10-24 15:30:00-04:00,618.26,618.29,618.08,618.09,320063.0,618.19,1939
2025-10-24 15:35:00-04:00,618.09,618.14,617.89,617.93,346512.0,618.006,1996
2025-10-24 15:40:00-04:00,617.93,618.0,617.73,617.84,531467.0,617.856,3023
2025-10-24 15:45:00-04:00,617.84,618.02,617.74,617.9,592214.0,617.871,3566
2025-10-24 15:50:00-04:00,617.89,617.97,617.5,617.6,1009676.0,617.725,6308
2025-10-24 15:55:00-04:00,617.58,617.58,616.75,617.0,2252868.0,617.134,12748
2025-10-27 09:30:00-04:00,624.51,625.53,624.48,624.69,1502553.0,625.094,6828
2025-10-27 09:35:00-04:00,624.69,625.17,624.03,625.06,976765.0,624.51,5758
2025-10-27 09:40:00-04:00,625.06,625.27,624.42,625.05,565344.0,624.836,3700
2025-10-27 09:45:00-04:00,625.07,625.27,624.71,624.92,520037.0,624.984,3284
2025-10-27 09:50:00-04:00,624.92,625.16,624.36,625.12,521134.0,624.798,3387
2025-10-27 09:55:00-04:00,625.12,625.44,624.96,625.3,469109.0,625.249,2977
2025-10-27 10:00:00-04:00,625.3,625.94,625.15,625.71,780498.0,625.601,4911
2025-10-27 10:05:00-04:00,625.71,625.91,625.62,625.76,454251.0,625.768,3012
2025-10-27 10:10:00-04:00,625.73,625.74,625.28,625.57,451455.0,625.526,3055
2025-10-27 10:15:00-04:00,625.57,625.7,624.89,624.95,427641.0,625.273,2874
2025-10-27 10:20:00-04:00,624.94,625.21,624.7,625.01,362951.0,624.934,2407
2025-10-27 10:25:00-04:00,625.01,625.8,624.89,625.8,415521.0,625.3,2548
2025-10-27 10:30:00-04:00,625.79,626.07,625.53,625.92,511125.0,625.812,2859
2025-10-27 10:35:00-04:00,625.9,626.23,625.85,626.09,506278.0,626.113,3133
2025-10-27 10:40:00-04:00,626.1,626.29,626.03,626.27,275265.0,626.16,1609
2025-10-27 10:45:00-04:00,626.28,626.34,625.78,625.96,502780.0,626.03,3019
2025-10-27 10:50:00-04:00,625.96,625.97,625.58,625.77,326564.0,625.746,1943
2025-10-27 10:55:00-04:00,625.76,626.01,625.39,625.54,281227.0,625.732,1741
2025-10-27 11:00:00-04:00,625.54,626.26,625.48,626.05,343139.0,625.948,2089
2025-10-27 11:05:00-04:00,626.04,626.28,625.91,626.01,388568.0,626.088,2546
2025-10-27 11:10:00-04:00,626.0,626.43,625.99,626.39,310685.0,626.272,2077
2025-10-27 11:15:00-04:00,626.39,626.44,626.16,626.2,400861.0,626.321,2698
2025-10-27 11:20:00-04:00,626.2,626.38,625.95,626.38,383462.0,626.178,2504
2025-10-27 11:25:00-04:00,626.37,626.58,626.3,626.5,349525.0,626.457,2181
2025-10-27 11:30:00-04:00,626.51,626.64,626.44,626.54,274051.0,626.539,1532
2025-10-27 11:35:00-04:00,626.54,626.65,626.38,626.5,238963.0,626.494,1638
2025-10-27 11:40:00-04:00,626.49,626.75,626.48,626.75,350858.0,626.631,2240
2025-10-27 11:45:00-04:00,626.74,626.74,626.49,626.66,288302.0,626.599,1981
2025-10-27 11:50:00-04:00,626.67,626.68,626.31,626.36,379174.0,626.45,2702
2025-10-27 11:55:00-04:00,626.36,626.55,626.29,626.39,237648.0,626.424,1736
2025-10-27 12:00:00-04:00,626.41,626.72,626.31,626.71,382327.0,626.582,2288
2025-10-27 12:05:00-04:00,626.72,626.81,626.54,626.75,427984.0,626.706,2509
2025-10-27 12:10:00-04:00,626.75,626.83,626.66,626.74,215360.0,626.752,1612
2025-10-27 12:15:00-04:00,626.74,626.77,626.56,626.57,224260.0,626.659,1544
2025-10-27 12:20:00-04:00,626.58,626.75,626.5,626.68,333370.0,626.588,1979
2025-10-27 12:25:00-04:00,626.69,626.7,626.6,626.64,234436.0,626.644,1520
2025-10-27 12:30:00-04:00,626.65,626.8,626.64,626.77,295984.0,626.743,1763
2025-10-27 12:35:00-04:00,626.77,626.91,626.63,626.65,250693.0,626.779,1608
2025-10-27 12:40:00-04:00,626.67,626.8,626.6,626.71,178811.0,626.7,1091
2025-10-27 12:45:00-04:00,626.71,626.76,626.58,626.7,172024.0,626.651,1049
2025-10-27 12:50:00-04:00,626.7,626.98,626.69,626.96,306878.0,626.862,1956
2025-10-27 12:55:00-04:00,626.96,626.98,626.81,626.9,240810.0,626.895,1431
2025-10-27 13:00:00-04:00,626.9,626.95,626.78,626.91,262152.0,626.889,1600
2025-10-27 13:05:00-04:00,626.9,626.94,626.69,626.72,306489.0,626.81,1840
2025-10-27 13:10:00-04:00,626.73,626.81,626.55,626.79,244677.0,626.674,1566
2025-10-27 13:15:00-04:00,626.78,626.84,626.62,626.63,176720.0,626.741,1122
2025-10-27 13:20:00-04:00,626.63,626.64,626.42,626.44,369730.0,626.542,2220
2025-10-27 13:25:00-04:00,626.44,626.66,626.38,626.59,298948.0,626.556,1696
2025-10-27 13:30:00-04:00,626.6,626.81,626.48,626.76,224530.0,626.66,1279
2025-10-27 13:35:00-04:00,626.76,626.96,626.67,626.91,317146.0,626.828,1332
2025-10-27 13:40:00-04:00,626.91,627.24,626.89,627.13,709364.0,627.102,3498
2025-10-27 13:45:00-04:00,627.13,627.26,627.09,627.2,239689.0,627.181,1348
2025-10-27 13:50:00-04:00,627.19,627.19,627.07,627.13,167044.0,627.12,1004
2025-10-27 13:55:00-04:00,627.13,627.26,627.12,627.21,284887.0,627.205,1527
2025-10-27 14:00:00-04:00,627.2,627.29,627.03,627.25,381493.0,627.175,1884
2025-10-27 14:05:00-04:00,627.25,627.28,627.11,627.27,141800.0,627.19,908
2025-10-27 14:10:00-04:00,627.28,627.3,627.17,627.27,177183.0,627.239,1002
2025-10-27 14:15:00-04:00,627.27,627.36,627.24,627.33,246834.0,627.293,1233
2025-10-27 14:20:00-04:00,627.34,627.4,627.29,627.32,200148.0,627.343,1187
2025-10-27 14:25:00-04:00,627.32,627.35,627.25,627.28,127647.0,627.3,809
2025-10-27 14:30:00-04:00,627.29,627.32,627.16,627.18,201514.0,627.248,991
2025-10-27 14:35:00-04:00,627.19,627.29,627.13,627.27,197476.0,627.202,1236
2025-10-27 14:40:00-04:00,627.28,627.49,627.24,627.43,365547.0,627.4,1892
2025-10-27 14:45:00-04:00,627.44,627.53,627.25,627.35,399650.0,627.427,2158
2025-10-27 14:50:00-04:00,627.36,627.45,627.27,627.43,260484.0,627.352,1312
2025-10-27 14:55:00-04:00,627.43,627.69,627.41,627.58,389301.0,627.587,1964
2025-10-27 15:00:00-04:00,627.57,627.61,627.31,627.35,354752.0,627.435,1828
2025-10-27 15:05:00-04:00,627.34,627.59,627.3,627.52,315873.0,627.429,1771
2025-10-27 15:10:00-04:00,627.52,627.6,627.35,627.36,286008.0,627.456,1745
2025-10-27 15:15:00-04:00,627.36,627.36,627.13,627.18,641223.0,627.225,2698
2025-10-27 15:20:00-04:00,627.17,627.27,627.07,627.21,359786.0,627.185,2004
2025-10-27 15:25:00-04:00,627.21,627.25,627.12,627.22,361791.0,627.186,1843
2025-10-27 15:30:00-04:00,627.22,627.34,627.16,627.3,457263.0,627.263,2491
2025-10-27 15:35:00-04:00,627.31,627.67,627.21,627.6,851652.0,627.463,4157
2025-10-27 15:40:00-04:00,627.61,627.62,627.44,627.46,602513.0,627.505,3014
2025-10-27 15:45:00-04:00,627.47,627.88,627.45,627.81,1246302.0,627.703,6308
2025-10-27 15:50:00-04:00,627.81,628.54,627.81,628.49,1643797.0,628.198,8915
2025-10-27 15:55:00-04:00,628.49,628.55,628.06,628.08,2055280.0,628.305,11779
2025-10-28 09:30:00-04:00,630.36,631.36,630.28,630.77,1207334.0,630.85,5741
2025-10-28 09:35:00-04:00,630.78,630.87,630.1,630.57,940074.0,630.489,6008
2025-10-28 09:40:00-04:00,630.57,631.07,630.41,630.97,637072.0,630.844,4082
2025-10-28 09:45:00-04:00,630.97,631.04,630.0,630.52,703193.0,630.546,4866
2025-10-28 09:50:00-04:00,630.53,630.57,629.77,629.9,704027.0,630.046,4677
2025-10-28 09:55:00-04:00,629.9,631.21,629.82,630.59,669578.0,630.577,4321
2025-10-28 10:00:00-04:00,630.66,630.88,630.44,630.75,434161.0,630.651,3310
2025-10-28 10:05:00-04:00,630.73,630.91,630.39,630.7,585478.0,630.653,3610
2025-10-28 10:10:00-04:00,630.7,630.89,630.48,630.81,377476.0,630.711,2200
2025-10-28 10:15:00-04:00,630.81,630.88,630.43,630.49,375554.0,630.608,2243
2025-10-28 10:20:00-04:00,630.49,630.67,630.21,630.26,439088.0,630.47,2284
2025-10-28 10:25:00-04:00,630.29,630.57,629.89,630.19,425968.0,630.224,2394
2025-10-28 10:30:00-04:00,630.19,630.25,629.66,629.94,406180.0,629.901,2351
2025-10-28 10:35:00-04:00,629.93,630.33,629.68,629.71,385677.0,630.052,1784
2025-10-28 10:40:00-04:00,629.73,629.79,629.43,629.66,431617.0,629.563,2084
2025-10-28 10:45:00-04:00,629.65,630.08,629.28,629.96,325319.0,629.653,1816
2025-10-28 10:50:00-04:00,629.96,630.09,629.58,630.03,177718.0,629.886,1015
2025-10-28 10:55:00-04:00,630.03,630.19,629.81,629.91,189191.0,629.98,1171
2025-10-28 11:00:00-04:00,629.91,630.35,629.83,629.93,269802.0,630.109,1605
2025-10-28 11:05:00-04:00,629.93,630.4,629.87,630.35,206943.0,630.194,1293
2025-10-28 11:10:00-04:00,630.35,630.37,629.9,630.08,166251.0,630.082,1108
2025-10-28 11:15:00-04:00,630.09,630.27,629.9,630.19,126485.0,630.071,784
2025-10-28 11:20:00-04:00,630.2,630.22,629.94,630.1,128118.0,630.051,783
2025-10-28 11:25:00-04:00,630.1,630.31,630.02,630.16,188941.0,630.143,914
2025-10-28 11:30:00-04:00,630.15,630.17,629.66,629.79,230328.0,629.93,1326
2025-10-28 11:35:00-04:00,629.8,630.39,629.25,630.3,443591.0,629.833,2459
2025-10-28 11:40:00-04:00,630.31,630.34,629.83,629.94,254631.0,630.06,1260
2025-10-28 11:45:00-04:00,629.93,630.31,629.86,630.16,249210.0,630.112,1234
2025-10-28 11:50:00-04:00,630.16,630.31,630.08,630.27,166961.0,630.219,877
2025-10-28 11:55:00-04:00,630.26,630.54,630.18,630.53,117275.0,630.388,717
2025-10-28 12:00:00-04:00,630.55,630.99,630.54,630.72,508965.0,630.797,2486
2025-10-28 12:05:00-04:00,630.72,631.12,630.69,631.12,299040.0,630.956,1564
2025-10-28 12:10:00-04:00,631.12,631.17,630.82,630.86,242724.0,630.958,1236
2025-10-28 12:15:00-04:00,630.86,631.04,630.75,630.88,176305.0,630.94,1127
2025-10-28 12:20:00-04:00,630.87,631.06,630.72,631.03,284484.0,630.849,1529
2025-10-28 12:25:00-04:00,631.03,631.36,631.0,631.3,400671.0,631.242,1955
2025-10-28 12:30:00-04:00,631.3,632.58,630.97,631.69,1250704.0,631.806,9026
2025-10-28 12:35:00-04:00,631.7,631.78,631.26,631.52,486293.0,631.517,3220
2025-10-28 12:40:00-04:00,631.53,631.88,631.37,631.88,377633.0,631.649,2281
2025-10-28 12:45:00-04:00,631.88,632.26,631.84,632.02,410591.0,632.066,2478
2025-10-28 12:50:00-04:00,632.02,632.23,631.9,631.92,309400.0,632.034,1687
2025-10-28 12:55:00-04:00,631.93,631.94,631.61,631.67,226694.0,631.812,1262
2025-10-28 13:00:00-04:00,631.66,632.13,631.64,631.96,348081.0,631.963,1700
2025-10-28 13:05:00-04:00,631.97,632.04,631.73,631.76,265528.0,631.892,1456
2025-10-28 13:10:00-04:00,631.76,632.38,631.55,632.21,583944.0,632.166,4099
2025-10-28 13:15:00-04:00,632.21,632.43,631.86,632.16,460593.0,632.129,3324
2025-10-28 13:20:00-04:00,632.16,632.38,632.06,632.3,229544.0,632.233,1265
2025-10-28 13:25:00-04:00,632.3,632.3,632.06,632.13,213039.0,632.188,1164
2025-10-28 13:30:00-04:00,632.14,632.45,632.06,632.41,220110.0,632.272,1449
2025-10-28 13:35:00-04:00,632.41,632.68,632.38,632.5,398665.0,632.541,2322
2025-10-28 13:40:00-04:00,632.49,632.69,632.46,632.53,485126.0,632.578,2743
2025-10-28 13:45:00-04:00,632.53,632.66,632.3,632.6,362302.0,632.499,2104
2025-10-28 13:50:00-04:00,632.59,632.84,632.57,632.77,435298.0,632.726,2367
2025-10-28 13:55:00-04:00,632.77,632.87,632.45,632.75,364809.0,632.658,1934
2025-10-28 14:00:00-04:00,632.76,632.82,632.61,632.8,326830.0,632.751,1466
2025-10-28 14:05:00-04:00,632.82,632.93,632.7,632.77,343085.0,632.831,1705
2025-10-28 14:10:00-04:00,632.78,632.9,632.74,632.87,177259.0,632.833,1143
2025-10-28 14:15:00-04:00,632.86,633.36,632.81,633.36,441946.0,633.149,2326
2025-10-28 14:20:00-04:00,633.35,633.51,633.29,633.4,426264.0,633.405,2573
2025-10-28 14:25:00-04:00,633.41,633.56,633.29,633.45,308359.0,633.443,1737
2025-10-28 14:30:00-04:00,633.45,633.67,633.42,633.53,261502.0,633.545,1455
2025-10-28 14:35:00-04:00,633.55,633.58,633.39,633.43,234807.0,633.491,1285
2025-10-28 14:40:00-04:00,633.43,633.57,633.33,633.54,380360.0,633.467,1853
2025-10-28 14:45:00-04:00,633.53,633.6,633.4,633.51,241745.0,633.5,1486
2025-10-28 14:50:00-04:00,633.51,633.78,633.51,633.6,237377.0,633.67,1400
2025-10-28 14:55:00-04:00,633.59,633.79,633.44,633.78,256190.0,633.606,1605
2025-10-28 15:00:00-04:00,633.77,633.81,633.42,633.62,338074.0,633.589,1976
2025-10-28 15:05:00-04:00,633.62,634.17,633.6,634.13,539139.0,633.922,2739
2025-10-28 15:10:00-04:00,634.13,634.2,633.97,634.1,319769.0,634.093,2329
2025-10-28 15:15:00-04:00,634.1,634.1,633.79,634.06,420248.0,633.967,2614
2025-10-28 15:20:00-04:00,634.06,634.2,634.0,634.17,288164.0,634.103,1673
2025-10-28 15:25:00-04:00,634.16,634.67,634.07,634.55,527224.0,634.437,2848
2025-10-28 15:30:00-04:00,634.55,634.68,634.36,634.53,447680.0,634.503,2628
2025-10-28 15:35:00-04:00,634.54,634.57,634.08,634.13,419257.0,634.29,2157
2025-10-28 15:40:00-04:00,634.14,634.14,633.51,633.74,862149.0,633.734,4946
2025-10-28 15:45:00-04:00,633.74,633.95,633.5,633.53,569260.0,633.645,3154
2025-10-28 15:50:00-04:00,633.52,633.57,632.98,633.31,1202382.0,633.303,7105
2025-10-28 15:55:00-04:00,633.32,633.44,632.86,632.89,1744589.0,633.156,10304
2025-10-29 09:30:00-04:00,635.58,636.22,635.55,635.88,1162106.0,635.807,5583
2025-10-29 09:35:00-04:00,635.88,635.97,635.31,635.74,720045.0,635.694,5066
2025-10-29 09:40:00-04:00,635.74,635.88,635.46,635.81,699051.0,635.675,5072
2025-10-29 09:45:00-04:00,635.81,636.15,635.57,635.96,849795.0,635.842,5507
2025-10-29 09:50:00-04:00,635.97,636.34,635.61,636.17,727006.0,636.041,4927
2025-10-29 09:55:00-04:00,636.17,636.84,636.12,636.84,617325.0,636.586,3970
2025-10-29 10:00:00-04:00,636.85,637.01,635.99,636.08,574143.0,636.634,3965
2025-10-29 10:05:00-04:00,636.08,636.21,635.64,635.88,651638.0,635.915,4184
2025-10-29 10:10:00-04:00,635.88,636.38,635.54,636.05,684488.0,636.036,4471
2025-10-29 10:15:00-04:00,636.04,636.25,635.82,636.13,397285.0,636.052,2765
2025-10-29 10:20:00-04:00,636.12,636.39,635.96,636.11,553719.0,636.206,3690
2025-10-29 10:25:00-04:00,636.11,636.34,635.75,636.32,543037.0,636.129,2956
2025-10-29 10:30:00-04:00,636.32,636.48,636.14,636.48,334034.0,636.331,2371
2025-10-29 10:35:00-04:00,636.48,636.58,636.34,636.43,279300.0,636.46,1934
2025-10-29 10:40:00-04:00,636.44,636.44,635.71,635.82,468333.0,636.057,3039
2025-10-29 10:45:00-04:00,635.86,636.12,635.41,635.44,348641.0,635.752,2432
2025-10-29 10:50:00-04:00,635.43,635.95,635.03,635.7,522490.0,635.506,3787
2025-10-29 10:55:00-04:00,635.7,635.77,635.3,635.39,290524.0,635.562,2004
2025-10-29 11:00:00-04:00,635.42,635.84,635.27,635.29,257416.0,635.563,1899
2025-10-29 11:05:00-04:00,635.29,635.61,635.28,635.36,240618.0,635.45,1633
2025-10-29 11:10:00-04:00,635.38,635.45,634.88,635.3,402129.0,635.131,2539
2025-10-29 11:15:00-04:00,635.29,635.59,634.92,635.58,321060.0,635.208,2300
2025-10-29 11:20:00-04:00,635.57,635.83,635.47,635.69,281410.0,635.646,2012
2025-10-29 11:25:00-04:00,635.7,635.77,635.26,635.26,234182.0,635.549,1695
2025-10-29 11:30:00-04:00,635.26,635.39,634.88,634.93,295516.0,635.086,1839
2025-10-29 11:35:00-04:00,634.94,635.14,634.68,635.03,370119.0,634.898,2321
2025-10-29 11:40:00-04:00,635.03,635.12,634.72,634.77,251959.0,634.947,1703
2025-10-29 11:45:00-04:00,634.76,635.11,634.41,635.07,551610.0,634.755,3054
2025-10-29 11:50:00-04:00,635.08,635.14,634.7,635.07,286972.0,634.969,1724
2025-10-29 11:55:00-04:00,635.07,635.08,634.61,634.88,264365.0,634.888,1601
2025-10-29 12:00:00-04:00,634.87,634.94,634.26,634.27,471238.0,634.627,2773
2025-10-29 12:05:00-04:00,634.28,634.68,634.14,634.25,482140.0,634.364,3027
2025-10-29 12:10:00-04:00,634.25,634.62,634.03,634.53,331944.0,634.377,2208
2025-10-29 12:15:00-04:00,634.52,634.71,634.46,634.58,220183.0,634.574,1281
2025-10-29 12:20:00-04:00,634.59,635.11,634.55,635.09,298506.0,634.911,1762
2025-10-29 12:25:00-04:00,635.07,635.29,634.98,635.15,279424.0,635.154,1520
2025-10-29 12:30:00-04:00,635.15,635.31,635.04,635.06,187672.0,635.192,1216
2025-10-29 12:35:00-04:00,635.06,635.16,634.92,635.08,192684.0,635.04,1065
2025-10-29 12:40:00-04:00,635.09,635.37,635.07,635.27,248103.0,635.233,1426
2025-10-29 12:45:00-04:00,635.27,635.55,635.03,635.05,351808.0,635.336,2305
2025-10-29 12:50:00-04:00,635.05,635.44,634.92,635.34,201028.0,635.215,1369
2025-10-29 12:55:00-04:00,635.33,635.51,635.2,635.27,174268.0,635.39,1150
2025-10-29 13:00:00-04:00,635.27,635.51,635.21,635.51,167498.0,635.356,1160
2025-10-29 13:05:00-04:00,635.51,635.54,635.31,635.32,118414.0,635.424,882
2025-10-29 13:10:00-04:00,635.33,635.49,635.22,635.4,125428.0,635.379,903
2025-10-29 13:15:00-04:00,635.4,635.59,635.14,635.19,182634.0,635.41,1132
2025-10-29 13:20:00-04:00,635.2,635.21,634.89,634.99,116030.0,635.06,851
2025-10-29 13:25:00-04:00,634.96,634.96,634.43,634.66,273283.0,634.604,1790
2025-10-29 13:30:00-04:00,634.64,634.76,634.51,634.73,247615.0,634.634,1535
2025-10-29 13:35:00-04:00,634.73,635.0,634.7,634.93,240591.0,634.835,1680
2025-10-29 13:40:00-04:00,634.93,635.34,634.88,635.3,273001.0,635.119,1661
2025-10-29 13:45:00-04:00,635.28,635.41,635.04,635.28,181393.0,635.246,1159
2025-10-29 13:50:00-04:00,635.3,635.56,635.21,635.25,176309.0,635.364,1178
2025-10-29 13:55:00-04:00,635.24,635.34,634.94,635.3,155160.0,635.147,860
2025-10-29 14:00:00-04:00,635.3,636.05,634.42,634.9,716854.0,635.25,4968
2025-10-29 14:05:00-04:00,634.9,635.36,634.06,634.98,553068.0,634.792,4232
2025-10-29 14:10:00-04:00,634.99,635.21,634.44,634.52,332760.0,634.804,2463
2025-10-29 14:15:00-04:00,634.54,635.29,634.26,635.07,407194.0,634.837,2368
2025-10-29 14:20:00-04:00,635.09,635.1,634.42,634.81,373466.0,634.722,2422
2025-10-29 14:25:00-04:00,634.83,635.12,634.53,635.09,299628.0,634.8,2149
2025-10-29 14:30:00-04:00,635.1,635.94,634.81,635.6,615450.0,635.386,4430
2025-10-29 14:35:00-04:00,635.6,635.68,630.94,631.03,2276151.0,632.659,14670
2025-10-29 14:40:00-04:00,631.1,632.4,630.25,630.79,1697994.0,631.085,11251
2025-10-29 14:45:00-04:00,630.77,632.52,630.56,632.19,1136943.0,631.79,6613
2025-10-29 14:50:00-04:00,632.14,634.23,632.14,633.76,1043753.0,633.375,6214
2025-10-29 14:55:00-04:00,633.75,634.57,633.13,633.56,738563.0,633.882,4886
2025-10-29 15:00:00-04:00,633.58,634.29,631.84,632.12,994568.0,632.964,5602
2025-10-29 15:05:00-04:00,632.07,634.33,631.99,633.76,675717.0,633.619,4681
2025-10-29 15:10:00-04:00,633.75,634.48,633.45,633.83,529359.0,633.907,4176
2025-10-29 15:15:00-04:00,633.85,634.11,632.83,633.84,551738.0,633.564,4216
2025-10-29 15:20:00-04:00,633.83,634.73,633.35,633.92,432369.0,634.034,2874
2025-10-29 15:25:00-04:00,633.9,634.91,633.65,633.73,425533.0,634.26,2082
2025-10-29 15:30:00-04:00,633.75,634.14,633.04,633.48,407740.0,633.601,2345
2025-10-29 15:35:00-04:00,633.45,634.25,632.69,634.18,667872.0,633.441,3559
2025-10-29 15:40:00-04:00,634.18,634.38,633.17,633.82,599335.0,633.735,3409
2025-10-29 15:45:00-04:00,633.77,634.83,633.74,634.53,643190.0,634.332,3278
2025-10-29 15:50:00-04:00,634.5,635.9,634.49,635.19,1123050.0,635.474,5372
2025-10-29 15:55:00-04:00,635.16,635.97,634.9,635.87,1137594.0,635.323,6470
2025-10-30 09:30:00-04:00,632.15,632.19,630.18,630.18,1369878.0,631.148,7419
2025-10-30 09:35:00-04:00,630.17,630.18,627.92,628.22,1621092.0,628.885,9298
2025-10-30 09:40:00-04:00,628.21,629.06,627.76,628.56,1367697.0,628.383,8469
2025-10-30 09:45:00-04:00,628.56,631.06,628.32,630.55,1088940.0,629.922,6719
2025-10-30 09:50:00-04:00,630.54,632.74,630.5,632.37,1096215.0,631.818,5709
2025-10-30 09:55:00-04:00,632.37,632.61,631.86,632.19,808820.0,632.263,4756
2025-10-30 10:00:00-04:00,632.19,633.5,631.43,631.59,911949.0,632.497,5615
2025-10-30 10:05:00-04:00,631.58,632.94,631.09,631.36,574170.0,632.132,3785
2025-10-30 10:10:00-04:00,631.4,632.0,630.62,631.77,786515.0,631.144,4259
2025-10-30 10:15:00-04:00,631.78,631.85,630.09,630.34,482578.0,630.804,3192
2025-10-30 10:20:00-04:00,630.32,631.03,629.32,629.84,550107.0,630.352,3647
2025-10-30 10:25:00-04:00,629.81,630.32,629.39,629.63,607615.0,629.799,3671
2025-10-30 10:30:00-04:00,629.62,630.8,629.56,630.35,419443.0,630.307,2771
2025-10-30 10:35:00-04:00,630.39,630.97,629.54,630.14,435696.0,630.22,2430
2025-10-30 10:40:00-04:00,630.15,631.52,630.15,631.13,462472.0,631.014,2508
2025-10-30 10:45:00-04:00,631.12,631.28,630.16,630.53,421383.0,630.581,2275
2025-10-30 10:50:00-04:00,630.56,630.65,628.88,629.17,468637.0,629.585,2444
2025-10-30 10:55:00-04:00,629.14,629.78,628.66,629.56,510215.0,629.187,2865
2025-10-30 11:00:00-04:00,629.57,630.53,629.56,630.35,359158.0,630.062,2190
2025-10-30 11:05:00-04:00,630.36,630.63,629.79,630.56,367841.0,630.228,2128
2025-10-30 11:10:00-04:00,630.56,630.97,630.45,630.86,214035.0,630.721,1226
2025-10-30 11:15:00-04:00,630.88,630.9,630.24,630.61,229921.0,630.501,1358
2025-10-30 11:20:00-04:00,630.62,631.01,630.44,630.74,275371.0,630.691,1496
2025-10-30 11:25:00-04:00,630.77,630.83,630.25,630.56,215756.0,630.537,1308
2025-10-30 11:30:00-04:00,630.57,630.67,629.77,629.92,248724.0,630.176,1395
2025-10-30 11:35:00-04:00,629.9,630.13,628.96,629.19,290410.0,629.424,1581
2025-10-30 11:40:00-04:00,629.18,629.19,628.52,629.15,495840.0,628.853,2925
2025-10-30 11:45:00-04:00,629.13,629.43,628.37,628.63,385786.0,628.859,2307
2025-10-30 11:50:00-04:00,628.63,629.05,628.54,628.95,196208.0,628.827,1135
2025-10-30 11:55:00-04:00,628.97,629.5,628.84,628.96,284919.0,629.149,1532
2025-10-30 12:00:00-04:00,628.98,630.03,628.83,629.93,260558.0,629.35,1344
2025-10-30 12:05:00-04:00,629.91,630.86,629.72,630.78,365290.0,630.306,1692
2025-10-30 12:10:00-04:00,630.8,631.48,630.65,631.4,257805.0,631.058,1361
2025-10-30 12:15:00-04:00,631.41,631.5,631.13,631.31,214460.0,631.291,1043
2025-10-30 12:20:00-04:00,631.34,631.5,630.73,631.34,189592.0,631.143,1109
2025-10-30 12:25:00-04:00,631.36,631.46,631.03,631.16,137992.0,631.291,696
2025-10-30 12:30:00-04:00,631.19,631.19,630.41,630.44,285485.0,630.813,1409
2025-10-30 12:35:00-04:00,630.42,630.54,630.09,630.42,360546.0,630.312,1713
2025-10-30 12:40:00-04:00,630.44,630.74,630.1,630.68,229852.0,630.378,1119
2025-10-30 12:45:00-04:00,630.67,630.94,630.5,630.88,183832.0,630.729,955
2025-10-30 12:50:00-04:00,630.89,631.07,630.3,630.69,178289.0,630.683,875
2025-10-30 12:55:00-04:00,630.69,631.1,630.66,630.96,200718.0,630.895,881
2025-10-30 13:00:00-04:00,630.96,630.96,630.07,630.26,286150.0,630.399,1239
2025-10-30 13:05:00-04:00,630.24,630.25,629.39,629.81,309200.0,629.768,1595
2025-10-30 13:10:00-04:00,629.79,629.79,629.17,629.41,212472.0,629.483,1152
2025-10-30 13:15:00-04:00,629.4,629.8,629.35,629.68,170408.0,629.6,1149
2025-10-30 13:20:00-04:00,629.66,630.44,629.38,630.42,266707.0,629.87,1549
2025-10-30 13:25:00-04:00,630.45,630.97,630.43,630.65,253667.0,630.71,1142
2025-10-30 13:30:00-04:00,630.66,630.66,630.05,630.25,169728.0,630.29,1041
2025-10-30 13:35:00-04:00,630.25,630.3,629.9,630.22,131048.0,630.046,681
2025-10-30 13:40:00-04:00,630.22,630.38,629.93,630.33,110413.0,630.153,684
2025-10-30 13:45:00-04:00,630.34,630.9,630.32,630.9,183833.0,630.623,946
2025-10-30 13:50:00-04:00,630.9,631.0,630.38,630.88,140211.0,630.73,730
2025-10-30 13:55:00-04:00,630.85,630.98,630.56,630.82,112109.0,630.787,534
2025-10-30 14:00:00-04:00,630.8,630.8,630.47,630.52,118911.0,630.614,677
2025-10-30 14:05:00-04:00,630.51,630.58,629.67,630.06,238072.0,630.068,1098
2025-10-30 14:10:00-04:00,630.04,630.04,629.25,629.34,142347.0,629.68,842
2025-10-30 14:15:00-04:00,629.33,629.48,628.87,629.22,347120.0,629.172,1625
2025-10-30 14:20:00-04:00,629.23,629.53,628.87,629.07,207797.0,629.157,1198
2025-10-30 14:25:00-04:00,629.06,629.24,628.8,629.12,189447.0,629.036,1093
2025-10-30 14:30:00-04:00,629.18,629.76,629.15,629.3,174012.0,629.457,1094
2025-10-30 14:35:00-04:00,629.3,629.39,628.65,628.76,257226.0,629.042,1427
2025-10-30 14:40:00-04:00,628.78,628.96,628.6,628.83,215847.0,628.771,1191
2025-10-30 14:45:00-04:00,628.81,629.57,628.72,629.28,225053.0,629.233,1440
2025-10-30 14:50:00-04:00,629.28,629.44,629.0,629.38,178009.0,629.214,1095
2025-10-30 14:55:00-04:00,629.37,629.5,628.73,628.89,386353.0,629.088,1913
2025-10-30 15:00:00-04:00,628.88,629.01,628.4,628.52,343009.0,628.64,2181
2025-10-30 15:05:00-04:00,628.5,628.52,628.09,628.37,339353.0,628.276,1918
2025-10-30 15:10:00-04:00,628.32,628.32,627.91,627.96,316203.0,628.045,1754
2025-10-30 15:15:00-04:00,627.97,628.09,627.2,627.73,567769.0,627.596,3015
2025-10-30 15:20:00-04:00,627.72,627.72,626.32,626.96,546842.0,626.78,2548
2025-10-30 15:25:00-04:00,626.96,627.52,626.96,627.4,289212.0,627.28,1639
2025-10-30 15:30:00-04:00,627.43,628.25,627.4,627.65,413181.0,627.83,2410
2025-10-30 15:35:00-04:00,627.67,627.7,626.96,627.08,338712.0,627.36,1713
2025-10-30 15:40:00-04:00,627.1,627.47,626.76,626.97,380132.0,627.142,2052
2025-10-30 15:45:00-04:00,626.98,627.43,626.5,627.28,535206.0,626.97,3050
2025-10-30 15:50:00-04:00,627.27,627.88,626.87,626.94,754940.0,627.404,4771
2025-10-30 15:55:00-04:00,626.92,626.95,625.99,626.0,2175498.0,626.408,10550
2025-10-31 09:30:00-04:00,634.2,634.2,632.89,633.22,1189751.0,633.648,5350
2025-10-31 09:35:00-04:00,633.24,633.56,632.78,632.88,745221.0,633.301,3772
2025-10-31 09:40:00-04:00,632.89,633.06,631.9,632.25,771921.0,632.452,3928
2025-10-31 09:45:00-04:00,632.22,632.59,631.54,632.02,749259.0,632.195,4923
2025-10-31 09:50:00-04:00,632.01,632.48,631.5,632.08,655776.0,632.08,4579
2025-10-31 09:55:00-04:00,632.09,632.27,631.35,631.88,641859.0,631.828,4738
2025-10-31 10:00:00-04:00,631.87,632.11,630.9,630.97,775020.0,631.609,5124
2025-10-31 10:05:00-04:00,630.99,632.17,630.95,631.66,588673.0,631.693,4205
2025-10-31 10:10:00-04:00,631.64,632.14,631.21,631.4,440943.0,631.682,3084
2025-10-31 10:15:00-04:00,631.41,632.1,631.28,632.03,519902.0,631.746,3146
2025-10-31 10:20:00-04:00,632.04,632.17,630.85,631.8,712042.0,631.54,4150
2025-10-31 10:25:00-04:00,631.8,632.11,631.68,631.91,428087.0,631.908,2745
2025-10-31 10:30:00-04:00,631.93,632.57,631.78,632.31,517453.0,632.299,3214
2025-10-31 10:35:00-04:00,632.35,632.99,632.3,632.93,334423.0,632.74,2177
2025-10-31 10:40:00-04:00,632.94,633.41,632.73,633.3,433697.0,633.136,2562
2025-10-31 10:45:00-04:00,633.31,633.73,633.22,633.46,478111.0,633.477,2847
2025-10-31 10:50:00-04:00,633.44,633.52,633.06,633.23,282422.0,633.277,1886
2025-10-31 10:55:00-04:00,633.23,633.45,632.93,633.34,296627.0,633.183,1846
2025-10-31 11:00:00-04:00,633.34,633.5,633.14,633.26,325485.0,633.316,2233
2025-10-31 11:05:00-04:00,633.27,633.32,632.98,633.21,384279.0,633.167,2648
2025-10-31 11:10:00-04:00,633.21,633.57,632.96,633.44,327577.0,633.284,2323
2025-10-31 11:15:00-04:00,633.45,633.75,633.42,633.66,381698.0,633.59,2403
2025-10-31 11:20:00-04:00,633.68,633.7,633.12,633.17,286742.0,633.319,2126
2025-10-31 11:25:00-04:00,633.18,633.18,632.52,632.65,429283.0,632.83,3148
2025-10-31 11:30:00-04:00,632.65,633.08,632.43,632.77,321710.0,632.74,2228
2025-10-31 11:35:00-04:00,632.75,632.76,631.58,631.74,449825.0,632.087,3166
2025-10-31 11:40:00-04:00,631.74,632.29,631.13,632.25,641085.0,631.579,4584
2025-10-31 11:45:00-04:00,632.27,633.14,630.88,631.1,884221.0,631.987,6599
2025-10-31 11:50:00-04:00,631.12,631.82,630.78,631.32,495215.0,631.49,3416
2025-10-31 11:55:00-04:00,631.29,631.3,630.55,630.59,433544.0,630.842,2899
2025-10-31 12:00:00-04:00,630.58,630.61,629.67,630.17,727808.0,630.043,3786
2025-10-31 12:05:00-04:00,630.17,630.63,629.54,629.56,449144.0,630.286,2600
2025-10-31 12:10:00-04:00,629.56,629.79,628.97,629.54,488523.0,629.327,2925
2025-10-31 12:15:00-04:00,629.53,629.57,628.43,628.44,469922.0,628.971,2912
2025-10-31 12:20:00-04:00,628.44,629.28,628.28,629.25,550725.0,628.733,3601
2025-10-31 12:25:00-04:00,629.27,629.9,629.23,629.48,395308.0,629.597,2998
2025-10-31 12:30:00-04:00,629.49,630.26,629.41,629.84,379484.0,629.929,2653
2025-10-31 12:35:00-04:00,629.85,630.21,629.65,629.78,264996.0,629.895,1902
2025-10-31 12:40:00-04:00,629.77,629.83,628.72,628.96,388488.0,629.1,2914
2025-10-31 12:45:00-04:00,628.95,629.37,628.5,629.2,375850.0,628.997,2695
2025-10-31 12:50:00-04:00,629.16,629.2,628.21,628.29,297885.0,628.631,2131
2025-10-31 12:55:00-04:00,628.27,628.72,627.71,628.13,539928.0,628.156,3752
2025-10-31 13:00:00-04:00,628.12,628.37,627.35,627.46,603891.0,627.955,3843
2025-10-31 13:05:00-04:00,627.45,628.07,627.08,627.98,656261.0,627.567,4361
2025-10-31 13:10:00-04:00,627.97,628.16,627.03,627.33,586711.0,627.468,3813
2025-10-31 13:15:00-04:00,627.31,627.64,626.81,626.98,536380.0,627.223,3456
2025-10-31 13:20:00-04:00,626.96,627.3,626.79,627.2,436316.0,626.979,2811
2025-10-31 13:25:00-04:00,627.21,627.6,626.95,627.19,448860.0,627.313,2913
2025-10-31 13:30:00-04:00,627.2,628.24,627.14,627.41,452414.0,627.742,3202
2025-10-31 13:35:00-04:00,627.42,627.77,626.69,627.38,328739.0,627.238,2462
2025-10-31 13:40:00-04:00,627.42,628.09,627.08,627.97,419621.0,627.555,2982
2025-10-31 13:45:00-04:00,627.99,628.6,627.98,628.5,470242.0,628.303,3084
2025-10-31 13:50:00-04:00,628.49,628.9,628.42,628.49,271631.0,628.624,1797
2025-10-31 13:55:00-04:00,628.49,628.49,627.98,628.08,272969.0,628.204,1884
2025-10-31 14:00:00-04:00,628.11,629.02,628.04,628.87,372910.0,628.649,2581
2025-10-31 14:05:00-04:00,628.86,629.24,628.55,628.95,351088.0,628.878,2259
2025-10-31 14:10:00-04:00,628.97,629.35,628.83,629.23,302851.0,629.173,2065
2025-10-31 14:15:00-04:00,629.24,629.37,628.88,629.07,269522.0,629.077,1897
2025-10-31 14:20:00-04:00,629.05,629.74,628.98,629.66,229989.0,629.474,1736
2025-10-31 14:25:00-04:00,629.67,629.75,629.36,629.61,223145.0,629.566,1718
2025-10-31 14:30:00-04:00,629.62,629.76,629.3,629.4,270448.0,629.552,1973
2025-10-31 14:35:00-04:00,629.39,629.68,629.12,629.68,284917.0,629.389,2180
2025-10-31 14:40:00-04:00,629.68,629.85,629.42,629.63,220120.0,629.664,1690
2025-10-31 14:45:00-04:00,629.63,629.64,629.24,629.34,270084.0,629.393,1741
2025-10-31 14:50:00-04:00,629.34,629.39,628.96,629.01,313209.0,629.162,2200
2025-10-31 14:55:00-04:00,629.03,629.91,628.69,629.71,506989.0,629.201,3353
2025-10-31 15:00:00-04:00,629.71,630.01,629.31,629.6,415170.0,629.669,2810
2025-10-31 15:05:00-04:00,629.6,630.17,629.56,629.9,273573.0,629.906,2003
2025-10-31 15:10:00-04:00,629.9,630.32,629.89,630.16,268138.0,630.138,1779
2025-10-31 15:15:00-04:00,630.14,630.5,630.0,630.49,317990.0,630.252,2071
2025-10-31 15:20:00-04:00,630.5,631.13,630.45,631.12,498809.0,630.848,3263
2025-10-31 15:25:00-04:00,631.15,631.68,630.99,631.45,572864.0,631.339,3636
2025-10-31 15:30:00-04:00,631.46,632.22,631.22,632.19,566888.0,631.739,3404
2025-10-31 15:35:00-04:00,632.19,632.24,631.38,631.41,504440.0,631.776,3168
2025-10-31 15:40:00-04:00,631.43,631.81,631.36,631.66,391082.0,631.598,2570
2025-10-31 15:45:00-04:00,631.65,631.68,630.64,630.74,757099.0,631.024,4610
2025-10-31 15:50:00-04:00,630.74,631.67,630.08,630.11,1099799.0,631.039,7233
2025-10-31 15:55:00-04:00,630.09,630.28,629.17,629.19,2883643.0,629.68,16684
2025-11-03 09:30:00-05:00,635.12,635.82,634.88,635.06,1618730.0,635.409,12258
2025-11-03 09:35:00-05:00,635.08,635.13,633.65,633.68,836565.0,634.25,7388
2025-11-03 09:40:00-05:00,633.67,633.96,633.17,633.45,621285.0,633.514,5146
2025-11-03 09:45:00-05:00,633.4,633.8,633.13,633.15,493512.0,633.488,3973
2025-11-03 09:50:00-05:00,633.15,633.24,632.33,632.75,599131.0,632.836,5395
2025-11-03 09:55:00-05:00,632.74,632.96,632.42,632.76,372736.0,632.682,3408
2025-11-03 10:00:00-05:00,632.82,632.95,631.88,632.13,508904.0,632.314,4531
2025-11-03 10:05:00-05:00,632.12,632.71,631.57,632.43,642308.0,632.024,5221
2025-11-03 10:10:00-05:00,632.45,633.2,632.38,632.49,465422.0,632.719,4524
2025-11-03 10:15:00-05:00,632.49,632.54,631.44,632.1,496693.0,631.87,4839
2025-11-03 10:20:00-05:00,632.1,632.13,631.45,631.59,431350.0,631.779,3881
2025-11-03 10:25:00-05:00,631.58,631.58,630.28,630.53,576124.0,630.714,5050
2025-11-03 10:30:00-05:00,630.53,630.53,629.88,630.19,599533.0,630.167,5134
2025-11-03 10:35:00-05:00,630.19,631.33,629.85,631.28,584680.0,630.548,5231
2025-11-03 10:40:00-05:00,631.3,631.94,631.16,631.64,488718.0,631.521,4599
2025-11-03 10:45:00-05:00,631.66,631.9,630.77,630.85,392421.0,631.27,3709
2025-11-03 10:50:00-05:00,630.85,631.81,630.83,631.23,269865.0,631.41,2755
2025-11-03 10:55:00-05:00,631.23,632.18,631.17,631.61,373263.0,631.669,3386
2025-11-03 11:00:00-05:00,631.62,631.76,630.89,631.29,298205.0,631.263,2821
2025-11-03 11:05:00-05:00,631.3,631.51,631.02,631.33,218072.0,631.251,2103
2025-11-03 11:10:00-05:00,631.32,631.68,630.98,631.42,320888.0,631.288,2899
2025-11-03 11:15:00-05:00,631.42,631.84,631.03,631.79,265987.0,631.484,2316
2025-11-03 11:20:00-05:00,631.8,631.95,631.38,631.48,236686.0,631.647,2206
2025-11-03 11:25:00-05:00,631.49,631.63,630.56,630.7,323290.0,631.003,2802
2025-11-03 11:30:00-05:00,630.69,631.57,630.5,631.31,350477.0,631.153,3073
2025-11-03 11:35:00-05:00,631.31,631.66,630.83,631.46,343228.0,631.224,3205
2025-11-03 11:40:00-05:00,631.46,631.85,631.23,631.35,246561.0,631.552,2261
2025-11-03 11:45:00-05:00,631.35,631.68,630.92,630.98,233124.0,631.303,2179
2025-11-03 11:50:00-05:00,630.95,631.76,630.77,631.63,308009.0,631.344,2949
2025-11-03 11:55:00-05:00,631.62,632.51,631.55,632.31,418372.0,632.123,3659
2025-11-03 12:00:00-05:00,632.33,632.37,631.47,631.55,278421.0,631.781,2616
2025-11-03 12:05:00-05:00,631.55,632.38,631.55,632.35,206130.0,631.909,2045
2025-11-03 12:10:00-05:00,632.37,632.66,632.16,632.66,298375.0,632.384,2511
2025-11-03 12:15:00-05:00,632.66,632.92,632.33,632.52,377434.0,632.615,3166
2025-11-03 12:20:00-05:00,632.53,632.88,632.4,632.48,218696.0,632.628,1996
2025-11-03 12:25:00-05:00,632.5,632.5,631.6,631.9,378927.0,631.982,3572
2025-11-03 12:30:00-05:00,631.91,632.76,631.87,632.69,305251.0,632.383,2386
2025-11-03 12:35:00-05:00,632.68,633.05,632.53,632.72,304682.0,632.816,2603
2025-11-03 12:40:00-05:00,632.72,633.03,632.61,632.79,221047.0,632.83,1900
2025-11-03 12:45:00-05:00,632.8,633.1,632.72,633.01,210995.0,632.995,1572
2025-11-03 12:50:00-05:00,633.01,633.21,632.82,632.96,165086.0,632.98,1486
2025-11-03 12:55:00-05:00,632.97,633.29,632.93,633.07,177072.0,633.124,1553
2025-11-03 13:00:00-05:00,633.07,633.16,632.86,633.04,187295.0,633.037,1741
2025-11-03 13:05:00-05:00,633.04,633.23,632.89,633.12,167075.0,633.065,1581
2025-11-03 13:10:00-05:00,633.12,633.31,632.99,633.19,170905.0,633.176,1747
2025-11-03 13:15:00-05:00,633.19,633.24,632.97,633.14,164640.0,633.08,1540
2025-11-03 13:20:00-05:00,633.13,633.17,632.74,633.0,146639.0,632.917,1547
2025-11-03 13:25:00-05:00,633.0,633.17,632.75,632.83,148300.0,632.968,1666
2025-11-03 13:30:00-05:00,632.83,633.39,632.82,633.18,190092.0,633.159,1955
2025-11-03 13:35:00-05:00,633.17,633.42,633.02,633.27,182651.0,633.297,1713
2025-11-03 13:40:00-05:00,633.26,633.39,633.12,633.25,143056.0,633.284,1414
2025-11-03 13:45:00-05:00,633.26,633.28,632.9,632.97,240125.0,633.032,2066
2025-11-03 13:50:00-05:00,632.97,633.05,632.46,632.74,271306.0,632.68,2314
2025-11-03 13:55:00-05:00,632.75,632.9,632.55,632.57,190639.0,632.757,1667
2025-11-03 14:00:00-05:00,632.56,632.81,631.93,632.06,486111.0,632.312,4628
2025-11-03 14:05:00-05:00,632.03,632.5,631.95,632.37,209218.0,632.228,2263
2025-11-03 14:10:00-05:00,632.36,632.56,632.05,632.18,156807.0,632.295,1615
2025-11-03 14:15:00-05:00,632.16,632.39,631.74,631.77,196277.0,632.012,2091
2025-11-03 14:20:00-05:00,631.79,631.98,631.63,631.78,180171.0,631.791,1739
2025-11-03 14:25:00-05:00,631.78,632.02,631.56,631.75,141195.0,631.826,1692
2025-11-03 14:30:00-05:00,631.74,632.18,631.71,631.94,255761.0,631.959,2233
2025-11-03 14:35:00-05:00,631.96,632.1,631.79,631.79,130399.0,631.96,1178
2025-11-03 14:40:00-05:00,631.78,631.83,631.03,631.62,329305.0,631.399,2886
2025-11-03 14:45:00-05:00,631.63,631.93,631.6,631.81,228408.0,631.767,2064
2025-11-03 14:50:00-05:00,631.81,632.33,631.78,632.28,227126.0,632.051,2129
2025-11-03 14:55:00-05:00,632.26,632.48,632.2,632.26,199754.0,632.321,1904
2025-11-03 15:00:00-05:00,632.28,632.46,632.13,632.29,222376.0,632.314,2250
2025-11-03 15:05:00-05:00,632.28,632.4,631.89,632.06,170336.0,632.095,1739
2025-11-03 15:10:00-05:00,632.03,632.15,631.74,632.01,190635.0,631.939,1784
2025-11-03 15:15:00-05:00,632.01,632.18,631.74,632.03,197253.0,632.01,1875
2025-11-03 15:20:00-05:00,632.0,632.13,631.68,631.69,153387.0,631.944,1535
2025-11-03 15:25:00-05:00,631.69,632.03,631.58,631.84,188733.0,631.829,1536
2025-11-03 15:30:00-05:00,631.87,631.87,631.36,631.43,329755.0,631.629,2720
2025-11-03 15:35:00-05:00,631.43,631.82,631.18,631.82,289651.0,631.516,2362
2025-11-03 15:40:00-05:00,631.81,632.01,631.66,632.01,236964.0,631.891,2370
2025-11-03 15:45:00-05:00,632.01,632.08,631.38,631.62,310498.0,631.718,3060
2025-11-03 15:50:00-05:00,631.62,631.75,631.2,631.67,595390.0,631.524,5927
2025-11-03 15:55:00-05:00,631.67,632.14,631.45,632.11,1107327.0,631.815,9667
2025-11-04 09:30:00-05:00,623.28,623.62,621.36,621.69,2432715.0,622.649,20794
2025-11-04 09:35:00-05:00,621.69,622.78,621.38,621.98,1386824.0,622.046,14932
2025-11-04 09:40:00-05:00,621.97,624.23,621.78,624.09,1239993.0,623.387,12150
2025-11-04 09:45:00-05:00,624.08,624.31,623.13,624.13,1026050.0,623.835,9990
2025-11-04 09:50:00-05:00,624.14,626.04,623.89,625.96,971611.0,625.11,8872
2025-11-04 09:55:00-05:00,625.97,626.67,625.86,626.51,928361.0,626.165,7975
2025-11-04 10:00:00-05:00,626.5,626.76,626.23,626.5,653267.0,626.502,5677
2025-11-04 10:05:00-05:00,626.49,626.58,625.44,625.92,939254.0,626.016,9010
2025-11-04 10:10:00-05:00,625.91,626.32,625.34,625.93,718368.0,625.774,6867
2025-11-04 10:15:00-05:00,625.92,626.58,625.76,626.39,674447.0,626.043,5091
2025-11-04 10:20:00-05:00,626.38,626.5,626.04,626.42,447649.0,626.295,4525
2025-11-04 10:25:00-05:00,626.42,626.95,626.23,626.23,533549.0,626.54,4736
2025-11-04 10:30:00-05:00,626.22,626.42,625.7,626.26,494044.0,626.034,5028
2025-11-04 10:35:00-05:00,626.25,626.56,625.86,626.48,408722.0,626.204,4137
2025-11-04 10:40:00-05:00,626.47,626.85,626.29,626.4,520845.0,626.582,4937
2025-11-04 10:45:00-05:00,626.39,626.39,625.35,625.46,492987.0,625.796,4479
2025-11-04 10:50:00-05:00,625.47,625.65,624.77,624.82,532708.0,625.052,4729
2025-11-04 10:55:00-05:00,624.82,624.82,623.81,624.41,544674.0,624.311,4938
2025-11-04 11:00:00-05:00,624.41,625.21,624.19,624.6,479530.0,624.808,4838
2025-11-04 11:05:00-05:00,624.61,624.7,624.13,624.22,331214.0,624.357,3424
2025-11-04 11:10:00-05:00,624.21,624.35,623.7,624.26,383653.0,624.062,3703
2025-11-04 11:15:00-05:00,624.26,624.41,623.68,623.76,355015.0,624.062,3585
2025-11-04 11:20:00-05:00,623.74,623.84,623.28,623.6,481408.0,623.572,4710
2025-11-04 11:25:00-05:00,623.59,624.14,623.19,623.98,354711.0,623.679,3967
2025-11-04 11:30:00-05:00,623.99,624.22,623.54,623.9,341384.0,623.902,3866
2025-11-04 11:35:00-05:00,623.89,624.53,623.69,624.34,329624.0,624.173,3748
2025-11-04 11:40:00-05:00,624.33,624.58,623.62,624.03,308961.0,624.148,2904
2025-11-04 11:45:00-05:00,624.02,624.22,623.27,623.4,346249.0,623.629,3270
2025-11-04 11:50:00-05:00,623.39,623.85,623.04,623.8,444366.0,623.398,4334
2025-11-04 11:55:00-05:00,623.81,623.89,622.83,623.6,390947.0,623.307,4223
2025-11-04 12:00:00-05:00,623.6,623.64,622.87,623.04,334860.0,623.104,3471
2025-11-04 12:05:00-05:00,623.01,623.06,622.34,622.61,465621.0,622.669,4084
2025-11-04 12:10:00-05:00,622.61,622.73,622.25,622.37,355763.0,622.488,3072
2025-11-04 12:15:00-05:00,622.38,622.66,621.16,621.17,669776.0,621.897,5628
2025-11-04 12:20:00-05:00,621.18,622.42,620.88,622.38,849141.0,621.54,7109
2025-11-04 12:25:00-05:00,622.36,623.08,622.21,622.53,477694.0,622.668,4688
2025-11-04 12:30:00-05:00,622.54,622.71,622.1,622.24,362959.0,622.381,3702
2025-11-04 12:35:00-05:00,622.24,622.46,621.93,622.0,206409.0,622.209,1995
2025-11-04 12:40:00-05:00,622.0,622.02,621.36,621.76,326852.0,621.668,3187
2025-11-04 12:45:00-05:00,621.77,622.54,621.77,622.28,325929.0,622.199,3243
2025-11-04 12:50:00-05:00,622.29,622.95,621.82,621.86,333173.0,622.512,2840
2025-11-04 12:55:00-05:00,621.86,621.91,621.36,621.77,329854.0,621.638,3391
2025-11-04 13:00:00-05:00,621.77,621.84,621.23,621.35,306607.0,621.509,2457
2025-11-04 13:05:00-05:00,621.33,621.52,620.93,621.13,377017.0,621.206,2767
2025-11-04 13:10:00-05:00,621.13,621.39,620.86,621.29,406404.0,621.086,3427
2025-11-04 13:15:00-05:00,621.28,621.54,620.39,620.41,433912.0,620.936,4092
2025-11-04 13:20:00-05:00,620.39,621.44,620.31,620.88,540079.0,620.907,4901
2025-11-04 13:25:00-05:00,620.88,621.01,620.15,620.48,333764.0,620.498,3405
2025-11-04 13:30:00-05:00,620.48,621.01,620.23,620.45,372297.0,620.586,3043
2025-11-04 13:35:00-05:00,620.42,620.54,620.03,620.04,428480.0,620.263,3655
2025-11-04 13:40:00-05:00,620.04,621.11,619.91,621.09,686924.0,620.409,5875
2025-11-04 13:45:00-05:00,621.08,621.26,620.55,620.7,442172.0,620.914,4180
2025-11-04 13:50:00-05:00,620.7,621.9,620.69,621.82,392677.0,621.469,3497
2025-11-04 13:55:00-05:00,621.81,621.84,621.15,621.53,315562.0,621.543,3055
2025-11-04 14:00:00-05:00,621.5,621.97,621.37,621.8,262666.0,621.73,2618
2025-11-04 14:05:00-05:00,621.81,621.81,620.82,620.97,448448.0,621.245,3574
2025-11-04 14:10:00-05:00,620.98,621.47,620.82,621.13,323408.0,621.183,3160
2025-11-04 14:15:00-05:00,621.11,621.46,620.97,621.02,211073.0,621.177,1866
2025-11-04 14:20:00-05:00,621.03,621.52,620.83,621.45,291668.0,621.198,2609
2025-11-04 14:25:00-05:00,621.45,621.74,621.18,621.3,253622.0,621.509,2593
2025-11-04 14:30:00-05:00,621.3,621.42,620.42,620.98,475361.0,620.781,3636
2025-11-04 14:35:00-05:00,621.01,621.01,619.57,619.79,476476.0,620.132,4001
2025-11-04 14:40:00-05:00,619.79,620.15,619.23,619.65,504329.0,619.593,4440
2025-11-04 14:45:00-05:00,619.65,619.96,619.33,619.4,409236.0,619.583,4073
2025-11-04 14:50:00-05:00,619.4,619.87,619.26,619.48,390054.0,619.551,4199
2025-11-04 14:55:00-05:00,619.47,620.06,619.47,619.97,349058.0,619.76,3296
2025-11-04 15:00:00-05:00,619.97,620.19,619.56,619.74,412731.0,619.899,3848
2025-11-04 15:05:00-05:00,619.74,620.26,619.71,619.99,323593.0,620.036,3297
2025-11-04 15:10:00-05:00,619.97,620.48,619.76,620.4,317010.0,620.121,2985
2025-11-04 15:15:00-05:00,620.4,620.78,620.18,620.35,371832.0,620.45,3327
2025-11-04 15:20:00-05:00,620.33,620.38,619.38,619.64,458526.0,619.741,3858
2025-11-04 15:25:00-05:00,619.66,620.33,619.58,620.3,281219.0,619.956,2621
2025-11-04 15:30:00-05:00,620.32,620.4,619.65,619.92,369943.0,620.006,3704
2025-11-04 15:35:00-05:00,619.94,620.56,619.79,620.11,351233.0,620.261,3293
2025-11-04 15:40:00-05:00,620.12,620.64,620.02,620.52,360604.0,620.377,3499
2025-11-04 15:45:00-05:00,620.54,620.83,619.55,619.6,500937.0,620.292,4593
2025-11-04 15:50:00-05:00,619.61,619.73,618.69,618.8,1186273.0,619.131,9805
2025-11-04 15:55:00-05:00,618.81,619.3,618.45,619.22,4405663.0,618.941,25909
2025-11-05 09:30:00-05:00,618.5,619.33,617.51,617.52,1468386.0,618.525,10310
2025-11-05 09:35:00-05:00,617.54,619.28,617.21,618.81,1134239.0,618.132,10733
2025-11-05 09:40:00-05:00,618.79,619.02,617.71,618.15,674845.0,618.284,6149
2025-11-05 09:45:00-05:00,618.13,620.41,618.06,620.16,899364.0,619.531,6913
2025-11-05 09:50:00-05:00,620.12,621.66,619.93,621.55,950338.0,620.933,7957
2025-11-05 09:55:00-05:00,621.57,622.13,621.15,621.98,824930.0,621.671,6213
2025-11-05 10:00:00-05:00,621.94,622.13,620.94,621.23,1280314.0,621.532,11466
2025-11-05 10:05:00-05:00,621.21,622.74,621.06,621.84,852865.0,622.007,7637
2025-11-05 10:10:00-05:00,621.84,621.86,620.96,621.06,636166.0,621.34,5551
2025-11-05 10:15:00-05:00,621.07,621.68,620.81,621.09,586116.0,621.263,5056
2025-11-05 10:20:00-05:00,621.09,622.03,620.34,621.94,843937.0,621.035,7560
2025-11-05 10:25:00-05:00,621.92,622.74,621.54,622.04,571215.0,622.263,4916
2025-11-05 10:30:00-05:00,622.04,622.71,621.7,622.23,405881.0,622.236,3996
2025-11-05 10:35:00-05:00,622.22,622.61,621.99,622.42,345972.0,622.299,3458
2025-11-05 10:40:00-05:00,622.42,623.05,622.29,622.38,647149.0,622.619,5810
2025-11-05 10:45:00-05:00,622.42,623.19,622.27,622.42,504730.0,622.753,4630
2025-11-05 10:50:00-05:00,622.43,622.8,622.11,622.43,368286.0,622.367,4142
2025-11-05 10:55:00-05:00,622.43,622.9,621.81,622.81,523975.0,622.402,5431
2025-11-05 11:00:00-05:00,622.82,623.11,621.82,622.58,523280.0,622.568,5277
2025-11-05 11:05:00-05:00,622.56,623.1,622.18,622.6,336755.0,622.592,3631
2025-11-05 11:10:00-05:00,622.62,622.68,621.55,621.83,391411.0,622.123,4390
2025-11-05 11:15:00-05:00,621.81,622.19,621.33,621.66,407604.0,621.748,4609
2025-11-05 11:20:00-05:00,621.65,622.65,621.37,622.61,419677.0,622.037,4472
2025-11-05 11:25:00-05:00,622.6,623.46,622.54,623.35,622052.0,623.083,6115
2025-11-05 11:30:00-05:00,623.35,623.52,623.05,623.42,277875.0,623.315,2477
2025-11-05 11:35:00-05:00,623.43,623.46,623.0,623.33,286801.0,623.256,2888
2025-11-05 11:40:00-05:00,623.33,623.97,623.19,623.92,383542.0,623.568,3459
2025-11-05 11:45:00-05:00,623.93,624.38,623.75,624.21,421810.0,624.067,3938
2025-11-05 11:50:00-05:00,624.21,624.33,624.07,624.31,340621.0,624.206,3370
2025-11-05 11:55:00-05:00,624.31,624.43,624.03,624.1,341323.0,624.256,2975
2025-11-05 12:00:00-05:00,624.09,624.33,623.74,623.79,293648.0,624.069,2572
2025-11-05 12:05:00-05:00,623.8,624.12,623.51,623.57,265028.0,623.888,2359
2025-11-05 12:10:00-05:00,623.53,624.05,623.29,623.92,240931.0,623.667,2103
2025-11-05 12:15:00-05:00,623.91,624.13,623.63,624.02,158562.0,623.931,1404
2025-11-05 12:20:00-05:00,624.01,624.3,623.95,624.04,194920.0,624.122,1967
2025-11-05 12:25:00-05:00,624.03,624.64,624.03,624.45,301675.0,624.398,2397
2025-11-05 12:30:00-05:00,624.45,624.82,624.36,624.79,314295.0,624.663,2524
2025-11-05 12:35:00-05:00,624.78,625.29,624.73,625.17,403181.0,625.079,3032
2025-11-05 12:40:00-05:00,625.17,625.36,624.99,625.35,226203.0,625.135,1715
2025-11-05 12:45:00-05:00,625.35,625.41,625.03,625.03,227567.0,625.179,1866
2025-11-05 12:50:00-05:00,625.05,625.17,624.88,625.03,167845.0,625.054,1509
2025-11-05 12:55:00-05:00,625.03,625.06,624.75,625.02,142848.0,624.94,1245
2025-11-05 13:00:00-05:00,625.02,625.24,624.91,625.1,183653.0,625.091,1507
2025-11-05 13:05:00-05:00,625.11,625.18,624.87,625.0,104703.0,625.028,1027
2025-11-05 13:10:00-05:00,624.99,625.19,624.84,625.17,139167.0,625.015,1507
2025-11-05 13:15:00-05:00,625.16,625.55,625.16,625.25,251631.0,625.356,1728
2025-11-05 13:20:00-05:00,625.26,625.43,625.15,625.18,182730.0,625.287,1581
2025-11-05 13:25:00-05:00,625.18,625.46,624.96,625.43,195763.0,625.174,1455
2025-11-05 13:30:00-05:00,625.42,625.64,625.31,625.55,212481.0,625.512,1630
2025-11-05 13:35:00-05:00,625.55,626.15,625.52,626.09,324319.0,625.949,2317
2025-11-05 13:40:00-05:00,626.1,626.21,625.97,626.11,247265.0,626.078,1847
2025-11-05 13:45:00-05:00,626.12,626.27,626.01,626.09,170561.0,626.158,1437
2025-11-05 13:50:00-05:00,626.1,626.48,626.1,626.38,252194.0,626.377,2047
2025-11-05 13:55:00-05:00,626.38,626.44,626.21,626.3,184034.0,626.33,1613
2025-11-05 14:00:00-05:00,626.29,626.29,625.7,625.81,349956.0,625.922,2741
2025-11-05 14:05:00-05:00,625.81,625.9,625.29,625.55,309258.0,625.584,2317
2025-11-05 14:10:00-05:00,625.56,626.11,625.55,625.92,373686.0,625.854,3154
2025-11-05 14:15:00-05:00,625.92,626.18,625.86,626.04,205674.0,626.022,1558
2025-11-05 14:20:00-05:00,626.03,626.38,625.94,626.38,167491.0,626.155,1487
2025-11-05 14:25:00-05:00,626.37,626.39,625.94,626.01,323352.0,626.137,2274
2025-11-05 14:30:00-05:00,626.01,626.34,625.95,626.31,197549.0,626.181,1650
2025-11-05 14:35:00-05:00,626.29,626.48,626.24,626.42,152824.0,626.393,1307
2025-11-05 14:40:00-05:00,626.41,626.46,626.16,626.19,171371.0,626.32,1418
2025-11-05 14:45:00-05:00,626.17,626.24,626.01,626.05,181323.0,626.13,1423
2025-11-05 14:50:00-05:00,626.03,626.45,626.01,626.43,336659.0,626.277,2794
2025-11-05 14:55:00-05:00,626.43,626.57,626.24,626.25,411944.0,626.417,2927
2025-11-05 15:00:00-05:00,626.26,626.6,626.13,626.18,327196.0,626.364,2631
2025-11-05 15:05:00-05:00,626.19,626.27,625.9,626.11,321951.0,626.081,2697
2025-11-05 15:10:00-05:00,626.1,626.25,626.04,626.23,210637.0,626.171,2077
2025-11-05 15:15:00-05:00,626.23,626.33,625.95,625.97,236654.0,626.08,1923
2025-11-05 15:20:00-05:00,625.96,626.12,625.65,625.71,270829.0,625.903,2358
2025-11-05 15:25:00-05:00,625.72,625.76,625.41,625.54,338645.0,625.612,3010
2025-11-05 15:30:00-05:00,625.55,625.55,625.09,625.17,381767.0,625.283,2951
2025-11-05 15:35:00-05:00,625.17,625.42,624.97,625.09,429113.0,625.183,3489
2025-11-05 15:40:00-05:00,625.1,625.5,624.81,624.95,555540.0,625.169,4792
2025-11-05 15:45:00-05:00,624.95,625.12,624.48,624.6,668909.0,624.829,5761
2025-11-05 15:50:00-05:00,624.59,624.8,624.13,624.25,960860.0,624.47,9050
2025-11-05 15:55:00-05:00,624.25,624.47,623.06,623.29,1865582.0,623.653,15208
2025-11-06 09:30:00-05:00,621.79,622.04,620.78,621.13,1236651.0,621.362,11405
2025-11-06 09:35:00-05:00,621.14,621.64,620.5,621.12,1007056.0,621.043,9335
2025-11-06 09:40:00-05:00,621.07,621.23,619.71,620.2,1156738.0,620.268,11695
2025-11-06 09:45:00-05:00,620.2,621.78,620.1,620.73,993500.0,621.077,9898
2025-11-06 09:50:00-05:00,620.72,621.26,618.91,618.92,1089676.0,619.686,11151
2025-11-06 09:55:00-05:00,618.93,619.17,617.81,617.91,1249122.0,618.574,11799
2025-11-06 10:00:00-05:00,617.89,617.89,615.5,615.57,1998710.0,616.572,19129
2025-11-06 10:05:00-05:00,615.55,616.96,615.51,616.17,1352471.0,616.374,13435
2025-11-06 10:10:00-05:00,616.17,617.35,615.67,615.73,1058910.0,616.659,10839
2025-11-06 10:15:00-05:00,615.76,617.71,615.3,617.26,960756.0,616.697,9929
2025-11-06 10:20:00-05:00,617.28,618.68,617.28,618.3,864080.0,618.108,8960
2025-11-06 10:25:00-05:00,618.28,618.65,617.65,617.72,729376.0,618.074,7272
2025-11-06 10:30:00-05:00,617.73,617.92,616.05,616.29,740258.0,617.062,7885
2025-11-06 10:35:00-05:00,616.31,616.31,613.92,614.23,1135448.0,614.746,11031
2025-11-06 10:40:00-05:00,614.23,614.51,613.23,613.35,1099977.0,613.936,11979
2025-11-06 10:45:00-05:00,613.35,614.29,613.06,613.7,937750.0,613.584,10096
2025-11-06 10:50:00-05:00,613.7,614.27,612.8,613.69,1060680.0,613.506,10613
2025-11-06 10:55:00-05:00,613.68,614.14,612.53,612.83,1060224.0,613.21,10824
2025-11-06 11:00:00-05:00,612.81,614.04,612.72,614.0,750141.0,613.444,7694
2025-11-06 11:05:00-05:00,614.0,614.46,613.2,613.5,631928.0,613.887,6617
2025-11-06 11:10:00-05:00,613.49,613.91,612.96,613.72,574895.0,613.48,6326
2025-11-06 11:15:00-05:00,613.69,614.24,612.62,613.11,586769.0,613.513,6257
2025-11-06 11:20:00-05:00,613.12,613.81,612.47,612.7,598503.0,612.986,5818
2025-11-06 11:25:00-05:00,612.68,613.72,612.21,613.57,621301.0,612.721,6110
2025-11-06 11:30:00-05:00,613.54,613.55,612.7,612.81,458362.0,613.101,4602
2025-11-06 11:35:00-05:00,612.8,612.82,611.38,611.68,874441.0,611.867,8664
2025-11-06 11:40:00-05:00,611.66,611.99,610.91,611.75,837235.0,611.524,8356
2025-11-06 11:45:00-05:00,611.75,611.77,611.01,611.18,519627.0,611.293,5449
2025-11-06 11:50:00-05:00,611.17,612.38,610.97,612.11,1021895.0,611.743,9566
2025-11-06 11:55:00-05:00,612.08,612.08,610.37,610.84,1122070.0,610.96,11358
2025-11-06 12:00:00-05:00,610.84,612.11,610.84,611.94,542995.0,611.711,5508
2025-11-06 12:05:00-05:00,611.94,612.3,611.14,612.22,634780.0,611.825,5606
2025-11-06 12:10:00-05:00,612.21,612.97,611.71,611.75,735895.0,612.468,6210
2025-11-06 12:15:00-05:00,611.75,612.21,611.24,611.82,534247.0,611.668,5103
2025-11-06 12:20:00-05:00,611.8,611.8,610.71,610.84,502692.0,611.085,5183
2025-11-06 12:25:00-05:00,610.81,611.49,610.3,611.45,553158.0,610.882,5970
2025-11-06 12:30:00-05:00,611.42,612.31,611.08,611.55,589185.0,611.629,5871
2025-11-06 12:35:00-05:00,611.52,612.37,611.52,611.57,498829.0,612.024,5126
2025-11-06 12:40:00-05:00,611.55,612.76,611.49,612.56,525009.0,612.26,5089
2025-11-06 12:45:00-05:00,612.55,613.5,612.49,613.26,636202.0,613.141,5521
2025-11-06 12:50:00-05:00,613.29,614.04,613.24,613.93,557303.0,613.615,5018
2025-11-06 12:55:00-05:00,613.94,614.15,613.41,613.69,442870.0,613.846,3795
2025-11-06 13:00:00-05:00,613.69,613.96,612.52,612.56,530959.0,613.289,4688
2025-11-06 13:05:00-05:00,612.55,612.62,611.23,611.3,582255.0,611.792,5422
2025-11-06 13:10:00-05:00,611.26,611.81,610.99,611.55,490541.0,611.325,4843
2025-11-06 13:15:00-05:00,611.54,611.96,611.27,611.7,377801.0,611.617,3808
2025-11-06 13:20:00-05:00,611.7,612.86,611.57,612.81,380513.0,612.071,3676
2025-11-06 13:25:00-05:00,612.83,613.71,612.76,613.36,381603.0,613.326,3389
2025-11-06 13:30:00-05:00,613.34,613.97,613.3,613.69,399309.0,613.715,3279
2025-11-06 13:35:00-05:00,613.69,614.48,613.55,614.21,382687.0,614.141,3604
2025-11-06 13:40:00-05:00,614.22,614.49,614.0,614.29,291707.0,614.259,2631
2025-11-06 13:45:00-05:00,614.3,614.36,613.43,614.1,471968.0,613.952,3962
2025-11-06 13:50:00-05:00,614.09,614.31,613.69,614.13,234208.0,614.072,2105
2025-11-06 13:55:00-05:00,614.14,614.19,612.97,613.48,361025.0,613.385,3069
2025-11-06 14:00:00-05:00,613.47,614.4,613.28,614.35,587481.0,613.713,4326
2025-11-06 14:05:00-05:00,614.36,615.45,614.3,614.56,632386.0,614.918,5691
2025-11-06 14:10:00-05:00,614.55,615.23,614.55,615.08,307473.0,614.925,2745
2025-11-06 14:15:00-05:00,615.08,615.22,614.3,614.75,448470.0,614.712,3670
2025-11-06 14:20:00-05:00,614.75,615.11,614.54,615.01,300394.0,614.86,2414
2025-11-06 14:25:00-05:00,615.03,616.1,615.01,615.95,693514.0,615.635,4994
2025-11-06 14:30:00-05:00,615.95,615.99,615.43,615.74,435128.0,615.712,3401
2025-11-06 14:35:00-05:00,615.75,616.13,615.64,615.65,308034.0,615.866,2787
2025-11-06 14:40:00-05:00,615.67,615.68,614.55,615.26,535880.0,615.089,4499
2025-11-06 14:45:00-05:00,615.29,615.33,614.38,614.74,254942.0,614.878,2512
2025-11-06 14:50:00-05:00,614.73,614.98,614.11,614.69,301260.0,614.523,2949
2025-11-06 14:55:00-05:00,614.67,615.8,614.56,615.3,367693.0,615.298,3666
2025-11-06 15:00:00-05:00,615.28,615.5,614.68,615.1,323368.0,615.092,3771
2025-11-06 15:05:00-05:00,615.14,615.46,614.87,615.15,217938.0,615.179,2523
2025-11-06 15:10:00-05:00,615.14,615.54,614.7,614.99,267831.0,615.077,2815
2025-11-06 15:15:00-05:00,614.98,615.17,614.22,614.99,308106.0,614.764,3476
2025-11-06 15:20:00-05:00,615.01,615.18,614.65,615.05,231998.0,614.922,2626
2025-11-06 15:25:00-05:00,615.03,615.26,613.97,614.07,342788.0,614.627,4139
2025-11-06 15:30:00-05:00,614.06,614.44,613.22,614.3,665052.0,613.87,6833
2025-11-06 15:35:00-05:00,614.31,614.48,613.46,613.49,366881.0,614.041,3913
2025-11-06 15:40:00-05:00,613.47,613.78,612.82,612.85,664645.0,613.26,6399
2025-11-06 15:45:00-05:00,612.87,613.07,611.78,611.82,892193.0,612.332,8464
2025-11-06 15:50:00-05:00,611.82,612.49,611.4,611.47,1202043.0,612.007,12220
2025-11-06 15:55:00-05:00,611.47,611.95,610.94,611.71,3129395.0,611.483,23998
2025-11-07 09:30:00-05:00,608.31,608.33,606.79,607.13,1957655.0,607.515,15589
2025-11-07 09:35:00-05:00,607.12,607.19,603.72,603.86,2232818.0,605.188,22402
2025-11-07 09:40:00-05:00,603.87,605.57,603.68,605.1,1722494.0,604.635,16654
2025-11-07 09:45:00-05:00,605.12,605.62,604.07,604.17,1157639.0,604.919,11791
2025-11-07 09:50:00-05:00,604.16,606.04,604.01,605.64,1237889.0,605.157,12949
2025-11-07 09:55:00-05:00,605.63,606.8,605.28,606.08,903488.0,606.113,8648
2025-11-07 10:00:00-05:00,605.91,606.25,604.15,604.25,952073.0,604.935,8460
2025-11-07 10:05:00-05:00,604.26,605.09,602.85,604.99,1187251.0,603.689,11365
2025-11-07 10:10:00-05:00,604.98,606.23,604.8,606.03,876645.0,605.687,8292
2025-11-07 10:15:00-05:00,606.03,606.79,605.36,605.85,908603.0,606.097,9055
2025-11-07 10:20:00-05:00,605.87,606.64,604.56,604.67,795554.0,605.754,8092
2025-11-07 10:25:00-05:00,604.69,606.32,604.65,604.95,840907.0,605.494,7732
2025-11-07 10:30:00-05:00,604.93,605.24,603.69,603.74,895896.0,604.597,9395
2025-11-07 10:35:00-05:00,603.72,604.8,602.98,603.09,986894.0,603.91,9296
2025-11-07 10:40:00-05:00,603.07,603.61,602.43,602.55,809224.0,602.944,8541
2025-11-07 10:45:00-05:00,602.53,602.96,601.92,602.32,899862.0,602.373,8859
2025-11-07 10:50:00-05:00,602.31,603.23,601.8,602.17,857755.0,602.411,9125
2025-11-07 10:55:00-05:00,602.17,602.18,601.41,601.42,852080.0,601.808,8502
2025-11-07 11:00:00-05:00,601.42,602.34,601.31,601.94,842651.0,601.89,7894
2025-11-07 11:05:00-05:00,601.93,602.21,601.08,601.16,742236.0,601.475,8071
2025-11-07 11:10:00-05:00,601.17,601.49,600.34,600.58,1157474.0,600.777,12267
2025-11-07 11:15:00-05:00,600.58,601.43,600.16,601.36,872395.0,600.7,8816
2025-11-07 11:20:00-05:00,601.35,601.95,601.1,601.2,729871.0,601.49,6286
2025-11-07 11:25:00-05:00,601.2,601.4,600.6,600.75,594873.0,600.956,5151
2025-11-07 11:30:00-05:00,600.75,601.4,600.5,601.29,529418.0,600.892,4843
2025-11-07 11:35:00-05:00,601.32,601.38,600.03,600.19,597683.0,600.517,5580
2025-11-07 11:40:00-05:00,600.2,600.96,599.79,600.89,743911.0,600.251,6424
2025-11-07 11:45:00-05:00,600.91,601.03,599.92,600.11,474865.0,600.31,4798
2025-11-07 11:50:00-05:00,600.1,601.11,600.04,600.14,627692.0,600.538,6442
2025-11-07 11:55:00-05:00,600.14,600.29,598.89,599.58,884269.0,599.446,8622
2025-11-07 12:00:00-05:00,599.57,599.84,599.08,599.1,577845.0,599.354,5294
2025-11-07 12:05:00-05:00,599.12,599.58,598.67,599.36,756209.0,599.044,7358
2025-11-07 12:10:00-05:00,599.35,600.35,598.88,600.17,590644.0,599.655,6085
2025-11-07 12:15:00-05:00,600.16,600.94,600.09,600.66,616254.0,600.625,5830
2025-11-07 12:20:00-05:00,600.67,602.16,600.36,601.8,1040064.0,601.526,9977
2025-11-07 12:25:00-05:00,601.78,602.41,601.33,601.65,675945.0,601.907,6947
2025-11-07 12:30:00-05:00,601.61,602.29,601.51,601.96,642095.0,601.917,6168
2025-11-07 12:35:00-05:00,601.95,602.27,601.03,601.44,513728.0,601.723,5407
2025-11-07 12:40:00-05:00,601.42,601.59,600.75,601.13,431173.0,601.158,4786
2025-11-07 12:45:00-05:00,601.12,601.52,600.1,600.22,495922.0,600.706,5470
2025-11-07 12:50:00-05:00,600.25,601.02,599.86,600.98,508288.0,600.486,5518
2025-11-07 12:55:00-05:00,600.97,602.01,600.92,601.91,579347.0,601.662,5851
2025-11-07 13:00:00-05:00,601.92,602.33,601.73,601.95,583653.0,602.027,6142
2025-11-07 13:05:00-05:00,601.94,602.55,601.44,602.24,611719.0,602.042,6538
2025-11-07 13:10:00-05:00,602.25,602.77,602.16,602.7,608976.0,602.541,6950
2025-11-07 13:15:00-05:00,602.7,602.88,602.1,602.76,485894.0,602.56,5564
2025-11-07 13:20:00-05:00,602.78,603.4,602.51,603.39,609107.0,602.907,6525
2025-11-07 13:25:00-05:00,603.39,603.86,603.39,603.78,562709.0,603.641,6042
2025-11-07 13:30:00-05:00,603.8,604.17,603.68,603.74,583476.0,603.919,6300
2025-11-07 13:35:00-05:00,603.74,604.51,603.19,604.47,548928.0,603.795,5934
2025-11-07 13:40:00-05:00,604.48,604.63,603.95,604.05,552606.0,604.315,5697
2025-11-07 13:45:00-05:00,604.05,604.3,602.93,602.99,453100.0,603.584,4912
2025-11-07 13:50:00-05:00,603.02,603.03,602.27,602.91,460121.0,602.641,4325
2025-11-07 13:55:00-05:00,602.91,604.37,602.86,603.87,732017.0,603.782,6320
2025-11-07 14:00:00-05:00,603.88,604.55,603.36,604.13,523030.0,604.047,4571
2025-11-07 14:05:00-05:00,604.13,604.59,603.84,604.25,428199.0,604.276,4398
2025-11-07 14:10:00-05:00,604.27,604.62,603.93,604.51,314665.0,604.245,3556
2025-11-07 14:15:00-05:00,604.51,604.69,603.89,603.99,335351.0,604.442,3944
2025-11-07 14:20:00-05:00,604.0,604.88,604.0,604.77,353043.0,604.53,3779
2025-11-07 14:25:00-05:00,604.77,604.77,604.2,604.59,326799.0,604.468,3691
2025-11-07 14:30:00-05:00,604.59,605.93,604.59,605.85,739885.0,605.471,7761
2025-11-07 14:35:00-05:00,605.86,606.87,605.65,606.63,975817.0,606.258,8970
2025-11-07 14:40:00-05:00,606.63,608.23,606.62,608.03,1114228.0,607.582,11656
2025-11-07 14:45:00-05:00,608.03,608.06,606.87,607.54,989580.0,607.53,11092
2025-11-07 14:50:00-05:00,607.54,608.19,607.24,608.15,752680.0,607.672,9211
2025-11-07 14:55:00-05:00,608.15,608.58,607.41,608.53,709573.0,608.046,7780
2025-11-07 15:00:00-05:00,608.52,608.81,607.87,608.29,1069642.0,608.415,8971
2025-11-07 15:05:00-05:00,608.31,608.44,607.27,608.37,1094099.0,607.891,10853
2025-11-07 15:10:00-05:00,608.38,608.73,608.11,608.32,460693.0,608.405,5238
2025-11-07 15:15:00-05:00,608.31,608.42,607.05,607.51,713327.0,607.755,6887
2025-11-07 15:20:00-05:00,607.51,607.61,606.66,606.81,560813.0,607.077,5981
2025-11-07 15:25:00-05:00,606.79,607.65,606.34,607.08,635245.0,606.956,6438
2025-11-07 15:30:00-05:00,607.1,608.13,607.07,607.67,484089.0,607.786,4904
2025-11-07 15:35:00-05:00,607.68,608.33,607.65,608.27,441174.0,608.058,4429
2025-11-07 15:40:00-05:00,608.28,609.06,607.73,608.94,597842.0,608.417,6447
2025-11-07 15:45:00-05:00,608.93,608.96,607.35,607.4,771538.0,608.311,7681
2025-11-07 15:50:00-05:00,607.4,608.83,607.4,608.32,1334952.0,608.424,14928
2025-11-07 15:55:00-05:00,608.32,609.95,608.11,609.76,2352631.0,609.432,20550
