,Open,High,Low,Close,Volume
2025-08-11 22:09:23.377441,380.0,380.2024263190715,379.30913646942804,380.0,2380679
2025-08-11 23:09:23.377441,380.37750275628855,380.8225128006885,380.0826510452198,380.37750275628855,2452242
2025-08-12 00:09:23.377441,380.27231749708886,381.36455930539285,380.06201166197303,380.27231749708886,4463894
2025-08-12 01:09:23.377441,380.7649135398886,380.77539025033127,380.6758052387606,380.7649135398886,1783258
2025-08-12 02:09:23.377441,381.9247462030764,382.6016129443425,381.8298269736941,381.9247462030764,2896999
2025-08-12 03:09:23.377441,381.74588826664876,382.38006714114755,381.2875902422924,381.74588826664876,2220575
2025-08-12 04:09:23.377441,381.56712662543555,381.7415395306524,381.5135699132041,381.56712662543555,3852889
2025-08-12 05:09:23.377441,382.772278018122,383.00278810031665,382.0193382666595,382.772278018122,4102746
2025-08-12 06:09:23.377441,383.3597834971381,383.53949269445604,382.9314991370522,383.3597834971381,2360573
2025-08-12 07:09:23.377441,382.99982829923914,383.38220975102473,382.9286494080592,382.99982829923914,4177554
2025-08-12 08:09:23.377441,383.41542910631006,383.5311407770801,383.2965707131571,383.41542910631006,2877887
2025-08-12 09:09:23.377441,383.06006611921975,383.35352088131043,383.0383893289202,383.06006611921975,2761201
2025-08-12 10:09:23.377441,382.7032611788272,383.17281252485634,382.2367570822914,382.7032611788272,3693801
2025-08-12 11:09:23.377441,382.8884606796483,382.9268085198225,382.14140629029737,382.8884606796483,3337180
2025-08-12 12:09:23.377441,381.42331482419667,381.5010007411318,381.3685470374861,381.42331482419667,4485862
2025-08-12 13:09:23.377441,380.1074670692437,380.44119480642667,379.4164395906973,380.1074670692437,2400507
2025-08-12 14:09:23.377441,379.6800076922349,379.9939576314173,379.39156012204154,379.6800076922349,2265832
2025-08-12 15:09:23.377441,378.91090423711586,378.9967195588369,378.87511280021357,378.91090423711586,1040736
2025-08-12 16:09:23.377441,379.1490477190114,379.28833400108556,378.989952997705,379.1490477190114,2335250
2025-08-12 17:09:23.377441,378.46049479193175,378.8062504816102,378.1335492192246,378.46049479193175,1209124
2025-08-12 18:09:23.377441,377.3914924767241,377.69460537964727,376.9086332965942,377.3914924767241,4323858
2025-08-12 19:09:23.377441,378.49773922942404,379.0627184781488,378.10344879917824,378.49773922942404,3727520
2025-08-12 20:09:23.377441,378.32682759081257,378.42940092268003,378.1060571258954,378.32682759081257,3564462
2025-08-12 21:09:23.377441,378.37792305371755,378.3860079661744,378.32891658684974,378.37792305371755,4482127
2025-08-12 22:09:23.377441,377.29973653456955,377.5816593042476,377.08095653360004,377.29973653456955,3757398
2025-08-12 23:09:23.377441,376.8889456174949,377.80261497311267,376.6225256228813,376.8889456174949,1388742
2025-08-13 00:09:23.377441,376.97255661325676,377.30581746648517,376.6500356091508,376.97255661325676,3321945
2025-08-13 01:09:23.377441,376.1047706302041,376.38190113511035,375.48439299678546,376.1047706302041,1642911
2025-08-13 02:09:23.377441,376.38737426423637,376.4932624047683,375.98440996670627,376.38737426423637,4445259
2025-08-13 03:09:23.377441,375.93522862547627,375.960412796072,375.6609453541835,375.93522862547627,1676935
2025-08-13 04:09:23.377441,375.715912712442,375.90975928652585,375.58012247521265,375.715912712442,2685124
2025-08-13 05:09:23.377441,375.2637712144442,375.850138065395,374.7785020420192,375.2637712144442,4123305
2025-08-13 06:09:23.377441,376.65395700815833,376.85322679254654,376.43836393250086,376.65395700815833,1432859
2025-08-13 07:09:23.377441,376.643789441946,376.9429443006986,376.47407246499,376.643789441946,4599300
2025-08-13 08:09:23.377441,375.8470289371138,376.3184498902392,375.1442640212426,375.8470289371138,1401072
2025-08-13 09:09:23.377441,376.46533105987646,376.5758454439948,376.02795972045794,376.46533105987646,3528537
2025-08-13 10:09:23.377441,375.54612044215907,376.05557947594787,375.43978872794065,375.54612044215907,3095637
2025-08-13 11:09:23.377441,375.7029962677703,375.8782354097197,375.5899623593131,375.7029962677703,3788302
2025-08-13 12:09:23.377441,374.2304883932942,374.2438265226215,373.77786524905196,374.2304883932942,4438860
2025-08-13 13:09:23.377441,373.23639296578136,373.8392189389142,373.09121194789753,373.23639296578136,4648923
2025-08-13 14:09:23.377441,373.3833445209625,373.8182387966249,373.28944846379756,373.3833445209625,2387168
2025-08-13 15:09:23.377441,373.93480676387384,374.2094961231942,373.86216277354725,373.93480676387384,1956010
2025-08-13 16:09:23.377441,374.06296789409834,374.3660533254314,373.78025428243996,374.06296789409834,4521302
2025-08-13 17:09:23.377441,373.9764484146143,374.0514565706561,373.5842566480499,373.9764484146143,1743264
2025-08-13 18:09:23.377441,373.7512370332523,374.1805416635039,373.1325265769419,373.7512370332523,3557674
2025-08-13 19:09:23.377441,372.64603818749094,373.02458016383764,372.46584091631547,372.64603818749094,1665329
2025-08-13 20:09:23.377441,372.10954400274994,372.1324956635511,371.8817508503539,372.10954400274994,1274548
2025-08-13 21:09:23.377441,371.76672783672626,371.92614754389655,371.5841131702677,371.76672783672626,4547933
2025-08-13 22:09:23.377441,372.552733578656,372.8109519673006,372.4193487545298,372.552733578656,3555673
2025-08-13 23:09:23.377441,372.8087654448287,372.8745444032247,372.756796946543,372.8087654448287,2477775
2025-08-14 00:09:23.377441,371.4942117973278,371.63056051511575,371.2194349327244,371.4942117973278,4911372
2025-08-14 01:09:23.377441,371.73500243486075,372.04264668754865,371.0252279450222,371.73500243486075,3267686
2025-08-14 02:09:23.377441,371.4487053099644,371.48070334379236,370.95902361819077,371.4487053099644,3378656
2025-08-14 03:09:23.377441,370.9458217087454,371.34352719553243,370.91886117192587,370.9458217087454,3969241
2025-08-14 04:09:23.377441,371.39961923591306,372.4846076931376,371.2467908387045,371.39961923591306,1419503
2025-08-14 05:09:23.377441,372.1654448960879,372.3279173698259,372.13223502738214,372.1654448960879,3293696
2025-08-14 06:09:23.377441,372.85862545579545,373.1956653581444,372.8446169167509,372.85862545579545,4392240
2025-08-14 07:09:23.377441,372.232806471461,373.1123674434452,371.58839655171266,372.232806471461,2812901
2025-08-14 08:09:23.377441,372.00260849054337,372.37823094656846,371.4464875703985,372.00260849054337,4179888
2025-08-14 09:09:23.377441,372.24907021170264,372.47954980967944,372.233686783514,372.24907021170264,4414661
2025-08-14 10:09:23.377441,372.97536174474436,373.74275686184825,372.81013286488707,372.97536174474436,1158253
2025-08-14 11:09:23.377441,372.61792137534616,372.6256694834779,372.2633568777497,372.61792137534616,1669745
2025-08-14 12:09:23.377441,372.47956165140783,372.7507278678378,372.0991995068409,372.47956165140783,4211369
2025-08-14 13:09:23.377441,371.65538731909305,371.72336176675117,371.4794189370724,371.65538731909305,4976407
2025-08-14 14:09:23.377441,370.76623404672034,371.2759917989275,370.66700176737163,370.76623404672034,2659537
2025-08-14 15:09:23.377441,371.36874832519,371.6086392338544,371.0542841222795,371.36874832519,2279898
2025-08-14 16:09:23.377441,372.3760786488677,372.67367863439165,371.5839500436828,372.3760786488677,3364840
2025-08-14 17:09:23.377441,372.3224489554735,372.5021852058697,372.28555392293015,372.3224489554735,1771143
2025-08-14 18:09:23.377441,373.06972460777456,373.4253826491184,372.84483047173336,373.06972460777456,3503643
2025-08-14 19:09:23.377441,373.33955551232015,373.3853531935682,373.178174654466,373.33955551232015,4906377
2025-08-14 20:09:23.377441,372.8578580674472,373.46363219752044,372.682598398548,372.8578580674472,3684688
2025-08-14 21:09:23.377441,373.1273564502169,373.2479061653185,372.8633218707262,373.1273564502169,1296694
2025-08-14 22:09:23.377441,374.27512348655534,374.36957312472595,374.008574525597,374.27512348655534,4985853
2025-08-14 23:09:23.377441,374.2483058961315,374.3575157691646,374.2068895694276,374.2483058961315,4012508
2025-08-15 00:09:23.377441,375.41943637117055,376.006288583512,375.0828194515653,375.41943637117055,2461433
2025-08-15 01:09:23.377441,373.45242991034354,373.78222940249674,373.1379890533321,373.45242991034354,4348549
2025-08-15 02:09:23.377441,374.0663128851602,374.095429158452,373.92820490899817,374.0663128851602,3877389
2025-08-15 03:09:23.377441,374.1314356368868,374.1989588460621,373.04383996101245,374.1314356368868,2915029
2025-08-15 04:09:23.377441,373.9076995382953,375.1016270433665,373.7675506853676,373.9076995382953,2326325
2025-08-15 05:09:23.377441,373.9763196600197,374.0880461731781,373.5879288640948,373.9763196600197,1496389
2025-08-15 06:09:23.377441,372.4897122445135,372.76974667643145,371.882078785421,372.4897122445135,3147865
2025-08-15 07:09:23.377441,372.3260612079359,372.48480525239717,371.8653350216927,372.3260612079359,4559334
2025-08-15 08:09:23.377441,372.59198584225345,373.01988750967513,372.5512211224652,372.59198584225345,2386123
2025-08-15 09:09:23.377441,373.6932887962428,373.73561718848,373.19678463550576,373.6932887962428,3942050
2025-08-15 10:09:23.377441,373.3059405915392,373.842858305067,373.18902696694437,373.3059405915392,2576845
2025-08-15 11:09:23.377441,372.7023096617586,373.0449084087827,372.4762644481529,372.7023096617586,1988722
2025-08-15 12:09:23.377441,372.32829764369257,372.577066593642,372.158551610816,372.32829764369257,3037398
2025-08-15 13:09:23.377441,373.00995786797944,373.7087165925605,372.8387126107071,373.00995786797944,2950639
2025-08-15 14:09:23.377441,373.25521274310586,373.658346313647,372.99594953454243,373.25521274310586,4527110
2025-08-15 15:09:23.377441,372.85974122798604,373.02652955424696,372.4293258622254,372.85974122798604,1095335
2025-08-15 16:09:23.377441,373.2424947525688,373.7206244952417,372.58863779835735,373.2424947525688,3204593
2025-08-15 17:09:23.377441,373.3149616859751,373.3402931632878,373.1693973324004,373.3149616859751,2065560
2025-08-15 18:09:23.377441,374.0381810210313,374.3571509352966,373.97906298115754,374.0381810210313,4795596
2025-08-15 19:09:23.377441,373.51299169660314,373.69404570136436,373.47690150054717,373.51299169660314,3994900
2025-08-15 20:09:23.377441,373.2682195593202,373.58413760104077,373.11295232472975,373.2682195593202,3513128
2025-08-15 21:09:23.377441,372.9754965349315,373.21552485318506,372.62275642834715,372.9754965349315,3754036
2025-08-15 22:09:23.377441,371.8837861059997,372.2668118343827,371.65758920935133,371.8837861059997,3739894
2025-08-15 23:09:23.377441,372.1040307655548,372.22860201603254,371.6139206690927,372.1040307655548,4195130
2025-08-18 00:09:23.377441,372.29831020361627,372.44858784439754,372.0093963226215,372.29831020361627,1091656
2025-08-18 01:09:23.377441,372.3021176661508,372.65771182507336,371.92899014764333,372.3021176661508,3162766
2025-08-18 02:09:23.377441,372.1274430930852,372.28507593026114,371.8474412921159,372.1274430930852,3264115
2025-08-18 03:09:23.377441,371.07404650254927,371.8393959703452,370.52976058651745,371.07404650254927,1353153
2025-08-18 04:09:23.377441,370.76186537842744,371.1576658730692,370.5759645831434,370.76186537842744,3530200
2025-08-18 05:09:23.377441,370.507734431548,370.51670792756903,370.14637362219446,370.507734431548,4453708
2025-08-18 06:09:23.377441,369.91323456473754,370.4356336383101,369.7224969107088,369.91323456473754,2979442
2025-08-18 07:09:23.377441,369.7939111261546,369.82336202771086,369.43209658661544,369.7939111261546,1987938
2025-08-18 08:09:23.377441,370.09274221942525,370.260161738002,369.8995010527711,370.09274221942525,3880229
2025-08-18 09:09:23.377441,371.48886964445444,371.8835370153433,371.078868587393,371.48886964445444,1936066
2025-08-18 10:09:23.377441,371.6185770731622,371.7777439471769,371.49564965230644,371.6185770731622,1982014
2025-08-18 11:09:23.377441,371.80999809261226,371.8795802014266,371.51991225590325,371.80999809261226,4801065
2025-08-18 12:09:23.377441,371.75463862101424,372.12108831933614,371.259991228405,371.75463862101424,1862839
2025-08-18 13:09:23.377441,370.3280144215344,370.76773674036224,369.8848100584211,370.3280144215344,3891194
2025-08-18 14:09:23.377441,370.30837675983497,371.2673138686271,369.9774330191633,370.30837675983497,2682245
2025-08-18 15:09:23.377441,370.35298426238535,370.56765313786246,370.0222761317819,370.35298426238535,2534710
2025-08-18 16:09:23.377441,372.17752239702475,372.29877646293636,371.4965788834225,372.17752239702475,2064367
2025-08-18 17:09:23.377441,372.03433754246845,372.1066551773344,371.8819200623795,372.03433754246845,2106623
2025-08-18 18:09:23.377441,372.25870947395396,372.39017870234534,371.99354134609894,372.25870947395396,4639792
2025-08-18 19:09:23.377441,372.23286595676586,372.3588607678977,371.3835601545355,372.23286595676586,1234898
2025-08-18 20:09:23.377441,371.36282520611815,371.47252630835726,371.133456048007,371.36282520611815,1461122
2025-08-18 21:09:23.377441,372.2116290243348,372.2743321587391,371.64026919318286,372.2116290243348,1675025
2025-08-18 22:09:23.377441,372.7713854623619,373.26254812119225,372.0705715173389,372.7713854623619,1070246
2025-08-18 23:09:23.377441,373.3611336120503,373.73693748525193,373.0950346410157,373.3611336120503,4342664
2025-08-19 00:09:23.377441,372.68207375002083,373.1068860560056,371.98025742529876,372.68207375002083,2283531
2025-08-19 01:09:23.377441,373.72766633570967,374.2199086761222,373.58852040492286,373.72766633570967,3445444
2025-08-19 02:09:23.377441,372.6798452832145,372.7238470435863,372.5168674723285,372.6798452832145,3667330
2025-08-19 03:09:23.377441,373.1172649050562,373.90896560149963,373.0481727152269,373.1172649050562,2448586
2025-08-19 04:09:23.377441,374.7518585290524,374.97964094837084,374.59242227549777,374.7518585290524,2605752
2025-08-19 05:09:23.377441,374.00944787148586,374.4945360857375,373.92630936525035,374.00944787148586,4283549
2025-08-19 06:09:23.377441,373.58584646912664,373.5943896535377,373.1080803017395,373.58584646912664,1570819
2025-08-19 07:09:23.377441,373.66030314828276,374.0337027233388,373.3044603207628,373.66030314828276,2950660
2025-08-19 08:09:23.377441,373.2840454171931,373.4724698418143,373.03133393318154,373.2840454171931,1807040
2025-08-19 09:09:23.377441,372.1263695799354,372.4391864585947,371.8388426256451,372.1263695799354,3440282
2025-08-19 10:09:23.377441,372.17739776173977,372.38087963842196,371.86841913355767,372.17739776173977,2037886
2025-08-19 11:09:23.377441,371.3866668981253,371.4754030940509,371.0522708675015,371.3866668981253,3443292
2025-08-19 12:09:23.377441,371.73843872668886,371.8748014608237,371.57070093097144,371.73843872668886,4726033
2025-08-19 13:09:23.377441,371.05486806796574,371.20023183627376,370.6157269815386,371.05486806796574,4642891
2025-08-19 14:09:23.377441,372.2050894803013,372.5484152455601,371.76661667384803,372.2050894803013,3154828
2025-08-19 15:09:23.377441,371.6220277567818,372.22233694609145,371.0024505517221,371.6220277567818,2584424
2025-08-19 16:09:23.377441,371.3826574493522,371.50236168175826,370.81695304209126,371.3826574493522,4593345
2025-08-19 17:09:23.377441,371.9869098214873,372.4396768584121,371.71326806793513,371.9869098214873,2099044
2025-08-19 18:09:23.377441,371.0711789945277,371.6356955355379,370.4100047727189,371.0711789945277,2033388
2025-08-19 19:09:23.377441,371.23998664674286,371.6105995712406,370.62498186924586,371.23998664674286,3784975
2025-08-19 20:09:23.377441,372.2105139640333,372.3711675824674,372.0153088536875,372.2105139640333,4046319
2025-08-19 21:09:23.377441,371.0138696421841,371.16365910529083,370.7410618598752,371.0138696421841,4083362
2025-08-19 22:09:23.377441,371.15087308682615,371.159853307263,370.88309540589955,371.15087308682615,1451989
2025-08-19 23:09:23.377441,371.3437845387972,371.67936860785545,370.95382130225494,371.3437845387972,1819555
2025-08-20 00:09:23.377441,371.9244346668867,372.04507180937003,371.6427037117065,371.9244346668867,4764362
2025-08-20 01:09:23.377441,371.0043302791785,371.4417591472702,370.4958554349516,371.0043302791785,1665078
2025-08-20 02:09:23.377441,370.02454003637837,370.4640105558045,369.76729790304285,370.02454003637837,4141433
2025-08-20 03:09:23.377441,370.4108024118649,370.58290167777164,370.30569796750524,370.4108024118649,1717997
2025-08-20 04:09:23.377441,370.63081507409754,370.7053710413137,370.26467877256954,370.63081507409754,4932188
2025-08-20 05:09:23.377441,370.8164958126854,370.9215436285184,370.5024695049512,370.8164958126854,4077026
2025-08-20 06:09:23.377441,371.07343323473793,371.16950599221184,370.6097328573145,371.07343323473793,3144751
2025-08-20 07:09:23.377441,370.5687550184967,370.7861654100865,370.2799526283946,370.5687550184967,1148469
2025-08-20 08:09:23.377441,370.74088694530747,370.91695314817724,370.72642081408526,370.74088694530747,3337422
2025-08-20 09:09:23.377441,370.9581948426875,371.2814097153235,370.8031678719826,370.9581948426875,4191134
2025-08-20 10:09:23.377441,370.4282058176587,370.92679465567954,369.67778944189075,370.4282058176587,4979817
2025-08-20 11:09:23.377441,371.81047682690604,371.8574660786383,371.41232267850376,371.81047682690604,2116136
2025-08-20 12:09:23.377441,372.162828915427,372.8844262167827,371.4514697807141,372.162828915427,1516394
2025-08-20 13:09:23.377441,371.27611115619544,371.64751028026274,370.8007085912854,371.27611115619544,4774159
2025-08-20 14:09:23.377441,371.7636364973537,372.0155974322138,371.69319478997363,371.7636364973537,3090825
2025-08-20 15:09:23.377441,371.03893409305164,371.22961391381114,370.6651331550788,371.03893409305164,1520112
2025-08-20 16:09:23.377441,371.6230121578789,371.689748880612,371.1566540159707,371.6230121578789,4290303
2025-08-20 17:09:23.377441,372.484133715766,372.61473786454854,372.41533199457893,372.484133715766,2103519
2025-08-20 18:09:23.377441,371.87275143095184,372.05466679500444,371.5239661994079,371.87275143095184,4221567
2025-08-20 19:09:23.377441,372.5892580946418,372.82574849571,372.5846009815657,372.5892580946418,3704114
2025-08-20 20:09:23.377441,372.8968535732876,373.31065715276384,371.8272350990495,372.8968535732876,3646785
2025-08-20 21:09:23.377441,373.50994086750745,373.66301220982325,372.8867024569923,373.50994086750745,2298071
2025-08-20 22:09:23.377441,374.92688293708545,375.0173369175163,374.5299371494995,374.92688293708545,2098966
2025-08-20 23:09:23.377441,374.7428777341999,374.994919938477,374.6781215138505,374.7428777341999,4896129
2025-08-21 00:09:23.377441,374.1779632156326,374.88885716838183,373.88912770433075,374.1779632156326,3418853
2025-08-21 01:09:23.377441,373.5122898205762,373.561830154895,373.3474561758308,373.5122898205762,4079710
2025-08-21 02:09:23.377441,372.902859485383,373.26626424974694,372.6294634430312,372.902859485383,2050482
2025-08-21 03:09:23.377441,372.8453565895595,373.25812647647325,372.7599763479553,372.8453565895595,4054823
2025-08-21 04:09:23.377441,373.099750448963,373.1446646311928,372.40656788108754,373.099750448963,1532249
2025-08-21 05:09:23.377441,373.3062169853261,374.1172880343078,373.0810209429819,373.3062169853261,4302940
2025-08-21 06:09:23.377441,373.92380228422866,374.2406734198868,373.8123137369422,373.92380228422866,3090178
2025-08-21 07:09:23.377441,373.9335257179244,374.13370287391433,373.6947092693281,373.9335257179244,4002873
2025-08-21 08:09:23.377441,375.02057596236955,375.05452780604304,374.62375981865904,375.02057596236955,1189773
2025-08-21 09:09:23.377441,374.822072446303,374.9465060018183,374.68428041592324,374.822072446303,4485439
2025-08-21 10:09:23.377441,376.8612313351543,376.9330232790448,376.8054221740614,376.8612313351543,1342808
2025-08-21 11:09:23.377441,377.33281086932413,377.6005103176616,377.00035487728377,377.33281086932413,2129775
2025-08-21 12:09:23.377441,376.68594352908326,376.8499851234754,376.4176599787271,376.68594352908326,4930944
2025-08-21 13:09:23.377441,375.8791632269825,376.0720290050478,375.43309441097773,375.8791632269825,3196916
2025-08-21 14:09:23.377441,376.24186588242594,376.33951820868367,375.7014563693501,376.24186588242594,3047298
2025-08-21 15:09:23.377441,376.07371377181335,376.3515609731342,375.98416669574164,376.07371377181335,2170933
2025-08-21 16:09:23.377441,376.6107474067096,376.84250141479356,376.59342227768377,376.6107474067096,2391449
2025-08-21 17:09:23.377441,376.96720015769284,377.3198298661217,376.62619020952906,376.96720015769284,3518929
2025-08-21 18:09:23.377441,376.91229193510327,377.32161194351136,376.47026546467094,376.91229193510327,3409864
2025-08-21 19:09:23.377441,376.2739580129565,376.4756270997998,376.02357899097757,376.2739580129565,3992933
2025-08-21 20:09:23.377441,375.1339628909215,375.43709281503567,374.40574630114793,375.1339628909215,1859734
2025-08-21 21:09:23.377441,374.7989570440036,374.9366159460019,374.46976247072894,374.7989570440036,2012884
2025-08-21 22:09:23.377441,375.44091179385595,376.1310411495165,375.29899216358325,375.44091179385595,2667832
2025-08-21 23:09:23.377441,375.60167089486714,375.6856050912342,375.51473941964474,375.60167089486714,3257728
2025-08-22 00:09:23.377441,374.6658677613016,374.79674484184284,374.423650197651,374.6658677613016,2872154
2025-08-22 01:09:23.377441,374.7956377250291,374.8029161086022,374.7148064352778,374.7956377250291,4710313
2025-08-22 02:09:23.377441,375.08446827115307,375.1981862987881,374.75703412471887,375.08446827115307,3707834
2025-08-22 03:09:23.377441,374.4214258781831,374.7209412657279,374.0914080144238,374.4214258781831,1913605
2025-08-22 04:09:23.377441,374.5365418249059,375.1419092107046,374.2664502800304,374.5365418249059,4009526
2025-08-22 05:09:23.377441,374.5801444091275,374.9748329218527,374.23692632422,374.5801444091275,2510399
2025-08-22 06:09:23.377441,373.72387645069404,374.122939897832,373.2173151127577,373.72387645069404,1016939
2025-08-22 07:09:23.377441,373.9913038092029,374.34671058454495,373.5536596682346,373.9913038092029,3056547
2025-08-22 08:09:23.377441,374.41076088154784,375.0512329359504,374.3604788278296,374.41076088154784,3541083
2025-08-22 09:09:23.377441,375.2217729616098,375.2609645825739,375.1919061105651,375.2217729616098,1306604
2025-08-22 10:09:23.377441,376.01259191024,376.0760710039475,375.8042592116547,376.01259191024,3032656
2025-08-22 11:09:23.377441,374.97654985055823,375.002817768992,374.6534314062779,374.97654985055823,3296446
2025-08-22 12:09:23.377441,374.27322505489656,374.708084994335,374.26198507633666,374.27322505489656,4027322
2025-08-22 13:09:23.377441,374.6587528758469,375.0061938445783,373.85234354131313,374.6587528758469,3159271
2025-08-22 14:09:23.377441,375.0437416830747,375.1331404782607,374.715032478366,375.0437416830747,3787833
2025-08-22 15:09:23.377441,375.43007250590955,375.7961910227664,374.84384099219074,375.43007250590955,4289986
2025-08-22 16:09:23.377441,378.32293503167415,378.51251044877307,377.75415682959806,378.32293503167415,2458251
2025-08-22 17:09:23.377441,378.7548969788485,378.82670194451237,378.6298623766676,378.7548969788485,2003750
2025-08-22 18:09:23.377441,379.6150990729671,379.99511128457357,379.5347470906508,379.6150990729671,2267403
2025-08-22 19:09:23.377441,380.33940602089564,381.3675517855514,380.1006540799163,380.33940602089564,2315777
2025-08-22 20:09:23.377441,380.8349055441133,381.09306412739755,380.7252102867702,380.8349055441133,4075319
2025-08-22 21:09:23.377441,380.59477447810616,380.8437122652177,380.0548888607094,380.59477447810616,1149805
2025-08-22 22:09:23.377441,381.17249391672505,381.8702808234658,380.22420968672594,381.17249391672505,2854165
2025-08-22 23:09:23.377441,380.583334487951,380.77788967787717,380.0973427432878,380.583334487951,2870038
2025-08-25 00:09:23.377441,380.4030760579072,380.9256199939404,380.2744908859163,380.4030760579072,3247837
2025-08-25 01:09:23.377441,380.03380848470607,380.0860435671906,379.5750994509474,380.03380848470607,2681476
2025-08-25 02:09:23.377441,380.09603836672085,380.45822220717315,379.6873163861162,380.09603836672085,1377224
2025-08-25 03:09:23.377441,381.8556234694492,382.4712809888597,381.2154833648648,381.8556234694492,2918036
2025-08-25 04:09:23.377441,380.4295720408494,380.9298043836967,380.06987326315107,380.4295720408494,1479498
2025-08-25 05:09:23.377441,380.9517193819151,381.5764666891045,380.51234852185354,380.9517193819151,2184836
2025-08-25 06:09:23.377441,379.7229856139067,380.0047884805227,379.29112114029783,379.7229856139067,1238178
2025-08-25 07:09:23.377441,379.3645788597389,379.39319571039266,379.23614389040495,379.3645788597389,1259418
2025-08-25 08:09:23.377441,380.19079742897407,380.7998500884532,379.83420675610165,380.19079742897407,3126832
2025-08-25 09:09:23.377441,380.2396747724113,380.33323749287155,380.1573053622159,380.2396747724113,1234433
2025-08-25 10:09:23.377441,379.4200721247163,379.74001680873005,379.03088096750736,379.4200721247163,3026199
2025-08-25 11:09:23.377441,378.87727095479926,379.69979180700403,378.4601947475563,378.87727095479926,1364446
2025-08-25 12:09:23.377441,379.39223923572604,379.45896894795453,378.989563328703,379.39223923572604,3564768
2025-08-25 13:09:23.377441,378.83804837198556,378.88472304053784,378.63650418190207,378.83804837198556,1448934
2025-08-25 14:09:23.377441,379.00205387124674,379.211067961446,378.86498358622885,379.00205387124674,3657885
2025-08-25 15:09:23.377441,379.03659751309124,379.05312443600747,378.36904275866107,379.03659751309124,2047725
2025-08-25 16:09:23.377441,378.54263675570155,379.1842858459817,378.542518017244,378.54263675570155,2578660
2025-08-25 17:09:23.377441,380.16578525296154,380.4024952365026,379.71647714800076,380.16578525296154,2882226
2025-08-25 18:09:23.377441,380.6477738987742,380.72185079339437,380.476682654429,380.6477738987742,2743067
2025-08-25 19:09:23.377441,379.10604186389656,379.38751694884087,378.3152088238047,379.10604186389656,2449915
2025-08-25 20:09:23.377441,379.2474137784179,379.7480289019276,378.8625688650201,379.2474137784179,3760734
2025-08-25 21:09:23.377441,378.745452167944,378.9771569289013,378.6085497889306,378.745452167944,3907658
2025-08-25 22:09:23.377441,379.39116266560484,379.40521409909843,379.23316671902205,379.39116266560484,3078038
2025-08-25 23:09:23.377441,378.78981193682364,378.95242724571256,378.7693933292063,378.78981193682364,2471617
2025-08-26 00:09:23.377441,378.70288994665253,378.9651117727904,378.3308887419587,378.70288994665253,1823271
2025-08-26 01:09:23.377441,379.08537023052486,379.61848460690254,378.6600903297497,379.08537023052486,2942120
2025-08-26 02:09:23.377441,379.7417604871468,379.7733191436031,378.8607441389661,379.7417604871468,4011098
2025-08-26 03:09:23.377441,378.83015514570326,379.4001885984483,378.7558546346523,378.83015514570326,3689762
2025-08-26 04:09:23.377441,378.57671683556316,378.86445632690805,378.2344576306398,378.57671683556316,3939905
2025-08-26 05:09:23.377441,378.21711036241163,378.2482904875455,377.63126698856047,378.21711036241163,4900262
2025-08-26 06:09:23.377441,377.722909773493,378.2734603670156,377.62546633521447,377.722909773493,4117156
2025-08-26 07:09:23.377441,379.05661479891484,379.17382254492645,378.6381827900041,379.05661479891484,2682964
2025-08-26 08:09:23.377441,379.36363679173945,379.6489775812005,379.1833754273428,379.36363679173945,4669049
2025-08-26 09:09:23.377441,378.40696974676166,378.5277476060698,378.4060601166038,378.40696974676166,3516356
2025-08-26 10:09:23.377441,379.1016204628234,379.60978739906085,378.87822662473724,379.1016204628234,1821939
2025-08-26 11:09:23.377441,380.7106461691488,381.4245442917462,380.2948478468142,380.7106461691488,1099244
2025-08-26 12:09:23.377441,381.496787202132,381.54066928177116,381.1783322530263,381.496787202132,4637588
2025-08-26 13:09:23.377441,380.33751768096624,380.3984221909314,379.98997605076113,380.33751768096624,3485084
2025-08-26 14:09:23.377441,379.96917291046526,380.2242614440558,379.3818432418733,379.96917291046526,4503123
2025-08-26 15:09:23.377441,380.93194727348026,381.013160680227,380.3263268156706,380.93194727348026,4955966
2025-08-26 16:09:23.377441,380.392799458352,380.6788431775589,380.17442689954765,380.392799458352,4276092
2025-08-26 17:09:23.377441,380.73045088780503,380.8519244365889,380.1975825874985,380.73045088780503,4969061
2025-08-26 18:09:23.377441,381.32030443267547,381.623845254728,380.8085238710356,381.32030443267547,2458835
2025-08-26 19:09:23.377441,380.6133896134553,381.0229323377256,380.0935386520467,380.6133896134553,4614705
2025-08-26 20:09:23.377441,380.568077318378,380.5761878515376,380.51138435458046,380.568077318378,3500120
2025-08-26 21:09:23.377441,378.1010315590081,378.81987371848174,377.91092824854724,378.1010315590081,2248641
2025-08-26 22:09:23.377441,377.3263875111985,377.3492764369387,376.6485731712168,377.3263875111985,4843704
2025-08-26 23:09:23.377441,377.13578625486736,377.40295179789445,376.8694986285477,377.13578625486736,3149279
2025-08-27 00:09:23.377441,376.1946188720555,376.7640700810656,376.10332348161785,376.1946188720555,1992281
2025-08-27 01:09:23.377441,377.42282756870554,378.10337364381934,377.03545240021884,377.42282756870554,4932613
2025-08-27 02:09:23.377441,376.3432915633197,376.9394704983942,375.8803890991578,376.3432915633197,1861864
2025-08-27 03:09:23.377441,376.01207598220407,376.11251882880106,375.64933509235624,376.01207598220407,4757378
2025-08-27 04:09:23.377441,376.110396053965,376.30173282393457,375.4979121008682,376.110396053965,4418848
2025-08-27 05:09:23.377441,377.1945517891103,377.79096830725643,377.08728344866626,377.1945517891103,2687040
2025-08-27 06:09:23.377441,376.1113530280201,376.44798709933923,375.5131170525857,376.1113530280201,3196274
2025-08-27 07:09:23.377441,376.9863112132524,377.16841861721736,376.73036341064574,376.9863112132524,3429700
2025-08-27 08:09:23.377441,376.9940266611048,377.0493667497789,376.94238017990546,376.9940266611048,2392652
2025-08-27 09:09:23.377441,376.25398086398224,376.86058529339437,376.0585559114364,376.25398086398224,1621458
2025-08-27 10:09:23.377441,376.60171740750746,376.939468634101,376.4733309154212,376.60171740750746,4485579
2025-08-27 11:09:23.377441,376.7516498539466,376.8528192185815,376.5902808334343,376.7516498539466,2531439
2025-08-27 12:09:23.377441,376.2993844564671,376.6347395423233,376.2703505144336,376.2993844564671,4363640
2025-08-27 13:09:23.377441,376.3519174196981,377.16175727192166,376.12843535768576,376.3519174196981,2821042
2025-08-27 14:09:23.377441,376.0618903977245,376.33233655444457,375.99960273645115,376.0618903977245,3073890
2025-08-27 15:09:23.377441,376.1472694926207,376.22668555546306,376.117712957447,376.1472694926207,4381579
2025-08-27 16:09:23.377441,376.6453867831575,377.0172033979858,375.84360890680813,376.6453867831575,4501661
2025-08-27 17:09:23.377441,377.8401186174808,377.88971276549637,377.6670043226423,377.8401186174808,3717956
2025-08-27 18:09:23.377441,376.9047259076742,376.9336917455563,376.5354643480064,376.9047259076742,4677973
2025-08-27 19:09:23.377441,378.5126266265277,378.5977374548146,378.07607574921684,378.5126266265277,3604902
2025-08-27 20:09:23.377441,377.034846865722,377.27992048924506,376.39865924819935,377.034846865722,2156300
2025-08-27 21:09:23.377441,376.92039032559546,376.98395971038343,376.24423566509694,376.92039032559546,1398008
2025-08-27 22:09:23.377441,377.36388782780233,377.530660269513,376.8523908882814,377.36388782780233,2323957
2025-08-27 23:09:23.377441,377.5759601951153,377.9876686737766,377.3082509262395,377.5759601951153,2886594
2025-08-28 00:09:23.377441,377.10572745689666,377.63779813835333,376.36914224892786,377.10572745689666,1999291
2025-08-28 01:09:23.377441,376.94875927165475,376.9859219457982,376.7505295802999,376.94875927165475,2854260
2025-08-28 02:09:23.377441,376.5770870903759,376.58418542647723,376.5101504731275,376.5770870903759,4549651
2025-08-28 03:09:23.377441,376.13320456356837,376.39958752410604,375.9825702162937,376.13320456356837,4835294
2025-08-28 04:09:23.377441,376.7723316822813,376.8602010678433,376.72294994646836,376.7723316822813,3060356
2025-08-28 05:09:23.377441,377.0413587964687,377.40073072803807,377.01215940880667,377.0413587964687,4673559
2025-08-28 06:09:23.377441,376.5188476458284,376.62695530564145,376.06879701535973,376.5188476458284,3796647
2025-08-28 07:09:23.377441,377.19628026270925,377.4272893623174,376.6489957885676,377.19628026270925,3344693
2025-08-28 08:09:23.377441,377.42810473511156,377.56454632548514,376.74601793101965,377.42810473511156,2031328
2025-08-28 09:09:23.377441,378.04169875296026,378.474074951284,377.4055836018127,378.04169875296026,3726087
2025-08-28 10:09:23.377441,378.5177506669296,378.5588424425732,378.13013766808865,378.5177506669296,2607895
2025-08-28 11:09:23.377441,377.8901720132329,377.90272930011355,377.784434434821,377.8901720132329,1174001
2025-08-28 12:09:23.377441,377.46679819395575,377.5453553977206,377.10271720077395,377.46679819395575,2376467
2025-08-28 13:09:23.377441,378.0309552428291,378.0795464010629,377.8396846013363,378.0309552428291,2499643
2025-08-28 14:09:23.377441,378.49243295181634,379.20469857549483,378.2167874340763,378.49243295181634,3414607
2025-08-28 15:09:23.377441,378.4766107615122,378.6842903048344,377.6571876788601,378.4766107615122,3602481
2025-08-28 16:09:23.377441,378.56542210228065,378.60056997147115,378.1147215711297,378.56542210228065,4906419
2025-08-28 17:09:23.377441,379.53278160343945,379.5934523445513,379.4521027902969,379.53278160343945,1065867
2025-08-28 18:09:23.377441,379.0837401339957,379.47331507006066,378.6944263402302,379.0837401339957,1088780
2025-08-28 19:09:23.377441,379.49853157693866,379.97886584395224,379.07884398982475,379.49853157693866,4202924
2025-08-28 20:09:23.377441,379.34506794755004,379.6736471042005,379.13113724937375,379.34506794755004,3695145
2025-08-28 21:09:23.377441,379.17991536589176,379.54751406513833,378.87042218018615,379.17991536589176,3941478
2025-08-28 22:09:23.377441,380.01318359337677,380.17552308284473,379.98348819924195,380.01318359337677,1874072
2025-08-28 23:09:23.377441,380.64052178251467,380.8865020829237,380.3125481584991,380.64052178251467,3597805
2025-08-29 00:09:23.377441,381.25983124715947,381.936685978487,381.2068131030357,381.25983124715947,3373887
2025-08-29 01:09:23.377441,382.2552845065843,382.7115584933049,381.65246926761847,382.2552845065843,4767263
2025-08-29 02:09:23.377441,382.2713421655024,382.6227084651053,381.96444538779,382.2713421655024,4849981
2025-08-29 03:09:23.377441,382.79272432076374,383.1757399521946,382.76440804678265,382.79272432076374,1000727
2025-08-29 04:09:23.377441,382.55518860671856,382.81173784728537,382.52624233718467,382.55518860671856,4189550
2025-08-29 05:09:23.377441,382.8032116469509,383.33625183592244,382.04811616656673,382.8032116469509,2019051
2025-08-29 06:09:23.377441,382.7035732885799,382.79926698320526,382.1731507504889,382.7035732885799,2414119
2025-08-29 07:09:23.377441,382.77781469337447,382.8883202099061,382.5842863482521,382.77781469337447,2160689
2025-08-29 08:09:23.377441,383.2334405045668,383.3332045384775,382.66276256476164,383.2334405045668,2268182
2025-08-29 09:09:23.377441,382.60630144951165,382.657688820338,381.737230463487,382.60630144951165,3489727
2025-08-29 10:09:23.377441,384.20742256301173,384.5189411198352,384.0520500713591,384.20742256301173,1390732
2025-08-29 11:09:23.377441,383.43438387261256,383.7386347312874,383.24595292319196,383.43438387261256,4730107
2025-08-29 12:09:23.377441,382.50326054731374,383.1720797282486,382.28532535295466,382.50326054731374,3570746
2025-08-29 13:09:23.377441,383.3892229176919,383.8892929098292,383.31427732853706,383.3892229176919,3251743
2025-08-29 14:09:23.377441,383.99625280779463,384.6346435015233,383.95829662091074,383.99625280779463,4556337
2025-08-29 15:09:23.377441,384.47557214989683,384.8725609425823,384.30795026257556,384.47557214989683,3000398
2025-08-29 16:09:23.377441,384.95873914826126,385.39247413712627,383.98392888808195,384.95873914826126,2254179
2025-08-29 17:09:23.377441,384.9493101437937,385.3692769184951,384.6867479641239,384.9493101437937,3276158
2025-08-29 18:09:23.377441,384.2585152411397,384.41637412946903,384.2100303072223,384.2585152411397,4120452
2025-08-29 19:09:23.377441,384.3167723350998,384.74171318444814,384.2312715008444,384.3167723350998,2421525
2025-08-29 20:09:23.377441,383.79628312846535,383.87876902105626,383.010705025672,383.79628312846535,4095759
2025-08-29 21:09:23.377441,384.5447777870473,384.66323076241025,384.2852354347705,384.5447777870473,4305640
2025-08-29 22:09:23.377441,384.43167749086393,384.7314036971577,384.27672231223136,384.43167749086393,2953097
2025-08-29 23:09:23.377441,383.79698294661,384.2998754900993,383.0326307978465,383.79698294661,3710807
2025-09-01 00:09:23.377441,383.5502891138337,384.08560404297367,383.2311517597981,383.5502891138337,3110417
2025-09-01 01:09:23.377441,383.86704907117695,384.08284685262174,383.65587794086713,383.86704907117695,4544368
2025-09-01 02:09:23.377441,383.4342585100293,383.5144813440526,383.377883925814,383.4342585100293,2462417
2025-09-01 03:09:23.377441,382.8037235746176,383.44814998300757,382.48188728432086,382.8037235746176,2652486
2025-09-01 04:09:23.377441,382.99029231851085,383.29893273084895,382.9107059754751,382.99029231851085,4830275
2025-09-01 05:09:23.377441,383.17793195586523,383.5476418092798,382.6826264485497,383.17793195586523,4443801
2025-09-01 06:09:23.377441,382.7894330807495,383.4078611138705,382.58572457816666,382.7894330807495,3421188
2025-09-01 07:09:23.377441,382.42881610881557,382.9008666865539,382.19654627196377,382.42881610881557,1675899
2025-09-01 08:09:23.377441,382.60630127445916,382.83298183329094,382.5767560159658,382.60630127445916,1318774
2025-09-01 09:09:23.377441,381.49820888679164,381.5082826357758,381.33575029375857,381.49820888679164,4367439
2025-09-01 10:09:23.377441,380.42431906879625,380.53089918686976,380.2652234288819,380.42431906879625,1486626
2025-09-01 11:09:23.377441,379.8776917614785,380.1852420778683,379.2030245158093,379.8776917614785,4023871
2025-09-01 12:09:23.377441,379.7155241388678,379.87654670063336,379.31152922912327,379.7155241388678,4316185
2025-09-01 13:09:23.377441,379.9516369973274,380.13167303292073,379.85567305083646,379.9516369973274,1655313
2025-09-01 14:09:23.377441,381.0727650168957,381.07827238372005,380.54515756126455,381.0727650168957,1611868
2025-09-01 15:09:23.377441,381.7264264650096,381.93495759883416,381.55686422489117,381.7264264650096,1339606
2025-09-01 16:09:23.377441,381.6043209380156,381.60677170392563,381.18405133859534,381.6043209380156,3734836
2025-09-01 17:09:23.377441,381.58980760380854,381.7563280118156,381.41177866817384,381.58980760380854,2407757
2025-09-01 18:09:23.377441,380.82469762906993,380.8664397495072,380.31202161252355,380.82469762906993,2143886
2025-09-01 19:09:23.377441,380.810597110237,380.8442466614944,380.6117185336939,380.810597110237,2204656
2025-09-01 20:09:23.377441,380.5907485729406,380.73157134778364,380.5534829360002,380.5907485729406,4456800
2025-09-01 21:09:23.377441,380.83639596985546,380.9349549296528,379.9709701208437,380.83639596985546,1738456
2025-09-01 22:09:23.377441,380.206316667501,380.81413241984956,379.8682991378583,380.206316667501,2138452
2025-09-01 23:09:23.377441,380.6012343180085,380.8147209522479,380.38286648319115,380.6012343180085,3646416
2025-09-02 00:09:23.377441,381.7679589623605,381.88076388028804,381.280706830244,381.7679589623605,4915030
2025-09-02 01:09:23.377441,381.6849166825749,381.9509336663922,381.1931890969418,381.6849166825749,4532856
2025-09-02 02:09:23.377441,381.9915712929344,382.1190875243545,381.8797564459693,381.9915712929344,1682986
2025-09-02 03:09:23.377441,382.51882966855857,382.9675719319835,382.46316507029627,382.51882966855857,1360400
2025-09-02 04:09:23.377441,382.21188089786887,382.35316253540816,381.9771559571952,382.21188089786887,2411257
2025-09-02 05:09:23.377441,382.38318251580455,382.4242130511197,382.32927310244725,382.38318251580455,3288013
2025-09-02 06:09:23.377441,382.39281276037747,382.56401649495854,381.785333240936,382.39281276037747,3730771
2025-09-02 07:09:23.377441,382.46751403650455,383.0683231332454,382.20154518080847,382.46751403650455,2767581
2025-09-02 08:09:23.377441,381.87621177579035,382.3064974683698,381.44048776848206,381.87621177579035,3348818
2025-09-02 09:09:23.377441,381.8949314807823,382.35088538929426,381.85234682488107,381.8949314807823,4415398
2025-09-02 10:09:23.377441,382.27529752740776,382.32994114148806,381.96757872644025,382.27529752740776,1628151
2025-09-02 11:09:23.377441,383.38477023625745,384.04899010126593,383.23613199288457,383.38477023625745,1957004
2025-09-02 12:09:23.377441,384.12030988676344,384.9773975903693,383.9614317091077,384.12030988676344,4344849
2025-09-02 13:09:23.377441,385.7744721124076,386.0206159392466,385.5902086399217,385.7744721124076,1335510
2025-09-02 14:09:23.377441,385.1824259104078,385.3753424002707,384.69896982298513,385.1824259104078,4094973
2025-09-02 15:09:23.377441,385.85443106845537,386.5493771757883,385.80517494394496,385.85443106845537,1452333
2025-09-02 16:09:23.377441,385.9959177190856,386.20538759043603,385.7795254598204,385.9959177190856,4201824
2025-09-02 17:09:23.377441,387.6864277047482,387.99184077332933,386.5507202069769,387.6864277047482,4808998
2025-09-02 18:09:23.377441,387.0596951552098,387.30000023732674,386.265072429244,387.0596951552098,3047463
2025-09-02 19:09:23.377441,386.4096501947105,386.47462258883223,385.988939093482,386.4096501947105,1857617
2025-09-02 20:09:23.377441,385.9464279897999,386.12862966194973,385.8011960691651,385.9464279897999,1050248
2025-09-02 21:09:23.377441,384.3070080533595,385.0676668415256,384.29977576065926,384.3070080533595,2254304
2025-09-02 22:09:23.377441,383.90290537465717,384.19003029494013,383.4531038666271,383.90290537465717,4079868
2025-09-02 23:09:23.377441,383.3200389059866,383.73124280434934,382.6700343464904,383.3200389059866,3041781
2025-09-03 00:09:23.377441,383.43533681015316,383.5270725120744,382.70784928044674,383.43533681015316,3177040
2025-09-03 01:09:23.377441,383.6974194455111,384.49323961361085,383.6372964663396,383.6974194455111,4352082
2025-09-03 02:09:23.377441,385.13718326440323,385.49127245634355,384.7429835551169,385.13718326440323,1240346
2025-09-03 03:09:23.377441,385.8692703842958,386.84563058456047,385.80163260280057,385.8692703842958,1618821
2025-09-03 04:09:23.377441,385.4240515989108,385.53428450488224,384.9088454643839,385.4240515989108,1041954
2025-09-03 05:09:23.377441,384.73151035361684,385.15508421682824,384.57306892687654,384.73151035361684,1351863
2025-09-03 06:09:23.377441,385.110023965268,385.8642032002952,385.05921718282275,385.110023965268,1664164
2025-09-03 07:09:23.377441,384.0931538812771,384.5654154628637,383.9185652143954,384.0931538812771,2796641
2025-09-03 08:09:23.377441,385.5000554284381,385.69153300652704,385.41576457786726,385.5000554284381,1262739
2025-09-03 09:09:23.377441,386.4094038922632,386.5892042284924,386.37408624373006,386.4094038922632,4437464
2025-09-03 10:09:23.377441,386.0468161241621,386.08771714901485,386.0155932375682,386.0468161241621,2613507
2025-09-03 11:09:23.377441,384.7241158630663,385.74145851928586,384.7040107615133,384.7241158630663,4400521
2025-09-03 12:09:23.377441,385.7658505673507,386.3456451944615,385.35670535179617,385.7658505673507,3421961
2025-09-03 13:09:23.377441,385.67747944569527,385.7753411187759,385.4009424645778,385.67747944569527,4035479
2025-09-03 14:09:23.377441,386.6322751961327,386.8131004712261,386.13561345880396,386.6322751961327,1268116
2025-09-03 15:09:23.377441,385.3993608094221,385.8178221650293,385.0225113215835,385.3993608094221,4423754
2025-09-03 16:09:23.377441,384.93736330795906,384.9750806847047,384.1268211261096,384.93736330795906,2770330
2025-09-03 17:09:23.377441,384.94140029984607,385.0599817058859,384.4973356177172,384.94140029984607,1464271
2025-09-03 18:09:23.377441,384.9775698509475,385.1283457646691,384.4438564290249,384.9775698509475,4824857
2025-09-03 19:09:23.377441,384.63103962797965,384.73455420318265,384.5148115946531,384.63103962797965,3646460
2025-09-03 20:09:23.377441,385.11017446200174,385.2423412990926,384.10767988396003,385.11017446200174,4057404
2025-09-03 21:09:23.377441,384.28787148236427,384.52673402089033,384.1490242155618,384.28787148236427,1364765
2025-09-03 22:09:23.377441,384.1784420638811,384.320438386953,384.153783892792,384.1784420638811,2920382
2025-09-03 23:09:23.377441,384.2708720406374,384.41578073784905,383.88252858138264,384.2708720406374,3142064
2025-09-04 00:09:23.377441,384.6662397593881,384.677496175893,384.468052637187,384.6662397593881,1012879
2025-09-04 01:09:23.377441,385.2137081980107,385.64747819072795,384.62425603118976,385.2137081980107,1558086
2025-09-04 02:09:23.377441,384.3472530968258,384.3670061333134,384.0916901684857,384.3472530968258,4777807
2025-09-04 03:09:23.377441,383.1679879619075,383.8473572453414,382.81372459045946,383.1679879619075,2531618
2025-09-04 04:09:23.377441,384.1471176761323,384.6318811833651,383.53340455993043,384.1471176761323,1701433
2025-09-04 05:09:23.377441,384.40243261586306,384.7505983156134,384.27672636346637,384.40243261586306,2386511
2025-09-04 06:09:23.377441,383.82699252499793,384.07792569257555,383.74506205134577,383.82699252499793,4999143
2025-09-04 07:09:23.377441,385.01774052042595,385.247080685974,384.82669503045923,385.01774052042595,1487947
2025-09-04 08:09:23.377441,385.10681409308785,385.63611956831704,384.9006599793801,385.10681409308785,3755362
2025-09-04 09:09:23.377441,386.0151248559354,386.839527404296,385.81767828348836,386.0151248559354,1159472
2025-09-04 10:09:23.377441,386.0672511659986,387.2786331172388,385.32015156516974,386.0672511659986,3091028
2025-09-04 11:09:23.377441,387.65842573940904,388.06781505950295,387.3422898968594,387.65842573940904,3895537
2025-09-04 12:09:23.377441,389.0193710746443,389.1062153366183,389.0006637137666,389.0193710746443,3727850
2025-09-04 13:09:23.377441,388.82566732172137,388.84701151814295,388.7544537175938,388.82566732172137,2698019
2025-09-04 14:09:23.377441,389.5812107684318,389.6924572706547,389.4422576169694,389.5812107684318,4300335
2025-09-04 15:09:23.377441,390.0840634561122,390.28734501053253,389.6235142515003,390.0840634561122,2779472
2025-09-04 16:09:23.377441,391.1518261747851,391.4042034295059,390.90645137481727,391.1518261747851,4613983
2025-09-04 17:09:23.377441,390.3969630273355,390.61386932350774,390.3793082190821,390.3969630273355,2301288
2025-09-04 18:09:23.377441,390.93262784026325,390.9676478513901,390.91261290994095,390.93262784026325,2916037
2025-09-04 19:09:23.377441,391.7601731722924,391.8374825060056,391.5635941100214,391.7601731722924,4149783
2025-09-04 20:09:23.377441,390.38216500076027,390.4412193927397,389.84637892878834,390.38216500076027,3397466
2025-09-04 21:09:23.377441,389.4583189609002,389.53422761211795,389.33253385365407,389.4583189609002,4139987
2025-09-04 22:09:23.377441,387.8699270890574,388.30968241386495,387.8462654829417,387.8699270890574,3326168
2025-09-04 23:09:23.377441,387.6609374705908,387.89103622599214,387.4670137812483,387.6609374705908,4908673
2025-09-05 00:09:23.377441,388.21726367770407,389.3587733076024,388.0101108268407,388.21726367770407,2934984
2025-09-05 01:09:23.377441,389.3837455653673,389.6391426664516,388.9083775953695,389.3837455653673,2338971
2025-09-05 02:09:23.377441,389.44144817162066,389.5172865173034,389.0999961205466,389.44144817162066,3757436
2025-09-05 03:09:23.377441,390.7099489647848,390.71725866206094,390.0410377927905,390.7099489647848,2096613
2025-09-05 04:09:23.377441,389.6315102241741,389.78288925580114,388.95057597152686,389.6315102241741,1092115
2025-09-05 05:09:23.377441,388.3041272795036,388.74062488820147,388.13530426901855,388.3041272795036,3037701
2025-09-05 06:09:23.377441,388.2609884780187,388.6288760388116,388.0763972912681,388.2609884780187,4617760
2025-09-05 07:09:23.377441,388.5592237397096,388.85953248636486,388.25010270294985,388.5592237397096,1482870
2025-09-05 08:09:23.377441,388.53381604783,388.69196962627746,388.3689246516453,388.53381604783,2118976
2025-09-05 09:09:23.377441,386.9272737106571,387.30323420193577,386.43219304010495,386.9272737106571,4769541
2025-09-05 10:09:23.377441,386.8583077628138,387.3920245114029,386.0007129780046,386.8583077628138,1363308
2025-09-05 11:09:23.377441,385.8490180358268,386.09083626152096,385.6550344455339,385.8490180358268,4369185
2025-09-05 12:09:23.377441,386.36580302657,386.69900237305205,385.40248844391044,386.36580302657,2797038
2025-09-05 13:09:23.377441,386.6490850780527,387.0176100048123,386.2757116652783,386.6490850780527,3238926
2025-09-05 14:09:23.377441,385.922277759119,386.12028885312793,385.2935461647279,385.922277759119,3990316
2025-09-05 15:09:23.377441,385.5256523767118,385.805195402972,385.30136047874726,385.5256523767118,1015385
2025-09-05 16:09:23.377441,384.70894440864686,384.90752281260956,384.2573422866766,384.70894440864686,4941496
2025-09-05 17:09:23.377441,384.66071798994994,384.9074707609457,384.5845791210014,384.66071798994994,4997581
2025-09-05 18:09:23.377441,385.3955294515231,385.5619904693097,384.59856759347036,385.3955294515231,4045881
2025-09-05 19:09:23.377441,384.63574062847977,384.9436067390218,383.9312101707297,384.63574062847977,2608885
2025-09-05 20:09:23.377441,385.02348923809456,385.3139091178014,384.61871022764456,385.02348923809456,3605822
2025-09-05 21:09:23.377441,384.6151659612529,385.0724400749362,384.03923102591114,384.6151659612529,1117369
2025-09-05 22:09:23.377441,384.00526412931936,384.27725653524766,383.2918966502155,384.00526412931936,1744990
2025-09-05 23:09:23.377441,383.92306368603096,384.05799275859727,383.88335405352063,383.92306368603096,4719127
2025-09-08 00:09:23.377441,383.12815687786957,383.5381615662581,382.653440899676,383.12815687786957,3186554
2025-09-08 01:09:23.377441,382.7039196020408,382.71406939190814,381.90183207902595,382.7039196020408,3741214
2025-09-08 02:09:23.377441,381.787054472644,382.1237427981504,381.1783170083718,381.787054472644,3350876
2025-09-08 03:09:23.377441,383.28726771533303,383.3497692063977,383.0270359794701,383.28726771533303,3837097
2025-09-08 04:09:23.377441,383.31429985630336,383.5998316920585,383.0028944187188,383.31429985630336,4974879
2025-09-08 05:09:23.377441,382.7778702699278,383.036313572075,382.7591029232611,382.7778702699278,4373328
2025-09-08 06:09:23.377441,382.9416838189506,382.99702604205766,382.880275259498,382.9416838189506,3801549
2025-09-08 07:09:23.377441,382.8556536339732,383.1590360807802,382.7289853414889,382.8556536339732,4619047
2025-09-08 08:09:23.377441,382.68645471304814,382.8043074190137,382.1311761169061,382.68645471304814,4795711
2025-09-08 09:09:23.377441,383.15652126713303,383.8820720755434,382.8195668929078,383.15652126713303,3231737
2025-09-08 10:09:23.377441,383.7370093051626,383.81885799453346,383.3235802314835,383.7370093051626,3867695
2025-09-08 11:09:23.377441,383.3298634575285,383.3303255522345,382.8022112612927,383.3298634575285,3765847
2025-09-08 12:09:23.377441,382.88840680240315,383.2012605665692,382.7685121361949,382.88840680240315,2748076
2025-09-08 13:09:23.377441,382.6777785901818,382.9300572581227,382.4148537776772,382.6777785901818,2152702
2025-09-08 14:09:23.377441,380.9159904345603,381.2731258921362,380.3573615706354,380.9159904345603,4881461
2025-09-08 15:09:23.377441,379.76166942625036,380.37215904404576,379.3395338549939,379.76166942625036,2650522
2025-09-08 16:09:23.377441,380.7998423336514,381.09028780907335,380.7861999589284,380.7998423336514,2214488
2025-09-08 17:09:23.377441,382.05264922554187,382.34650209790965,381.8496056062521,382.05264922554187,2047738
2025-09-08 18:09:23.377441,381.86235946821154,382.22127308407244,381.263652968727,381.86235946821154,2866015
2025-09-08 19:09:23.377441,382.30269027277217,382.61980073635624,382.1701421155894,382.30269027277217,3023027
2025-09-08 20:09:23.377441,382.5406738156318,382.61482019736104,381.57990128006264,382.5406738156318,4776849
2025-09-08 21:09:23.377441,384.89626809376074,384.9980788690366,384.18802903689806,384.89626809376074,2167213
2025-09-08 22:09:23.377441,385.7581085042859,386.5311146596824,385.7456559968261,385.7581085042859,1907153
2025-09-08 23:09:23.377441,385.6594180080178,385.9044729557401,385.4123865924677,385.6594180080178,3714660
2025-09-09 00:09:23.377441,384.9223916676076,385.3994099728488,384.875016111864,384.9223916676076,2074969
2025-09-09 01:09:23.377441,383.68567734824927,383.7086726400883,383.6422717347927,383.68567734824927,2630344
2025-09-09 02:09:23.377441,383.8418095141362,383.94827837991954,383.3431159542407,383.8418095141362,4000827
2025-09-09 03:09:23.377441,383.2611714367416,383.7826590441082,383.17195331694745,383.2611714367416,2923298
2025-09-09 04:09:23.377441,382.1709821911003,382.6711753685434,381.88176895871726,382.1709821911003,4625279
2025-09-09 05:09:23.377441,381.67677940264207,382.82925707764286,380.8409371391419,381.67677940264207,2713043
2025-09-09 06:09:23.377441,380.85117588506427,380.92119520036965,380.39621403317847,380.85117588506427,1521397
2025-09-09 07:09:23.377441,382.13627563626835,382.82431627341236,381.7700416484513,382.13627563626835,1792425
2025-09-09 08:09:23.377441,382.8100887026154,383.28436986588196,382.7903123594846,382.8100887026154,4110997
2025-09-09 09:09:23.377441,382.8039846875562,382.8842431471506,382.71629398412,382.8039846875562,2142226
2025-09-09 10:09:23.377441,383.93704171452043,384.1257990572318,383.52457123485783,383.93704171452043,4904413
2025-09-09 11:09:23.377441,383.9964508328418,384.3063830453375,383.910305200858,383.9964508328418,2566772
2025-09-09 12:09:23.377441,383.3349906799049,383.70818500329506,382.98844911897595,383.3349906799049,4001179
2025-09-09 13:09:23.377441,384.50272418783385,384.6858850478394,384.3883414712004,384.50272418783385,1052066
2025-09-09 14:09:23.377441,384.91714894761174,385.1117130801563,384.4121439074942,384.91714894761174,3471146
2025-09-09 15:09:23.377441,384.1186412826513,384.5258876717941,383.9954215054632,384.1186412826513,2877950
2025-09-09 16:09:23.377441,383.9724160138333,385.0320493463508,383.8979054202148,383.9724160138333,2064714
2025-09-09 17:09:23.377441,383.2999895013174,383.4504025374172,382.81317509934803,383.2999895013174,3215710
2025-09-09 18:09:23.377441,382.2399352565953,382.43448147993365,382.1302492694255,382.2399352565953,1258480
2025-09-09 19:09:23.377441,382.9479793482045,382.9577729793817,382.6293838936412,382.9479793482045,3534895
2025-09-09 20:09:23.377441,384.4103938366083,385.09044500193363,384.16503132232435,384.4103938366083,2319910
2025-09-09 21:09:23.377441,383.33514601289045,383.60145397243355,383.0225838773545,383.33514601289045,2126998
2025-09-09 22:09:23.377441,383.7667578019855,383.92382679628537,383.3575722791153,383.7667578019855,4856786
2025-09-09 23:09:23.377441,383.26736782350577,383.46823380428896,382.4530122806448,383.26736782350577,4752331
2025-09-10 00:09:23.377441,382.89396929623473,382.9523050579293,382.38420759831087,382.89396929623473,2011214
2025-09-10 01:09:23.377441,382.44032117415713,382.75484771723745,381.70589520986465,382.44032117415713,3126238
2025-09-10 02:09:23.377441,381.77947135926144,382.20745785481006,381.3125951451677,381.77947135926144,3222756
2025-09-10 03:09:23.377441,381.81652048219394,381.8165995430005,381.7893146233316,381.81652048219394,2935822
2025-09-10 04:09:23.377441,381.18197951790927,381.185524632731,380.68891772081247,381.18197951790927,2167900
2025-09-10 05:09:23.377441,381.3881660543591,381.51322121894884,381.12283626101146,381.3881660543591,3573937
2025-09-10 06:09:23.377441,381.3498456135014,381.4090275568317,380.99971803012187,381.3498456135014,3838122
2025-09-10 07:09:23.377441,381.16760001193705,381.4821007372544,380.69511075118857,381.16760001193705,2439641
2025-09-10 08:09:23.377441,380.4757322861002,380.8056542899102,380.32497650917094,380.4757322861002,1003435
2025-09-10 09:09:23.377441,380.036837297381,380.2869458064624,379.63081379437006,380.036837297381,2936513
2025-09-10 10:09:23.377441,380.6109902821511,380.7265917467382,380.38105523211465,380.6109902821511,2888339
2025-09-10 11:09:23.377441,380.99229945581317,381.50506591371794,380.11463083053326,380.99229945581317,4305742
2025-09-10 12:09:23.377441,380.2474174146914,380.5589381000472,379.6848625696335,380.2474174146914,3812147
2025-09-10 13:09:23.377441,380.32295911990207,380.50407685172326,379.8440438079242,380.32295911990207,2470851
2025-09-10 14:09:23.377441,380.89449866831274,381.2275486969413,380.4578256477286,380.89449866831274,1712917
2025-09-10 15:09:23.377441,379.62276409305883,379.7224383505185,379.2532473280573,379.62276409305883,3472753
2025-09-10 16:09:23.377441,380.0353078893176,380.1088788908885,379.6525616617054,380.0353078893176,3935973
2025-09-10 17:09:23.377441,379.5316670408261,379.85460976288937,379.40408938264136,379.5316670408261,3936598
2025-09-10 18:09:23.377441,379.96478756863104,380.01698401102817,379.8783545998409,379.96478756863104,4571770
2025-09-10 19:09:23.377441,379.38476436208003,379.53290077716196,379.0721757915056,379.38476436208003,1292441
2025-09-10 20:09:23.377441,378.01527482115614,378.0542942204584,377.7434404642401,378.01527482115614,3665330
2025-09-10 21:09:23.377441,376.78480301727717,376.8847875178239,376.01246497054404,376.78480301727717,3380618
2025-09-10 22:09:23.377441,376.821038371589,377.0406340940702,376.8207810710404,376.821038371589,3657179
2025-09-10 23:09:23.377441,377.0167761771633,377.9362511598622,376.72190004543444,377.0167761771633,2451511
2025-09-11 00:09:23.377441,376.3348910998827,376.3854250337611,376.0372480672119,376.3348910998827,3700993
2025-09-11 01:09:23.377441,376.81554034674514,377.351653954427,376.52167963742363,376.81554034674514,1008314
2025-09-11 02:09:23.377441,375.5633671866235,375.91121976182944,375.15701332841684,375.5633671866235,1618119
2025-09-11 03:09:23.377441,375.5137328832575,375.8762528964124,375.0069484822473,375.5137328832575,4515530
2025-09-11 04:09:23.377441,374.6042264557477,375.0672862485882,374.44868562340775,374.6042264557477,3919697
2025-09-11 05:09:23.377441,374.1158653338694,374.14903354523034,374.10313513953105,374.1158653338694,1641462
2025-09-11 06:09:23.377441,374.15133052373983,374.22515645819885,374.1096603165775,374.15133052373983,3243581
2025-09-11 07:09:23.377441,373.507480912897,373.7381785164418,373.44058823116217,373.507480912897,3327089
2025-09-11 08:09:23.377441,373.22021216770423,373.3381769460911,373.07248422502346,373.22021216770423,1544653
2025-09-11 09:09:23.377441,373.97134979922,374.20163056726733,373.7122415970006,373.97134979922,1301173
2025-09-11 10:09:23.377441,373.53986773695243,373.9895665703831,373.26545132538695,373.53986773695243,2312457
2025-09-11 11:09:23.377441,374.16419637897167,374.2163721826499,373.7953438891141,374.16419637897167,1393186
2025-09-11 12:09:23.377441,373.3188046641381,373.48686878236504,373.2127242226401,373.3188046641381,2778568
2025-09-11 13:09:23.377441,373.7143763889489,373.71457369476377,373.2678763310899,373.7143763889489,4755490
2025-09-11 14:09:23.377441,374.791846225131,375.01717361252514,374.45653975398005,374.791846225131,1340362
2025-09-11 15:09:23.377441,372.9391418143012,373.4776117903345,372.4271487886342,372.9391418143012,3877118
2025-09-11 16:09:23.377441,372.3447549489191,373.1997258832334,372.213883251553,372.3447549489191,4304299
2025-09-11 17:09:23.377441,372.77449450848485,372.97972060426235,372.0370625911252,372.77449450848485,1765387
2025-09-11 18:09:23.377441,372.6231142261959,373.0779798919147,372.6056251968243,372.6231142261959,3338626
2025-09-11 19:09:23.377441,372.89970928853154,373.089194620512,372.19203251968963,372.89970928853154,3225844
2025-09-11 20:09:23.377441,372.4492574874497,372.5042981574645,372.09621554872507,372.4492574874497,1762790
2025-09-11 21:09:23.377441,372.51375809155024,372.6825993597444,372.2029612784118,372.51375809155024,2750093
2025-09-11 22:09:23.377441,372.39777426753983,372.9386699445726,372.113251277408,372.39777426753983,3022327
2025-09-11 23:09:23.377441,373.26753314872315,373.3894963609755,372.6916554330027,373.26753314872315,4536283
2025-09-12 00:09:23.377441,373.45746722984444,373.56968162315223,373.22116013900666,373.45746722984444,2220682
2025-09-12 01:09:23.377441,373.70962770006173,373.9421525002145,373.48673190459107,373.70962770006173,2048870
2025-09-12 02:09:23.377441,373.401782924726,373.8270252413591,373.16493945831485,373.401782924726,4112728
2025-09-12 03:09:23.377441,373.0376368578582,373.4252646634686,372.94961117145965,373.0376368578582,1811028
2025-09-12 04:09:23.377441,372.7149158894827,372.7431543691662,372.4375467750565,372.7149158894827,3195337
2025-09-12 05:09:23.377441,373.00895228362066,373.2590475561843,372.8517118206614,373.00895228362066,3895018
2025-09-12 06:09:23.377441,372.6948903233838,373.09436603729404,372.5954484704402,372.6948903233838,3155534
2025-09-12 07:09:23.377441,372.9108855404028,373.490299097754,372.7844231509337,372.9108855404028,2348818
2025-09-12 08:09:23.377441,374.45876463975105,374.7650305907068,374.32019201168623,374.45876463975105,3626095
2025-09-12 09:09:23.377441,375.1111652003394,375.25236061626634,375.06475169053385,375.1111652003394,1607317
2025-09-12 10:09:23.377441,374.866575066271,375.2047240429862,374.694959045232,374.866575066271,2356948
2025-09-12 11:09:23.377441,375.7671649641181,376.0939557946427,375.5804342258596,375.7671649641181,3100923
2025-09-12 12:09:23.377441,375.4604823120941,375.88303859906125,375.39193487691836,375.4604823120941,2384819
2025-09-12 13:09:23.377441,373.9300118701141,374.37476867333237,373.55983694099416,373.9300118701141,2693675
2025-09-12 14:09:23.377441,373.17610441769915,373.7891107112275,373.1630404141721,373.17610441769915,1974303
2025-09-12 15:09:23.377441,371.7798347351701,372.1146673630565,371.4783209681201,371.7798347351701,4994417
2025-09-12 16:09:23.377441,371.51846348516193,371.7556378724653,371.1045746597466,371.51846348516193,2852566
2025-09-12 17:09:23.377441,371.53214902103474,371.65424134953776,371.43604808890376,371.53214902103474,2016972
2025-09-12 18:09:23.377441,372.7778497356921,373.0027046492386,372.6985450594946,372.7778497356921,1320580
2025-09-12 19:09:23.377441,373.02159230251516,373.2245585739779,372.72956349533285,373.02159230251516,4253507
2025-09-12 20:09:23.377441,372.85813384625396,372.91883250541554,372.6973851709288,372.85813384625396,1649179
2025-09-12 21:09:23.377441,373.47663508065745,373.49191743659446,373.32423687648577,373.47663508065745,3876237
2025-09-12 22:09:23.377441,371.8250203308248,372.19765870194607,371.620220012316,371.8250203308248,4631047
2025-09-12 23:09:23.377441,372.0002351065428,372.27582193721173,371.83477914546023,372.0002351065428,1778760
2025-09-15 00:09:23.377441,372.57375917326556,372.7649690809846,372.2661422768887,372.57375917326556,3653816
2025-09-15 01:09:23.377441,371.4719943015614,371.5569127680099,371.41650995092624,371.4719943015614,2036658
2025-09-15 02:09:23.377441,372.32173949240246,372.6919573812199,372.1861621439561,372.32173949240246,1480674
2025-09-15 03:09:23.377441,372.5737986349029,373.5284570195303,372.57112412621865,372.5737986349029,2126500
2025-09-15 04:09:23.377441,372.26434784368456,372.335460669149,371.48762659890065,372.26434784368456,1553620
2025-09-15 05:09:23.377441,372.73547210111127,373.63473944928455,372.67565192535216,372.73547210111127,3490297
2025-09-15 06:09:23.377441,374.4282076498119,374.7219856270439,373.5997736183608,374.4282076498119,4716753
2025-09-15 07:09:23.377441,374.56439936163895,374.57161361420566,374.4295414691904,374.56439936163895,1393056
2025-09-15 08:09:23.377441,374.7503485512725,374.84886698114923,374.47750140507907,374.7503485512725,1089031
2025-09-15 09:09:23.377441,374.40605723684547,374.41446860319553,374.2662732746289,374.40605723684547,4612914
2025-09-15 10:09:23.377441,373.769683477573,373.9741800160765,373.6529259727216,373.769683477573,1183024
2025-09-15 11:09:23.377441,374.3903921882326,374.832477161257,373.9438436018757,374.3903921882326,4428863
2025-09-15 12:09:23.377441,373.74937306957656,374.16585010435693,373.27924563490143,373.74937306957656,2076048
2025-09-15 13:09:23.377441,373.8028687421639,374.0702803301204,373.52947670561,373.8028687421639,3157098
2025-09-15 14:09:23.377441,373.44576929441024,373.7139727152435,373.2252786735378,373.44576929441024,2547358
2025-09-15 15:09:23.377441,373.803515273415,373.9674190459441,373.75038039822266,373.803515273415,1944353
2025-09-15 16:09:23.377441,374.0529634091546,374.0603010780972,373.9262764142169,374.0529634091546,4409413
2025-09-15 17:09:23.377441,374.82915319076466,375.081361198057,374.44328251469125,374.82915319076466,3750677
2025-09-15 18:09:23.377441,374.4468151609724,374.6684180785191,374.12017944510484,374.4468151609724,2051341
2025-09-15 19:09:23.377441,374.2447075409477,374.3772054032714,373.816938612787,374.2447075409477,1305218
2025-09-15 20:09:23.377441,373.51211325981836,373.7263604701827,373.205774242276,373.51211325981836,3462091
2025-09-15 21:09:23.377441,373.1802154308621,373.21822618507093,373.1560749233002,373.1802154308621,4830371
2025-09-15 22:09:23.377441,373.46181758941543,374.04031747067546,373.43460189631537,373.46181758941543,2674251
2025-09-15 23:09:23.377441,374.02723027874913,374.49069006627474,373.99985261094,374.02723027874913,2823980
2025-09-16 00:09:23.377441,373.3374003946266,373.88528246235603,373.28130906776113,373.3374003946266,3590529
2025-09-16 01:09:23.377441,373.98671322178666,374.04833158726836,373.5410304518218,373.98671322178666,2966849
2025-09-16 02:09:23.377441,375.0006943160537,375.01977723958186,374.96930002298353,375.0006943160537,2721742
2025-09-16 03:09:23.377441,375.3107710675804,375.37582806129336,374.8905933468912,375.3107710675804,4105174
2025-09-16 04:09:23.377441,376.71953443467555,376.8114363698155,376.5712840505485,376.71953443467555,4935132
2025-09-16 05:09:23.377441,376.1365314210018,376.22048594286554,376.06931781003743,376.1365314210018,1673616
2025-09-16 06:09:23.377441,375.200211215161,375.75920829200624,374.7390095684639,375.200211215161,1366047
2025-09-16 07:09:23.377441,373.86545878899784,374.4639814893881,373.6399825179163,373.86545878899784,1518790
2025-09-16 08:09:23.377441,374.984097374765,375.2947705837799,374.66516017097865,374.984097374765,4295453
2025-09-16 09:09:23.377441,375.4748508047669,375.5136203704287,374.5417244915804,375.4748508047669,2676443
2025-09-16 10:09:23.377441,375.43310951273264,376.05001699762073,375.33370409440994,375.43310951273264,4625613
2025-09-16 11:09:23.377441,375.64332849662316,375.7093870304348,375.16423647466746,375.64332849662316,3136491
2025-09-16 12:09:23.377441,374.79776359279583,375.4204788951869,374.74090136238635,374.79776359279583,4564701
2025-09-16 13:09:23.377441,376.6310883373219,376.63895483814036,376.4302086645137,376.6310883373219,1304543
2025-09-16 14:09:23.377441,376.728425766129,376.81533735516325,376.41217411794156,376.728425766129,4976173
2025-09-16 15:09:23.377441,376.8108500236461,377.28569377998065,376.3518210388157,376.8108500236461,4112261
2025-09-16 16:09:23.377441,377.35780350058616,377.5903922876864,376.95879731937754,377.35780350058616,2456498
2025-09-16 17:09:23.377441,377.72082867488945,377.8625481625813,377.3913817012541,377.72082867488945,4697925
2025-09-16 18:09:23.377441,377.889959993245,378.0100213384474,377.77089188099967,377.889959993245,1518993
2025-09-16 19:09:23.377441,377.29253527255713,377.7760899092905,377.0768197588555,377.29253527255713,4091287
2025-09-16 20:09:23.377441,377.6482982560864,377.8589093361219,377.5226895958253,377.6482982560864,1712932
2025-09-16 21:09:23.377441,379.06978495282647,379.4911050815467,378.7160642951107,379.06978495282647,2527671
2025-09-16 22:09:23.377441,380.08980112796087,380.1834950801721,380.0051472610956,380.08980112796087,1981271
2025-09-16 23:09:23.377441,381.30090910411906,381.4908815097563,380.8947580652399,381.30090910411906,4303269
2025-09-17 00:09:23.377441,380.9110550997761,381.3453504730102,380.35773732259736,380.9110550997761,3229537
2025-09-17 01:09:23.377441,380.15715226734306,380.75800611379157,379.8088063161851,380.15715226734306,4546791
2025-09-17 02:09:23.377441,380.06151467266795,380.4473129087495,379.74343332232223,380.06151467266795,1992206
2025-09-17 03:09:23.377441,380.1038724618068,380.41208254183255,380.05051535831984,380.1038724618068,3238154
2025-09-17 04:09:23.377441,380.93568532857813,381.4147416121178,380.8185046860057,380.93568532857813,1003285
2025-09-17 05:09:23.377441,379.6462449813485,379.7350897421095,379.4470950843308,379.6462449813485,3482933
2025-09-17 06:09:23.377441,380.807621051935,380.98521387506554,380.2926919666155,380.807621051935,3657303
2025-09-17 07:09:23.377441,380.6872798280044,381.06314551940505,380.5258429680278,380.6872798280044,2196352
2025-09-17 08:09:23.377441,380.3622634413477,380.39115234461104,380.34725927279277,380.3622634413477,4033361
2025-09-17 09:09:23.377441,379.592330819322,379.7137424861811,379.04727057631106,379.592330819322,2704491
2025-09-17 10:09:23.377441,378.33598901683115,378.39340452691977,377.83816853855905,378.33598901683115,4691339
2025-09-17 11:09:23.377441,378.9588591308567,379.27534393206963,378.8523681859647,378.9588591308567,2381688
2025-09-17 12:09:23.377441,379.01442811725576,379.8063934408878,378.2061436056033,379.01442811725576,2102491
2025-09-17 13:09:23.377441,378.03660053183785,378.6443552413371,377.65378652792464,378.03660053183785,3468839
2025-09-17 14:09:23.377441,377.0574261790141,377.12708398620333,376.9977930975148,377.0574261790141,1665979
2025-09-17 15:09:23.377441,376.80420595008485,377.5667092846773,375.5821948788544,376.80420595008485,2252038
2025-09-17 16:09:23.377441,378.06199461118536,378.0645653739828,377.18945919008183,378.06199461118536,1784278
2025-09-17 17:09:23.377441,377.8657113630247,377.9375205981723,377.7971479813973,377.8657113630247,2943508
2025-09-17 18:09:23.377441,376.7297390005041,376.86439932134635,376.6896786892944,376.7297390005041,1507553
2025-09-17 19:09:23.377441,376.54458155971554,376.6125070700416,376.16970073511703,376.54458155971554,1976778
2025-09-17 20:09:23.377441,376.3391963948113,376.8558530865429,375.6982257834731,376.3391963948113,4612117
2025-09-17 21:09:23.377441,374.30930809086624,375.13722859248855,373.6961785677446,374.30930809086624,3470562
2025-09-17 22:09:23.377441,374.2686619430279,374.8425781225904,373.60007758788174,374.2686619430279,3910323
2025-09-17 23:09:23.377441,374.09579882779263,374.628495216235,373.8630982203101,374.09579882779263,3538076
2025-09-18 00:09:23.377441,374.61669458018036,374.7165869943603,374.39839135296415,374.61669458018036,4798057
2025-09-18 01:09:23.377441,376.001994221605,376.1633909796458,375.8151687606981,376.001994221605,4198747
2025-09-18 02:09:23.377441,376.84917561706555,377.07097143158535,376.44603312615624,376.84917561706555,2255802
2025-09-18 03:09:23.377441,376.6465146543288,377.24844262145,376.1946527616306,376.6465146543288,2281745
2025-09-18 04:09:23.377441,375.8129764005243,375.9866668857755,374.94253948161014,375.8129764005243,1531661
2025-09-18 05:09:23.377441,377.7471804145419,378.5118576670245,377.4230679715109,377.7471804145419,4836369
2025-09-18 06:09:23.377441,377.79191960749694,378.30691573145106,377.4790337477216,377.79191960749694,4690203
2025-09-18 07:09:23.377441,377.80244435535803,377.8741158091905,377.0398547062904,377.80244435535803,2902871
2025-09-18 08:09:23.377441,377.7842153215971,378.0343017391929,377.72941252815826,377.7842153215971,1622215
2025-09-18 09:09:23.377441,377.93388191342484,378.0948391185187,377.634113946537,377.93388191342484,2811049
2025-09-18 10:09:23.377441,377.82476453167874,377.8319990361722,377.77864832447557,377.82476453167874,1346229
2025-09-18 11:09:23.377441,377.3912771063381,377.6333686701893,377.21848911915566,377.3912771063381,2166572
2025-09-18 12:09:23.377441,376.97851751787465,377.16243488856344,376.91844137985197,376.97851751787465,1563508
2025-09-18 13:09:23.377441,376.95382295937486,377.6339788773085,376.81413037036504,376.95382295937486,3489799
2025-09-18 14:09:23.377441,376.54413086943543,376.6160145717711,376.0365316412989,376.54413086943543,2564547
2025-09-18 15:09:23.377441,376.0072950780712,376.2779293150093,375.73856992987146,376.0072950780712,1531930
2025-09-18 16:09:23.377441,376.0873321621291,376.5737157386123,375.8912853933427,376.0873321621291,1079971
2025-09-18 17:09:23.377441,375.8955447592052,376.25506493209673,375.77462722865715,375.8955447592052,2628420
2025-09-18 18:09:23.377441,377.0262332867199,377.2043428462502,376.96287033110934,377.0262332867199,2475552
2025-09-18 19:09:23.377441,375.0272629638894,375.5838469359921,374.6540551524973,375.0272629638894,2873200
2025-09-18 20:09:23.377441,375.84595261825507,375.97960845609316,375.77773538937896,375.84595261825507,2566049
2025-09-18 21:09:23.377441,376.7826247706906,376.9005795971366,375.9623444881953,376.7826247706906,1397597
2025-09-18 22:09:23.377441,375.22018994280927,375.2204558218009,375.15322189508584,375.22018994280927,3849095
2025-09-18 23:09:23.377441,374.96302333452553,375.43187999885566,374.4272545284889,374.96302333452553,2461350
2025-09-19 00:09:23.377441,374.684470154318,374.9109726590736,374.13213573748635,374.684470154318,2341502
2025-09-19 01:09:23.377441,373.62972460717526,373.95939046626296,373.41080461195384,373.62972460717526,2315502
2025-09-19 02:09:23.377441,373.0484937376164,373.21714535531316,372.92572094953977,373.0484937376164,3843929
2025-09-19 03:09:23.377441,372.2198964449516,372.3948554845154,371.7535634893032,372.2198964449516,1185784
2025-09-19 04:09:23.377441,373.524356290941,373.6236682855236,373.3569334796637,373.524356290941,2285412
2025-09-19 05:09:23.377441,374.2233536299325,374.38678435415,373.96429739016315,374.2233536299325,3585313
2025-09-19 06:09:23.377441,375.1750448538803,375.19985616053884,374.4363540256105,375.1750448538803,2199110
2025-09-19 07:09:23.377441,375.7165515518748,376.50545178171876,375.67768813463215,375.7165515518748,1846462
2025-09-19 08:09:23.377441,374.8681446758642,374.96074674199014,374.1026354194085,374.8681446758642,1723879
2025-09-19 09:09:23.377441,374.47489279773384,374.60908218774716,374.3710290174231,374.47489279773384,4988571
2025-09-19 10:09:23.377441,374.8414097704413,375.08413525375084,374.83305868647585,374.8414097704413,4332006
2025-09-19 11:09:23.377441,373.92520154883186,374.20347368176596,373.80476685586297,373.92520154883186,3194621
2025-09-19 12:09:23.377441,374.4584177122443,374.5262786293988,374.45426421799647,374.4584177122443,2619814
2025-09-19 13:09:23.377441,374.27843397558354,374.5214802994325,373.9741402295344,374.27843397558354,2444315
2025-09-19 14:09:23.377441,373.9978592858413,374.49202416537713,373.6899543597848,373.9978592858413,2502718
2025-09-19 15:09:23.377441,374.5296542981333,375.0613377206544,374.44509991292847,374.5296542981333,2189325
2025-09-19 16:09:23.377441,374.86243386706974,375.08751010627367,374.8558313205816,374.86243386706974,3828340
2025-09-19 17:09:23.377441,374.59180855614454,375.290999132267,374.2264444319822,374.59180855614454,2194737
2025-09-19 18:09:23.377441,375.460359451655,375.8386409037936,374.97094389498267,375.460359451655,4543525
2025-09-19 19:09:23.377441,374.6485666005137,374.9050621833866,374.3995366697592,374.6485666005137,3502275
2025-09-19 20:09:23.377441,375.11008538503347,375.40665702104303,374.90267920251745,375.11008538503347,1398825
2025-09-19 21:09:23.377441,375.55504191207046,376.2949243339024,375.17880153715737,375.55504191207046,2755089
2025-09-19 22:09:23.377441,375.3225384600899,375.6575503589232,375.1357889099635,375.3225384600899,2885547
2025-09-19 23:09:23.377441,375.5673486076571,376.02222523784513,375.2736536293728,375.5673486076571,3534511
2025-09-22 00:09:23.377441,374.62759379027693,374.90135819383113,374.3429880393803,374.62759379027693,2071512
2025-09-22 01:09:23.377441,375.3199258278823,375.325282794644,374.6552085099012,375.3199258278823,2885190
2025-09-22 02:09:23.377441,375.18113091561185,375.5390309858061,375.0042171120519,375.18113091561185,1501477
2025-09-22 03:09:23.377441,374.7888992876239,374.9414519793158,374.1026065142353,374.7888992876239,1897691
2025-09-22 04:09:23.377441,375.5752133138118,375.83297751468456,375.1138402598401,375.5752133138118,1230596
2025-09-22 05:09:23.377441,375.0461452501681,375.0858605566123,374.2677039682357,375.0461452501681,2667906
2025-09-22 06:09:23.377441,373.9896692902977,374.20823370759354,373.9574801143549,373.9896692902977,1799595
2025-09-22 07:09:23.377441,372.82534283067,373.5622099691765,372.7692995535347,372.82534283067,3879198
2025-09-22 08:09:23.377441,373.2772145664085,373.8611103181368,373.1552663139409,373.2772145664085,4322857
2025-09-22 09:09:23.377441,372.3213043621107,372.92342705745386,371.9331304749321,372.3213043621107,2716473
2025-09-22 10:09:23.377441,373.6279988795576,373.66698917966556,373.190019528042,373.6279988795576,2595283
2025-09-22 11:09:23.377441,372.07226464260543,372.4066772588897,371.89948549584386,372.07226464260543,3827503
2025-09-22 12:09:23.377441,373.3346733682396,373.83132557118216,373.1291332426429,373.3346733682396,3742651
2025-09-22 13:09:23.377441,373.49223364262576,373.5628686398045,373.3740762664838,373.49223364262576,2433482
2025-09-22 14:09:23.377441,373.41999045027575,373.76415302626907,373.0894208943571,373.41999045027575,3302823
2025-09-22 15:09:23.377441,373.013023089891,373.0606005728755,372.945484328841,373.013023089891,3622274
2025-09-22 16:09:23.377441,373.31078902716865,373.8749194665216,372.8242612747364,373.31078902716865,1294358
2025-09-22 17:09:23.377441,373.2826901462546,373.8243889117119,373.06388459941223,373.2826901462546,2796870
2025-09-22 18:09:23.377441,374.1063771353797,374.1108996878618,373.9520904959662,374.1063771353797,4400598
2025-09-22 19:09:23.377441,374.19184371899905,374.66047913102557,374.09560196207894,374.19184371899905,4638972
2025-09-22 20:09:23.377441,374.30432710547035,374.4404360926104,374.2142450892601,374.30432710547035,3873798
2025-09-22 21:09:23.377441,374.0321238566303,374.36384823077003,374.0291764144125,374.0321238566303,1526701
2025-09-22 22:09:23.377441,373.98952487146084,374.1468853747637,373.86774974877494,373.98952487146084,2582369
2025-09-22 23:09:23.377441,374.21975414606595,375.19430241523673,374.158256665722,374.21975414606595,1776041
2025-09-23 00:09:23.377441,372.93979655516927,373.0139922365606,372.8606985032231,372.93979655516927,3986386
2025-09-23 01:09:23.377441,371.9342125610918,372.0966505704258,371.5647484753721,371.9342125610918,2181753
2025-09-23 02:09:23.377441,372.48710325216234,372.637697834298,372.10870149064164,372.48710325216234,2247752
2025-09-23 03:09:23.377441,372.61439359635074,373.0748638283737,372.09700265467217,372.61439359635074,1390447
2025-09-23 04:09:23.377441,372.477283917737,372.87622708326273,371.8812192831994,372.477283917737,1500850
2025-09-23 05:09:23.377441,372.4910163603773,372.7443907488412,372.0375894931542,372.4910163603773,2163473
2025-09-23 06:09:23.377441,372.74995848577413,373.1944656115442,372.69051884298284,372.74995848577413,2106984
2025-09-23 07:09:23.377441,372.34756768891896,373.0098204497455,372.0151404290625,372.34756768891896,4314479
2025-09-23 08:09:23.377441,371.76796794607026,371.8868042558424,371.5770225403953,371.76796794607026,1116908
2025-09-23 09:09:23.377441,371.9135859311093,372.10109726001355,371.90067541632965,371.9135859311093,3343145
2025-09-23 10:09:23.377441,371.18584567490893,371.2161057372659,370.4551647737293,371.18584567490893,4375896
2025-09-23 11:09:23.377441,371.4889209636669,371.618078925381,371.2456047906268,371.4889209636669,2652595
2025-09-23 12:09:23.377441,370.22393907168936,370.4043227499237,369.9237620033244,370.22393907168936,3602573
2025-09-23 13:09:23.377441,370.98597517962645,371.23665340031096,370.6172660660082,370.98597517962645,1851563
2025-09-23 14:09:23.377441,371.3366292553873,371.34931129897825,371.1805967442071,371.3366292553873,1850712
2025-09-23 15:09:23.377441,371.5267756924458,371.9307166704963,371.2085636639149,371.5267756924458,4947922
2025-09-23 16:09:23.377441,372.2569677179805,372.6611736879313,372.2206092396963,372.2569677179805,2166374
2025-09-23 17:09:23.377441,373.49693665099534,373.7506804910221,373.02465036959757,373.49693665099534,1641142
2025-09-23 18:09:23.377441,374.2546648748248,374.6846064014633,373.5835864203466,374.2546648748248,1237902
2025-09-23 19:09:23.377441,372.87675333777736,373.12520577982474,372.7340097069926,372.87675333777736,3417999
2025-09-23 20:09:23.377441,371.92250432777297,372.09455243989146,371.87648674821656,371.92250432777297,3571802
2025-09-23 21:09:23.377441,371.45773614743877,372.0988004079434,371.31001494873686,371.45773614743877,3160231
2025-09-23 22:09:23.377441,371.4771195923288,371.728819357716,371.03727933105097,371.4771195923288,2594441
2025-09-23 23:09:23.377441,371.86171655603846,372.3057601284114,371.71300940434526,371.86171655603846,4933374
2025-09-24 00:09:23.377441,371.3219638757601,371.68629218767006,371.2219688193704,371.3219638757601,1310258
2025-09-24 01:09:23.377441,371.46066507930476,371.63317299544786,371.443989084478,371.46066507930476,1482450
2025-09-24 02:09:23.377441,370.8994749864217,371.07085312914063,370.83178544998793,370.8994749864217,2898238
2025-09-24 03:09:23.377441,370.44585172227255,370.7360554867149,370.19761032608824,370.44585172227255,3613531
2025-09-24 04:09:23.377441,369.4036681860595,369.4965875732558,368.970831290284,369.4036681860595,2736916
2025-09-24 05:09:23.377441,368.7215766906502,368.9418915917256,368.2878962035342,368.7215766906502,2115770
2025-09-24 06:09:23.377441,367.7247861327075,368.24782678590213,367.54549812673446,367.7247861327075,2519598
2025-09-24 07:09:23.377441,367.00708056622005,367.64526905522797,366.5733181666456,367.00708056622005,3209485
2025-09-24 08:09:23.377441,367.78046856569125,368.1404734382671,367.60359996200305,367.78046856569125,3659232
2025-09-24 09:09:23.377441,367.08212782931054,367.11344659462577,367.00778480510263,367.08212782931054,1045807
2025-09-24 10:09:23.377441,369.014728648551,369.3129906044982,368.81977925723083,369.014728648551,2566089
2025-09-24 11:09:23.377441,369.3788117912131,369.6855603593656,368.9961029657581,369.3788117912131,2435986
2025-09-24 12:09:23.377441,369.5153608867061,369.7084378748818,368.98954979366533,369.5153608867061,1660501
2025-09-24 13:09:23.377441,368.88100811687895,369.03534727439467,368.5231477017114,368.88100811687895,2558274
2025-09-24 14:09:23.377441,369.3976701455001,369.91541740021376,369.2508132331792,369.3976701455001,1628580
2025-09-24 15:09:23.377441,368.97239160178043,369.2123897280411,368.5157315348963,368.97239160178043,1647272
2025-09-24 16:09:23.377441,369.0624281079976,369.61715857380636,368.9222701421235,369.0624281079976,1538065
2025-09-24 17:09:23.377441,370.9520901397081,371.3423123072199,370.5929915422378,370.9520901397081,4184074
2025-09-24 18:09:23.377441,370.88082289854515,371.25098444530613,370.76573572142024,370.88082289854515,3938287
2025-09-24 19:09:23.377441,371.7333097725215,371.876044684302,371.50494539689674,371.7333097725215,4764993
2025-09-24 20:09:23.377441,371.2105215727894,371.3033985218497,370.94704043077576,371.2105215727894,1309963
2025-09-24 21:09:23.377441,371.1845453811766,371.925306311104,370.8211967054053,371.1845453811766,2183493
2025-09-24 22:09:23.377441,372.4991330389747,373.6575750049085,371.9881599125719,372.4991330389747,3993770
2025-09-24 23:09:23.377441,372.0320436680349,372.25776408766586,371.433525638462,372.0320436680349,1547578
2025-09-25 00:09:23.377441,373.3806215501844,373.44902361754816,373.07137663367695,373.3806215501844,2423271
2025-09-25 01:09:23.377441,373.9091432653118,374.1089998144056,373.5012601126354,373.9091432653118,1423915
2025-09-25 02:09:23.377441,373.4885203247321,373.8200494363,373.31561773138594,373.4885203247321,3272476
2025-09-25 03:09:23.377441,373.9609143861356,374.080831544603,373.90484241772504,373.9609143861356,2933690
2025-09-25 04:09:23.377441,374.688309088681,375.36095379608463,374.1513238586294,374.688309088681,2707229
2025-09-25 05:09:23.377441,375.1542789353163,375.24059096508483,374.9574495883087,375.1542789353163,3740936
2025-09-25 06:09:23.377441,373.9761258902025,374.16226992234954,373.791510762754,373.9761258902025,2551726
2025-09-25 07:09:23.377441,373.43226200219107,373.68093960195785,372.9482702413325,373.43226200219107,1843521
2025-09-25 08:09:23.377441,373.2473991142677,373.40475522018096,372.8341557119846,373.2473991142677,3602332
2025-09-25 09:09:23.377441,373.1918349466302,373.5049206914115,373.0554311153228,373.1918349466302,3506976
2025-09-25 10:09:23.377441,373.65509446460044,373.8857342623282,373.59856074017205,373.65509446460044,3488009
2025-09-25 11:09:23.377441,373.7878922331808,373.9965786690184,373.26616312929144,373.7878922331808,1197345
2025-09-25 12:09:23.377441,372.7896211266854,373.19974720637583,372.5691722668967,372.7896211266854,3900203
2025-09-25 13:09:23.377441,373.0730887523448,373.23705483396276,372.80298744305475,373.0730887523448,2650870
2025-09-25 14:09:23.377441,373.5286749722272,373.8196300922715,373.4556910732497,373.5286749722272,3867911
2025-09-25 15:09:23.377441,373.9468705407828,374.1180532714988,373.7778654875135,373.9468705407828,4364708
2025-09-25 16:09:23.377441,374.7551796809067,375.38270439364015,374.45937098736664,374.7551796809067,4620597
2025-09-25 17:09:23.377441,375.3802129746424,375.38231360938227,375.3775684264923,375.3802129746424,2325499
2025-09-25 18:09:23.377441,375.72494720651133,375.97621012975367,375.64393730898666,375.72494720651133,2492832
2025-09-25 19:09:23.377441,375.67222119004435,376.08234288305874,375.5325245134417,375.67222119004435,4895918
2025-09-25 20:09:23.377441,374.4242674236367,374.5692069461556,374.1515137145928,374.4242674236367,4595269
2025-09-25 21:09:23.377441,374.74598639757784,375.00663638061354,374.6262458096469,374.74598639757784,3606315
2025-09-25 22:09:23.377441,374.90164665195493,375.2199764314482,374.28170281506505,374.90164665195493,1808062
2025-09-25 23:09:23.377441,375.1052773584757,375.2155459119135,375.0528049192027,375.1052773584757,3989159
2025-09-26 00:09:23.377441,374.14744710117543,374.1742357784725,373.7747520140555,374.14744710117543,1639724
2025-09-26 01:09:23.377441,373.3384980116439,373.905178716401,372.81947464620424,373.3384980116439,1667538
2025-09-26 02:09:23.377441,374.12486302052383,374.2584365213699,374.0658405436581,374.12486302052383,1413151
2025-09-26 03:09:23.377441,374.0952658874871,374.4283540137858,373.68474559442507,374.0952658874871,3013338
2025-09-26 04:09:23.377441,374.6051582566593,374.8206330227479,374.051894560448,374.6051582566593,4954944
2025-09-26 05:09:23.377441,374.62637467620317,374.8139372603289,374.34938664628754,374.62637467620317,4078378
2025-09-26 06:09:23.377441,374.6486695455305,374.6673171912112,374.20212604566024,374.6486695455305,1678387
2025-09-26 07:09:23.377441,375.35172310466055,375.3543742734222,374.9951330263927,375.35172310466055,3062624
2025-09-26 08:09:23.377441,374.96432654878964,375.2119234201582,374.8732084468363,374.96432654878964,1451069
2025-09-26 09:09:23.377441,375.0364102735757,375.2984963756856,374.46159175757026,375.0364102735757,2947175
2025-09-26 10:09:23.377441,374.6896701439075,374.8474043575803,374.6161258113833,374.6896701439075,1067359
2025-09-26 11:09:23.377441,374.3640676476367,374.54826182493065,374.25112200509494,374.3640676476367,3300612
2025-09-26 12:09:23.377441,374.1325817801468,374.32938855394036,374.0669079573786,374.1325817801468,3042749
2025-09-26 13:09:23.377441,374.29879674311053,375.10479040699363,373.608667023371,374.29879674311053,2325831
2025-09-26 14:09:23.377441,373.94040667704843,374.3506764082684,373.60748085888804,373.94040667704843,4309112
2025-09-26 15:09:23.377441,374.87956258961674,375.05906896567666,374.85554114542094,374.87956258961674,1784681
2025-09-26 16:09:23.377441,374.20882260132566,374.5316809041572,374.00813781150345,374.20882260132566,1286305
2025-09-26 17:09:23.377441,374.0689645654473,374.3283735039749,373.2474613053551,374.0689645654473,1905352
2025-09-26 18:09:23.377441,373.73998508213555,373.8864958803309,373.67939286995824,373.73998508213555,1891255
2025-09-26 19:09:23.377441,374.8215720679607,375.2188590897211,374.7679543031523,374.8215720679607,2960022
2025-09-26 20:09:23.377441,374.96891800861977,375.2002760619374,374.6503399205587,374.96891800861977,4276194
2025-09-26 21:09:23.377441,375.74273726965504,375.999583478268,375.4824010644156,375.74273726965504,3426609
2025-09-26 22:09:23.377441,374.62636022776655,375.1380832440859,374.4081136550281,374.62636022776655,3278598
2025-09-26 23:09:23.377441,374.82644836596745,375.28071702562835,374.52660950693627,374.82644836596745,1417230
2025-09-29 00:09:23.377441,375.4933626689285,375.5914605094005,374.7769205304806,375.4933626689285,2653172
2025-09-29 01:09:23.377441,375.55515685258223,375.69384078653394,375.40754386275273,375.55515685258223,2881397
2025-09-29 02:09:23.377441,376.35545015134426,376.40941518251736,375.97848055488197,376.35545015134426,4911251
2025-09-29 03:09:23.377441,375.966081496353,376.63388569668155,375.44218985789627,375.966081496353,1411377
2025-09-29 04:09:23.377441,377.02581516546,377.17988782482814,376.75791981095114,377.02581516546,2680664
2025-09-29 05:09:23.377441,378.75930304353983,379.1491870785518,378.59668621272726,378.75930304353983,4546434
2025-09-29 06:09:23.377441,378.48444608300093,378.99641074687133,378.34075838097044,378.48444608300093,3478843
2025-09-29 07:09:23.377441,378.147214532919,378.7228904187059,377.9369197778819,378.147214532919,1762557
2025-09-29 08:09:23.377441,379.24640111625394,379.66838417803274,379.1970762179956,379.24640111625394,2073078
2025-09-29 09:09:23.377441,380.4444952193976,380.6838950135711,379.8095069061585,380.4444952193976,1035757
2025-09-29 10:09:23.377441,380.04665678119613,380.6295448697626,379.6884407622726,380.04665678119613,4973271
2025-09-29 11:09:23.377441,379.7272755910745,379.93073402089703,379.114100040196,379.7272755910745,3719713
2025-09-29 12:09:23.377441,379.5132729874223,380.16123799406955,379.3910590285169,379.5132729874223,1582933
2025-09-29 13:09:23.377441,378.4927993597978,378.9153958206276,377.991132850465,378.4927993597978,3993802
2025-09-29 14:09:23.377441,377.79739306607354,378.2642794744329,377.26590202295915,377.79739306607354,1321199
2025-09-29 15:09:23.377441,377.03866953817294,377.0974491797656,376.817760997689,377.03866953817294,2168391
2025-09-29 16:09:23.377441,376.4596907933299,376.6660988594327,376.1823265357653,376.4596907933299,1926502
2025-09-29 17:09:23.377441,376.43357586936827,376.4938121023303,375.90082177950165,376.43357586936827,4829994
2025-09-29 18:09:23.377441,376.60990844794827,376.7988847982771,376.52760636224315,376.60990844794827,2411746
2025-09-29 19:09:23.377441,377.7777761452426,378.1999045849816,377.39642013786545,377.7777761452426,3429488
2025-09-29 20:09:23.377441,377.0234642066108,377.56958240416566,376.70490145838056,377.0234642066108,3278701
2025-09-29 21:09:23.377441,377.7656894877504,377.901597738283,377.1994126898947,377.7656894877504,3265125
2025-09-29 22:09:23.377441,377.60401420118734,378.1047351304741,377.5693332494911,377.60401420118734,1746631
2025-09-29 23:09:23.377441,377.5666588105433,377.7227694699631,377.5336461455949,377.5666588105433,4197749
2025-09-30 00:09:23.377441,378.07623749245846,378.1746433670799,377.8689308707294,378.07623749245846,1029092
2025-09-30 01:09:23.377441,377.2272884571341,377.5908446235949,376.86907547184467,377.2272884571341,1918746
2025-09-30 02:09:23.377441,377.5157992403993,377.8771388330296,377.4933690707542,377.5157992403993,4514715
2025-09-30 03:09:23.377441,377.6414759172371,377.7713044802281,376.94076090686883,377.6414759172371,1657191
2025-09-30 04:09:23.377441,378.01341596155174,378.0318072031634,377.9286522197927,378.01341596155174,3410017
2025-09-30 05:09:23.377441,378.2320352152969,378.2444400896203,378.1010056128774,378.2320352152969,3387807
2025-09-30 06:09:23.377441,380.0893815532627,380.3776775759398,379.47684191240984,380.0893815532627,3169934
2025-09-30 07:09:23.377441,379.60458516085095,379.6920463283878,379.5048784026028,379.60458516085095,1883435
2025-09-30 08:09:23.377441,379.2014474032007,379.55191794924525,379.0738889866132,379.2014474032007,2890576
2025-09-30 09:09:23.377441,378.72885582408895,379.0659996497906,378.36516068735085,378.72885582408895,4509934
2025-09-30 10:09:23.377441,378.3081053965369,378.69974861096927,378.13314409293923,378.3081053965369,2939309
2025-09-30 11:09:23.377441,377.82584796346595,378.52338545801587,377.38025182502315,377.82584796346595,4459379
2025-09-30 12:09:23.377441,378.72433032168254,379.07635869973564,378.6590933945441,378.72433032168254,4794293
2025-09-30 13:09:23.377441,379.8002893617607,380.36867160588224,379.54524162842256,379.8002893617607,4800015
2025-09-30 14:09:23.377441,379.36675014672426,379.6133476142378,378.787065855791,379.36675014672426,1207580
2025-09-30 15:09:23.377441,378.7352140892541,378.76681498660577,378.39908508415044,378.7352140892541,1769032
2025-09-30 16:09:23.377441,379.0922974326001,379.64184676939783,378.80386632642325,379.0922974326001,2672992
2025-09-30 17:09:23.377441,378.6736104274967,379.02269441124093,378.65085744697967,378.6736104274967,4418555
2025-09-30 18:09:23.377441,379.1529595806645,379.533612989582,379.0057299345675,379.1529595806645,1547952
2025-09-30 19:09:23.377441,379.3068373085102,379.38545522370185,378.8328915564218,379.3068373085102,4772380
2025-09-30 20:09:23.377441,378.15697309565303,378.183196140248,377.65297402921186,378.15697309565303,2823948
2025-09-30 21:09:23.377441,379.32737286122256,379.60114767122525,379.19482095925497,379.32737286122256,1164244
2025-09-30 22:09:23.377441,380.68982398065344,380.75713788734424,380.3957149196765,380.68982398065344,1476857
2025-09-30 23:09:23.377441,380.2232591432178,380.4311196266882,380.0790963087014,380.2232591432178,2112916
2025-10-01 00:09:23.377441,379.9284328418302,380.0316423421699,379.46103645858796,379.9284328418302,2660100
2025-10-01 01:09:23.377441,380.14564962163394,380.7818051536112,379.91871244360095,380.14564962163394,1011017
2025-10-01 02:09:23.377441,380.3999342090339,380.90984550494477,379.490662584909,380.3999342090339,2871621
2025-10-01 03:09:23.377441,380.9009546050309,381.3959663387634,380.7439393297431,380.9009546050309,4931895
2025-10-01 04:09:23.377441,382.43233226056583,382.7496487642876,382.08299037077165,382.43233226056583,4100786
2025-10-01 05:09:23.377441,382.29699157877064,382.60718604053017,382.09145728429013,382.29699157877064,4091576
2025-10-01 06:09:23.377441,381.6866183088253,382.1248950404375,381.52318534789214,381.6866183088253,3651788
2025-10-01 07:09:23.377441,380.6336829254069,380.9453372754463,380.52710804372,380.6336829254069,4555392
2025-10-01 08:09:23.377441,380.0772497392791,380.6617826731156,379.5911192547247,380.0772497392791,3368787
2025-10-01 09:09:23.377441,380.052068121795,380.47869359696756,379.8562294491702,380.052068121795,1209720
2025-10-01 10:09:23.377441,381.41611897658333,381.76606934172463,381.09791044646715,381.41611897658333,3218222
2025-10-01 11:09:23.377441,381.02126839094973,381.4090190538391,380.18908108330857,381.02126839094973,2800493
2025-10-01 12:09:23.377441,381.19180432931785,381.2952961167184,380.9743316571823,381.19180432931785,4990919
2025-10-01 13:09:23.377441,381.17928378254527,381.3894951141641,380.9579526784482,381.17928378254527,4015624
2025-10-01 14:09:23.377441,382.0852655761952,382.215399697396,381.85166428157737,382.0852655761952,3359664
2025-10-01 15:09:23.377441,384.0162728702613,384.1663064616417,383.98058078245265,384.0162728702613,3132162
2025-10-01 16:09:23.377441,383.60854837514114,384.1173944227426,383.51667339050135,383.60854837514114,4705867
2025-10-01 17:09:23.377441,383.2330420670172,383.6344088177364,382.80503446173765,383.2330420670172,2695625
2025-10-01 18:09:23.377441,384.0333559656703,384.4825175355662,383.9617659383972,384.0333559656703,1778928
2025-10-01 19:09:23.377441,384.5570941200015,384.6453079579583,384.27573994452086,384.5570941200015,2962160
2025-10-01 20:09:23.377441,385.97742292575185,385.9942040467977,385.24775550190145,385.97742292575185,2734872
2025-10-01 21:09:23.377441,386.42818911804346,387.0198522176011,386.4091349887857,386.42818911804346,2651722
2025-10-01 22:09:23.377441,386.1505079340289,386.34908766927265,385.85362010263367,386.1505079340289,3688445
2025-10-01 23:09:23.377441,386.60667125979995,386.8278324831104,386.3715268343848,386.60667125979995,1037493
2025-10-02 00:09:23.377441,387.4639356612059,387.4880324374152,387.32324145097994,387.4639356612059,3822307
2025-10-02 01:09:23.377441,388.0997501713391,388.5361114294092,387.97900846150065,388.0997501713391,4837478
2025-10-02 02:09:23.377441,388.4934960208214,388.6232828522257,387.7593795610817,388.4934960208214,3631732
2025-10-02 03:09:23.377441,389.32228837937225,389.5421020504737,388.5376968616537,389.32228837937225,3780877
2025-10-02 04:09:23.377441,390.23275404950067,390.63066047259457,389.72910230701615,390.23275404950067,3620390
2025-10-02 05:09:23.377441,391.3114814687144,391.3206976957648,391.1560543811209,391.3114814687144,4031863
2025-10-02 06:09:23.377441,391.81917672302666,391.88749206481634,391.3872863007945,391.81917672302666,2150311
2025-10-02 07:09:23.377441,391.6882165857361,391.7764670439029,391.5520807970717,391.6882165857361,2595776
2025-10-02 08:09:23.377441,391.8031486301117,391.9479304443322,391.76918019850217,391.8031486301117,3068535
2025-10-02 09:09:23.377441,392.74857665396854,392.80021232878755,392.6088881806603,392.74857665396854,4117173
2025-10-02 10:09:23.377441,392.1068760099724,392.4307747858031,392.0317571956366,392.1068760099724,4226499
2025-10-02 11:09:23.377441,392.3959946887932,392.5673792261088,392.19734775224225,392.3959946887932,4857660
2025-10-02 12:09:23.377441,392.08730553976744,392.717224026338,391.51983534780055,392.08730553976744,1631581
2025-10-02 13:09:23.377441,392.1098465001129,392.79587557622995,391.88708763955367,392.1098465001129,4244811
2025-10-02 14:09:23.377441,393.1124336273224,393.65550040214083,392.69980099967563,393.1124336273224,2686519
2025-10-02 15:09:23.377441,393.26268046670884,393.77087915805316,392.7268353469468,393.26268046670884,4124002
2025-10-02 16:09:23.377441,393.2992039895079,393.5704655202962,392.6539515876343,393.2992039895079,4033932
2025-10-02 17:09:23.377441,392.22954331393254,392.42682487848435,390.99321354045526,392.22954331393254,1621747
2025-10-02 18:09:23.377441,392.814948704731,392.91845042170564,392.37362345369394,392.814948704731,3495902
2025-10-02 19:09:23.377441,393.3220603757403,393.4377852163762,393.22652952189986,393.3220603757403,3844517
2025-10-02 20:09:23.377441,395.0237719855164,395.1163686389802,394.20129350213654,395.0237719855164,2281258
2025-10-02 21:09:23.377441,394.7806125469041,395.0900280364575,394.5622399841189,394.7806125469041,1428886
2025-10-02 22:09:23.377441,394.95364514809415,395.2263768538309,394.7371314420619,394.95364514809415,4076803
2025-10-02 23:09:23.377441,395.1506351379382,395.51266895524884,394.3905843104597,395.1506351379382,1229171
2025-10-03 00:09:23.377441,396.3972984687361,396.72703054488494,396.0902431872673,396.3972984687361,4519567
2025-10-03 01:09:23.377441,396.32174868554745,396.34837290293353,395.6522887100903,396.32174868554745,1167558
2025-10-03 02:09:23.377441,396.54291328357584,396.82674283486966,396.3560369869128,396.54291328357584,1983061
2025-10-03 03:09:23.377441,397.0250273894516,397.2958191295222,396.2407093029766,397.0250273894516,1296412
2025-10-03 04:09:23.377441,397.1732043739162,397.7638986951237,396.874887796766,397.1732043739162,3204490
2025-10-03 05:09:23.377441,396.81858143545367,397.04875733985114,395.99911811049185,396.81858143545367,3571703
2025-10-03 06:09:23.377441,396.97261846675906,397.0676554982093,396.9613215862415,396.97261846675906,3385632
2025-10-03 07:09:23.377441,397.8250232807808,398.0238105214201,396.9984177451734,397.8250232807808,3887225
2025-10-03 08:09:23.377441,397.00827633500825,397.1956651430121,396.88111545571525,397.00827633500825,4232860
2025-10-03 09:09:23.377441,397.113856457284,397.1440193466444,396.4612482202148,397.113856457284,2343679
2025-10-03 10:09:23.377441,396.55780110367095,396.852317610414,396.41478336887053,396.55780110367095,3241530
2025-10-03 11:09:23.377441,397.50561123043656,397.6973078951371,397.16236767720136,397.50561123043656,3274406
2025-10-03 12:09:23.377441,396.29466054722803,396.7851395567563,396.28229477117105,396.29466054722803,3695563
2025-10-03 13:09:23.377441,395.85166505975417,396.1957219350394,395.84453305095616,395.85166505975417,2498118
2025-10-03 14:09:23.377441,396.1503049574034,396.5018054931726,395.9630723017654,396.1503049574034,2800831
2025-10-03 15:09:23.377441,397.3906706006021,397.6939933774018,396.84749383900186,397.3906706006021,2594362
2025-10-03 16:09:23.377441,397.3384135199222,397.3534876792713,397.10296377942785,397.3384135199222,4740214
2025-10-03 17:09:23.377441,396.89720932167563,397.1684206919709,395.8238438301796,396.89720932167563,3068710
2025-10-03 18:09:23.377441,398.39046130398907,398.4738499331286,398.1395213066046,398.39046130398907,4646313
2025-10-03 19:09:23.377441,397.23671145246624,397.6629377236215,397.04275115700256,397.23671145246624,3124349
2025-10-03 20:09:23.377441,395.48981855780653,396.42470606179734,395.23934424627583,395.48981855780653,3773231
2025-10-03 21:09:23.377441,395.83786102783534,396.1489840577913,395.8289028795185,395.83786102783534,2007705
2025-10-03 22:09:23.377441,395.4403968872599,395.98651771325,394.8845804753929,395.4403968872599,3205927
2025-10-03 23:09:23.377441,394.632723466219,394.75262022604215,394.2440129463823,394.632723466219,4957192
2025-10-06 00:09:23.377441,395.1918047341842,395.47696032281357,395.11328802264654,395.1918047341842,1846056
2025-10-06 01:09:23.377441,395.3845008223256,395.47578180830493,395.3532388208311,395.3845008223256,3961761
2025-10-06 02:09:23.377441,394.93844492664886,395.51239343309396,394.7097265513698,394.93844492664886,3925548
2025-10-06 03:09:23.377441,393.9271620701612,394.4544752539769,393.7377485800313,393.9271620701612,3782540
2025-10-06 04:09:23.377441,394.6145313488746,394.8879671065651,394.3398133409355,394.6145313488746,4256758
2025-10-06 05:09:23.377441,395.12768901511987,395.3670814010911,394.9231343451817,395.12768901511987,1316790
2025-10-06 06:09:23.377441,395.0493147553974,395.72855381905015,395.0145143698078,395.0493147553974,2916195
2025-10-06 07:09:23.377441,396.5083401151786,397.2983890705173,395.64794216048364,396.5083401151786,4547480
2025-10-06 08:09:23.377441,395.6597450462216,395.9630801962819,395.09645113708535,395.6597450462216,4787415
2025-10-06 09:09:23.377441,394.4525672458422,394.66934146894965,393.722103126237,394.4525672458422,4202475
2025-10-06 10:09:23.377441,393.90671741691665,394.24531485980816,393.598056184254,393.90671741691665,1045712
2025-10-06 11:09:23.377441,393.8708041407912,394.02328360113137,393.60350645251475,393.8708041407912,3496641
2025-10-06 12:09:23.377441,394.062492749959,394.0803876076962,393.93708727649016,394.062492749959,1333964
2025-10-06 13:09:23.377441,393.87236858535897,393.8823683826926,393.5646926724689,393.87236858535897,3222494
2025-10-06 14:09:23.377441,394.14969837115564,394.90633696664213,394.04729822403533,394.14969837115564,2664092
2025-10-06 15:09:23.377441,393.1631105980671,393.16855108936517,392.53462438150575,393.1631105980671,1336497
2025-10-06 16:09:23.377441,394.2983805634847,394.57033910782786,393.9821026112477,394.2983805634847,1487707
2025-10-06 17:09:23.377441,394.2335964102816,394.4280019940283,393.8936789342809,394.2335964102816,1092091
2025-10-06 18:09:23.377441,395.11454751816404,395.6849475239973,394.55497560583154,395.11454751816404,2396634
2025-10-06 19:09:23.377441,395.3853790584781,395.8821835131624,394.9302297019966,395.3853790584781,2230478
2025-10-06 20:09:23.377441,395.7465661478608,396.06838930808993,394.6230105173458,395.7465661478608,1893150
2025-10-06 21:09:23.377441,396.19753303717135,396.3080574619777,395.87685835257076,396.19753303717135,3507495
2025-10-06 22:09:23.377441,396.55229509116833,396.6632346280605,396.1729122468861,396.55229509116833,4391950
2025-10-06 23:09:23.377441,397.06204146223394,397.37586814079464,396.8567816233641,397.06204146223394,3311712
2025-10-07 00:09:23.377441,398.1175534962921,398.2529338857491,398.0293651779786,398.1175534962921,1535827
2025-10-07 01:09:23.377441,398.27403055087564,398.501290889163,398.2651489269968,398.27403055087564,4847849
2025-10-07 02:09:23.377441,398.8387861192966,399.2249357140429,398.5640318457207,398.8387861192966,4978379
2025-10-07 03:09:23.377441,398.7672059685345,398.8993208868104,398.68555484110186,398.7672059685345,1932196
2025-10-07 04:09:23.377441,399.9157490050784,400.1605921173275,399.60946221929316,399.9157490050784,3049736
2025-10-07 05:09:23.377441,399.37474913687976,399.80813085619957,398.7294047565241,399.37474913687976,2324054
2025-10-07 06:09:23.377441,400.8132494040882,401.1440848807014,400.69314664064973,400.8132494040882,4940063
2025-10-07 07:09:23.377441,400.78105772671387,401.96299890982505,400.4073554928714,400.78105772671387,1421743
2025-10-07 08:09:23.377441,399.63420260912204,400.1316191408737,399.4683143361393,399.63420260912204,4030285
2025-10-07 09:09:23.377441,399.7365924205292,400.27666628378387,399.4564967455331,399.7365924205292,2563482
2025-10-07 10:09:23.377441,399.1921098828864,399.72002466487027,398.06852203660617,399.1921098828864,2630872
2025-10-07 11:09:23.377441,399.8632664268469,400.0559469642659,399.8215435768151,399.8632664268469,2525068
2025-10-07 12:09:23.377441,399.3413457146222,399.55989117526934,399.18428194799407,399.3413457146222,2410038
2025-10-07 13:09:23.377441,398.98498672931106,399.2039831390611,398.69051303358094,398.98498672931106,1419924
2025-10-07 14:09:23.377441,397.47718996238945,397.57852907477576,397.405146759601,397.47718996238945,2714796
2025-10-07 15:09:23.377441,397.11762707283475,397.1674471708733,396.9348450973128,397.11762707283475,2983518
2025-10-07 16:09:23.377441,395.19249665983114,395.32207218758725,395.11549642892476,395.19249665983114,3164452
2025-10-07 17:09:23.377441,393.94060363727135,393.97444038001873,393.53890424749915,393.94060363727135,1391407
2025-10-07 18:09:23.377441,394.5397200545836,395.41532220236445,394.4583021390949,394.5397200545836,1807274
2025-10-07 19:09:23.377441,395.1597788038095,395.2505863749968,394.581977780098,395.1597788038095,4337013
2025-10-07 20:09:23.377441,395.4960262358202,395.8327540972818,395.3185925737274,395.4960262358202,4974532
2025-10-07 21:09:23.377441,394.7311557916753,394.8003171975689,394.3514294766762,394.7311557916753,4522188
2025-10-07 22:09:23.377441,394.6934894741667,395.8717517668884,394.5999423926753,394.6934894741667,4244699
2025-10-07 23:09:23.377441,394.6906456767175,394.835687252538,394.39466706702626,394.6906456767175,4083562
2025-10-08 00:09:23.377441,393.77625426250444,393.89971480792553,393.66628521923553,393.77625426250444,3135896
2025-10-08 01:09:23.377441,394.9602593663734,395.32433432667864,394.5846874179419,394.9602593663734,1378226
2025-10-08 02:09:23.377441,395.6533058420615,395.84428290032577,395.5272819535327,395.6533058420615,3416738
2025-10-08 03:09:23.377441,395.47845543036476,395.64459375058345,395.0862607656519,395.47845543036476,2964078
2025-10-08 04:09:23.377441,395.4997209705218,395.73973021080946,395.2494169983971,395.4997209705218,3707430
2025-10-08 05:09:23.377441,395.66455165531846,396.4782530428564,395.589641155498,395.66455165531846,2956678
2025-10-08 06:09:23.377441,394.0488674326902,394.49449273982304,393.9317386634139,394.0488674326902,3466213
2025-10-08 07:09:23.377441,393.85406749741577,394.0406094173652,393.38568345384516,393.85406749741577,3332127
2025-10-08 08:09:23.377441,393.31686295732953,393.6812242772767,392.9023125802062,393.31686295732953,3625090
2025-10-08 09:09:23.377441,392.5289548769952,392.74700967548495,392.3044258503909,392.5289548769952,3666557
2025-10-08 10:09:23.377441,392.3082748686309,392.6686831890971,392.03180407180554,392.3082748686309,2926252
2025-10-08 11:09:23.377441,393.71876946883674,393.8830946171065,393.11339347482476,393.71876946883674,3074278
2025-10-08 12:09:23.377441,394.2233931943586,394.33972454164694,394.1662684195037,394.2233931943586,3018852
2025-10-08 13:09:23.377441,393.7730489554116,394.15729928020966,393.597448339542,393.7730489554116,1789622
2025-10-08 14:09:23.377441,394.22398429059956,394.58606106087996,394.1793816088357,394.22398429059956,3145265
2025-10-08 15:09:23.377441,395.32730324189885,395.819769332931,395.183753311482,395.32730324189885,1139861
2025-10-08 16:09:23.377441,396.0583691226039,396.0801262370157,395.26329903225326,396.0583691226039,2080701
2025-10-08 17:09:23.377441,396.10560333672544,396.3866718932064,395.95177693842567,396.10560333672544,2278343
2025-10-08 18:09:23.377441,395.5930927714179,396.09094862129996,395.4721919620603,395.5930927714179,3489296
2025-10-08 19:09:23.377441,396.1455174115729,396.23148774330036,395.89449543705024,396.1455174115729,4032115
2025-10-08 20:09:23.377441,396.4572723547764,396.57957259965605,396.18046601622115,396.4572723547764,1690778
2025-10-08 21:09:23.377441,397.16708407926177,398.13089599003075,396.5003697541207,397.16708407926177,1178157
2025-10-08 22:09:23.377441,397.67162274398856,397.8437985803227,396.9114175441077,397.67162274398856,4688784
2025-10-08 23:09:23.377441,398.5063774069014,399.0553667665793,397.9838687971784,398.5063774069014,2753897
2025-10-09 00:09:23.377441,398.07978811646217,398.30461323237625,397.9904912680645,398.07978811646217,3440395
2025-10-09 01:09:23.377441,399.12864401748936,399.53630734721617,398.7855590729729,399.12864401748936,3350959
2025-10-09 02:09:23.377441,399.28637934204784,400.12026609529016,399.2545156964119,399.28637934204784,4828973
2025-10-09 03:09:23.377441,400.94362614208933,401.5795160422989,400.486728613285,400.94362614208933,1611709
2025-10-09 04:09:23.377441,400.39097521633374,401.14367997423255,400.23587898158473,400.39097521633374,2765018
2025-10-09 05:09:23.377441,401.7811036965129,402.53282214965157,401.3396987695414,401.7811036965129,2841903
2025-10-09 06:09:23.377441,401.94013732253904,402.0967388984943,401.36917963424605,401.94013732253904,2229959
2025-10-09 07:09:23.377441,401.4164752388847,401.76502224679007,401.37092223800687,401.4164752388847,1744854
2025-10-09 08:09:23.377441,401.0279957470364,401.2423969779121,400.9391445964181,401.0279957470364,4343867
2025-10-09 09:09:23.377441,400.77105926914015,401.8273906824722,400.27620643661385,400.77105926914015,3168169
2025-10-09 10:09:23.377441,401.111046140431,401.1124000934134,400.69711749370435,401.111046140431,4956092
2025-10-09 11:09:23.377441,401.53047631956144,401.6621065112407,401.2913685757884,401.53047631956144,3642800
2025-10-09 12:09:23.377441,401.06976024786945,401.44045705113814,400.8331712993234,401.06976024786945,4987007
2025-10-09 13:09:23.377441,401.05022446691135,401.4568476661643,400.9972179171625,401.05022446691135,3599546
2025-10-09 14:09:23.377441,402.7685404832915,402.8030525762281,402.739428789896,402.7685404832915,2663229
2025-10-09 15:09:23.377441,404.16014056577814,404.5341603127294,403.5538106873759,404.16014056577814,2658332
2025-10-09 16:09:23.377441,404.51282983711343,404.61613584281565,404.19778026094014,404.51282983711343,1257137
2025-10-09 17:09:23.377441,404.54357562610835,404.9057822287808,403.99700776728,404.54357562610835,2349651
2025-10-09 18:09:23.377441,404.64069143030383,404.80582563603497,404.28210241501546,404.64069143030383,2104399
2025-10-09 19:09:23.377441,405.13720010368496,405.5406419645504,405.11182248071094,405.13720010368496,1824464
2025-10-09 20:09:23.377441,404.30845747138227,404.57171736091766,404.21016060089585,404.30845747138227,1771279
2025-10-09 21:09:23.377441,404.10033844971235,404.44723883649584,403.98143495359835,404.10033844971235,4882514
2025-10-09 22:09:23.377441,402.7517876717409,402.8462815257158,402.20542128797285,402.7517876717409,2067383
2025-10-09 23:09:23.377441,403.07336332435926,403.08877604159454,402.99260653697706,403.07336332435926,1663431
2025-10-10 00:09:23.377441,403.59509821265095,404.17974260691,403.50152788070596,403.59509821265095,1577701
2025-10-10 01:09:23.377441,403.2050748372375,403.32590598252403,402.74298966720295,403.2050748372375,3778661
2025-10-10 02:09:23.377441,404.4743537386078,404.49466021864043,404.15992690965993,404.4743537386078,2588404
2025-10-10 03:09:23.377441,403.4827721898521,404.5402170515569,402.8538276084317,403.4827721898521,2805148
2025-10-10 04:09:23.377441,402.3010721174676,402.7484176440958,401.68536585149343,402.3010721174676,2118824
2025-10-10 05:09:23.377441,402.4816665319584,403.0709710271097,401.8257654511774,402.4816665319584,1252515
2025-10-10 06:09:23.377441,403.32454227167466,403.7265998801923,403.1742330623614,403.32454227167466,4892825
2025-10-10 07:09:23.377441,404.6828810024263,404.7964497511095,404.58466497394073,404.6828810024263,2159070
2025-10-10 08:09:23.377441,404.31147579133733,405.0225062346591,403.5473229897657,404.31147579133733,3871083
2025-10-10 09:09:23.377441,405.18372187068223,405.33449295100155,404.99944645440803,405.18372187068223,1609723
2025-10-10 10:09:23.377441,405.1525158606905,405.31018468788574,404.7312356286366,405.1525158606905,1544075
2025-10-10 11:09:23.377441,405.012635090936,405.03414962659235,404.7665306433929,405.012635090936,1283126
2025-10-10 12:09:23.377441,405.72842197054746,406.2248586423835,405.6727110090787,405.72842197054746,3347920
2025-10-10 13:09:23.377441,406.2577538346954,406.70320296277225,405.8686435647579,406.2577538346954,3644046
2025-10-10 14:09:23.377441,404.9769107609773,405.23029561600083,404.8928361970635,404.9769107609773,4928648
2025-10-10 15:09:23.377441,406.1728402598692,406.7086826399043,406.0478703596756,406.1728402598692,2976230
2025-10-10 16:09:23.377441,407.29395151013347,407.37662429601846,406.8477530892946,407.29395151013347,1772783
2025-10-10 17:09:23.377441,406.7843757009031,407.10981888885823,406.42609869841806,406.7843757009031,4379595
2025-10-10 18:09:23.377441,407.1063890874022,407.1322503475922,406.37411664022,407.1063890874022,3209375
2025-10-10 19:09:23.377441,407.50863477787766,408.0129015027649,407.209034007914,407.50863477787766,2619800
2025-10-10 20:09:23.377441,407.7210883987443,407.90753992728287,407.04581736760053,407.7210883987443,4763302
2025-10-10 21:09:23.377441,407.2723463661897,407.28978714517586,407.1733542614109,407.2723463661897,1926097
2025-10-10 22:09:23.377441,406.7252791163207,406.7488784293307,406.7243485548541,406.7252791163207,2983438
2025-10-10 23:09:23.377441,406.7044921430076,407.0495527940733,406.2691698241087,406.7044921430076,1999647
2025-10-13 00:09:23.377441,407.6584004634061,408.57436377531656,407.13990283311705,407.6584004634061,4707397
2025-10-13 01:09:23.377441,408.10160680243337,408.3492021675746,408.05638401852957,408.10160680243337,1383609
2025-10-13 02:09:23.377441,407.79911019357667,407.88527149528664,407.6407850218117,407.79911019357667,4105003
2025-10-13 03:09:23.377441,408.4285062886565,408.91865274425834,408.4056667833956,408.4285062886565,2863082
2025-10-13 04:09:23.377441,406.10165427336943,406.3014166710429,405.96440916208024,406.10165427336943,3510963
2025-10-13 05:09:23.377441,407.0346855759567,407.79850761662715,406.671894060019,407.0346855759567,3665634
2025-10-13 06:09:23.377441,405.61843787408253,405.869804262728,405.6167221652849,405.61843787408253,2753313
2025-10-13 07:09:23.377441,405.3244124171354,405.5819403040581,405.07356269203615,405.3244124171354,3386149
2025-10-13 08:09:23.377441,404.41675333285446,404.8978744606721,403.7541732091382,404.41675333285446,4481591
2025-10-13 09:09:23.377441,403.369571574832,403.6214135071953,403.21576287989535,403.369571574832,3248885
2025-10-13 10:09:23.377441,404.3060559826269,404.38066070220947,404.1800528455799,404.3060559826269,2572088
2025-10-13 11:09:23.377441,403.9278671264654,404.17214034896847,403.3143367165315,403.9278671264654,3803005
2025-10-13 12:09:23.377441,404.2077922742625,405.0992992609175,403.14443065358546,404.2077922742625,3740164
2025-10-13 13:09:23.377441,404.1698609470605,404.5324280671167,404.01289118258234,404.1698609470605,2286353
2025-10-13 14:09:23.377441,404.5554719966702,405.0712296707315,404.51711033502767,404.5554719966702,3264719
2025-10-13 15:09:23.377441,404.6176294294653,404.8812467131222,404.40933928386994,404.6176294294653,2062279
2025-10-13 16:09:23.377441,403.57938688481005,404.0385333701477,403.4811031143166,403.57938688481005,1970584
2025-10-13 17:09:23.377441,404.3835323891423,404.4650122473865,404.3591061157602,404.3835323891423,4045471
2025-10-13 18:09:23.377441,403.984198326664,403.986832834969,403.52859292622304,403.984198326664,4044221
2025-10-13 19:09:23.377441,402.72652934574427,402.9676797320443,402.6918502146314,402.72652934574427,1903923
2025-10-13 20:09:23.377441,402.3817026798721,402.6506306636923,402.08115441665433,402.3817026798721,4204181
2025-10-13 21:09:23.377441,403.58945923961,403.8857640460469,403.1898385826711,403.58945923961,2661342
2025-10-13 22:09:23.377441,404.27574030587664,404.3088891201475,404.1879594798093,404.27574030587664,4647466
2025-10-13 23:09:23.377441,403.9938371063827,404.1785755716768,403.78111953116866,403.9938371063827,1819593
2025-10-14 00:09:23.377441,403.7116411861696,404.29937360511894,403.51890492645265,403.7116411861696,4332791
2025-10-14 01:09:23.377441,403.4519455573896,403.73618009153984,403.1897716361602,403.4519455573896,3473592
2025-10-14 02:09:23.377441,405.1276815861896,405.4473502925862,405.0935827062313,405.1276815861896,3335563
2025-10-14 03:09:23.377441,405.4371468347459,405.47113326360227,405.4319456261098,405.4371468347459,2451508
2025-10-14 04:09:23.377441,405.7858565516604,406.3582009240279,405.5911495271174,405.7858565516604,2024603
2025-10-14 05:09:23.377441,406.6220054594311,406.7886240292867,406.5127681844621,406.6220054594311,3916933
2025-10-14 06:09:23.377441,406.81619931288174,407.1665038237728,406.06913840507724,406.81619931288174,3668538
2025-10-14 07:09:23.377441,406.6054342304325,407.1760520865212,406.4294660175724,406.6054342304325,4516307
2025-10-14 08:09:23.377441,406.44576039913596,406.7294202254281,406.12311624863884,406.44576039913596,4197718
2025-10-14 09:09:23.377441,406.3875563424798,406.56760391957835,406.2667064043215,406.3875563424798,3079368
2025-10-14 10:09:23.377441,406.35730303500617,406.55214850406276,406.25718334004773,406.35730303500617,2379641
2025-10-14 11:09:23.377441,406.94865819292806,407.0693492130759,406.5472535973766,406.94865819292806,1691898
2025-10-14 12:09:23.377441,406.99093680998385,407.179448823726,406.70117015923813,406.99093680998385,1624860
2025-10-14 13:09:23.377441,407.58729255272493,407.66770637311515,406.9584655660597,407.58729255272493,2016783
2025-10-14 14:09:23.377441,407.52149444802376,407.64835942385986,407.45603381413986,407.52149444802376,4906997
2025-10-14 15:09:23.377441,407.58558550857146,408.2784636304278,407.38824318516373,407.58558550857146,2317933
2025-10-14 16:09:23.377441,405.95670991663417,406.3917100492491,405.5644557396981,405.95670991663417,4270421
2025-10-14 17:09:23.377441,406.70068865268973,406.77822027893893,406.6293621139009,406.70068865268973,3272447
2025-10-14 18:09:23.377441,406.9825228562056,407.36561981115756,406.78248864789106,406.9825228562056,2926663
2025-10-14 19:09:23.377441,407.794868200899,408.21592615005227,407.79108037315865,407.794868200899,1785786
2025-10-14 20:09:23.377441,405.43271204044567,405.5940446834999,405.3082518716014,405.43271204044567,3427667
2025-10-14 21:09:23.377441,407.1261028810775,407.8627187241623,406.38781727184636,407.1261028810775,2116850
2025-10-14 22:09:23.377441,407.0124417184506,407.10118911074096,406.8728857557944,407.0124417184506,3363430
2025-10-14 23:09:23.377441,407.91453010667215,408.2602923023673,407.8009876541652,407.91453010667215,2926436
2025-10-15 00:09:23.377441,407.066144631435,407.33158794127155,406.858861111127,407.066144631435,1563889
2025-10-15 01:09:23.377441,407.56502365356414,408.0091199682023,407.220077034309,407.56502365356414,2908897
2025-10-15 02:09:23.377441,406.70635297572034,407.02552062932915,406.4684673171712,406.70635297572034,1277834
2025-10-15 03:09:23.377441,406.19897137751224,406.34947138604656,406.00450013822194,406.19897137751224,2312629
2025-10-15 04:09:23.377441,407.75392651176224,408.32705198280775,407.60734884382646,407.75392651176224,4499111
2025-10-15 05:09:23.377441,407.59842351650633,407.6047895248022,406.6409439291263,407.59842351650633,2390752
2025-10-15 06:09:23.377441,407.7756741091638,408.1436007919379,407.483689014245,407.7756741091638,1536350
2025-10-15 07:09:23.377441,408.4852590199683,408.8560640383426,408.31507372408964,408.4852590199683,1337530
2025-10-15 08:09:23.377441,408.8902165087682,409.5114368412444,408.86440612627047,408.8902165087682,4894325
2025-10-15 09:09:23.377441,409.01322614615054,409.22214686616917,408.85133918213484,409.01322614615054,2738667
2025-10-15 10:09:23.377441,409.311773900223,409.73360266787193,409.2038994498689,409.311773900223,2184801
2025-10-15 11:09:23.377441,411.2792664934496,411.54982020623197,410.75114451720725,411.2792664934496,4287281
2025-10-15 12:09:23.377441,411.2318716602892,411.5832796687967,410.2340619077413,411.2318716602892,4244998
2025-10-15 13:09:23.377441,411.39726833502857,411.84648695885363,410.4152919067228,411.39726833502857,4998585
2025-10-15 14:09:23.377441,412.261741031992,412.62875601663626,412.05730943345935,412.261741031992,3816112
2025-10-15 15:09:23.377441,413.1732731237466,413.24427254622054,412.7198980136598,413.1732731237466,3706421
2025-10-15 16:09:23.377441,414.15417151703747,414.38330281769106,413.50575185362055,414.15417151703747,1628758
2025-10-15 17:09:23.377441,414.68323708889227,415.170736465457,413.4360223742948,414.68323708889227,2732141
2025-10-15 18:09:23.377441,413.73526713445307,414.10558909475134,413.4989500702393,413.73526713445307,1088887
2025-10-15 19:09:23.377441,415.086883597178,415.33478519708905,414.9857446795253,415.086883597178,4489414
2025-10-15 20:09:23.377441,414.13521772374975,414.52796203095704,413.68372402783564,414.13521772374975,1835544
2025-10-15 21:09:23.377441,414.3858817323251,414.57782788010053,413.97748803589826,414.3858817323251,3239164
2025-10-15 22:09:23.377441,413.76075920596577,414.3264271827059,413.3595173082945,413.76075920596577,2894018
2025-10-15 23:09:23.377441,413.70768334400475,414.0585795325992,413.6619540338849,413.70768334400475,4877882
2025-10-16 00:09:23.377441,413.9797064142792,414.48994605427583,413.72042460012216,413.9797064142792,1286629
2025-10-16 01:09:23.377441,414.2457771456916,414.4745650625931,414.0411132536159,414.2457771456916,3710739
2025-10-16 02:09:23.377441,414.5953349271558,414.8547185936316,413.411820029757,414.5953349271558,3614689
2025-10-16 03:09:23.377441,415.933409255298,416.22321993321043,415.5770159378086,415.933409255298,2940592
2025-10-16 04:09:23.377441,416.31068939178385,416.5529932731713,415.8419010910246,416.31068939178385,3491435
2025-10-16 05:09:23.377441,416.107399357469,416.2157713103475,416.00073410444185,416.107399357469,3904191
2025-10-16 06:09:23.377441,416.9097269661697,417.13437537731295,416.6854096220829,416.9097269661697,3337643
2025-10-16 07:09:23.377441,417.90153059971345,418.3230071458824,417.56811046291557,417.90153059971345,2634461
2025-10-16 08:09:23.377441,416.8754922298696,417.6936627811486,416.1003802979627,416.8754922298696,3354960
2025-10-16 09:09:23.377441,417.3735751262233,417.5195098165078,417.35458818610937,417.3735751262233,3014601
2025-10-16 10:09:23.377441,417.95887707470195,418.6129002838638,417.7255154102265,417.95887707470195,2816418
2025-10-16 11:09:23.377441,417.7101384592564,417.74996469800635,416.9345980014601,417.7101384592564,4947347
2025-10-16 12:09:23.377441,418.85943182619195,418.9697795962957,418.6576396052665,418.85943182619195,1758271
2025-10-16 13:09:23.377441,418.7337274303384,419.01810741615503,418.597865669541,418.7337274303384,3887569
2025-10-16 14:09:23.377441,418.83889362321764,418.9654020260478,418.0833657269327,418.83889362321764,2746988
2025-10-16 15:09:23.377441,418.6939152004168,418.83185298393664,417.6924176922451,418.6939152004168,1150635
2025-10-16 16:09:23.377441,418.70696090527076,419.0134002636389,418.35324799373655,418.70696090527076,1702682
2025-10-16 17:09:23.377441,417.78892488537065,417.92890841911594,417.78660185626535,417.78892488537065,2020346
2025-10-16 18:09:23.377441,416.58565026533205,416.71735630034027,416.09469879010646,416.58565026533205,3813757
2025-10-16 19:09:23.377441,417.91414612256193,418.1102596866598,417.3401816269359,417.91414612256193,2886522
2025-10-16 20:09:23.377441,417.20623186519936,417.8468821244798,416.9893254526279,417.20623186519936,2329328
2025-10-16 21:09:23.377441,416.379001732366,416.6941126474614,415.60086522550074,416.379001732366,4119331
2025-10-16 22:09:23.377441,414.5857488806807,414.8396697143129,414.41174491673047,414.5857488806807,4081918
2025-10-16 23:09:23.377441,414.05594001133676,414.47690369983314,413.9414197960495,414.05594001133676,4106774
2025-10-17 00:09:23.377441,412.96027363507926,413.0610691742768,412.9567403136008,412.96027363507926,3809737
2025-10-17 01:09:23.377441,414.31644769476503,414.33273335054344,413.66560566969906,414.31644769476503,4612938
2025-10-17 02:09:23.377441,415.1532153533209,415.20905212581994,414.5904448904148,415.1532153533209,1252773
2025-10-17 03:09:23.377441,414.5818396964268,414.7202519755678,414.32858921232383,414.5818396964268,3376517
2025-10-17 04:09:23.377441,416.44947765638227,417.04556960501054,416.2393858677752,416.44947765638227,1834938
2025-10-17 05:09:23.377441,417.2671891048597,417.7185748665829,416.61498617328226,417.2671891048597,1807400
2025-10-17 06:09:23.377441,416.99610614820034,417.54329644227414,416.5042760607417,416.99610614820034,1389821
2025-10-17 07:09:23.377441,414.9116212466267,415.16972531483344,414.31618680718475,414.9116212466267,3310830
2025-10-17 08:09:23.377441,416.8126986405798,417.36661492380875,416.6679386362752,416.8126986405798,4566881
2025-10-17 09:09:23.377441,415.65431574092304,415.8150943719129,415.0502555173455,415.65431574092304,4601379
2025-10-17 10:09:23.377441,414.28648156034836,414.73846000214985,414.2540716558569,414.28648156034836,3277732
2025-10-17 11:09:23.377441,415.1337557731982,415.9691171609534,414.3691218329599,415.1337557731982,4931792
2025-10-17 12:09:23.377441,417.15940293239885,417.58645299542906,416.78726854511945,417.15940293239885,4665639
2025-10-17 13:09:23.377441,418.31432777732965,418.4186171349246,418.0675673689667,418.31432777732965,1172903
2025-10-17 14:09:23.377441,418.78611030629406,419.22377884328193,418.4935091357667,418.78611030629406,4581877
2025-10-17 15:09:23.377441,419.28426002096165,419.3450092088477,419.27368950102067,419.28426002096165,3537675
2025-10-17 16:09:23.377441,419.99990744306876,420.00994671903607,419.3517979301591,419.99990744306876,4849428
2025-10-17 17:09:23.377441,420.63740731800146,420.7852252910067,420.56829879386004,420.63740731800146,1102951
2025-10-17 18:09:23.377441,420.8739665810786,421.5319665628161,419.9496334357436,420.8739665810786,3991890
2025-10-17 19:09:23.377441,420.96167764496334,421.306204749211,420.75414923833085,420.96167764496334,1305745
2025-10-17 20:09:23.377441,420.9089790287041,421.5539663631949,420.8847692900105,420.9089790287041,2779892
2025-10-17 21:09:23.377441,420.27427809805675,420.48435813180885,419.8223389260918,420.27427809805675,3169330
2025-10-17 22:09:23.377441,420.03835706743615,420.6261193341343,419.9498682314263,420.03835706743615,3313535
2025-10-17 23:09:23.377441,418.6161434697946,418.7700473989761,418.5284290583971,418.6161434697946,2208402
2025-10-20 00:09:23.377441,418.53381035915646,419.41274245525915,418.07692831636876,418.53381035915646,4057966
2025-10-20 01:09:23.377441,417.70629275323034,417.9675713880283,417.6086129613101,417.70629275323034,3167045
2025-10-20 02:09:23.377441,416.7843403483978,417.153290968091,416.3527837471184,416.7843403483978,1348943
2025-10-20 03:09:23.377441,416.93429447863986,417.18126799108984,416.58571149511374,416.93429447863986,1513223
2025-10-20 04:09:23.377441,418.09504146097936,418.1466961400423,417.49946682153416,418.09504146097936,4980527
2025-10-20 05:09:23.377441,418.86292869990103,419.68145280574237,418.82451644604816,418.86292869990103,2323921
2025-10-20 06:09:23.377441,417.5472797351839,417.75845289578353,417.17659399060915,417.5472797351839,1920243
2025-10-20 07:09:23.377441,416.72084666243524,417.16211552865076,416.3051125786834,416.72084666243524,4421103
2025-10-20 08:09:23.377441,417.50492459438334,418.12352636150274,417.38518658861733,417.50492459438334,4402410
2025-10-20 09:09:23.377441,416.6845379440751,417.50231768073644,416.36805983412125,416.6845379440751,3336038
2025-10-20 10:09:23.377441,416.4973356234482,416.49887486092615,416.37581893046735,416.4973356234482,3532863
2025-10-20 11:09:23.377441,416.9555260908438,417.37726119289397,416.9305812496943,416.9555260908438,4560112
2025-10-20 12:09:23.377441,416.1480129476142,416.7062654842794,415.9426188493104,416.1480129476142,3522992
2025-10-20 13:09:23.377441,416.23571656260617,416.5447650191732,416.11463481739423,416.23571656260617,2190283
2025-10-20 14:09:23.377441,415.1251784470261,415.3266411185345,414.2967829605693,415.1251784470261,2582828
2025-10-20 15:09:23.377441,414.62589274601106,415.1362451898862,414.16099605928855,414.62589274601106,1421001
2025-10-20 16:09:23.377441,414.8910724858668,415.5901698671142,414.50546858049785,414.8910724858668,4896134
2025-10-20 17:09:23.377441,413.56923472873035,413.80202493531607,413.51458710077867,413.56923472873035,3835309
2025-10-20 18:09:23.377441,413.9335683293216,414.29775302413407,413.71677836231964,413.9335683293216,4885878
2025-10-20 19:09:23.377441,413.9173108409539,414.73978983278516,413.35497353798013,413.9173108409539,4878016
2025-10-20 20:09:23.377441,414.3746811533519,414.5947020498345,413.92726575949354,414.3746811533519,1012336
2025-10-20 21:09:23.377441,414.56024984916945,414.6991846514658,413.7220924998421,414.56024984916945,1863907
2025-10-20 22:09:23.377441,415.691286644128,415.83359349901394,415.64918513185876,415.691286644128,2469204
2025-10-20 23:09:23.377441,415.7953961133782,416.44160886113303,415.5465685225114,415.7953961133782,4227940
2025-10-21 00:09:23.377441,415.43830641924734,415.7930807526689,415.036748782811,415.43830641924734,3958963
2025-10-21 01:09:23.377441,415.5399205543254,415.7123137313866,415.5116125516432,415.5399205543254,4191319
2025-10-21 02:09:23.377441,415.99144459397166,416.18416865887934,415.8400359254535,415.99144459397166,1848182
2025-10-21 03:09:23.377441,416.0320953364471,416.0501988352207,415.1612578147559,416.0320953364471,2925656
2025-10-21 04:09:23.377441,416.0658702291367,416.29809303195407,415.43682713849114,416.0658702291367,3979718
2025-10-21 05:09:23.377441,415.4817206641748,416.53270663777863,415.0000190333989,415.4817206641748,1428670
2025-10-21 06:09:23.377441,414.93087423646693,415.0539458287638,414.5271043550341,414.93087423646693,4768553
2025-10-21 07:09:23.377441,413.7669057731939,413.8667568034997,413.4445429811116,413.7669057731939,1849104
2025-10-21 08:09:23.377441,415.21473968407633,415.69265769717913,415.13035312009845,415.21473968407633,1289372
2025-10-21 09:09:23.377441,414.18179898510516,414.3418070718663,413.99225562261915,414.18179898510516,1014429
2025-10-21 10:09:23.377441,413.60782154240667,413.69239243868685,413.5310192931743,413.60782154240667,2132870
2025-10-21 11:09:23.377441,413.01354381422203,413.73857905346307,412.3902522662959,413.01354381422203,4523449
2025-10-21 12:09:23.377441,413.7527755909572,414.40361686832415,413.5022043312908,413.7527755909572,2232663
2025-10-21 13:09:23.377441,413.5087030948512,413.7013177516317,413.2983891060523,413.5087030948512,1874506
2025-10-21 14:09:23.377441,414.5406075073876,414.60313586397547,414.36222682047753,414.5406075073876,4476808
2025-10-21 15:09:23.377441,413.98222908233845,414.01284206038423,413.3678559961086,413.98222908233845,4357707
2025-10-21 16:09:23.377441,414.21322633269517,414.400309661519,414.1268760426194,414.21322633269517,1843810
2025-10-21 17:09:23.377441,413.5212027366187,413.6018497025777,413.02224468118754,413.5212027366187,1037310
2025-10-21 18:09:23.377441,415.2953320313512,415.6102430349233,414.6611063492812,415.2953320313512,3723267
2025-10-21 19:09:23.377441,414.3089238718497,414.77734789458066,413.8717909311318,414.3089238718497,1199899
2025-10-21 20:09:23.377441,414.5656468419444,414.82380152327636,414.51330057619725,414.5656468419444,1428472
2025-10-21 21:09:23.377441,415.0911310871386,415.352443234306,414.682409618766,415.0911310871386,1207500
2025-10-21 22:09:23.377441,415.4346597579466,415.7688004018989,415.10541804934405,415.4346597579466,1099862
2025-10-21 23:09:23.377441,415.28070992690016,415.6525337658242,415.10479760715606,415.28070992690016,2020498
2025-10-22 00:09:23.377441,415.17288586220315,415.43509981066694,414.60591854352185,415.17288586220315,3398185
2025-10-22 01:09:23.377441,415.209264532714,415.314381085005,414.8048001173812,415.209264532714,2362148
2025-10-22 02:09:23.377441,415.087191346752,415.4277056388854,414.79520742845784,415.087191346752,3469798
2025-10-22 03:09:23.377441,415.8873790975284,415.90135813896785,415.3436605052851,415.8873790975284,3527575
2025-10-22 04:09:23.377441,417.72603633266164,417.9159934514487,417.0585635393527,417.72603633266164,3671695
2025-10-22 05:09:23.377441,417.26027866538294,417.4757642425025,416.9973942668565,417.26027866538294,1367968
2025-10-22 06:09:23.377441,416.11714991943126,416.1989030341818,415.81257068185903,416.11714991943126,4368331
2025-10-22 07:09:23.377441,416.0436785707333,416.12932508562517,415.9617504973434,416.0436785707333,1791841
2025-10-22 08:09:23.377441,418.19022209569516,418.5024338602467,417.9959388314565,418.19022209569516,2091014
2025-10-22 09:09:23.377441,417.51804440355136,417.5918508064365,417.49952380516055,417.51804440355136,1241482
2025-10-22 10:09:23.377441,418.88676608986736,419.535461800986,418.15551234877773,418.88676608986736,3862750
2025-10-22 11:09:23.377441,420.292299426817,420.49872756457546,420.08437845005244,420.292299426817,1785372
2025-10-22 12:09:23.377441,419.82696167673083,419.94656008956844,419.6659853124962,419.82696167673083,3061439
2025-10-22 13:09:23.377441,420.3047105514905,420.41238410821217,420.1326762717594,420.3047105514905,3891453
2025-10-22 14:09:23.377441,421.6735560941846,421.77538918097264,421.24938432813315,421.6735560941846,3591628
2025-10-22 15:09:23.377441,421.3538198086723,421.3798443902108,420.8787450205591,421.3538198086723,1712222
2025-10-22 16:09:23.377441,421.182261083938,421.38419334658295,420.7072058238625,421.182261083938,3578305
2025-10-22 17:09:23.377441,420.69227371880544,421.06017629512814,420.627279427351,420.69227371880544,2860966
2025-10-22 18:09:23.377441,419.83847308619215,420.1112695268966,419.6971753607445,419.83847308619215,2255950
2025-10-22 19:09:23.377441,419.2932896999328,419.79778374475865,419.28495681798097,419.2932896999328,2800266
2025-10-22 20:09:23.377441,418.2669098182389,418.70276251444125,418.22204451611077,418.2669098182389,4827233
2025-10-22 21:09:23.377441,418.2954217921282,418.49921654354773,417.7849830432654,418.2954217921282,1337766
2025-10-22 22:09:23.377441,417.65126923721954,417.79824962227724,417.20159283307004,417.65126923721954,2550531
2025-10-22 23:09:23.377441,417.84655120279797,418.16829140349836,417.52793516849476,417.84655120279797,4696458
2025-10-23 00:09:23.377441,416.5462999432027,417.08619254399076,416.1146318078895,416.5462999432027,1081948
2025-10-23 01:09:23.377441,416.8219538161093,417.01207499059336,416.57372178086024,416.8219538161093,3351809
2025-10-23 02:09:23.377441,417.5168201567896,417.59256882231136,417.1408324498961,417.5168201567896,4433468
2025-10-23 03:09:23.377441,415.85198382535026,416.0994280091526,415.14527000043194,415.85198382535026,2648655
2025-10-23 04:09:23.377441,416.1630881586183,416.3950670578106,415.9958758993995,416.1630881586183,2615270
2025-10-23 05:09:23.377441,417.1849091969068,417.35720565583625,416.9006551165643,417.1849091969068,2089100
2025-10-23 06:09:23.377441,416.1756212398197,416.56129048420615,415.69548263791347,416.1756212398197,3251556
2025-10-23 07:09:23.377441,417.56778894414117,417.5809169290008,417.2526366296245,417.56778894414117,3207312
2025-10-23 08:09:23.377441,417.91772662667427,418.27229999268025,417.83438380781587,417.91772662667427,2195412
2025-10-23 09:09:23.377441,417.32845272266746,417.56763526617976,417.131040388295,417.32845272266746,2731499
2025-10-23 10:09:23.377441,417.2819046768902,418.0271144481431,417.01251913306504,417.2819046768902,1480891
2025-10-23 11:09:23.377441,417.747864111869,417.89809863940724,417.05395006290416,417.747864111869,2216018
2025-10-23 12:09:23.377441,417.811366291716,417.9371723605041,417.6011018589539,417.811366291716,4937222
2025-10-23 13:09:23.377441,418.26156304631974,418.3384539584587,417.398520818569,418.26156304631974,1568933
2025-10-23 14:09:23.377441,417.49139829412604,418.61571668415445,417.3589071933704,417.49139829412604,1384903
2025-10-23 15:09:23.377441,417.6328116686122,417.7788996363942,417.2397432394477,417.6328116686122,4415116
2025-10-23 16:09:23.377441,416.45198454813396,416.87012507758345,416.37206835519936,416.45198454813396,4906497
2025-10-23 17:09:23.377441,416.3593439201697,416.3990913514556,415.5481332548533,416.3593439201697,1781608
2025-10-23 18:09:23.377441,415.60664313504026,416.3448629110732,415.18060096128875,415.60664313504026,2134077
2025-10-23 19:09:23.377441,414.9952608743102,415.028709388296,414.72389614206173,414.9952608743102,2166026
2025-10-23 20:09:23.377441,416.021206493733,416.36777547964334,416.0098435484938,416.021206493733,2768407
2025-10-23 21:09:23.377441,416.9292227997899,417.3108757559377,416.9094725695946,416.9292227997899,4911621
2025-10-23 22:09:23.377441,417.43715776644495,417.66655629675034,416.77669839526965,417.43715776644495,2327676
2025-10-23 23:09:23.377441,416.5252138946911,416.5738498427433,416.1335140348561,416.5252138946911,4055129
2025-10-24 00:09:23.377441,416.26162970031663,416.5261880431484,416.028206451305,416.26162970031663,1931398
2025-10-24 01:09:23.377441,417.27156175147474,417.9971349707162,416.4219048421777,417.27156175147474,3076664
2025-10-24 02:09:23.377441,417.389830627237,417.5239140909772,417.3700073365676,417.389830627237,2540710
2025-10-24 03:09:23.377441,419.3259597549604,420.094398496023,419.22151746465335,419.3259597549604,4346386
2025-10-24 04:09:23.377441,419.65581651594596,419.9974800384456,418.9537768598465,419.65581651594596,2589573
2025-10-24 05:09:23.377441,419.81700557352957,420.0193853834861,419.64731013881453,419.81700557352957,3833770
2025-10-24 06:09:23.377441,419.5574608767796,419.7121656198092,419.25711112570616,419.5574608767796,3477724
2025-10-24 07:09:23.377441,419.6695170426469,419.834781764602,419.57423759254965,419.6695170426469,4423082
2025-10-24 08:09:23.377441,419.54154315745205,420.350281886093,419.40558309513665,419.54154315745205,3985665
2025-10-24 09:09:23.377441,420.1357051713343,420.25287404279635,419.8872192058399,420.1357051713343,3266898
2025-10-24 10:09:23.377441,420.93959477634536,421.2953552302577,420.6532630934477,420.93959477634536,2567043
2025-10-24 11:09:23.377441,420.277886606336,420.2984370112674,420.14869168371894,420.277886606336,1100025
2025-10-24 12:09:23.377441,419.158911061732,419.74790890775313,418.8132674887916,419.158911061732,4556677
2025-10-24 13:09:23.377441,417.61958737238064,417.6414724974073,417.504073474821,417.61958737238064,2199728
2025-10-24 14:09:23.377441,418.0438816290486,418.7562725137695,417.5441182573651,418.0438816290486,2543992
2025-10-24 15:09:23.377441,417.121370311239,417.6414754922526,416.8725035807434,417.121370311239,3281636
2025-10-24 16:09:23.377441,415.32533696271395,415.3510887987969,414.45400959976143,415.32533696271395,2959484
2025-10-24 17:09:23.377441,415.64811004244063,416.0435781362511,415.42963253814975,415.64811004244063,1190043
2025-10-24 18:09:23.377441,417.72053111795594,417.8736286251625,417.70699404313154,417.72053111795594,3005789
2025-10-24 19:09:23.377441,417.71545922917034,418.4271927315292,417.43455159960956,417.71545922917034,3943430
2025-10-24 20:09:23.377441,418.4159603469893,418.8027716712207,418.32254026576027,418.4159603469893,4211208
2025-10-24 21:09:23.377441,418.48443776627187,419.13848239385226,417.75534510076517,418.48443776627187,1767128
2025-10-24 22:09:23.377441,418.4016702044387,418.5163093675006,418.17320540381235,418.4016702044387,1315104
2025-10-24 23:09:23.377441,419.17075647549404,419.27277592224266,418.71297120578106,419.17075647549404,3331774
2025-10-27 00:09:23.377441,418.92740727494777,419.0530177131152,418.8707103317604,418.92740727494777,1434368
2025-10-27 01:09:23.377441,419.15144321266655,419.9495648122602,418.73461916002293,419.15144321266655,4566194
2025-10-27 02:09:23.377441,419.4211234121574,420.10308492706054,419.15017477142663,419.4211234121574,2920773
2025-10-27 03:09:23.377441,418.8607009149416,419.7900607586999,417.86730601272075,418.8607009149416,4787281
2025-10-27 04:09:23.377441,419.69175602266995,419.7585059863098,418.83471622411207,419.69175602266995,2883145
2025-10-27 05:09:23.377441,419.54489768762835,419.6689254335137,419.4210144951514,419.54489768762835,3834523
2025-10-27 06:09:23.377441,418.91075963639366,419.5460975188684,418.5854757915927,418.91075963639366,2167498
2025-10-27 07:09:23.377441,419.3602591286387,419.97962673229165,419.2943659238143,419.3602591286387,1516576
2025-10-27 08:09:23.377441,418.6066955973133,419.0955359364557,418.5329413579176,418.6066955973133,4791296
2025-10-27 09:09:23.377441,418.63028923964214,418.72103805660015,418.35112616838563,418.63028923964214,2488204
2025-10-27 10:09:23.377441,418.62265426323665,419.0820099598841,418.539801862631,418.62265426323665,2354596
2025-10-27 11:09:23.377441,419.53181523127887,419.77886360003004,419.2769612797508,419.53181523127887,3978131
2025-10-27 12:09:23.377441,419.93011725393325,420.28170896477627,419.7603134749299,419.93011725393325,3826176
2025-10-27 13:09:23.377441,419.90909810649254,420.1643504589641,419.6209232535483,419.90909810649254,3933811
2025-10-27 14:09:23.377441,420.5958731248107,420.8226259088631,419.9932974928018,420.5958731248107,4833538
2025-10-27 15:09:23.377441,421.765304240618,421.99654499571517,421.7037954773882,421.765304240618,2133009
2025-10-27 16:09:23.377441,422.23583430775204,422.58769774724954,421.9886999118547,422.23583430775204,3170856
2025-10-27 17:09:23.377441,422.24457680190574,422.7110991243866,422.02716999577825,422.24457680190574,1531149
2025-10-27 18:09:23.377441,421.13674533238157,421.2296234311651,420.7914446800709,421.13674533238157,1238366
2025-10-27 19:09:23.377441,420.23962832942834,420.75146303091367,420.1033277201194,420.23962832942834,1324058
2025-10-27 20:09:23.377441,419.9830932967984,420.1986270934354,419.7593575941792,419.9830932967984,2112464
2025-10-27 21:09:23.377441,419.47112365666845,419.77226990046466,419.11890891196157,419.47112365666845,1865718
2025-10-27 22:09:23.377441,419.31426553155876,419.4109277954532,418.74503906139375,419.31426553155876,3682733
2025-10-27 23:09:23.377441,419.36177377486,419.8565054308051,418.98406662630134,419.36177377486,1213596
2025-10-28 00:09:23.377441,419.8060395609055,419.8875271167046,419.40126254757695,419.8060395609055,1068515
2025-10-28 01:09:23.377441,419.74684793528377,419.9698234610235,419.2934978088666,419.74684793528377,1416740
2025-10-28 02:09:23.377441,420.15526299830657,420.3585663199452,419.75914544219626,420.15526299830657,3366361
2025-10-28 03:09:23.377441,420.20944152772904,420.67263509641225,420.0046712662168,420.20944152772904,4838772
2025-10-28 04:09:23.377441,418.5492221225205,418.8344046156022,418.10056671126625,418.5492221225205,4758736
2025-10-28 05:09:23.377441,417.76290592573054,417.9336069019786,417.3955741954196,417.76290592573054,2213013
2025-10-28 06:09:23.377441,417.6425170537586,417.7710709584155,417.4969289104672,417.6425170537586,2893884
2025-10-28 07:09:23.377441,416.63207713922486,416.98145888229135,416.5799254571229,416.63207713922486,1941208
2025-10-28 08:09:23.377441,417.13197624505256,417.5018392104634,416.77871463941244,417.13197624505256,1188929
2025-10-28 09:09:23.377441,418.4090264847211,418.63279888576875,418.3608156257515,418.4090264847211,4282422
2025-10-28 10:09:23.377441,419.4289084044919,419.94437835510126,419.267452229008,419.4289084044919,3967381
2025-10-28 11:09:23.377441,419.2498601837699,419.51705136760575,419.02308436299097,419.2498601837699,3338692
2025-10-28 12:09:23.377441,420.4998336326632,420.692585165246,420.1314046436252,420.4998336326632,3060035
2025-10-28 13:09:23.377441,420.62486291470333,421.50271836830206,420.3437403087412,420.62486291470333,4114659
2025-10-28 14:09:23.377441,420.34128943391937,420.58702840464974,420.31561680747006,420.34128943391937,2664005
2025-10-28 15:09:23.377441,419.8256125008494,419.83865183636556,419.381252013535,419.8256125008494,4109363
2025-10-28 16:09:23.377441,419.57164345806376,419.9533208243534,418.52352789149575,419.57164345806376,3053780
2025-10-28 17:09:23.377441,419.24590748664843,419.6385339516142,419.16186560656195,419.24590748664843,3343628
2025-10-28 18:09:23.377441,419.38880009424895,419.6688593611639,419.1334320075183,419.38880009424895,4126389
2025-10-28 19:09:23.377441,419.5234859527267,419.6460676646842,419.41354277142614,419.5234859527267,4093988
2025-10-28 20:09:23.377441,419.52604170671276,419.60463110830165,418.7081497962003,419.52604170671276,2413110
2025-10-28 21:09:23.377441,419.89265558836127,420.83247244474285,419.7453364894548,419.89265558836127,2407576
2025-10-28 22:09:23.377441,420.89254284073417,421.7851297205795,419.9588568111012,420.89254284073417,2901209
2025-10-28 23:09:23.377441,421.6918633499958,421.9477734576486,421.11427153767653,421.6918633499958,3523062
2025-10-29 00:09:23.377441,420.43952456759524,420.6319540982365,419.98290429543505,420.43952456759524,1022995
2025-10-29 01:09:23.377441,418.29198579211265,419.44124504874964,417.7668605233411,418.29198579211265,1878752
2025-10-29 02:09:23.377441,419.0736228541874,419.2830465895568,418.67723383586093,419.0736228541874,2653005
2025-10-29 03:09:23.377441,417.9279772378931,418.1479109400932,417.55159533353776,417.9279772378931,3049079
2025-10-29 04:09:23.377441,417.74010573836097,418.3200701086303,417.26689603303953,417.74010573836097,2712355
2025-10-29 05:09:23.377441,416.76249945989724,416.92296211249334,416.6164782927798,416.76249945989724,1441168
2025-10-29 06:09:23.377441,415.2605037176099,415.4195439163317,414.90988929262835,415.2605037176099,4137684
2025-10-29 07:09:23.377441,415.71019988812714,415.7689219220685,415.6675959770501,415.71019988812714,1689197
2025-10-29 08:09:23.377441,416.3413769749982,417.2284199569379,416.1403558710001,416.3413769749982,4216527
2025-10-29 09:09:23.377441,415.86132670684026,416.1807943791345,415.1206118055255,415.86132670684026,2752813
2025-10-29 10:09:23.377441,413.70629813651044,413.79540902741434,412.78353946920663,413.70629813651044,1499471
2025-10-29 11:09:23.377441,413.2543285993821,413.464372814819,413.1606503524664,413.2543285993821,2880695
2025-10-29 12:09:23.377441,413.57815800177247,415.20196416027756,413.34590998343344,413.57815800177247,1755027
2025-10-29 13:09:23.377441,412.35486695685023,413.21426107074024,412.1267976789814,412.35486695685023,2085852
2025-10-29 14:09:23.377441,412.50608566750174,413.2175335314585,412.21903759907957,412.50608566750174,2607387
2025-10-29 15:09:23.377441,412.49345485559274,412.6120250759599,412.00941759683104,412.49345485559274,4342855
2025-10-29 16:09:23.377441,412.9713627596706,413.09002136888216,412.85880959467687,412.9713627596706,3413911
2025-10-29 17:09:23.377441,413.07012929507727,413.0889290441283,412.9294381431763,413.07012929507727,1489858
2025-10-29 18:09:23.377441,412.2662378686313,412.44113618576847,412.06004578197326,412.2662378686313,4648984
2025-10-29 19:09:23.377441,413.25284993129543,413.4883350128748,412.6920924399439,413.25284993129543,1010514
2025-10-29 20:09:23.377441,413.12182433559184,413.2579515855663,413.02963493850837,413.12182433559184,3144608
2025-10-29 21:09:23.377441,413.09926413324183,413.7260074708992,412.87128044439663,413.09926413324183,3104385
2025-10-29 22:09:23.377441,412.3281995189773,412.637684475718,412.04772142188204,412.3281995189773,2311822
2025-10-29 23:09:23.377441,411.9626439739523,412.134100521396,411.1647742099057,411.9626439739523,4211861
2025-10-30 00:09:23.377441,411.2336326430206,411.6983551624527,410.9205377496852,411.2336326430206,3930299
2025-10-30 01:09:23.377441,411.0913901700734,411.27638658146134,410.7303437085349,411.0913901700734,4624137
2025-10-30 02:09:23.377441,412.49872740740864,413.0172998595256,412.45752416583025,412.49872740740864,1896977
2025-10-30 03:09:23.377441,411.36691245623274,411.5871315981081,411.16915004277354,411.36691245623274,1628373
2025-10-30 04:09:23.377441,410.0393809156265,410.1863610153241,409.4256707067474,410.0393809156265,1633389
2025-10-30 05:09:23.377441,411.2458564562403,411.5464591958789,411.04230395335003,411.2458564562403,4545200
2025-10-30 06:09:23.377441,411.07368946646653,411.3852511976419,410.8691505038095,411.07368946646653,2157260
2025-10-30 07:09:23.377441,410.5236130680618,410.8050301817761,410.05164555702845,410.5236130680618,2375520
2025-10-30 08:09:23.377441,411.37742392709436,412.1378998667847,411.25541887012554,411.37742392709436,4667844
2025-10-30 09:09:23.377441,410.87915080584,410.9512863706789,410.35829922940536,410.87915080584,3716377
2025-10-30 10:09:23.377441,412.3796894467708,412.65542910750395,412.260623882555,412.3796894467708,4711564
2025-10-30 11:09:23.377441,412.93881516735246,412.9793110609361,412.46099680181055,412.93881516735246,3038170
2025-10-30 12:09:23.377441,412.53586004977984,413.0704536298249,411.98589679738484,412.53586004977984,4355000
2025-10-30 13:09:23.377441,414.3157940480838,414.6136176595434,413.6729780186396,414.3157940480838,4581311
2025-10-30 14:09:23.377441,413.813879529502,414.1221730682938,413.539913291311,413.813879529502,2963853
2025-10-30 15:09:23.377441,414.42805825924614,414.5087462816241,413.93547038580107,414.42805825924614,4783831
2025-10-30 16:09:23.377441,414.6761287451447,414.7027460499392,413.9092424117067,414.6761287451447,4366722
2025-10-30 17:09:23.377441,415.75573082217585,415.79387744340244,415.4052049485757,415.75573082217585,1987886
2025-10-30 18:09:23.377441,417.0541452797402,417.159343182677,416.5691786306881,417.0541452797402,1127602
2025-10-30 19:09:23.377441,417.08084020580833,417.12931711276997,416.838926506452,417.08084020580833,4796286
2025-10-30 20:09:23.377441,416.4523678890282,416.54178570257653,415.9707757838809,416.4523678890282,2961328
2025-10-30 21:09:23.377441,416.8354808652082,417.4932964645942,416.48113763790633,416.8354808652082,3909154
2025-10-30 22:09:23.377441,416.27048924112745,416.680702863881,416.0966210700462,416.27048924112745,4569199
2025-10-30 23:09:23.377441,417.94671663024695,418.3099769384251,417.9018106067708,417.94671663024695,4691198
2025-10-31 00:09:23.377441,418.06084561690705,418.25128885636855,417.8989007681458,418.06084561690705,2350093
2025-10-31 01:09:23.377441,417.75539234357984,418.1268774946643,417.6203798655558,417.75539234357984,4450891
2025-10-31 02:09:23.377441,417.9096947308493,418.30892409551865,417.37317521885757,417.9096947308493,1193691
2025-10-31 03:09:23.377441,416.7837404580068,417.1488625170135,416.24401152212755,416.7837404580068,3375339
2025-10-31 04:09:23.377441,415.9738345915028,416.58642705958545,415.74745316467704,415.9738345915028,4584476
2025-10-31 05:09:23.377441,416.97251614427205,417.2243594655848,416.6198395923374,416.97251614427205,3329514
2025-10-31 06:09:23.377441,416.4247024235851,416.5202921540852,416.21063407816445,416.4247024235851,3294160
2025-10-31 07:09:23.377441,415.55278323473044,416.23407544153713,415.36114286903984,415.55278323473044,1281383
2025-10-31 08:09:23.377441,415.998798324617,416.1620658331154,415.68406832899825,415.998798324617,2190064
2025-10-31 09:09:23.377441,416.98530133163365,417.40085658628584,416.4038173851399,416.98530133163365,4804500
2025-10-31 10:09:23.377441,417.58488725741574,417.77968867775684,417.14479807236876,417.58488725741574,3965560
2025-10-31 11:09:23.377441,418.41675617857624,418.6847436568821,417.9169477649384,418.41675617857624,1548694
2025-10-31 12:09:23.377441,417.783444686474,417.86303373032126,417.6640408048142,417.783444686474,4409747
2025-10-31 13:09:23.377441,416.59542677038723,416.7304274463571,416.24333949639004,416.59542677038723,2561023
2025-10-31 14:09:23.377441,417.8463242373095,418.32588286590277,417.6150926848584,417.8463242373095,3003146
2025-10-31 15:09:23.377441,417.5766630681781,417.61224454581816,417.5624966855413,417.5766630681781,3592440
2025-10-31 16:09:23.377441,417.3671790401808,418.61558102248125,416.7015802446646,417.3671790401808,4544696
2025-10-31 17:09:23.377441,418.47586832458325,418.5540798566566,418.299815681189,418.47586832458325,1479969
2025-10-31 18:09:23.377441,418.9414059969275,419.62447875008985,418.6992910541263,418.9414059969275,3306249
2025-10-31 19:09:23.377441,419.3233865253528,419.8290882301622,418.95390109835563,419.3233865253528,3491721
2025-10-31 20:09:23.377441,421.1390587555514,421.46645535636424,421.13850045624554,421.1390587555514,1682346
2025-10-31 21:09:23.377441,420.5970374318827,420.79331786435307,420.4307245368901,420.5970374318827,2004411
2025-10-31 22:09:23.377441,421.3775310500455,422.01844889875764,420.974033007971,421.3775310500455,4119557
2025-10-31 23:09:23.377441,421.42557914965863,421.82547684401186,421.1772194727178,421.42557914965863,1801123
2025-11-03 00:09:23.377441,421.6519624630088,422.38874158454547,421.4585765820354,421.6519624630088,1200919
2025-11-03 01:09:23.377441,422.94092588612796,423.33518784941947,422.5785913459252,422.94092588612796,3931659
2025-11-03 02:09:23.377441,423.3704949360544,423.47064546508403,422.6603429681958,423.3704949360544,4156522
2025-11-03 03:09:23.377441,423.8262922908732,424.3075979673046,423.48503933267466,423.8262922908732,1199542
2025-11-03 04:09:23.377441,424.7354059073267,425.20528793137345,424.278030373505,424.7354059073267,2720342
2025-11-03 05:09:23.377441,424.42538921588795,424.7753339598084,423.5045230333968,424.42538921588795,4483802
2025-11-03 06:09:23.377441,423.7130254364997,423.9708928293832,423.2070318324187,423.7130254364997,2819833
2025-11-03 07:09:23.377441,422.82762690729464,423.05129329628215,422.4222288879354,422.82762690729464,4187436
2025-11-03 08:09:23.377441,421.1647671266159,421.6097519801849,420.5951381193909,421.1647671266159,2950500
2025-11-03 09:09:23.377441,422.8967711207068,423.4140090005938,422.2270767038814,422.8967711207068,1893061
2025-11-03 10:09:23.377441,421.96368460923264,422.07291176579,421.7894140665274,421.96368460923264,2223045
2025-11-03 11:09:23.377441,421.7769626207498,421.9256410956121,421.6866737974069,421.7769626207498,1647601
2025-11-03 12:09:23.377441,421.5434556750695,421.7838835610165,421.3835198126613,421.5434556750695,3904936
2025-11-03 13:09:23.377441,421.80262623845374,422.57056149196353,421.51138304610174,421.80262623845374,2936983
2025-11-03 14:09:23.377441,422.4907864355927,422.60488318132224,422.37856570325664,422.4907864355927,2404568
2025-11-03 15:09:23.377441,423.2178706772009,424.02717115608993,422.9394935463806,423.2178706772009,1760956
2025-11-03 16:09:23.377441,422.7243330932188,422.7533463745777,422.69494010388854,422.7243330932188,4554382
2025-11-03 17:09:23.377441,422.58304026320724,423.1612669923551,422.0814369884047,422.58304026320724,4103577
2025-11-03 18:09:23.377441,422.82186725239677,423.66213100113737,422.374600285256,422.82186725239677,3928583
2025-11-03 19:09:23.377441,422.6115631597127,422.9967155843364,422.36259756040175,422.6115631597127,4688498
2025-11-03 20:09:23.377441,423.9701288125521,424.01496526105984,423.5734639292493,423.9701288125521,1163543
2025-11-03 21:09:23.377441,424.3864462395318,424.9227462255508,424.3109403044967,424.3864462395318,4979439
2025-11-03 22:09:23.377441,425.01019058361595,425.3698834984926,424.62223664083893,425.01019058361595,1371557
2025-11-03 23:09:23.377441,425.57365317227726,425.8049436768817,425.39600579966896,425.57365317227726,1499964
2025-11-04 00:09:23.377441,426.57245228514165,426.6576859118452,426.425688360102,426.57245228514165,3151365
2025-11-04 01:09:23.377441,426.7268899055671,426.83955437374726,426.57824311855427,426.7268899055671,3997493
2025-11-04 02:09:23.377441,425.62010377780433,426.1616430065618,425.2379692517574,425.62010377780433,1799458
2025-11-04 03:09:23.377441,425.9603342328117,426.2723468137347,425.7525910891433,425.9603342328117,4384425
2025-11-04 04:09:23.377441,425.4054298324429,425.5282544463298,424.9484027387654,425.4054298324429,3444480
2025-11-04 05:09:23.377441,424.9556770190102,425.65893082986287,424.74472897090624,424.9556770190102,1005435
2025-11-04 06:09:23.377441,425.45403445614954,425.8624900257409,424.5711896633998,425.45403445614954,1139565
2025-11-04 07:09:23.377441,426.5076995132299,426.56003581820755,426.00436576071667,426.5076995132299,4349027
2025-11-04 08:09:23.377441,426.5258444957473,426.56567022653826,426.03777392832916,426.5258444957473,3942905
2025-11-04 09:09:23.377441,426.7892950187612,427.27165386964236,426.1969675785335,426.7892950187612,1920267
2025-11-04 10:09:23.377441,428.2422692511437,429.27505114339345,427.9151519607692,428.2422692511437,4428261
2025-11-04 11:09:23.377441,428.4484706269709,429.09816734081215,428.425717099004,428.4484706269709,3128650
2025-11-04 12:09:23.377441,430.67784492962414,430.9371639502435,430.44054927388083,430.67784492962414,4995915
2025-11-04 13:09:23.377441,431.1649498805591,431.19600965024404,431.09250755467923,431.1649498805591,1887977
2025-11-04 14:09:23.377441,429.64659150695314,429.73776636755844,429.2404845928543,429.64659150695314,1560113
2025-11-04 15:09:23.377441,430.2939328264489,430.70353756434196,430.07842803147196,430.2939328264489,2327654
2025-11-04 16:09:23.377441,430.6219531073708,430.6553179195832,430.24366300328325,430.6219531073708,3627014
2025-11-04 17:09:23.377441,431.73274480734824,431.8440250189852,431.4122009826762,431.73274480734824,4800714
2025-11-04 18:09:23.377441,432.314013672422,432.85084417082857,432.0383756430396,432.314013672422,2742115
2025-11-04 19:09:23.377441,432.194300748116,432.33872989109364,432.10065153903133,432.194300748116,4016243
2025-11-04 20:09:23.377441,431.13603130783554,431.20296907797047,431.00524616364646,431.13603130783554,3139934
2025-11-04 21:09:23.377441,430.9557963926409,431.7779771181098,430.86147471282067,430.9557963926409,4118880
2025-11-04 22:09:23.377441,430.2227229532569,430.59288013538264,429.8930678140912,430.2227229532569,1447628
2025-11-04 23:09:23.377441,429.72321419463043,429.90095009386107,429.2762188059661,429.72321419463043,2109137
2025-11-05 00:09:23.377441,430.2290658021368,431.0412038994805,429.39218634252774,430.2290658021368,3567592
2025-11-05 01:09:23.377441,431.6659487119086,431.906193744419,430.87984786612054,431.6659487119086,4019065
2025-11-05 02:09:23.377441,432.0066812326098,432.5836181931239,431.7484848002869,432.0066812326098,1464535
2025-11-05 03:09:23.377441,430.9734222870656,431.18289101007167,430.813870801886,430.9734222870656,2540808
2025-11-05 04:09:23.377441,431.35664615402715,432.02408601327636,431.1045983548933,431.35664615402715,3648191
2025-11-05 05:09:23.377441,432.38899604355066,432.8571397413662,432.3455514476059,432.38899604355066,2348894
2025-11-05 06:09:23.377441,431.8616692079443,432.0651298864834,431.836884363149,431.8616692079443,2957686
2025-11-05 07:09:23.377441,431.7459154533405,431.78634249536725,431.56866213091126,431.7459154533405,1056572
2025-11-05 08:09:23.377441,431.7585985894999,432.3310226920574,431.65883235573597,431.7585985894999,2896424
2025-11-05 09:09:23.377441,431.0808253981166,431.63569693168427,430.48025167151684,431.0808253981166,4550985
2025-11-05 10:09:23.377441,431.63974792713833,432.24279966838486,431.27745148704855,431.63974792713833,3513595
2025-11-05 11:09:23.377441,431.5353358703837,431.7871796016922,431.15868132091657,431.5353358703837,4967361
2025-11-05 12:09:23.377441,431.89742201856353,432.3458951673974,431.48014142047396,431.89742201856353,3133221
2025-11-05 13:09:23.377441,431.1308108512548,431.7858477567388,431.09658405546855,431.1308108512548,1737550
2025-11-05 14:09:23.377441,430.7536073477907,431.9735685882471,430.6241805564941,430.7536073477907,1812802
2025-11-05 15:09:23.377441,431.3759440993209,431.5705631778059,430.9421518564953,431.3759440993209,2798954
2025-11-05 16:09:23.377441,431.0542815933707,431.2921118275021,430.8990312798043,431.0542815933707,2960350
2025-11-05 17:09:23.377441,432.54311191783296,433.06227687018094,432.31055694865347,432.54311191783296,1782533
2025-11-05 18:09:23.377441,432.19739215911153,432.3975692919537,431.9141283330392,432.19739215911153,1929090
2025-11-05 19:09:23.377441,432.3916084641674,432.56950587658326,431.9288666129227,432.3916084641674,3802743
2025-11-05 20:09:23.377441,433.1980973638325,433.69796496645887,432.4534122410583,433.1980973638325,1387902
2025-11-05 21:09:23.377441,431.9692306900872,432.7769015736938,431.5820425611128,431.9692306900872,2971402
2025-11-05 22:09:23.377441,430.4480002342799,430.6152382250069,430.35360198178523,430.4480002342799,2900302
2025-11-05 23:09:23.377441,429.13456881497694,429.216286288872,428.79475461125145,429.13456881497694,2652332
2025-11-06 00:09:23.377441,430.2182057846107,430.41146785688676,429.9727058825818,430.2182057846107,1684659
2025-11-06 01:09:23.377441,429.74336694186377,429.9624529866851,429.37702419682256,429.74336694186377,4236443
2025-11-06 02:09:23.377441,431.94210529052646,431.95698181363105,431.41116913950395,431.94210529052646,4216521
2025-11-06 03:09:23.377441,431.4546606991881,432.5282611331634,430.828137749992,431.4546606991881,1439717
2025-11-06 04:09:23.377441,431.61391173899307,431.8980209111365,431.60780471939296,431.61391173899307,1712494
2025-11-06 05:09:23.377441,432.94510395691196,433.1414483336143,432.6868905578878,432.94510395691196,3733112
2025-11-06 06:09:23.377441,434.6821601449345,435.10914583764185,434.5521111658198,434.6821601449345,3500145
2025-11-06 07:09:23.377441,436.47435780061215,436.5001029008509,436.1212852819914,436.47435780061215,2190897
2025-11-06 08:09:23.377441,437.52919954958435,437.72471931716126,437.2734832935685,437.52919954958435,4790918
2025-11-06 09:09:23.377441,438.42531406399837,438.5754963049668,438.0967766836669,438.42531406399837,4167118
2025-11-06 10:09:23.377441,438.9448716915882,439.0196958896763,438.84762933818683,438.9448716915882,4166097
2025-11-06 11:09:23.377441,439.6281868970037,440.0514312691464,439.11076117732017,439.6281868970037,3241105
2025-11-06 12:09:23.377441,439.14355334277764,439.23428535430406,438.34407322202753,439.14355334277764,2320307
2025-11-06 13:09:23.377441,438.4249398127633,438.69247380018817,438.1766182981997,438.4249398127633,3322024
2025-11-06 14:09:23.377441,438.4219809201887,438.4908013166874,438.057381841425,438.4219809201887,3564695
2025-11-06 15:09:23.377441,438.2727555615296,438.52981623726436,438.1809505307616,438.2727555615296,1893441
2025-11-06 16:09:23.377441,437.87548054937673,437.97365941515255,437.4443772289047,437.87548054937673,1481127
2025-11-06 17:09:23.377441,438.48534252578406,438.7986884446036,438.48273147307526,438.48534252578406,3578515
2025-11-06 18:09:23.377441,439.32311718897745,440.22370378153647,438.9786866440858,439.32311718897745,3860074
2025-11-06 19:09:23.377441,439.4007955667109,439.9100936329732,439.3180733862995,439.4007955667109,1925337
2025-11-06 20:09:23.377441,440.6992513528897,440.84743856449035,440.1734473708737,440.6992513528897,2559366
2025-11-06 21:09:23.377441,439.69296827713697,439.88005320885543,439.2438151419439,439.69296827713697,2095589
2025-11-06 22:09:23.377441,439.52266687216564,440.0488840329507,439.11878296461776,439.52266687216564,1641629
2025-11-06 23:09:23.377441,438.89254755611597,439.4945649195092,438.6908076243316,438.89254755611597,1914217
2025-11-07 00:09:23.377441,437.25412953416804,437.5643355421403,436.7819639646293,437.25412953416804,4864708
2025-11-07 01:09:23.377441,437.18182459153314,437.30797283687957,436.9135752426739,437.18182459153314,2195402
2025-11-07 02:09:23.377441,437.0753729958242,437.4179323584064,436.9896009134852,437.0753729958242,1631872
2025-11-07 03:09:23.377441,438.39835621790013,439.1589495608893,438.159084219842,438.39835621790013,1078113
2025-11-07 04:09:23.377441,438.95144982908386,439.32753118184223,437.9982354125569,438.95144982908386,3586999
2025-11-07 05:09:23.377441,438.05231324621354,438.29567179808424,438.0487592394797,438.05231324621354,2921792
2025-11-07 06:09:23.377441,439.6766923215241,439.7665574148861,439.6071841738423,439.6766923215241,4181010
2025-11-07 07:09:23.377441,440.7504124344476,441.2802603338735,440.6280846890077,440.7504124344476,1167809
2025-11-07 08:09:23.377441,441.26353204020944,441.4381315086392,440.6937399851742,441.26353204020944,2559764
2025-11-07 09:09:23.377441,441.06365369339056,441.20367078867446,440.8776218327864,441.06365369339056,2539219
2025-11-07 10:09:23.377441,440.21730614289845,440.3638370534373,439.64053699059286,440.21730614289845,1286268
2025-11-07 11:09:23.377441,439.88960241431823,439.93068232255047,439.79460362688417,439.88960241431823,1395412
2025-11-07 12:09:23.377441,440.84746080921985,441.08081552691755,440.4341762370824,440.84746080921985,4993687
2025-11-07 13:09:23.377441,442.50909098451405,443.1792578643526,441.78555924057235,442.50909098451405,3489667
2025-11-07 14:09:23.377441,443.87488956624094,444.01763671740935,443.2926617813003,443.87488956624094,1096651
2025-11-07 15:09:23.377441,443.44091360002113,444.2191227246193,442.95661333405053,443.44091360002113,2295125
2025-11-07 16:09:23.377441,442.4479452450207,442.45608700875,442.33570678575427,442.4479452450207,1085395
2025-11-07 17:09:23.377441,442.572614905939,442.67231063535377,442.41985445967487,442.572614905939,3632785
2025-11-07 18:09:23.377441,441.0072892372995,441.31278502172654,440.79152442103845,441.0072892372995,4008128
2025-11-07 19:09:23.377441,441.2923278725029,441.8524736821636,440.98944531446693,441.2923278725029,2869085
2025-11-07 20:09:23.377441,441.16205609468744,441.91314096179923,440.7919684777715,441.16205609468744,4538301
2025-11-07 21:09:23.377441,440.75086085192873,440.8400374431272,440.72096096852096,440.75086085192873,4867488
2025-11-07 22:09:23.377441,439.3451273525267,440.0620757296781,438.4576821215377,439.3451273525267,4682071
2025-11-07 23:09:23.377441,439.796422760985,440.1188080501822,439.1622605056153,439.796422760985,1365837
