,Open,High,Low,Close,Volume
2024-11-11 09:30:00,380.1887513781443,380.29388444218915,379.50775671104344,380.0,4234489
2024-11-11 10:00:00,379.6470453219871,379.9947328065377,379.5166395818698,379.8643270664204,10237155
2024-11-11 11:00:00,379.6472801242571,379.9055376510295,379.54218749861366,379.800445025386,6187692
2024-11-11 12:00:00,379.63796908642075,379.83687776850354,379.5610949545816,379.7600036366644,12077289
2024-11-11 13:00:00,379.81410599458485,379.91513906376684,379.56000256035,379.66103562953197,12362997
2024-11-11 14:00:00,379.803673528261,379.9182696082947,379.4499735801071,379.56456966014076,15638720
2024-11-11 15:00:00,379.3361831488083,379.5916216000918,379.2504805808806,379.5059190321641,13873451
2024-11-12 09:30:00,379.6484480336858,379.83355664417275,379.1676280318264,379.35273664231335,17916808
2024-11-12 10:00:00,380.40669729787527,380.97247326578184,378.7797952795766,379.3455712474832,5450682
2024-11-12 11:00:00,379.8011246020654,380.1652878956771,378.8569149860585,379.2210782796702,20421169
2024-11-12 12:00:00,379.1772220133218,379.2126808823911,379.0850203088898,379.1204791779591,13530775
2024-11-12 13:00:00,379.52125586291294,379.79443146772695,378.7741630554662,379.0473386602802,10585423
2024-11-12 14:00:00,378.7907531775836,379.02488427838307,378.7178155544607,378.95194665526014,18745841
2024-11-12 15:00:00,378.6083430928292,379.0718172260578,378.4015589936363,378.8650331268649,10242259
2024-11-13 09:30:00,378.2936465808601,379.0206033160989,378.0583414869872,378.785298222226,8910838
2024-11-13 10:00:00,379.25252867719104,379.65474079760753,378.2886336845045,378.69084580492097,10905813
2024-11-13 11:00:00,378.33723836491475,378.92504485327754,378.12497170679706,378.71277819515984,1772467
2024-11-13 12:00:00,378.6064332643611,378.6279664989499,378.55965867978085,378.58119191436964,19096663
2024-11-13 13:00:00,378.498028269242,378.51938454464243,378.44302269973605,378.46437897513647,9043252
2024-11-13 14:00:00,378.6945192514268,378.93611230306726,378.13614650837917,378.3777395600196,3432596
2024-11-13 15:00:00,378.3379126035837,378.3944963438494,378.31787462716665,378.3744583674324,3393917
2024-11-14 09:30:00,378.74096889107557,379.0697249639099,378.0080118555396,378.33676792837394,9104119
2024-11-14 10:00:00,378.18841899703955,378.3575838129541,378.11229867684307,378.2814634927576,3453111
2024-11-14 11:00:00,378.1927235286279,378.30498474130485,378.1490047613175,378.26126597399445,8318309
2024-11-14 12:00:00,378.2002578365162,378.2117768506701,378.17188474855874,378.18340376271266,7634364
2024-11-14 13:00:00,378.17305044533833,378.218418658057,378.04682555929776,378.0921937720164,17944739
2024-11-14 14:00:00,378.11496634422434,378.12743188940067,378.07615579543284,378.08862134060917,1389489
2024-11-14 15:00:00,378.491585814508,378.86678213845477,377.57177470567353,377.9469710296203,15297012
2024-11-15 09:30:00,378.24593915799284,378.49431938454126,377.59401830735504,377.84239853390346,19965788
2024-11-15 10:00:00,378.67004554144154,379.09089259488616,377.3914304890596,377.8122775425042,4320617
2024-11-15 11:00:00,377.8499270517082,377.9152156743,377.6981524311531,377.7634410537449,11773285
2024-11-15 12:00:00,377.9921704447539,378.15512248927166,377.56071926264684,377.7236713071646,6226765
2024-11-15 13:00:00,377.9580670575208,378.1359336818744,377.4327262461956,377.6105928705492,18421255
2024-11-15 14:00:00,377.82059035260187,378.03436324151306,377.32063949385895,377.53441238277014,13591955
2024-11-15 15:00:00,377.5581308311136,377.63656872711977,377.38710658076457,377.46554447677073,16641806
2024-11-18 09:30:00,377.06360740587945,377.659999119785,376.79293525704327,377.38932697094884,14113253
2024-11-18 10:00:00,377.13269289894873,377.4041050685609,377.0395208959528,377.310933065565,4619463
2024-11-18 11:00:00,377.9857890827478,378.4445934571721,376.78401445369207,377.2428188281164,11002052
2024-11-18 12:00:00,377.6386775963254,377.9146093774773,376.8618905448872,377.1378223260391,11862863
2024-11-18 13:00:00,376.71149515178894,377.22362581498544,376.48612444340415,376.99825510660065,5304222
2024-11-18 14:00:00,376.67115592961966,377.0805577286632,376.51517961292296,376.9245814119665,8813937
2024-11-18 15:00:00,376.83427235225696,376.87933228465124,376.8151983544903,376.8602582868846,8158776
2024-11-19 09:30:00,376.3302400346385,376.95749683819906,376.056346750765,376.68360355432554,27146409
2024-11-19 10:00:00,376.7553989614009,376.8394946440443,376.5252536641682,376.6093493468116,11668469
2024-11-19 11:00:00,376.4389478398843,376.6235091294424,376.36808209289217,376.5526433824503,12156199
2024-11-19 12:00:00,376.3594849361311,376.48048430508936,376.3096382042665,376.4306375732248,15310522
2024-11-19 13:00:00,376.1086988394244,376.61278271603095,375.9206257191448,376.4247095957514,6196130
2024-11-19 14:00:00,376.8213867271601,377.07399711658485,376.15585976932636,376.40847015875113,5262141
2024-11-19 15:00:00,376.6556942373789,376.81594213639846,376.1662041431637,376.3264520421833,16030847
2024-11-20 09:30:00,376.7537954306135,377.0891228041845,375.98063818430745,376.3159655578785,6060879
2024-11-20 10:00:00,377.0270325085613,377.50313878074695,375.7543205719064,376.23042684409205,13742411
2024-11-20 11:00:00,376.3648556844182,376.5208401404271,375.9909777929024,376.1469622489113,6693075
2024-11-20 12:00:00,376.7338944989519,377.08124106925794,375.75168370941446,376.0990302797205,4559143
2024-11-20 13:00:00,376.79233640662915,377.32907898272344,375.5271588122674,376.06390138836167,8470231
2024-11-20 14:00:00,375.8150273885348,376.2323904899161,375.65098974575545,376.06835284713674,2710129
2024-11-20 15:00:00,375.8508812006127,375.99420445732864,375.8039814823741,375.94730473909004,14729944
2024-11-21 09:30:00,375.8216454460552,375.99464857522463,375.75935657457467,375.9323597037441,3789739
2024-11-21 10:00:00,376.1496099374079,376.33868793218073,375.68349999265826,375.8725779874311,12172481
2024-11-21 11:00:00,375.3014884814113,376.0028101279832,375.0357195621537,375.7370412087256,5270816
2024-11-21 12:00:00,375.4307137192534,375.793099783103,375.3113262043321,375.6737122681817,7379679
2024-11-21 13:00:00,375.6664083669355,375.68215575375285,375.62691149701214,375.6426588838295,3849893
2024-11-21 14:00:00,375.6949498861969,375.7829042301629,375.5067187417156,375.59467308568156,6015265
2024-11-21 15:00:00,376.3209013974796,376.8933144032363,374.9612692902893,375.533682296046,8621703
2024-11-22 09:30:00,375.55655102315603,375.64026998732123,375.3555127202481,375.4392316844133,15247429
2024-11-22 10:00:00,375.0508764584418,375.61322911732344,374.7983528262198,375.36070548510145,7433183
2024-11-22 11:00:00,375.58153664677656,375.85196324335277,375.00469006048763,375.27511665706385,18125911
2024-11-22 12:00:00,375.070577602382,375.2735381649203,375.0059175113825,375.2088780739208,15429299
2024-11-22 13:00:00,375.2867707846279,375.35473508265926,375.1042996147983,375.1722639128297,11525389
2024-11-22 14:00:00,375.16160097023857,375.1649142255963,375.1601683222789,375.1634815776366,4840213
2024-11-22 15:00:00,375.2787691357758,375.363914523194,375.0845723220681,375.1697177094863,4905629
2024-11-25 09:30:00,375.7993671138368,376.2938751043994,374.6075499608007,375.1020579513633,8923785
2024-11-25 10:00:00,374.89660574571695,375.2283238405897,374.7587337293223,375.09045182419504,7326001
2024-11-25 11:00:00,375.519694660491,375.76481549952285,374.8346634097264,375.07978424875824,5563852
2024-11-25 12:00:00,375.42895880412505,375.80386252039114,374.5979156020293,374.97281931829536,16427535
2024-11-25 13:00:00,374.8711865120017,374.9681033512094,374.8258890601667,374.92280589937434,3326868
2024-11-25 14:00:00,375.32218382608283,375.59302491414786,374.6358151427742,374.90665623083925,2917947
2024-11-25 15:00:00,374.77821738378896,374.87448588032424,374.7334591683414,374.8297276648767,15086754
2024-11-26 09:30:00,375.45767737740863,375.9997572546768,374.20941874750906,374.75149862477724,8570292
2024-11-26 10:00:00,374.7723243738738,374.84920228777884,374.5756506322346,374.65252854613965,11418874
2024-11-26 11:00:00,374.5649710590804,374.6058586932764,374.5510546549713,374.5919422891673,12209077
2024-11-26 12:00:00,374.70053005457726,374.86355166882663,374.3099358436678,374.4729574579172,15097945
2024-11-26 13:00:00,374.39302727175465,374.3941510597321,374.39049825014445,374.3916220381219,3256974
2024-11-26 14:00:00,374.38450252920023,374.43131635492773,374.2348258479551,374.2816396736826,23564523
2024-11-26 15:00:00,373.97202231974103,374.4690297521982,373.75333812832827,374.25034556078543,10923942
2024-11-27 09:30:00,374.33421224954054,374.4270140111307,374.04935722233216,374.14215898392234,22605103
2024-11-27 10:00:00,374.2234250845066,374.3102233087193,373.97123293956764,374.05803116378036,3419192
2024-11-27 11:00:00,374.50705474416617,374.9116231989116,373.62959502757695,374.0341634823224,5328210
2024-11-27 12:00:00,373.80951681278765,373.92820999676866,373.7700559362107,373.88874912019173,5673554
2024-11-27 13:00:00,373.38308307396954,374.00173705713115,373.15855853763304,373.77721252079465,20578941
2024-11-27 14:00:00,374.4784824272896,374.9197207218069,373.28847829448273,373.7297165890001,13363558
2024-11-27 15:00:00,374.3593334233639,374.95329429041055,373.07762288752366,373.6715837545703,10426863
2024-11-28 09:30:00,373.49626614558923,373.85101904975085,373.3287896627945,373.68354256695613,1468956
2024-11-28 10:00:00,374.11459844335195,374.5168842294185,373.14257269728415,373.5448584833507,25185323
2024-11-28 11:00:00,373.2081848114057,373.57025219932774,373.07628891126933,373.43835629919135,22712336
2024-11-28 12:00:00,374.0045759790739,374.5689991801085,372.79520425760603,373.35962745864066,3615702
2024-11-28 13:00:00,373.1217094377814,373.3165982899332,373.05318549052976,373.24807434268155,19848438
2024-11-28 14:00:00,373.37346656402974,373.4582716085974,373.108647869218,373.1934529137856,14042052
2024-11-28 15:00:00,372.9141226387486,373.23822064362736,372.7824660580971,373.10656406297585,15250281
2024-11-29 09:30:00,372.896408577775,373.1775609968966,372.78676992746574,373.06792234658735,8063905
2024-11-29 10:00:00,373.32386613939184,373.550549087071,372.65389515205885,372.880578099738,28594755
2024-11-29 11:00:00,373.2109739923157,373.38858096242734,372.7406315833669,372.91823855347855,4751876
2024-11-29 12:00:00,372.87961313674697,373.0770907976837,372.8067992821691,373.0042769431058,5647609
2024-11-29 13:00:00,373.14753499818625,373.2370407332216,372.92477238102384,373.0142781160592,4680998
2024-11-29 14:00:00,372.5026556937101,373.4523560459464,372.14514734266436,373.09484769490064,5250633
2024-11-29 15:00:00,373.3736868568269,373.5302046433527,372.98119460944025,373.13771239596605,6340030
2024-12-02 09:30:00,372.96022147733277,373.3019486687676,372.851216510418,373.1929437018528,12773640
2024-12-02 10:00:00,373.2119177898941,373.2236776119398,373.1831268562837,373.19488667832945,3414084
2024-12-02 11:00:00,372.7478447739503,373.5741209663609,372.4144153317097,373.2406915241203,11236167
2024-12-02 12:00:00,373.9738306598498,374.44120411649914,372.8193915050063,373.28676496165565,9217758
2024-12-02 13:00:00,373.0551913945708,373.61831115056077,372.8072417522036,373.3703615081936,16140957
2024-12-02 14:00:00,373.3572200145559,373.5270053402983,373.28218202527574,373.45196735101814,3401198
2024-12-02 15:00:00,373.3589643521045,373.65419632947885,373.26504876021846,373.5602807375928,12005242
2024-12-03 09:30:00,373.7365365609099,373.7836615922025,373.58778598691475,373.6349110182074,3351651
2024-12-03 10:00:00,372.716984550222,374.3481011805559,372.1320512064789,373.7631678368128,24938412
2024-12-03 11:00:00,373.36650695321583,374.10690800877234,373.0896173510373,373.8300184065938,10232293
2024-12-03 12:00:00,373.38394195560085,374.18715698686736,373.06363533728313,373.86685036854965,2912395
2024-12-03 13:00:00,374.4511345542611,374.7868968276464,373.6363852227405,373.9721474961258,13617429
2024-12-03 14:00:00,373.9009661319313,374.1326641310332,373.8161262952264,374.04782429432834,4755312
2024-12-03 15:00:00,374.05818202705206,374.0751931123992,374.0520982343836,374.0691093197307,3051462
2024-12-04 09:30:00,373.59821539847303,374.49746870675017,373.23759374422343,374.13684705250057,15126546
2024-12-04 10:00:00,374.1335581814814,374.3147242075389,374.05444008820547,374.23560611426296,12221295
2024-12-04 11:00:00,374.51680192980444,374.64944104417316,374.1966143249832,374.32925343935193,13764628
2024-12-04 12:00:00,374.56904202377984,374.68714353156616,374.27938807187917,374.3974895796655,5233684
2024-12-04 13:00:00,374.6961600531902,374.8979358501412,374.21081492821753,374.4125907251685,1800157
2024-12-04 14:00:00,373.76501416167827,374.96315324632036,373.2910797283175,374.4892188129596,14495746
2024-12-04 15:00:00,374.5752249297809,374.59016090977474,374.56878468020085,374.5837206601947,14637408
2024-12-05 09:30:00,375.06633670082095,375.2805107246364,374.4221070181655,374.6362810419809,13943458
2024-12-05 10:00:00,374.41000627782523,375.0198677955804,374.12588142642534,374.7357429441805,8714791
2024-12-05 11:00:00,375.1733526226535,375.3592318745707,374.6250632854147,374.81094253733187,7467603
2024-12-05 12:00:00,375.0500594370994,375.1650038327103,374.79516248159604,374.91010687720694,17082149
2024-12-05 13:00:00,374.08226541392264,375.82204258295104,373.2855896789769,375.0253668480053,7454955
2024-12-05 14:00:00,374.87596672121174,375.3805412735796,374.6434219594219,375.14799651178976,23611659
2024-12-05 15:00:00,374.55516816373654,375.8369818919937,373.9644304620304,375.24624419028754,20385571
2024-12-06 09:30:00,375.26685245084036,375.33000478080965,375.2443632452752,375.3075155752445,6918504
2024-12-06 10:00:00,374.97653979810724,375.7786709265534,374.6090778327267,375.41120896117286,7932005
2024-12-06 11:00:00,376.0054964653549,376.44664079230034,375.07362562786864,375.5147699548141,11022955
2024-12-06 12:00:00,376.08171138189675,376.5449935640617,375.0698705836741,375.5331527658391,3312013
2024-12-06 13:00:00,375.1773946706839,375.9027800764051,374.8996482450106,375.62503365073184,11374448
2024-12-06 14:00:00,375.2424146862603,376.0726549792695,374.92026811218125,375.75050840519043,11752536
2024-12-06 15:00:00,376.2598900198497,376.4928724352426,375.72126742835576,375.95424984374864,23715807
2024-12-09 09:30:00,376.20026139320674,376.3086522927751,375.88302810175617,375.9914190013245,4485553
2024-12-09 10:00:00,375.6392977669713,376.3980814860376,375.3224810786066,376.0812647976729,12854698
2024-12-09 11:00:00,376.1628221707468,376.272270053416,376.12544383550164,376.23489171817084,7629010
2024-12-09 12:00:00,376.16586422103387,376.3867315497897,376.09374968723364,376.3146170159895,12916117
2024-12-09 13:00:00,376.3355871150157,376.3606838734522,376.32511487698156,376.3502116354181,6669560
2024-12-09 14:00:00,376.0903797186582,376.71240262298886,375.8716103010797,376.4936332054104,18872056
2024-12-09 15:00:00,376.40708501035687,376.6465839479253,376.3167017082001,376.55620064576857,8217805
2024-12-10 09:30:00,376.4580192027022,376.73602144981646,376.3481365854621,376.6261388325764,5704706
2024-12-10 10:00:00,377.01738791252825,377.20579413606634,376.50126980699804,376.68967603053613,6167498
2024-12-10 11:00:00,376.8514447509616,376.93094730896524,376.6584947248836,376.73799728288725,9935263
2024-12-10 12:00:00,376.40990947962854,377.0077030762095,376.17616799694537,376.77396159352634,9962622
2024-12-10 13:00:00,376.8323753563905,376.8570295453514,376.7617081905349,376.78636237949576,5740860
2024-12-10 14:00:00,377.3095612415121,377.5510089005537,376.69570642899146,376.9371540880331,13003328
2024-12-10 15:00:00,376.9303980272236,376.9493685558777,376.92410543776543,376.94307596641954,3037807
2024-12-11 09:30:00,376.52445209113563,377.14689921350663,376.32792323887617,376.95037036124717,6978203
2024-12-11 10:00:00,377.33647556760496,377.51078520996737,376.91253705343985,377.08684669580225,16647647
2024-12-11 11:00:00,376.44259258154034,377.6256149722203,375.95291681639003,377.13593920707,9635047
2024-12-11 12:00:00,377.40483653968624,377.49340063335154,377.13726418025055,377.22582827391585,17692870
2024-12-11 13:00:00,376.58708453867274,377.6530991349967,376.2369405746838,377.30295517100774,8644885
2024-12-11 14:00:00,377.9687767662567,378.52805071171053,376.7528485354223,377.3121224808761,6780664
2024-12-11 15:00:00,377.1391204025033,377.45266583467975,377.0395403485145,377.35308578069095,7248795
2024-12-12 09:30:00,378.01526278017275,378.41365198435096,377.04645963913714,377.44484884331536,11975349
2024-12-12 10:00:00,377.50766138398535,377.522754054022,377.5005398495534,377.51563251959004,7349887
2024-12-12 11:00:00,378.0237852499704,378.2427959943309,377.3287792468153,377.5477899911758,10594557
2024-12-12 12:00:00,377.0349488117198,378.15161298284283,376.5599444770261,377.6766086481491,4927033
2024-12-12 13:00:00,378.11147507868833,378.4032006393453,377.4640572328915,377.75578279354846,7947850
2024-12-12 14:00:00,377.91000263286105,377.9770546557736,377.75272252725546,377.819774550168,15537224
2024-12-12 15:00:00,378.4131384791946,378.82577539164464,377.44978041412753,377.8624173265776,11533985
2024-12-13 09:30:00,378.007370622487,378.03550744663556,377.9195123958573,377.94764922000587,6999438
2024-12-13 10:00:00,377.8635401937448,377.97161640175705,377.82845331869896,377.9365295267112,7639304
2024-12-13 11:00:00,377.567711376223,378.2212088338368,377.2975233933009,377.9510208509147,2363818
2024-12-13 12:00:00,378.0208798525553,378.1189700875175,377.97790709837966,378.07599733334183,6093993
2024-12-13 13:00:00,378.18320383368996,378.2278063718406,378.0849204408557,378.1295229790063,4057033
2024-12-13 14:00:00,378.502783025663,378.77454175815205,377.8900089152559,378.16176764774497,10840738
2024-12-13 15:00:00,378.78761719573237,379.2363806545717,377.7149027704217,378.163666229261,4194730
2024-12-16 09:30:00,377.9509617311567,378.449422354387,377.7279337167226,378.2263943399529,12964820
2024-12-16 10:00:00,377.95137186775014,378.59165541341235,377.6548109985508,378.295094544213,4024570
2024-12-16 11:00:00,378.67722610348886,378.88462580487004,378.16686970514183,378.374269406523,13291259
2024-12-16 12:00:00,378.6832871114883,378.82566618244954,378.35016707831403,378.49254614927526,19548494
2024-12-16 13:00:00,378.49684146397794,378.67430681793735,378.41496676063423,378.59243211459363,6460891
2024-12-16 14:00:00,378.6952498070783,378.7011120502364,378.6825865790046,378.6884488221627,14818380
2024-12-16 15:00:00,378.4660566773081,378.8605590910092,378.3282798624783,378.72278227617943,2296768
2024-12-17 09:30:00,378.5465056880884,379.0810481639441,378.30518261320043,378.8397250890561,14038419
2024-12-17 10:00:00,378.07753062582066,379.559162800772,377.48497848092774,378.9666106558791,8696701
2024-12-17 11:00:00,378.86769004242734,379.1224681932834,378.7729604169002,379.0277385677563,7425271
2024-12-17 12:00:00,379.2116333907008,379.26110881409187,379.09889300170835,379.1483684250994,15623163
2024-12-17 13:00:00,379.1795662653807,379.3145017832954,379.1166893428027,379.2516248607174,21353435
2024-12-17 14:00:00,379.0410552568862,379.59956186832784,378.8089048159756,379.36741142741727,7579660
2024-12-17 15:00:00,379.03636380517923,379.49962109198816,378.88200373964804,379.34526102645697,9111293
2024-12-18 09:30:00,379.17367248039477,379.6926239229454,378.9475831923577,379.4665346349083,23620763
2024-12-18 10:00:00,379.10472878738375,379.9514606821617,378.70829348899963,379.5550253837776,19278676
2024-12-18 11:00:00,379.47380484257576,379.7848002530904,379.3286622040623,379.63965761457695,11617093
2024-12-18 12:00:00,380.0717523646698,380.270437485034,379.51427190699076,379.71295702735495,10035078
2024-12-18 13:00:00,379.74104172315384,379.74821321037524,379.73855920601784,379.74573069323924,8995992
2024-12-18 14:00:00,379.78239334488677,379.92353020530106,379.7233713612499,379.8645082216642,5317933
2024-12-18 15:00:00,379.2154080427422,380.3353633212206,378.76566975370764,379.88562503218606,3173271
2024-12-19 09:30:00,379.61772561083603,380.20911001608965,379.3759338689345,379.96731827418813,18617333
2024-12-19 10:00:00,379.6335659297792,380.1671370368822,379.4392371591348,379.9728082662378,1706469
2024-12-19 11:00:00,380.2230371828929,380.2997611708259,379.9894596276026,380.06618361553564,7171159
2024-12-19 12:00:00,380.1049993647279,380.2891875467003,380.02981948519704,380.2140076671694,6860451
2024-12-19 13:00:00,380.2715604617343,380.3457283564493,380.0982310527477,380.1723989474627,9381831
2024-12-19 14:00:00,380.3482471403523,380.63743315705824,379.7169843989335,380.0061704156394,18086948
2024-12-19 15:00:00,379.9049985106218,379.99890373857625,379.86977290117875,379.9636781291332,5837106
2024-12-20 09:30:00,380.4079679824991,380.75230962098175,379.59087318574046,379.9352148242231,7484894
2024-12-20 10:00:00,379.9194013532277,379.98123726675516,379.784437225783,379.8462731393104,19620025
2024-12-20 11:00:00,379.7883574633133,379.8023875729236,379.7431842161327,379.757214325743,4823119
2024-12-20 12:00:00,380.0050190832961,380.13698519767155,379.6102401836339,379.74220629800936,6925406
2024-12-20 13:00:00,379.81425132491245,379.8626811526816,379.6819609518132,379.73039077958236,6095472
2024-12-20 14:00:00,380.1894779656634,380.6709471771317,379.15422199613016,379.6356912075985,17708003
2024-12-20 15:00:00,379.8223934041162,380.00354633312963,379.41391397624966,379.5950669052631,2356923
2024-12-23 09:30:00,379.6455415376172,379.76850637824384,379.31954627768266,379.4425111183093,15272533
2024-12-23 10:00:00,379.5856413394074,379.7533659145136,379.20593412206836,379.37365869717456,16709273
2024-12-23 11:00:00,379.33079259148457,379.4113677556648,379.15812485638014,379.2387000205604,16910835
2024-12-23 12:00:00,379.17129401209826,379.17528198139894,379.1623683857589,379.1663563550596,6939435
2024-12-23 13:00:00,378.8920534542016,379.1177709996173,378.81590679522765,379.04162434064335,20259729
2024-12-23 14:00:00,379.004032560141,379.03165448695785,378.93317552834225,378.9607974551591,18066102
2024-12-23 15:00:00,378.5376552083519,379.27369172817214,378.21605595215567,378.9520924719759,2360402
2024-12-24 09:30:00,378.8429723749539,379.0025383046089,378.77346938204397,378.933035311699,3118440
2024-12-24 10:00:00,379.0629052674801,379.1932456185468,378.7690087292961,378.8993490803628,10271640
2024-12-24 11:00:00,378.90818031516716,379.0010308275554,378.70049525168247,378.7933457640707,18901047
2024-12-24 12:00:00,378.931797283055,379.0552778097014,378.58441452683485,378.70789505348125,12614199
2024-12-24 13:00:00,378.44997541385624,378.83719278124886,378.30922894103685,378.6964463084295,5128758
2024-12-24 14:00:00,378.6513821979023,378.6841461594421,378.5752914391815,378.6080554007213,17851965
2024-12-24 15:00:00,378.420316471327,378.80425652247686,378.2791846401393,378.66312469128917,10333567
2024-12-25 09:30:00,378.5406816175565,378.6084009369843,378.5135842939349,378.5813036133627,7415866
2024-12-25 10:00:00,378.59148208933794,378.6484271802327,378.43913681930013,378.4960819101949,5115383
2024-12-25 11:00:00,377.9717240870503,378.75247293807183,377.60410049564626,378.3848493466678,4139135
2024-12-25 12:00:00,378.5939160894287,378.6926885098491,378.2843313879876,378.383103808408,3129065
2024-12-25 13:00:00,379.06872647181734,379.7418952047553,377.59600925961604,378.269177992554,9259095
2024-12-25 14:00:00,378.68111690318943,379.1068611991863,377.73405601950464,378.1598003155015,4505232
2024-12-25 15:00:00,378.6708751285219,379.0324079832732,377.7668314592058,378.12836431395704,9791286
2024-12-26 09:30:00,377.6691202478291,378.3055956254739,377.3909859513777,378.0274613290225,19573942
2024-12-26 10:00:00,377.43865226267343,378.4352682279664,377.04183568452976,378.0384516498227,2058200
2024-12-26 11:00:00,377.8215709886223,378.0304687466871,377.73228817862827,377.9411859366931,5856999
2024-12-26 12:00:00,377.7561083365373,378.05456875347875,377.6584033125884,377.95686372952986,6990780
2024-12-26 13:00:00,378.0368375009158,378.1713319136557,377.6123554617783,377.7468498745182,23696377
2024-12-26 14:00:00,378.09924200993714,378.4026629566651,377.3228137511353,377.62623469786325,8368601
2024-12-26 15:00:00,377.91629840950685,378.1656203852201,377.29879972562594,377.5481217013392,7441008
2024-12-27 09:30:00,378.18388543833004,378.64104269948456,377.04338503568613,377.50054229684065,5913752
2024-12-27 10:00:00,377.6663793260979,377.79911981995417,377.3554048680488,377.4881453619051,4486088
2024-12-27 11:00:00,377.23428855791775,377.53471100701717,377.09837305900675,377.39879550810616,13609735
2024-12-27 12:00:00,377.9227430494159,378.30460638011857,377.0111282892181,377.3929916199208,4582818
2024-12-27 13:00:00,377.352487541364,377.4670272310116,377.3146231880199,377.4291628776675,8047751
2024-12-27 14:00:00,376.35403982094175,378.0531034463747,375.70921150537527,377.4082751308082,9252628
2024-12-27 15:00:00,377.0784390383663,377.4813343371275,376.8949744111922,377.29786970995343,20301062
2024-12-30 09:30:00,377.87800727601075,378.2139974762284,377.0074238255118,377.3434140257295,8840245
2024-12-30 10:00:00,376.55282013319976,377.94626619004,375.923744869871,377.3171909267112,3260691
2024-12-30 11:00:00,376.7919667789831,377.61007446436975,376.4365766650324,377.25468435041904,14366580
2024-12-30 12:00:00,376.63722218045797,377.5471191877944,376.26570016725435,377.1755971745908,10282134
2024-12-30 13:00:00,377.33779838967996,377.53030941282196,376.8754408998701,377.0679519230121,21793491
2024-12-30 14:00:00,376.9466781458122,377.04430424248983,376.915317243101,377.01294333977864,13190273
2024-12-30 15:00:00,376.8105859629183,376.99279309717946,376.7506778068653,376.9328849411265,12330803
2024-12-31 09:30:00,377.30906777103627,377.6266937602473,376.5173596695782,376.8349856587892,16708709
2024-12-31 10:00:00,376.8695812865367,376.88884772070554,376.8125168968027,376.8317833309716,5578273
2024-12-31 11:00:00,376.9360033779583,377.0151777169659,376.73496379299604,376.8141381320037,7488980
2024-12-31 12:00:00,376.8040416433694,376.8288522037494,376.734915929111,376.7597264894911,10831675
2024-12-31 13:00:00,377.17624413761934,377.42952703745345,376.45996675491693,376.71324965475105,8779449
2024-12-31 14:00:00,377.0863289065297,377.4238694647212,376.27320050243725,376.61074106062875,18383445
2024-12-31 15:00:00,376.7390146862273,376.9347491920978,376.2930769726436,376.4888114785141,6440129
2025-01-01 09:30:00,376.13727549732886,376.42398475660457,376.0143610683284,376.3010703276041,31313831
2025-01-01 10:00:00,376.7864070896938,377.0715872314041,375.93549893033634,376.22067907204666,11719246
2025-01-01 11:00:00,375.60226982380976,376.4991280113118,375.21413450232683,376.1109926898289,17072118
2025-01-01 12:00:00,376.72857264171955,377.2493483064381,375.49320225417256,376.0139779188911,12856058
2025-01-01 13:00:00,376.0263965486956,376.0411492005928,375.9948444957901,376.0095971476874,4311396
2025-01-01 14:00:00,375.10098809292305,376.62959035977013,374.4730277521377,376.00163001898477,5282017
2025-01-01 15:00:00,376.14905444125753,376.3323117254674,375.75446809164254,375.9377253758524,12465481
2025-01-02 09:30:00,376.0844923450057,376.2028683209967,375.79340258613786,375.91177856212886,2954472
2025-01-02 10:00:00,375.6796731078722,376.07280102123235,375.5188048366094,375.91193274996954,4285231
2025-01-02 11:00:00,376.03079613175123,376.21145340115675,375.6299401346078,375.8105974040133,19515876
2025-01-02 12:00:00,375.44668329593816,375.9219267955759,375.28172240062224,375.75696590026,12761510
2025-01-02 13:00:00,375.15838740825,376.20756261977425,374.6663011834644,375.7154763949886,12260009
2025-01-02 14:00:00,374.8600050559123,376.03084757919567,374.46944489714764,375.640287420431,11133461
2025-01-02 15:00:00,375.5336274369804,375.53389688241083,375.5328639771344,375.53313342256484,19494459
2025-01-03 09:30:00,375.42013399331466,375.5362116079561,375.3666315611603,375.48270917580174,7800737
2025-01-03 10:00:00,375.74280579537026,375.99823027781684,375.1477848169884,375.403209299435,15652068
2025-01-03 11:00:00,375.1096373688111,375.45615747922835,374.9727108366492,375.31923094706644,12565379
2025-01-03 12:00:00,375.2891081835673,375.32255789595865,375.2072445577613,375.2406942701527,12544158
2025-01-03 13:00:00,375.1855331370025,375.2284886628826,375.0831805117402,375.1261360376203,21886095
2025-01-03 14:00:00,375.24406950297913,375.4005190365917,374.7816947063089,374.9381442399214,7560459
2025-01-03 15:00:00,374.2208476671313,375.27186969219866,373.76264574738207,374.81366777244943,23428689
2025-01-06 09:30:00,375.0690268904233,375.31102679224995,374.52364739671435,374.765647298541,9713467
2025-01-06 10:00:00,374.4990770090101,374.76287779018537,374.39915326066625,374.66295404184154,20839803
2025-01-06 11:00:00,374.46778693148764,374.58322159302645,374.4187674793041,374.5342021408429,23778956
2025-01-06 12:00:00,375.32741162918535,375.83984216943645,373.9551264403514,374.4675569806025,14366688
2025-01-06 13:00:00,374.46295916416835,374.49896037451754,374.36696656477125,374.40296777512043,7369561
2025-01-06 14:00:00,374.43142441923214,374.4781427369921,374.29637271935485,374.3430910371148,8759040
2025-01-06 15:00:00,373.7606106670937,374.763214573262,373.30894466575234,374.31154857192064,2411279
2025-01-07 09:30:00,374.5395560052516,374.7104502181213,374.1716042538145,374.3424984666842,3922455
2025-01-07 10:00:00,374.0996764931865,374.44938745805473,373.97332720812466,374.3230381729929,6693782
2025-01-07 11:00:00,374.45842205128474,374.6545390404892,374.02364164986847,374.21975863907295,16321497
2025-01-07 12:00:00,373.78688005663395,374.3567356371479,373.57188789877534,374.1417434792893,13340472
2025-01-07 13:00:00,374.33180424001273,374.5019241085402,373.8910693721723,374.0611892406998,16434836
2025-01-07 14:00:00,374.05891834830936,374.05999698979485,374.05663649851357,374.05771513999906,3053811
2025-01-07 15:00:00,374.0207247022754,374.06195712981577,373.913125426378,373.95435785391834,20268284
2025-01-08 09:30:00,373.8192160714143,373.82460945570057,373.81678864240615,373.8221820266924,9644059
2025-01-08 10:00:00,373.69021679407683,373.74862322933893,373.66494447570244,373.72335091096454,9850565
2025-01-08 11:00:00,373.76940494149187,373.83946929836424,373.59409293969884,373.6641572965712,12374146
2025-01-08 12:00:00,373.7769001850103,373.9897719625788,373.31482756610603,373.52769934367456,24841508
2025-01-08 13:00:00,373.7183026885019,373.85964623452907,373.29695608136694,373.4382996273941,9533309
2025-01-08 14:00:00,373.4517845498686,373.53917023971496,373.18458715226285,373.2719728421092,28372819
2025-01-08 15:00:00,372.92134526649807,373.59120097298796,372.6368246709757,373.3066803774656,2838921
2025-01-09 09:30:00,373.7616523184934,373.9445827891863,373.2258543241605,373.4087847948534,16613111
2025-01-09 10:00:00,373.37925609580657,373.4874631446234,373.33151970558237,373.4397267543992,4633494
2025-01-09 11:00:00,373.28626873567595,373.52817656590133,373.20513725568185,373.44704508590723,3973757
2025-01-09 12:00:00,373.79706134993774,374.02937095335494,373.2486564475261,373.4809660509433,5014469
2025-01-09 13:00:00,373.9256497718755,374.10422514852866,373.44327874327126,373.6218541199244,22173322
2025-01-09 14:00:00,373.9495499159384,374.0812475045955,373.6095225754339,373.74122016409103,17177894
2025-01-09 15:00:00,373.06774579663806,374.43140176813847,372.45236787499624,373.81602384649665,7642484
2025-01-10 09:30:00,373.6118289188027,373.9530081342708,373.47242468835424,373.81360390382235,2702419
2025-01-10 10:00:00,373.62902574465255,374.1386988171336,373.41342008591096,373.923093158392,16684087
2025-01-10 11:00:00,373.91931058548545,373.9354753046344,373.91344377664643,373.9296084957954,5210316
2025-01-10 12:00:00,373.9146182139525,374.1494140385847,373.8269279664323,374.06172379106454,24566655
2025-01-10 13:00:00,374.44023808819634,374.5977716985918,374.03128515268105,374.18881876307654,26006703
2025-01-10 14:00:00,374.5779394696795,374.8184856317672,374.0207437979678,374.2612899600555,4237557
2025-01-10 15:00:00,374.2284903526352,374.3943845148542,374.15468151064766,374.32057567286665,12721976
2025-01-13 09:30:00,374.7751802014135,375.0682857609616,374.13837795543054,374.43148351497865,10808474
2025-01-13 10:00:00,373.9854269808284,374.8773871577518,373.5940491097997,374.4860092867231,7764353
2025-01-13 11:00:00,374.45761673272864,374.5935271713107,374.41434451089407,374.55025494947614,4039436
2025-01-13 12:00:00,374.04568845428366,374.9615119758432,373.6996314098274,374.615454931387,13442635
2025-01-13 13:00:00,374.81649334641514,374.9142589677835,374.53368794226344,374.6314535636318,5958985
2025-01-13 14:00:00,374.5842728631364,374.841829744876,374.4999009603629,374.7574578421025,22836318
2025-01-13 15:00:00,375.2488244131662,375.51637576868643,374.5510382262808,374.81858958180106,9515179
2025-01-14 09:30:00,374.8084100960973,374.94682763773864,374.7446870145728,374.8831045562141,5451092
2025-01-14 10:00:00,375.557621070197,375.9876475218637,374.5809273804064,375.01095383207314,8740851
2025-01-14 11:00:00,374.9215011766518,375.18209736687453,374.8144188826651,375.0750150728878,6823714
2025-01-14 12:00:00,374.95069409702273,375.1964414223515,374.86464099377065,375.1103883190994,3663557
2025-01-14 13:00:00,374.9791078879193,375.2931326460717,374.85036952096283,375.1643942791152,14340050
2025-01-14 14:00:00,375.76432804135976,376.0279748014223,375.00442143906736,375.2680681991299,21928909
2025-01-14 15:00:00,375.4180583246666,375.4966650036261,375.24335586039643,375.3219625393559,8931137
2025-01-15 09:30:00,375.3070476556149,375.37080563022954,375.2830372417872,375.34679521640186,4320102
2025-01-15 10:00:00,375.5590574495537,375.6138280995645,375.4322200017373,375.4869906517481,10348891
2025-01-15 11:00:00,375.56397550547626,375.59390856806215,375.4876497151092,375.5175827776951,7207721
2025-01-15 12:00:00,375.8286820148702,376.0490180639458,375.3625214762238,375.5828575252994,9729900
2025-01-15 13:00:00,375.42405660075906,375.7738895981896,375.3011203208077,375.65095331823824,7615027
2025-01-15 14:00:00,376.23115598394475,376.518282082386,375.48007540353615,375.7672015019774,16785954
2025-01-15 15:00:00,375.35148717271846,376.1025426052157,375.09552443588416,375.8465798683814,15366930
2025-01-16 09:30:00,375.7384897673202,375.94654859320264,375.6500383641415,375.85809719002395,7494903
2025-01-16 10:00:00,376.20861900554866,376.4001632397025,375.71118472981476,375.9027289639686,7002166
2025-01-16 11:00:00,376.2712959509966,376.4986224621121,375.70944406035403,375.93677057146954,8031802
2025-01-16 12:00:00,375.678149611671,376.23478446309747,375.4484339425593,376.00506879398574,4186461
2025-01-16 13:00:00,376.6089778640031,376.8593245203281,375.81477740143,376.06512405775493,4926397
2025-01-16 14:00:00,376.21024171615153,376.235098788951,376.15280387791626,376.17766095071573,15133004
2025-01-16 15:00:00,375.31090912195475,376.7439336146759,374.8300163772211,376.26304086994224,19146926
2025-01-17 09:30:00,376.2121539667757,376.40088852639616,376.1452405902792,376.33397514989963,9936811
2025-01-17 10:00:00,375.9925926860502,376.6878434778493,375.75232929439846,376.44758008619755,18422634
2025-01-17 11:00:00,376.666709358042,376.70579228173625,376.5499655822286,376.58904850592285,22987450
2025-01-17 12:00:00,377.2987630697021,377.6318243783964,376.34083803783494,376.67389934652925,15930282
2025-01-17 13:00:00,377.3050343167956,377.64923901614793,376.47869320880096,376.82289790815327,13575777
2025-01-17 14:00:00,377.2121423761541,377.5284709518547,376.51417550300386,376.83050407870445,4064334
2025-01-17 15:00:00,376.5292287188084,377.11052050784815,376.25848773623784,376.8397795252776,6281884
2025-01-20 09:30:00,377.4658080814222,377.8736449999045,376.5446335012259,376.9524704197082,16074003
2025-01-20 10:00:00,376.8220130436813,377.1129795601989,376.7096109726774,377.000577489195,9589408
2025-01-20 11:00:00,376.632483448075,377.3497518383367,376.37466659906255,377.0919349893243,3490625
2025-01-20 12:00:00,376.36168939258556,377.7322032099803,375.740026701424,377.1105405188187,5091027
2025-01-20 13:00:00,376.1963339639197,377.75868692651903,375.6066191067952,377.16897206939456,7544625
2025-01-20 14:00:00,377.3635683337863,377.43710075294393,377.20566815294217,377.2792005720998,17814071
2025-01-20 15:00:00,377.43326070928015,377.44921053788266,377.38635442234005,377.40230425094256,14266255
2025-01-21 09:30:00,376.89032715197277,377.875045209822,376.4992527481694,377.48397080601865,18185051
2025-01-21 10:00:00,377.6613876157635,377.78308639260837,377.40313775118346,377.52483652802835,9658638
2025-01-21 11:00:00,377.78650110910706,377.8367447290459,377.6316814871649,377.6819251071037,22979415
2025-01-21 12:00:00,377.890148602101,377.90955758444545,377.84054911881293,377.85995810115736,13925687
2025-01-21 13:00:00,378.6194601269952,379.07058654645954,377.4582277268734,377.90935414633776,8082998
2025-01-21 14:00:00,377.7951311665193,378.0845363714207,377.68545975768944,377.97486496259086,14719957
2025-01-21 15:00:00,378.2025862044718,378.2916903877196,377.956159584937,378.0452637681848,10778358
2025-01-22 09:30:00,378.1804619256308,378.18992084235737,378.1772148281144,378.18667374484096,15225426
2025-01-22 10:00:00,378.428252992902,378.5824613396831,378.0783061190103,378.2325144657914,9351829
2025-01-22 11:00:00,377.94450471629443,378.55668623199847,377.6706843242113,378.28286583991536,10730899
2025-01-22 12:00:00,378.4740591143619,378.5674411313755,378.2303492317459,378.3237312487595,4056896
2025-01-22 13:00:00,378.8044411326683,379.0698760684442,378.07689702481895,378.3423319605949,8149181
2025-01-22 14:00:00,378.5449635807962,378.6973667391906,378.21402526361453,378.36642842200894,6271878
2025-01-22 15:00:00,378.12293077044336,378.70874596635247,377.8562338454609,378.44204904137,12039225
2025-01-23 09:30:00,378.2892914898483,378.68807128109296,378.15065879553146,378.5494385867761,7354454
2025-01-23 10:00:00,379.33020623702686,379.6871010683707,378.2413077922765,378.5982026236203,6774353
2025-01-23 11:00:00,379.1328667876087,379.57443853129297,378.1924605846126,378.6340323282969,10172075
2025-01-23 12:00:00,378.56317314061107,378.7393465460493,378.50267460273204,378.6788480081703,10519000
2025-01-23 13:00:00,378.783765811332,378.7860722195909,378.77648025974355,378.77878666800245,14467893
2025-01-23 14:00:00,378.88142607504454,378.91222028582746,378.80621866535284,378.83701287613576,7601908
2025-01-23 15:00:00,379.1143748202119,379.22320836472795,378.8214917080743,378.93032525259036,9646745
2025-01-24 09:30:00,378.5516593326812,379.44235309053585,378.1640668986593,379.05476065651396,23200000
2025-01-24 10:00:00,379.6768071939721,380.1727316226372,378.60248584365456,379.09841027231965,12614242
2025-01-24 11:00:00,379.83533091226224,380.3598078399752,378.64027980072865,379.1647567284416,9648563
2025-01-24 12:00:00,379.4174512006498,379.53288787649154,379.05322966854595,379.1686663443877,5904835
2025-01-24 13:00:00,378.9924980234105,379.34893254733197,378.86922586344406,379.2256603873655,5389803
2025-01-24 14:00:00,379.0822804360368,379.462463314238,378.94785432507183,379.328037203273,19634243
2025-01-24 15:00:00,379.602522987026,379.7435966040878,379.2731612202341,379.4142348372959,10598159
2025-01-27 09:30:00,379.5455796018487,379.5507160161161,379.5290310836891,379.5341674979565,24039742
2025-01-27 10:00:00,379.9543424381274,380.212239515471,379.325899163634,379.5837962409776,8767234
2025-01-27 11:00:00,379.54943127399446,379.71710209706214,379.4758013261499,379.6434721492176,3763044
2025-01-27 12:00:00,380.02433549167245,380.21858222006307,379.5649804884848,379.75922721687544,8765356
2025-01-27 13:00:00,380.55341195531054,380.9136769951952,379.5360879825448,379.8963530224295,26525457
2025-01-27 14:00:00,379.180172397949,380.48606638858365,378.6338455067528,379.93973949738745,5479910
2025-01-27 15:00:00,379.6031448046661,380.3211808516484,379.302701774068,380.0207378210503,3644980
2025-01-28 09:30:00,379.9810449519569,380.32294295339045,379.82829583564836,380.1701938370819,21364646
2025-01-28 10:00:00,379.90996041565836,380.50513478570593,379.66324732148746,380.25842169153503,12191296
2025-01-28 11:00:00,380.62924880307344,380.9039079122566,380.02975710749405,380.3044162166772,12563923
2025-01-28 12:00:00,380.04279192905403,380.56477314192773,379.8380149611705,380.35999617404417,7135904
2025-01-28 13:00:00,380.2272563561716,380.55510979568663,380.0741044640558,380.4019579035708,10537427
2025-01-28 14:00:00,379.79256697223053,380.800897605736,379.4578483711015,380.46617900460694,3416525
2025-01-28 15:00:00,381.0289185300647,381.34571332171913,380.24475051343387,380.5615453050883,14378951
2025-01-29 09:30:00,380.49138625320415,380.76108823267157,380.3889066893958,380.6586086688632,12030008
2025-01-29 10:00:00,380.11999477673555,381.073778619164,379.7174884179646,380.67127226039304,7020766
2025-01-29 11:00:00,380.96060373107986,381.15896754454,380.3970276684059,380.59539148186605,15176324
2025-01-29 12:00:00,380.4108152623733,380.9233846307902,380.20734226112376,380.71991162954066,23324769
2025-01-29 13:00:00,381.7596071612455,382.293376094214,380.3088197252238,380.8425886581923,6273220
2025-01-29 14:00:00,381.1661969873277,381.32918036086136,380.76673842371366,380.92972179724734,16794069
2025-01-29 15:00:00,380.937840037647,381.07878814798624,380.88118619845835,381.0221343087976,19418995
2025-01-30 09:30:00,381.5862635093096,382.0193382898778,380.64189425320495,381.07496903377313,12853879
2025-01-30 10:00:00,381.6585181823195,381.9572454122095,380.8528013996549,381.1515286295449,14745450
2025-01-30 11:00:00,381.76602898649253,382.0426047278158,380.9379776275817,381.21455336890494,14351073
2025-01-30 12:00:00,381.628397477397,381.767281971855,381.20695644443697,381.345840938895,16246922
2025-01-30 13:00:00,381.5410610618854,381.5998939539114,381.40387391880853,381.46270681083456,20397120
2025-01-30 14:00:00,381.5791749203835,381.59203784840446,381.5484322023231,381.5612951303441,6670966
2025-01-30 15:00:00,381.9249751788162,382.1205238276903,381.4773619447819,381.67291059365596,16516568
2025-01-31 09:30:00,381.7143448925329,381.7219682399507,381.7119599943558,381.7195833417736,3743338
2025-01-31 10:00:00,381.64853679673905,381.8514462506561,381.55474422526424,381.7576536791813,2414669
2025-01-31 11:00:00,381.19073510437437,382.295283667008,380.69390764298373,381.79845620561736,10761448
2025-01-31 12:00:00,382.50104826678313,382.8328944104973,381.59099390594446,381.92284004965865,11835455
2025-01-31 13:00:00,382.4702968112291,382.88220675125973,381.5493980874207,381.9613080274513,3358514
2025-01-31 14:00:00,381.8241752993496,382.2834475287867,381.6131122540829,382.07238448352007,13827258
2025-01-31 15:00:00,381.43719220546654,382.792608597209,380.84862499805666,382.2040413897991,21726967
2025-02-03 09:30:00,382.3755671176922,382.4756961427958,382.3435461118284,382.44367513693203,13141911
2025-02-03 10:00:00,382.2791644523317,382.5236663638231,382.2019632777015,382.4464651891929,1091512
2025-02-03 11:00:00,382.3888664876677,382.58482474867213,382.3161487053679,382.5121069663723,6338833
2025-02-03 12:00:00,382.55463166364063,382.640488054594,382.51895142068355,382.60480781163693,19519520
2025-02-03 13:00:00,382.5872194655927,382.8066115957175,382.51785017581744,382.7372423059423,17159733
2025-02-03 14:00:00,382.8938807326018,382.9535470914719,382.7065989575074,382.7662653163775,2420818
2025-02-03 15:00:00,382.9809663586093,383.02672921640266,382.84409007930924,382.8898529371026,19498127
2025-02-04 09:30:00,382.01429183820176,383.53861099601687,381.4138822814753,382.9382014392904,9234133
2025-02-04 10:00:00,383.1407596400896,383.2643124253536,382.77931496536695,382.90286775063095,9991607
2025-02-04 11:00:00,382.9500908068921,383.00277640039604,382.80350963287316,382.8561952263771,8495396
2025-02-04 12:00:00,382.5545873364604,382.9824497034806,382.41661612876703,382.84447849578726,4958310
2025-02-04 13:00:00,383.13017990431473,383.3547603598456,382.63298743636904,382.8575678918999,3586619
2025-02-04 14:00:00,383.09917265559193,383.22824948577176,382.8047314468067,382.93380827698655,7604753
2025-02-04 15:00:00,382.69089685571464,383.241921653268,382.47228519596416,383.0233099935175,8343605
2025-02-05 09:30:00,384.03615513505133,384.56534916783176,382.5491219719246,383.078316004705,14345318
2025-02-05 10:00:00,383.67664848766134,383.9933341906609,382.8400023708995,383.1566880738991,13884625
2025-02-05 11:00:00,383.01812126704345,383.2993490400574,382.92879135890325,383.2100191319172,11203378
2025-02-05 12:00:00,382.7606702790548,383.8897849229409,382.2285146002535,383.3576292441396,25389894
2025-02-05 13:00:00,383.3255801098473,383.60410060317724,383.2123438818855,383.49086437521544,8544785
2025-02-05 14:00:00,384.0179488275957,384.38889171184894,383.1015610253377,383.4725039095909,2355139
2025-02-05 15:00:00,383.4316277497193,383.66282046772284,383.340589619039,383.5717823370425,12135923
2025-02-06 09:30:00,384.1440406148948,384.53495142804513,383.3090246078964,383.69993542104675,4885577
2025-02-06 10:00:00,383.64803834512776,383.92698362440274,383.53516210956167,383.81410738883665,4698897
2025-02-06 11:00:00,383.7214491323904,384.21466934177795,383.50606531999796,383.99928552938553,33998191
2025-02-06 12:00:00,384.415743140377,384.5580784281919,384.0361955361662,384.1785308239811,20987397
2025-02-06 13:00:00,384.37564722686125,384.4149041838125,384.2690054598569,384.30826241680813,16471854
2025-02-06 14:00:00,384.07237520559175,384.5012346929111,383.9387617342683,384.3676212215877,6231854
2025-02-06 15:00:00,384.4234462816664,384.48483873127594,384.396836785689,384.4582292352986,16169309
2025-02-07 09:30:00,384.395536799094,384.5703138313029,384.32777498534523,384.50255201755414,4947260
2025-02-07 10:00:00,384.4507331549526,384.64569439752097,384.35967036101295,384.5546316035813,2868684
2025-02-07 11:00:00,384.5021600995779,384.76397736350094,384.4131209151926,384.67493817911566,24088673
2025-02-07 12:00:00,384.381537072073,384.7710491659468,384.24258388251604,384.63209597638985,10424015
2025-02-07 13:00:00,384.5303550785597,384.84633704676537,384.4180073895178,384.7339893577235,11861065
2025-02-07 14:00:00,384.84070569362,384.9046908938357,384.67200119826936,384.73598639848507,2600884
2025-02-07 15:00:00,385.57759207099,386.1101770478376,384.3165888731856,384.8491738500332,10241579
2025-02-10 09:30:00,385.1501961805048,385.3918350937457,384.5952607661976,384.83689967943855,2843732
2025-02-10 10:00:00,384.4492982293065,385.16906382398645,384.11597228738884,384.83573788206877,5698194
2025-02-10 11:00:00,384.82493020693073,384.8680878176639,384.8103495795278,384.8535071902609,5551563
2025-02-10 12:00:00,384.51858167137993,385.14535102382087,384.30011308461536,384.9268824370563,5340522
2025-02-10 13:00:00,384.52930330493115,385.26921935397087,384.28993581394064,385.02985186298037,6376129
2025-02-10 14:00:00,384.92474818518696,385.22239983581017,384.81648128386297,385.1141329344862,15721550
2025-02-10 15:00:00,385.522331022695,385.82587161912835,384.86511240515705,385.16865300159037,4736319
2025-02-11 09:30:00,385.23983728014747,385.29466017549584,385.07585114074874,385.1306740360971,3486706
2025-02-11 10:00:00,384.6191834273612,385.78959358707,384.11124370141056,385.28165386111937,14578075
2025-02-11 11:00:00,385.2167313476662,385.3808641713409,385.15679014451007,385.32092296818473,8041406
2025-02-11 12:00:00,385.3969528386784,385.41580368818467,385.39000185024923,385.4088526997555,14519782
2025-02-11 13:00:00,385.3551088706321,385.72695885064485,385.1809925425267,385.5528425225395,12895763
2025-02-11 14:00:00,385.98146877633354,386.1671929873679,385.42425147940673,385.6099756904411,9651765
2025-02-11 15:00:00,386.23528086549163,386.5976499083898,385.28562544359164,385.64799448648984,7296000
2025-02-12 09:30:00,385.61877614133374,385.8039070588897,385.5533097026603,385.73844062021624,4477821
2025-02-12 10:00:00,385.882000387055,385.92319244346277,385.7944504441195,385.8356425005273,12585398
2025-02-12 11:00:00,386.59369187667795,387.10241659864914,385.3690875344363,385.8778122564075,4791731
2025-02-12 12:00:00,386.07630816443395,386.16530096846486,385.8592151835701,385.948207987601,5947159
2025-02-12 13:00:00,385.51061389048886,386.2148203482687,385.2891713297365,385.99337778751635,3771984
2025-02-12 14:00:00,386.92463136340695,387.360836934556,385.52860516679516,385.9648107379442,6925996
2025-02-12 15:00:00,386.1759794636839,386.2536474354629,385.99542556396733,386.0730935357463,12858462
2025-02-13 09:30:00,385.778462308767,386.2855140759579,385.5839884679826,386.09104023517347,4900962
2025-02-13 10:00:00,385.86957772999494,386.2941212661201,385.73623657704627,386.1607801131714,6902672
2025-02-13 11:00:00,386.40356552044756,386.5075339960469,386.15249800164054,386.2564664772399,18003036
2025-02-13 12:00:00,387.0256006710143,387.6327996346859,385.70038794767714,386.3075869113488,3894847
2025-02-13 13:00:00,385.7078917201883,386.837765821618,385.3101841795388,386.4400582809685,7878972
2025-02-13 14:00:00,386.6588918971299,386.74637445773897,386.47106461996316,386.55854718057225,17070395
2025-02-13 15:00:00,386.56662103114365,386.79676154608325,386.45868470225315,386.68882521719274,12748578
2025-02-14 09:30:00,386.35386493629636,387.1233151311879,386.0294716261686,386.7989218210601,5034462
2025-02-14 10:00:00,386.8071924372616,386.81466239674904,386.7910151092096,386.798485068697,2323764
2025-02-14 11:00:00,386.99867021713794,387.0580850779345,386.87145554835666,386.9308704091532,11484821
2025-02-14 12:00:00,386.80711152858197,387.1658852587029,386.68495123589406,387.04372496601496,4405975
2025-02-14 13:00:00,387.03766693378134,387.08582578647616,387.0222680081705,387.0704268608653,8242977
2025-02-14 14:00:00,387.24678335441047,387.3237463087391,387.08266354428173,387.15962649861035,16445624
2025-02-14 15:00:00,387.69113800130526,388.0156660312512,386.9003070755773,387.22483510552325,13419942
2025-02-17 09:30:00,387.5941204638458,387.77735319539124,387.16769837752423,387.3509311090697,9380771
2025-02-17 10:00:00,387.57890776612265,387.7268773172165,387.2632259328049,387.4111954838988,5387158
2025-02-17 11:00:00,387.42321411700925,387.44332712637333,387.3664388686753,387.38655187803937,3844187
2025-02-17 12:00:00,387.13010888477805,387.82035311894396,386.80477782908673,387.49502206325263,14482520
2025-02-17 13:00:00,388.0224842069217,388.2747795411794,387.36834403544117,387.62063936969884,17821718
2025-02-17 14:00:00,387.7763953641547,387.87662927765916,387.55603449645554,387.65626840996,6739962
2025-02-17 15:00:00,388.0973073510512,388.3596096795206,387.50834774290985,387.77065007137924,4500624
2025-02-18 09:30:00,388.0050633724582,388.1171275743062,387.70457727890454,387.81664148075254,5808660
2025-02-18 10:00:00,387.48904637955076,388.2416351798175,387.1978164010257,387.9504052012924,6580659
2025-02-18 11:00:00,391.82990925330535,388.14827102202463,387.9011626376016,387.9116101607723,8048181
2025-02-18 12:00:00,384.03249405916455,389.02642430662604,387.42150931574,395.5534688809395,21024882
2025-02-18 13:00:00,388.32050249181754,388.6950935577092,387.48023213495946,387.8548232008511,15526819
2025-02-18 14:00:00,388.29162533655665,388.79130376626233,387.20821477532616,387.70789320503184,13065592
2025-02-18 15:00:00,387.72052301351886,387.7655669545723,387.5791322056708,387.62417614672427,14863463
2025-02-19 09:30:00,388.27675947131803,388.7553079569047,387.1179677077271,387.59651619331373,9613414
2025-02-19 10:00:00,387.4129616329346,387.6199488372661,387.34262522109117,387.5496124254227,6152982
2025-02-19 11:00:00,387.5001808132552,387.5073349985506,387.4824104233075,387.4895646086029,8999033
2025-02-19 12:00:00,386.8598801284061,387.5949462693444,386.62664634742686,387.3617124883652,19917993
2025-02-19 13:00:00,387.31949932263336,387.33287585312667,387.3150836473357,387.328460177829,6447166
2025-02-19 14:00:00,387.69941535519166,388.0756990783166,386.8294039892262,387.2056877123511,22796815
2025-02-19 15:00:00,387.2480753528755,387.2932732337849,387.12456020503004,387.1697580859394,5751072
2025-02-20 09:30:00,386.3150561724595,387.5770193063221,385.8000776761143,387.0620408099769,13323153
2025-02-20 10:00:00,386.77889973898493,387.0183765433046,386.6903434719455,386.92982027626516,25652763
2025-02-20 11:00:00,386.48531760670676,387.22412610857583,386.16067347718206,386.89948197905113,7677534
2025-02-20 12:00:00,386.56909314823463,386.93887225201297,386.44478440254437,386.8145635063227,17290144
2025-02-20 13:00:00,386.1492027888917,387.26711911019555,385.6710256405277,386.78894196183154,4024368
2025-02-20 14:00:00,386.1126872709073,387.040502290246,385.72031634465515,386.64813136399385,12256642
2025-02-20 15:00:00,386.9547181433904,387.2683180989948,386.2346325555622,386.54823251116665,18259303
2025-02-21 09:30:00,386.0821472915832,386.651315421989,385.88472010434197,386.45388823474775,11993095
2025-02-21 10:00:00,386.4252091135376,386.45012216991506,386.3676261073804,386.3925391637578,7759911
2025-02-21 11:00:00,386.25025966467314,386.41027283827054,386.1817183538173,386.3417315274147,13015838
2025-02-21 12:00:00,386.64266720493146,386.91905090077546,386.0106576811384,386.2870413769824,7412651
2025-02-21 13:00:00,386.4624864488794,386.5882648940778,386.1755568411515,386.30133528634985,3940676
2025-02-21 14:00:00,386.47702326766444,386.6064836217887,386.1146107911156,386.24407114523984,14081023
2025-02-21 15:00:00,386.9467353138793,387.5945844110673,385.52597019627996,386.17381929346794,9790413
2025-02-24 09:30:00,386.7093489523018,387.093732080313,385.7133282338927,386.09771136190386,13888592
2025-02-24 10:00:00,386.5047080311958,386.7943698760658,385.7261219887954,386.0157838336654,3182743
2025-02-24 11:00:00,386.2539578689213,386.45733545979266,385.6891554047103,385.89253299558163,23477741
2025-02-24 12:00:00,385.50568656263727,385.98829229671753,385.32305368843043,385.8056594225107,6025817
2025-02-24 13:00:00,386.07686297374084,386.3363786939498,385.5102618641741,385.76977758438306,2228612
2025-02-24 14:00:00,385.3390561995165,385.8636606576677,385.1700040420876,385.6946085002388,14018994
2025-02-24 15:00:00,385.67898079108465,385.7652216802988,385.4853666486524,385.57160753786656,23348128
2025-02-25 09:30:00,386.1578071815989,386.4610794515908,385.2426273739719,385.5458996439638,5310704
2025-02-25 10:00:00,385.481091897404,385.5023465489242,385.4712544785872,385.4925091301074,13613812
2025-02-25 11:00:00,385.5361068440486,385.6579032602961,385.2775421031609,385.3993385194084,15273623
2025-02-25 12:00:00,385.79832292821357,386.07370416203185,385.0928116741618,385.3681929079801,8184290
2025-02-25 13:00:00,385.51871537577296,385.67256850015576,385.16838861503703,385.32224173941984,5509674
2025-02-25 14:00:00,385.5107629261424,385.68562130989375,384.9962245450905,385.1710829288419,21998469
2025-02-25 15:00:00,385.01660665722125,385.12702318945463,384.98022348885445,385.09064002108784,11639638
2025-02-26 09:30:00,385.48099706078773,385.86238548047197,384.5731950280172,384.95458344770145,12464842
2025-02-26 10:00:00,384.90304229174706,384.9717754269498,384.874142533063,384.94287566826574,2392921
2025-02-26 11:00:00,385.0739830606486,385.1623643551467,384.82229098354924,384.91067227804734,3451768
2025-02-26 12:00:00,384.82237733253373,384.8339371538011,384.7945890263066,384.806148847574,22041976
2025-02-26 13:00:00,384.83192385908353,384.88322482363304,384.6872155478788,384.7385165124283,15981391
2025-02-26 14:00:00,384.4059519741182,384.89737350228336,384.18956344672824,384.6809849748934,7705768
2025-02-26 15:00:00,384.7955645505933,384.94461941234135,384.4642383421342,384.6132932038822,14703060
2025-02-27 09:30:00,384.11627179303315,384.76790682357057,383.8325170212813,384.48415205181874,5323142
2025-02-27 10:00:00,383.762305016063,384.702541839593,383.4298862814128,384.37012310494276,20941814
2025-02-27 11:00:00,384.6653883787021,384.84725976441695,384.1913437553117,384.37321514102655,6045225
2025-02-27 12:00:00,384.1069477207917,384.45258225999004,383.97350840196606,384.3191429411644,9580533
2025-02-27 13:00:00,383.790303557694,384.52547026789466,383.46133470222486,384.1965014124255,18858866
2025-02-27 14:00:00,384.72001410681537,385.21907820370586,383.62906349646136,384.12812759335185,7348600
2025-02-27 15:00:00,383.6849881700178,384.3705164743522,383.37971861178414,384.06524691611855,8577121
2025-02-28 09:30:00,384.06540870715145,384.11217949434945,383.953631583095,384.000402370293,5746158
2025-02-28 10:00:00,383.81870487277916,384.1068072679257,383.71713529184757,384.0052376869941,4843928
2025-02-28 11:00:00,383.9443280522219,383.9476732424561,383.9342971117684,383.9376423020026,12237314
2025-02-28 12:00:00,384.156722110822,384.31787801268166,383.6730572481201,383.83421314997975,5676216
2025-02-28 13:00:00,383.07204807859654,384.11819471923985,382.69449518652715,383.74064182717046,8507262
2025-02-28 14:00:00,383.4842759663486,383.73420381927116,383.3686309462218,383.61855879914435,14429903
2025-02-28 15:00:00,384.1744336881241,384.56709287993044,383.0955166616782,383.4881758534845,9114171
2025-03-03 09:30:00,383.5553673609104,383.6329118039548,383.33348393195456,383.411028374999,18010559
2025-03-03 10:00:00,383.7188782796912,384.0494487296657,382.88579096703404,383.21636141700856,17916072
2025-03-03 11:00:00,383.39786497813463,383.5831999404177,382.86327893705595,383.04861389933905,19008729
2025-03-03 12:00:00,382.1256681003703,383.57081762537854,381.559924975101,383.00507450010923,5731956
2025-03-03 13:00:00,382.89744254916997,382.970982114318,382.8695961339257,382.94313569907376,3882434
2025-03-03 14:00:00,382.35829731306046,383.2081923006848,382.0015271042517,382.85142209187603,16743344
2025-03-03 15:00:00,382.5692658846414,382.95457238897853,382.3886985645149,382.77400506885203,16860047
2025-03-04 09:30:00,382.859147074324,382.96599744914425,382.61691269481594,382.72376306963616,6033936
2025-03-04 10:00:00,382.3914468078464,382.70701859610926,382.2642703804058,382.5798421686686,16200879
2025-03-04 11:00:00,383.3187718542652,384.0463253147941,381.754860890172,382.4824143507009,7565548
2025-03-04 12:00:00,382.5940079716555,382.73314371088736,382.27070941713845,382.4098451563703,6259065
2025-03-04 13:00:00,382.39064641654124,382.4263708209549,382.3106396492351,382.34636405364876,10503471
2025-03-04 14:00:00,382.2459766323846,382.38260408221265,382.1864706157469,382.3230980655749,6472650
2025-03-04 15:00:00,382.37357271371957,382.4779607147434,382.14182399142754,382.2462119924514,7039074
2025-03-05 09:30:00,382.1548884636066,382.29676794239396,382.10558643576076,382.2474659145481,2238367
2025-03-05 10:00:00,382.6386524597787,382.8919542499279,381.8620700061623,382.1153717963115,25647125
2025-03-05 11:00:00,382.1051935250159,382.1260726765272,382.0450512780445,382.0659304295558,11102056
2025-03-05 12:00:00,382.1466547300311,382.2340760071698,381.91799470824907,382.00541598538774,14571180
2025-03-05 13:00:00,382.2745520943951,382.5186719939468,381.7125617071339,381.95668160668555,5611808
2025-03-05 14:00:00,382.44362864691556,382.91308529234834,381.36365119270005,381.83310783813283,14261559
2025-03-05 15:00:00,381.68437048180056,381.72877117784066,381.66556989325727,381.70997058929737,7181881
2025-03-06 09:30:00,381.74126911072443,381.86507625751216,381.46171633757797,381.5855234843657,25437156
2025-03-06 10:00:00,381.617510512066,381.68249819026175,381.4258772515356,381.49086492973134,6635712
2025-03-06 11:00:00,381.7571086528095,381.95777002600107,381.17528529789365,381.3759466710852,6255171
2025-03-06 12:00:00,381.5824264951989,381.8012485920121,381.06963081611724,381.28845291293044,9746402
2025-03-06 13:00:00,381.73158665375803,382.18485901083864,380.7054367204554,381.158709077536,9392820
2025-03-06 14:00:00,380.8356260235332,381.114933755829,380.73184862020116,381.0111563524969,8259211
2025-03-06 15:00:00,380.47561963718874,381.36803819043104,380.0633761872328,380.9557947404751,6881986
2025-03-07 09:30:00,380.89264324214776,380.94279429671036,380.765673460153,380.8158245147156,13942380
2025-03-07 10:00:00,381.73731949867584,382.42882061862997,380.10697117851436,380.7984722984685,2618232
2025-03-07 11:00:00,380.48720728567076,381.0180859916332,380.2575212441297,380.7883999500921,3503179
2025-03-07 12:00:00,381.0236795067305,381.25156726574545,380.49108253889324,380.7189702979082,8723851
2025-03-07 13:00:00,381.00043805636506,381.1751984364695,380.48815493576734,380.66291531587177,7080972
2025-03-07 14:00:00,380.06725293103074,380.7896213538016,379.83711509891936,380.5594835216902,16996296
2025-03-07 15:00:00,380.58535810636346,380.64248871813385,380.4551052718707,380.5122358836411,10643448
2025-03-10 09:30:00,380.7575248189612,380.95051023827057,380.292543563491,380.48552898280036,7912454
2025-03-10 10:00:00,380.48051685129417,380.5390318100594,380.33923944219873,380.39775440096395,18010952
2025-03-10 11:00:00,380.3719197873044,380.40694034812327,380.29576002814514,380.330780588964,9105521
2025-03-10 12:00:00,380.24093271666806,380.27100866020845,380.2314979558763,380.2615738994167,11072894
2025-03-10 13:00:00,380.44568100799984,380.5855731974005,380.0682930323694,380.20818522177007,6385121
2025-03-10 14:00:00,380.829425695374,381.27731846966526,379.88154412446033,380.32943689875157,19856395
2025-03-10 15:00:00,380.7743466363332,380.91752649793375,380.35168017045174,380.4948600320523,21781114
2025-03-11 09:30:00,380.63474869832993,380.6786829743852,380.5102359872163,380.55417026327154,9692878
2025-03-11 10:00:00,380.5471328316396,380.60088633783386,380.5258093055487,380.57956281174296,5094863
2025-03-11 11:00:00,381.32327519354493,381.8418675077281,380.1177048484777,380.63629716266087,3301044
2025-03-11 12:00:00,380.6947023675811,380.7056714180137,380.6689085837128,380.6798776341454,4000857
2025-03-11 13:00:00,380.96549676326555,381.1086629433591,380.5973052001757,380.74047138026924,14185666
2025-03-11 14:00:00,381.43339956351554,381.88680852118034,380.3758418649881,380.8292508226529,4162247
2025-03-11 15:00:00,380.98724374034794,380.9879210814826,380.9857987991027,380.9864761402374,22283461
2025-03-12 09:30:00,381.0377084744715,381.1371649167296,380.9921075507684,381.0915639930265,12078067
2025-03-12 10:00:00,381.1491509059071,381.1710982241552,381.0965841828212,381.11853150106924,4148349
2025-03-12 11:00:00,381.06174285830167,381.3055282931149,380.9594396964759,381.2032251312891,4794855
2025-03-12 12:00:00,381.2191299633658,381.3392547043888,381.1625873689133,381.2827121099363,8930162
2025-03-12 13:00:00,381.66247299287306,381.84804393513446,381.24813768266426,381.43370862492566,29335174
2025-03-12 14:00:00,381.7641522564099,381.9779763331854,381.25683399138944,381.47065806816494,6373269
2025-03-12 15:00:00,381.28578641464156,381.7561988556607,381.1331864087559,381.60359884977504,18619189
2025-03-13 09:30:00,381.4796416469599,381.8820236372696,381.31418563970374,381.7165676300134,9861388
2025-03-13 10:00:00,381.12543436840207,382.2061696574175,380.7326917215827,381.8134270105981,12690849
2025-03-13 11:00:00,381.78984460978296,381.92210779007655,381.74154388134184,381.87380706163543,5261459
2025-03-13 12:00:00,381.47587759480484,382.19366675315433,381.21979972589685,381.93758888424634,11532317
2025-03-13 13:00:00,381.42033842558124,382.56220799903446,380.88297872960163,382.02484830305485,6015040
2025-03-13 14:00:00,382.1517054794936,382.21123127515915,381.9936580854251,382.05318388109066,4741310
2025-03-13 15:00:00,382.5697306651134,382.8344288086101,381.7877578624253,382.05245600592195,3736843
2025-03-14 09:30:00,382.43756562552574,382.62411575806254,381.9349683291932,382.12151846173003,5254651
2025-03-14 10:00:00,382.241141492236,382.2671096234449,382.17382734900445,382.19979548021337,7535629
2025-03-14 11:00:00,381.95688540321277,382.4784677312638,381.75021231451973,382.27179464257074,7797301
2025-03-14 12:00:00,382.3382950834591,382.3529098899827,382.3052811846265,382.3198959911501,11628646
2025-03-14 13:00:00,382.128971438053,382.4583559598721,381.9967963928218,382.32618091464093,3072643
2025-03-14 14:00:00,382.0197621672021,382.86755340321133,381.6403967308899,382.48818796689915,9414668
2025-03-14 15:00:00,381.7368692794323,383.2196462770696,381.08102667588383,382.56380367352114,15788740
2025-03-17 09:30:00,382.5998827221952,382.7410635261052,382.535375497047,382.67655630095703,11272657
2025-03-17 10:00:00,382.0961727530052,383.27795714139825,381.6450223602935,382.8268067486866,7444443
2025-03-17 11:00:00,382.601372741806,383.03809823917567,382.44669324212157,382.8834187394912,5744892
2025-03-17 12:00:00,383.20248847658524,383.4528236571229,382.66348455228035,382.913819732818,3120798
2025-03-17 13:00:00,383.3801931241059,383.6425790133482,382.6913894293053,382.95377531854757,11519748
2025-03-17 14:00:00,382.6179276935533,383.34325440300387,382.3172776571046,383.04260436655517,6747035
2025-03-17 15:00:00,383.1991183738605,383.25792634477284,383.0357352036374,383.09454317454976,8967429
2025-03-18 09:30:00,383.7310321607155,383.9855650246124,382.9396024564338,383.19413532033076,7708532
2025-03-18 10:00:00,382.6645628176729,383.54148986753995,382.3418541486347,383.21878119850174,6982614
2025-03-18 11:00:00,382.96287553076246,383.4580376834195,382.78570269621116,383.2808648488682,5224337
2025-03-18 12:00:00,383.80677098049614,384.0757322087522,383.1427520075241,383.41171323578016,22580386
2025-03-18 13:00:00,383.271639152129,383.6842644753076,383.12926550062576,383.54189082380435,14412102
2025-03-18 14:00:00,383.83653047221577,384.01825970230294,383.3873298634572,383.56905909354435,4305354
2025-03-18 15:00:00,384.230599364715,384.7522784427839,383.0785923191899,383.60027139725884,5890426
2025-03-19 09:30:00,383.3518395427207,383.9652056614482,383.1080696870816,383.72143580580905,8889501
2025-03-19 10:00:00,383.9077189502393,384.0141615422711,383.6544279651383,383.7608705571701,7449142
2025-03-19 11:00:00,383.8855982650433,383.89060968360366,383.87158354334167,383.876594961902,21687306
2025-03-19 12:00:00,383.9203067595633,383.9773391306592,383.8983864625813,383.9554188336772,12058687
2025-03-19 13:00:00,383.7191982520802,384.1579327590582,383.55785722120055,383.99659172817854,3623876
2025-03-19 14:00:00,384.0934511807026,384.16366782336934,383.94252039927636,384.0127370419431,2247022
2025-03-19 15:00:00,384.34817847495486,384.5544836518465,383.85527161796745,384.0615767948591,6866920
2025-03-20 09:30:00,384.4284710335689,384.64206960635283,383.84450920105576,384.0581077738397,3289876
2025-03-20 10:00:00,383.2666798016055,384.7980671592925,382.66563873734214,384.1970260950291,20192071
2025-03-20 11:00:00,384.1088341842955,384.39196306833344,383.99737564210363,384.28050452614156,18150185
2025-03-20 12:00:00,384.5266284249802,384.59496915264845,384.3152597508133,384.3836004784816,12598492
2025-03-20 13:00:00,384.00424256897423,384.7427343094156,383.7352821290439,384.4737738694853,19488569
2025-03-20 14:00:00,385.27180206850693,385.8898371956951,383.8694879756052,384.4875231027934,1724365
2025-03-20 15:00:00,384.35423921048186,384.6897877893623,384.19777501214094,384.5333235910214,11631111
2025-03-21 09:30:00,384.89178231144996,385.12452541232403,384.38618785598163,384.6189309568557,16696955
2025-03-21 10:00:00,384.2100938579726,384.8837847539364,383.98607711058594,384.65976800654977,7418463
2025-03-21 11:00:00,384.33815128348607,385.00658503813753,384.03619804484083,384.7046317994923,9148934
2025-03-21 12:00:00,384.20365434407285,384.96089283530074,383.9503627676582,384.7076012588861,3448445
2025-03-21 13:00:00,384.18120006253025,384.98586437023977,383.90453677451774,384.70920108222725,1351544
2025-03-21 14:00:00,384.6105035594619,384.9897140719959,384.48449945359226,384.86370996612624,9303847
2025-03-21 15:00:00,385.39965009877096,385.73210051125454,384.6869071969164,385.0193576094,20269920
2025-03-24 09:30:00,385.2143186978018,385.30614880547034,384.9377214470904,385.02955155475894,4988529
2025-03-24 10:00:00,385.0967235388145,385.10489037649086,385.0737569829202,385.08192382059656,13484373
2025-03-24 11:00:00,385.46279842045254,385.6941960902955,384.9133829123995,385.1447805822425,4717942
2025-03-24 12:00:00,385.2440526277603,385.2772451477247,385.15396133641707,385.1871538563815,9458310
2025-03-24 13:00:00,384.59945998628996,385.69274525010087,384.1111667833316,385.2044520471425,4738216
2025-03-24 14:00:00,385.0385388269631,385.41005176976034,384.91911366231716,385.2906266051144,11648667
2025-03-24 15:00:00,385.33916704186623,385.35358503323096,385.3086439589062,385.3230619502709,3566393
2025-03-25 09:30:00,385.74024778230086,386.03642227496994,385.08258214495476,385.37875663762384,10720578
2025-03-25 10:00:00,385.45186180511445,385.4573530963722,385.4358353948258,385.4413266860835,13944154
2025-03-25 11:00:00,385.41500966863043,385.49060309615203,385.384764331472,385.4603577589936,8326084
2025-03-25 12:00:00,385.5632706579521,385.6104878298074,385.423979817394,385.47119698924934,2935098
2025-03-25 13:00:00,384.750465418207,386.268398605559,384.0444132966916,385.5623464840436,5614311
2025-03-25 14:00:00,385.2697616757663,385.87380759955437,385.01675075168026,385.62079667546834,13179519
2025-03-25 15:00:00,386.07880589079394,386.34519251684,385.3680337587484,385.63442038479445,3489103
2025-03-26 09:30:00,385.7001570823193,385.80125546213503,385.66078120360163,385.76187958341734,25090696
2025-03-26 10:00:00,385.7912893854239,385.9817513507843,385.7101810931515,385.9006430585119,24565666
2025-03-26 11:00:00,386.3420503867915,386.69511287395113,385.5611058787396,385.91416836589923,2614249
2025-03-26 12:00:00,386.53010609212777,386.9516134193048,385.4970516048747,385.9185589320517,4335827
2025-03-26 13:00:00,385.99743645258945,386.01619718945466,385.9487955881336,385.9675563249988,3617180
2025-03-26 14:00:00,386.00579377414033,386.04602318759237,385.98829860162954,386.0285280150816,2866991
2025-03-26 15:00:00,385.42001128526107,386.5364751461336,384.93106732134834,386.0475311822209,8457598
2025-03-27 09:30:00,386.0281195641078,386.21976514442633,385.9547133245677,386.14635890488626,6320019
2025-03-27 10:00:00,386.8037787411052,387.306761880634,385.662960825952,386.1659439654808,1792162
2025-03-27 11:00:00,386.28268629600456,386.34596573799297,386.0799100906515,386.1431895326399,7841018
2025-03-27 12:00:00,386.0405620575108,386.39722022884297,385.88252647179206,386.23918464312425,10632477
2025-03-27 13:00:00,387.146926215062,387.62827973320515,385.84807142471016,386.3294249428533,14464488
2025-03-27 14:00:00,386.23268857740834,386.368574634526,386.17665411963594,386.3125401767536,3678370
2025-03-27 15:00:00,385.97881135583276,386.7115719715637,385.6642950294036,386.39705564513457,13354080
2025-03-28 09:30:00,386.3301010369889,386.59905979088416,386.2269601087005,386.4959188625958,6658686
2025-03-28 10:00:00,386.99154711183996,387.20543532098304,386.35342434277544,386.5673125519185,15440069
2025-03-28 11:00:00,386.9342320807572,387.10442923817095,386.51136805335193,386.68156521076565,19694646
2025-03-28 12:00:00,386.56522829283233,386.81841885744507,386.45342357163275,386.7066141362455,2661869
2025-03-28 13:00:00,387.2026228494478,387.6033586809686,386.3085119683079,386.70924779982874,5136938
2025-03-28 14:00:00,386.95528667668367,387.12795212898214,386.58567488677676,386.75834033907523,9033365
2025-03-28 15:00:00,386.38391638421257,387.0272720608949,386.14904735203646,386.7924030287188,8132290
2025-03-31 09:30:00,386.5249846254713,386.96063243677895,386.3683222843809,386.80397009568856,3813568
2025-03-31 10:00:00,387.3822181371153,387.84742188678655,386.393260261452,386.85846401112326,4598953
2025-03-31 11:00:00,386.76494111714567,387.0460743661506,386.64942969140884,386.9305629404138,7045382
2025-03-31 12:00:00,386.81103717531306,387.09713180210366,386.70954332143555,386.99563794822615,15908723
2025-03-31 13:00:00,386.22727319400826,387.79334819269565,385.5114895741991,387.0775645728865,9129211
2025-03-31 14:00:00,386.77756622638367,387.3352503630996,386.59846525670724,387.15614939342316,7557761
2025-03-31 15:00:00,387.9062469709453,388.33108058704994,386.8734164572533,387.29825007335796,19611071
2025-04-01 09:30:00,387.19698488956993,387.52266959052986,387.06329314917673,387.38897785013665,11902388
2025-04-01 10:00:00,387.3586690818204,387.3654598976359,387.3556047527935,387.36239556860903,7872861
2025-04-01 11:00:00,387.0294575742007,387.7432000544262,386.7800749925408,387.4938174727663,20985606
2025-04-01 12:00:00,387.8280050869509,388.1065645163181,387.2037244270263,387.4822838563935,3987308
2025-04-01 13:00:00,387.68460484259055,387.7322539745736,387.56115932260553,387.6088084545886,5492149
2025-04-01 14:00:00,387.7041202306711,387.8192229001558,387.66561092200027,387.780713591485,30949727
2025-04-01 15:00:00,388.2132571115071,388.53085945764,387.44833581639745,387.76593816253035,6524621
2025-04-02 09:30:00,388.5858039834794,389.11162436714477,387.35834186046975,387.8841622441351,16411643
2025-04-02 10:00:00,388.05378910332803,388.17799280395695,387.78690368764853,387.91110738827746,9028441
2025-04-02 11:00:00,387.8350741604498,388.2767469517946,387.65763803750235,388.0993108288472,33465447
2025-04-02 12:00:00,388.3466673539254,388.5007081444874,388.00154655525694,388.15558734581896,11997762
2025-04-02 13:00:00,388.6149670252107,388.8518873759749,388.04780212851483,388.284722479279,8118701
2025-04-02 14:00:00,388.97656777408514,389.38359273058717,387.9366103978601,388.3436353543621,8269754
2025-04-02 15:00:00,388.794305633479,389.0534076325188,388.1867168289747,388.4458188280145,20476779
2025-04-03 09:30:00,388.5722334153541,388.5997994751104,388.4860471671679,388.5136132269242,12360358
2025-04-03 10:00:00,388.43240568425796,388.54878035332985,388.3861615174407,388.5025361865126,1343272
2025-04-03 11:00:00,388.6883189780715,388.72434894532915,388.60882217414184,388.6448521413995,10503327
2025-04-03 12:00:00,388.1472096753336,389.1033930080806,387.7949941332391,388.7511774659861,17188220
2025-04-03 13:00:00,389.11579323555696,389.30771837501356,388.6511556632044,388.843080802661,7388534
2025-04-03 14:00:00,388.98941092181497,389.05057404927294,388.8101287893681,388.87129191682607,1961296
2025-04-03 15:00:00,389.2744141086438,389.5146178731722,388.68429455694957,388.924498321478,8137034
2025-04-04 09:30:00,389.4316902715686,389.6650778653109,388.78459464687273,389.017982240615,10345945
2025-04-04 10:00:00,388.7409155562304,389.42956800577923,388.44626835755344,389.1349208071023,19475567
2025-04-04 11:00:00,389.16855195559737,389.1692644330021,389.16700735618895,389.1677198335937,5138327
2025-04-04 12:00:00,389.0206113614537,389.2956756751324,388.92984616495494,389.2049104786336,5557252
2025-04-04 13:00:00,389.3169966647363,389.38248722493717,389.13853548543926,389.20402604564015,5551982
2025-04-04 14:00:00,388.4628055663205,389.7839110475891,388.01274073058886,389.3338462118574,9956860
2025-04-04 15:00:00,389.3648363537665,389.5285789507263,389.2984722029136,389.4622147998734,24082123
2025-04-07 09:30:00,389.92759182103134,390.21420373260503,389.2587392302866,389.5453511418603,10597017
2025-04-07 10:00:00,389.4351539349821,389.60256028659916,389.37983827828305,389.5472446299001,6073411
2025-04-07 11:00:00,389.47562758408105,389.6178390031663,389.4295299452631,389.5717413643483,6478429
2025-04-07 12:00:00,389.1015198391281,390.0970994601577,388.7162696958589,389.7118493168885,17078371
2025-04-07 13:00:00,390.1238499556078,390.4029348473881,389.47879730194524,389.75788219372555,4285616
2025-04-07 14:00:00,390.1869360106483,390.4871326447589,389.5062921328653,389.8064887669759,3757114
2025-04-07 15:00:00,389.8063664953565,390.12503164653214,389.67204708009416,389.9907122312698,32607803
2025-04-08 09:30:00,389.95929231820446,390.2851730814917,389.81361259859824,390.13949336188546,7285400
2025-04-08 10:00:00,390.0458002653624,390.20527095975285,389.97099381761456,390.130464512005,4524770
2025-04-08 11:00:00,390.48993625431945,390.7566336987079,389.86446365587346,390.1311611002619,2705034
2025-04-08 12:00:00,389.7784558886733,390.4709318973554,389.49453109651466,390.18700710519676,13453039
2025-04-08 13:00:00,389.5016978508655,390.75904747897135,389.01590584105725,390.2732554691631,16156108
2025-04-08 14:00:00,389.66999847323564,391.0086213979158,389.0533667828929,390.3919897075731,23122396
2025-04-08 15:00:00,390.4102993127313,390.5444115031864,390.3515490516439,390.48566124209896,7481608
2025-04-09 09:30:00,390.9659588290653,391.2772794480566,390.24177259322033,390.55309321221165,13911419
2025-04-09 10:00:00,390.81825192762284,390.89674161474534,390.6003230837072,390.6788127708297,14343678
2025-04-09 11:00:00,391.04744436002056,391.3443035599989,390.38727519932866,390.68413439930697,3824844
2025-04-09 12:00:00,389.87738830976696,391.24168723432456,389.34991990902665,390.71421883358425,8723993
2025-04-09 13:00:00,391.08928755574976,391.2963010297511,390.55066705545534,390.75768052945665,7802433
2025-04-09 14:00:00,389.8687510541583,391.37008810215906,389.2114679803445,390.71280502834526,7590807
2025-04-09 15:00:00,390.5009283750407,391.0720876177685,390.2634327719874,390.8345920147152,23057718
2025-04-10 09:30:00,391.0232455474465,391.0695937695824,390.87768009343745,390.92402831557337,14981588
2025-04-10 10:00:00,391.3894423679796,391.67878480672,390.75661004688266,391.04595248562305,18443456
2025-04-10 11:00:00,391.1525186962986,391.19801902114557,391.04677509104346,391.0922754158904,11324005
2025-04-10 12:00:00,391.40668205625536,391.5912964503657,390.90559304709626,391.0902074412066,5083541
2025-04-10 13:00:00,391.6275737329301,391.90966427619634,390.9340616989857,391.21615224225195,18070858
2025-04-10 14:00:00,391.79871734274565,392.2479514863736,390.80349928791634,391.2527334315443,2837942
2025-04-10 15:00:00,391.1623804792925,391.455692671051,391.0537577031375,391.347069894896,14498799
2025-04-11 09:30:00,390.3560828091924,392.2593528765535,389.56499692817675,391.4682669955379,10965999
2025-04-11 10:00:00,390.86299359007967,392.11837589056046,390.2886836188081,391.54406591928887,4552479
2025-04-11 11:00:00,391.3862439076559,391.8086023413453,391.2201810341574,391.6425394678468,13670524
2025-04-11 12:00:00,391.9718068554462,392.1448011959253,391.5208862590885,391.69388059956765,4048712
2025-04-11 13:00:00,391.58851385838994,391.80970732245584,391.50829663880523,391.7294901028711,9741736
2025-04-11 14:00:00,391.61070560761243,391.95741066382095,391.4860580802312,391.8327631364397,20161116
2025-04-11 15:00:00,392.1811170085935,392.28391068749204,391.8911601088845,391.993953787783,19407369
2025-04-14 09:30:00,392.16413491320986,392.2514255029566,391.9683392551176,392.0556298448643,4352256
2025-04-14 10:00:00,392.1074881370541,392.1179351197732,392.0831106346788,392.09355761739795,2200628
2025-04-14 11:00:00,392.3111460945112,392.402028793184,392.07445358204217,392.165336280715,13436994
2025-04-14 12:00:00,392.3908443043011,392.50725564012276,392.0578026711498,392.17421400697145,3432131
2025-04-14 13:00:00,392.5716652472936,392.81091931701644,391.9911282360832,392.2303823058061,10858741
2025-04-14 14:00:00,392.4360389073584,392.51970639950895,392.25465683733404,392.3383243294846,20526307
2025-04-14 15:00:00,391.8846568112377,392.6025693957102,391.6009993829814,392.3189119674539,3015726
2025-04-15 09:30:00,392.75684802131406,392.88375267352785,392.38809754103136,392.51500219324515,19190262
2025-04-15 10:00:00,392.9678037093823,393.2306573623856,392.29091272863997,392.5537663816433,7358641
2025-04-15 11:00:00,392.75295637800514,392.8013116843497,392.6424393583685,392.69079466471305,22054160
2025-04-15 12:00:00,392.19544703843707,393.11271611991845,391.8131960526024,392.7304651340838,10957950
2025-04-15 13:00:00,392.7115793122322,392.93047255544616,392.64031452191375,392.85920776512774,18836069
2025-04-15 14:00:00,392.87697392275845,393.00710233215847,392.83074001360285,392.96086842300286,17380054
2025-04-15 15:00:00,393.25358356648104,393.37066929471155,392.97511694255314,393.09220267078365,23939288
2025-04-16 09:30:00,392.8744078550946,393.4096821843779,392.6521115155263,393.1873858448096,11952063
2025-04-16 10:00:00,393.2025263045939,393.35280644260905,393.15036897718784,393.300649115203,6642559
2025-04-16 11:00:00,393.80388463857463,394.0816827105639,393.08599839941127,393.3637964714005,3505618
2025-04-16 12:00:00,393.404616948455,393.4591068428512,393.27596704633754,393.33045694073377,3413172
2025-04-16 13:00:00,393.2343095407481,393.5188327505987,393.12656704577074,393.41109025562133,4301209
2025-04-16 14:00:00,394.22462754266473,394.7235098160988,392.9441353882995,393.44301766173356,4841102
2025-04-16 15:00:00,393.73546862904544,393.8441336951695,393.42537288856704,393.5340379546911,11245602
2025-04-17 09:30:00,393.66732729142905,393.78854757675697,393.3914936588134,393.5127139441413,5742306
2025-04-17 10:00:00,392.8746747293925,394.18074103736075,392.3095427223389,393.61560903030716,18902531
2025-04-17 11:00:00,393.46837331351963,393.79564435803417,393.3357988242907,393.6630698688052,12494553
2025-04-17 12:00:00,394.3754090666027,394.83318748686736,393.24558195817076,393.70336037843543,11367391
2025-04-17 13:00:00,393.0198536443365,394.27263487467457,392.44111559350847,393.69389682384656,3322129
2025-04-17 14:00:00,393.64935900001154,393.8776142039223,393.57417810151935,393.8024333054301,14759953
2025-04-17 15:00:00,394.3452049352849,394.62286317786374,393.519268896092,393.7969271386708,1581812
2025-04-18 09:30:00,393.38110679802384,394.1926841359175,393.04285116406913,393.8544285019628,2621949
2025-04-18 10:00:00,389.91588421694314,394.7252193406376,393.5674625898318,393.81504305911255,13526614
2025-04-18 11:00:00,397.7531934897037,393.94440164867734,393.57335075427517,385.82059768501256,17292502
2025-04-18 12:00:00,394.5059982821045,394.82698128715066,393.5167456285393,393.83772863358547,3237662
2025-04-18 13:00:00,393.56373774332815,393.82100976381537,393.4642876878093,393.7215597082965,7177196
2025-04-18 14:00:00,393.59983918749947,393.76798304792936,393.53751533014076,393.70565919057066,4816796
2025-04-18 15:00:00,394.20142644331554,394.81406135372464,392.884032803585,393.4966677139941,29491694
2025-04-21 09:30:00,393.7620613063816,393.97184180524687,393.14079934638755,393.3505798452528,12662748
2025-04-21 10:00:00,393.1960708734875,393.33615093350875,393.14297236690857,393.2830524269298,5376219
2025-04-21 11:00:00,393.05562997832163,393.41175047420745,392.902286672104,393.25840716798984,2027349
2025-04-21 12:00:00,393.65338672357353,394.0432619898895,392.77287791549446,393.16275318181044,7109044
2025-04-21 13:00:00,392.807585300624,393.23843619711937,392.66893383168554,393.0997847281809,11735147
2025-04-21 14:00:00,392.5601139733417,393.2945875560619,392.26360778286113,392.99808136558136,15029921
2025-04-21 15:00:00,392.62556134635423,393.2160741807035,392.36580379674007,392.95631663108935,11174457
2025-04-22 09:30:00,393.1466087007589,393.31059027206794,392.7073419394795,392.8713235107885,8883256
2025-04-22 10:00:00,392.51334938475094,392.98136548032795,392.3145082587232,392.7825243543002,5769243
2025-04-22 11:00:00,392.39368623353744,392.9011765931899,392.2111263475857,392.7186167072382,8679000
2025-04-22 12:00:00,393.70190409812795,394.4462965995487,391.8874680123573,392.63186051377807,9052422
2025-04-22 13:00:00,392.76201218893857,392.89467186393614,392.45414170534974,392.5868013803473,11721504
2025-04-22 14:00:00,392.5902671909118,392.609534686301,392.5426550012448,392.561922496634,7333561
2025-04-22 15:00:00,392.23535759642664,392.6901270277936,392.0393925521592,392.49416198352617,5240745
2025-04-23 09:30:00,392.32685406359354,392.50022141004894,392.2683558908297,392.4417232372851,4179519
2025-04-23 10:00:00,392.65888618979096,392.81571047577904,392.2039091126583,392.3607333986464,14911963
2025-04-23 11:00:00,392.34417981683185,392.3705961285791,392.26862060566026,392.2950369174075,5426984
2025-04-23 12:00:00,392.53162796910425,392.7283613612367,392.0455812488975,392.24231464102996,10371105
2025-04-23 13:00:00,392.19796636619867,392.26979319601105,392.1641118335698,392.23593866338217,5398187
2025-04-23 14:00:00,392.4214862382533,392.59892260358913,392.01170018575414,392.18913655109,5709688
2025-04-23 15:00:00,392.02293642106355,392.0750470030984,392.00102780153316,392.053138383568,10640689
2025-04-24 09:30:00,391.90249666254306,392.01658619254755,391.85312650300614,391.96721603301063,13089940
2025-04-24 10:00:00,392.0877901141772,392.2660877067858,391.686335275462,391.8646328680706,12063406
2025-04-24 11:00:00,391.3603966257526,392.02059800876845,391.1330128931462,391.793214276162,15046840
2025-04-24 12:00:00,391.74257686111883,391.7738828600308,391.6614633557657,391.6927693546777,20376568
2025-04-24 13:00:00,390.80207949984714,392.0550219921875,390.31554745991036,391.56848995225073,11344232
2025-04-24 14:00:00,391.7263669258102,391.92298755741336,391.1875542563838,391.38417488798694,33679664
2025-04-24 15:00:00,391.735085498639,392.0840797606528,390.99749103799763,391.3464853000114,8450847
2025-04-25 09:30:00,392.3828271414044,393.27970816830754,390.4155983971862,391.31247942408936,3691376
2025-04-25 10:00:00,391.6363304054218,391.91452224404435,391.0054531916225,391.28364503024505,4999155
2025-04-25 11:00:00,391.17080187891327,391.28386213795045,391.1182675638013,391.23132782283847,10852138
2025-04-25 12:00:00,391.1984714847924,391.2422700498555,391.1792125036914,391.22301106875454,1543060
2025-04-25 13:00:00,391.35176521368464,391.4545596846447,391.02838913535345,391.1311836063135,6074014
2025-04-25 14:00:00,390.80211275319033,391.2364265862134,390.61868802940035,391.0530018624234,16987833
2025-04-25 15:00:00,391.4805155150908,391.8428118952189,390.56073934180296,390.92303572193106,15817459
2025-04-28 09:30:00,390.8399923597753,390.87480778619704,390.76627606992895,390.8010914963507,18454048
2025-04-28 10:00:00,390.0746988109331,391.03058908263455,389.7254339786432,390.68132425034463,7643316
2025-04-28 11:00:00,390.9410111991242,391.1005686908031,390.51631941575596,390.6758769074348,2555201
2025-04-28 12:00:00,390.3790792258239,390.7041143084341,390.2735609930231,390.59859607563334,8360559
2025-04-28 13:00:00,389.88335345694327,391.20894909325455,389.2765661872022,390.6021618235135,5788289
2025-04-28 14:00:00,390.9124709878124,391.136707197949,390.364038749623,390.5882749597596,2252122
2025-04-28 15:00:00,390.22870607523237,390.75976076572465,389.99228521675775,390.52333990725003,15650867
2025-04-29 09:30:00,390.6481639273928,390.74804377052544,390.3409531004355,390.4408329435682,18090830
2025-04-29 10:00:00,390.126635611223,390.5115907764548,389.94644909407316,390.331404259305,17969752
2025-04-29 11:00:00,390.4952108319743,390.6650438513297,390.06330275520463,390.23313577456,10004930
2025-04-29 12:00:00,390.1690067318492,390.182213626709,390.13294590913665,390.1461528039964,4626966
2025-04-29 13:00:00,389.65312187483397,390.4710997377783,389.29847706540573,390.11645492835004,8676455
2025-04-29 14:00:00,390.3719716813313,390.6585747317811,389.69832373863414,389.98492678908394,23802476
2025-04-29 15:00:00,390.0230167638096,390.1286267857184,389.74701672311085,389.8526267450196,12214637
2025-04-30 09:30:00,389.6975902718608,389.8640631144145,389.6198319328492,389.78630477540287,9361289
2025-04-30 10:00:00,389.7919528558716,389.7941429147148,389.7865357810463,389.78872583988954,6083344
2025-04-30 11:00:00,390.2553756343233,390.58302679992477,389.3168990690835,389.64455023468497,26166154
2025-04-30 12:00:00,389.9803524553599,390.2642064944276,389.34766368615027,389.631517725218,5217899
2025-04-30 13:00:00,389.8417135545825,390.03394415333463,389.38565665944503,389.57788725819717,8380035
2025-04-30 14:00:00,389.72583633149503,389.8512048885641,389.39889621110075,389.5242647681698,4583801
2025-04-30 15:00:00,389.9055660037559,390.23267681252065,389.1244029393792,389.45151374814395,12318972
2025-05-01 09:30:00,389.514435289551,389.54904559806357,389.43491732606947,389.46952763458205,3288896
2025-05-01 10:00:00,389.59922567926907,389.7153612478894,389.3004578197177,389.416593388338,3643319
2025-05-01 11:00:00,389.86327812250397,390.0830534506597,389.1808991009662,389.4006744291219,4057546
2025-05-01 12:00:00,389.4843549805984,389.5606743454366,389.26752975993617,389.34384912477435,13067981
2025-05-01 13:00:00,389.2599028615465,389.3512445416692,389.22923472827307,389.32057640839577,8723939
2025-05-01 14:00:00,390.05077497031147,390.6573150115973,388.65816730321933,389.26470734450515,6743505
2025-05-01 15:00:00,389.6524610099131,390.0149546048607,388.7650340581749,389.12752765312246,7351223
2025-05-02 09:30:00,388.6252739357486,389.52981036502786,388.2095158821795,389.11405231145875,6740396
2025-05-02 10:00:00,389.04578270634937,389.0644770361159,389.00084731479285,389.01954164455935,15804112
2025-05-02 11:00:00,389.3089339339279,389.65608545782845,388.5598208621348,388.90697238603536,4057733
2025-05-02 12:00:00,388.86741275886646,388.870741224335,388.8661013207633,388.8694297862318,8440922
2025-05-02 13:00:00,388.17104496358127,389.42117644537234,387.6246974520255,388.87482893381656,5127803
2025-05-02 14:00:00,389.3853837287664,389.7171725862028,388.5030442464877,388.83483310392415,5598953
2025-05-02 15:00:00,388.77310879108916,388.77508444860234,388.7683604353547,388.77033609286786,3385995
2025-05-05 09:30:00,388.9600192567309,389.1752618168047,388.4713542907636,388.6865968508374,13639937
2025-05-05 10:00:00,388.5048636689878,388.61954008239786,388.4609220332962,388.57559844670624,14732968
2025-05-05 11:00:00,388.7886620741233,388.9828208695873,388.30200521732905,388.49616401279303,9297275
2025-05-05 12:00:00,388.09371656885696,388.6899739432872,387.88396392427234,388.4802212987026,7125102
2025-05-05 13:00:00,388.0214636645039,388.5904664547766,387.80273222755505,388.37173501782775,16835979
2025-05-05 14:00:00,388.2740636985574,388.30706688853263,388.1850503470393,388.2180535370145,5533182
2025-05-05 15:00:00,389.6380394117819,390.46369968215225,387.2553734231651,388.08103369353546,18791882
2025-05-06 09:30:00,387.44241041083967,388.2862464917569,387.1059782485224,387.9498143294396,23796276
2025-05-06 10:00:00,388.100118452086,388.3683370048309,387.5099600819884,387.7781786347333,11946913
2025-05-06 11:00:00,387.6696033421025,387.70229917732485,387.6583547837441,387.6910506189664,5917595
2025-05-06 12:00:00,386.9798735261882,388.2078345172035,386.43922699763164,387.6671879886469,5732785
2025-05-06 13:00:00,387.383558369781,387.698665282525,387.2361592825091,387.5512661952531,12476925
2025-05-06 14:00:00,387.7859123713205,387.98769801521587,387.17376115211334,387.37554679600873,28658113
2025-05-06 15:00:00,388.338163390551,389.09041528300554,386.5414978898143,387.29374978226883,6314978
2025-05-07 09:30:00,387.6856318334978,388.1048027239595,386.7757778344117,387.1949487248734,13539324
2025-05-07 10:00:00,387.39096267877017,387.5423307042436,386.9574077443397,387.1087757698132,12507942
2025-05-07 11:00:00,387.10409871754405,387.18309721013634,386.88452564852213,386.9635241411144,11680536
2025-05-07 12:00:00,387.17757268804263,387.36729622709066,386.6322950434096,386.82201858245764,24296059
2025-05-07 13:00:00,385.88473084459474,387.50860302903993,385.14570595550856,386.76957813995375,6699660
2025-05-07 14:00:00,385.9708668413292,387.42739845248826,385.33182626371155,386.7883578748706,8896392
2025-05-07 15:00:00,386.6644704130229,386.6723762774728,386.64741679569704,386.6553226601469,9860026
2025-05-08 09:30:00,386.5846315073745,386.60362076755695,386.54041540220817,386.5594046623906,9943551
2025-05-08 10:00:00,386.2376478002076,386.64688647658954,386.0755475240736,386.4847862004556,12702787
2025-05-08 11:00:00,386.2084251445077,386.5860101097601,386.055966985555,386.4335519508074,12722911
2025-05-08 12:00:00,386.1730220978842,386.488658052415,386.0673000642965,386.3829360188273,2404846
2025-05-08 13:00:00,386.18168318662083,386.6467868823048,386.0334151453542,386.49851884103816,12455980
2025-05-08 14:00:00,386.80137508586193,387.0081711921905,386.2452552910798,386.45205139740835,13125784
2025-05-08 15:00:00,386.52393664900075,386.53779473730043,386.51831525201214,386.53217334031183,3727271
2025-05-09 09:30:00,386.8646926562917,386.9800608869371,386.5505917930549,386.6659600237003,10057022
2025-05-09 10:00:00,386.86584564449305,386.9235742613447,386.68666004558634,386.744388662438,3516791
2025-05-09 11:00:00,387.04058778942556,387.1940183045095,386.66667412609934,386.82010464118326,15440318
2025-05-09 12:00:00,387.0911497252859,387.176095101013,386.8345319375532,386.9194773132803,9748730
2025-05-09 13:00:00,387.5660165543546,387.94499278365015,386.73442358790015,387.1133998171957,26294474
2025-05-09 14:00:00,386.71866209520556,387.56869964580983,386.3652071596379,387.2152447102422,14893445
2025-05-09 15:00:00,387.374563775095,387.4365228124404,387.22304308895474,387.2850021263001,9409533
2025-05-12 09:30:00,387.1315806870164,387.5445331772527,386.98663859358487,387.3995910838211,14557899
2025-05-12 10:00:00,388.04987072168393,388.4209395348866,387.0435222425053,387.41459105570794,4235473
2025-05-12 11:00:00,386.8189082705781,387.9787721582021,386.33046400075756,387.49032788838156,16383135
2025-05-12 12:00:00,387.449722034144,387.58731309461484,387.3848114760922,387.52240253656305,2714738
2025-05-12 13:00:00,386.93636186556665,387.95407988696905,386.6124658692501,387.6301838906525,14947559
2025-05-12 14:00:00,387.92490759901045,388.13818990049117,387.45256893464,387.6658512361207,9203400
2025-05-12 15:00:00,388.415861081792,388.8505726009016,387.18616859001463,387.62088010912424,6935743
2025-05-13 09:30:00,387.3922245844523,387.899745612948,387.16945248073233,387.676973509228,9684556
2025-05-13 10:00:00,388.2007533591491,388.67292642381904,387.19773737512236,387.6699104397923,2444743
2025-05-13 11:00:00,387.15854907074606,388.2802960206431,386.682162521559,387.80390947145605,21584638
2025-05-13 12:00:00,387.57582091244353,387.9934086202636,387.40049629574963,387.8180840035697,3457925
2025-05-13 13:00:00,388.10892816428617,388.19791368523653,387.83311840987886,387.9221039308292,21098631
2025-05-13 14:00:00,387.61510839597,388.182635436074,387.3495738453786,387.91710088548257,2762300
2025-05-13 15:00:00,387.997633775692,388.0625420144599,387.9754765805231,388.040384819291,6901485
2025-05-14 09:30:00,387.9603767899123,388.26884100459864,387.8319447755996,388.14040899028595,12085176
2025-05-14 10:00:00,388.17864017937313,388.2017227296974,388.16984392666296,388.1929264769872,7570073
2025-05-14 11:00:00,388.1515157318293,388.24528723068585,388.1159196874261,388.20969118628267,7576366
2025-05-14 12:00:00,388.3306778452696,388.3542408722323,388.3213471402422,388.34491016720494,14091266
2025-05-14 13:00:00,388.6535430970586,388.9077672323138,388.09617983420344,388.3504039694586,4648913
2025-05-14 14:00:00,388.33699741454836,388.5185566198854,388.2624030486972,388.4439622540342,20227780
2025-05-14 15:00:00,388.23123873417524,388.7154203233844,388.0746512684919,388.5588328577011,11389475
2025-05-15 09:30:00,388.74527389053674,388.81828790485787,388.5465675108856,388.61958152520674,9795156
2025-05-15 10:00:00,388.17186780490334,389.14100587934814,387.7792766012577,388.7484146757025,14272520
2025-05-15 11:00:00,389.3347434626294,389.6097621886446,388.56183318154785,388.8368519075631,5657319
2025-05-15 12:00:00,388.0668964367608,389.2712003004875,387.6798361662233,388.88414002995,11901346
2025-05-15 13:00:00,388.75079987873875,389.23031726194165,388.52463745407545,389.00415483727835,5255175
2025-05-15 14:00:00,388.67491738975536,389.26276761557,388.4875884426426,389.07543866845725,7240449
2025-05-15 15:00:00,388.5790577196824,389.58849919376667,388.10910089894713,389.1185423730314,2365061
2025-05-16 09:30:00,388.4538814440024,389.70226933357304,387.9736642414571,389.22205213102774,14754999
2025-05-16 10:00:00,389.2570261311535,389.50353882454095,389.1581848236113,389.40469751699874,7138734
2025-05-16 11:00:00,389.49957878449254,389.5657449156428,389.3187693128632,389.3849354440135,5856602
2025-05-16 12:00:00,390.0238105767881,390.49898090803464,388.9686452814707,389.44381561271723,8348259
2025-05-16 13:00:00,389.2264247517836,389.7425984798014,389.05820581044026,389.57437953845806,6753432
2025-05-16 14:00:00,389.3647699167822,389.87688675790287,389.1243401169871,389.6364569581078,6282761
2025-05-16 15:00:00,389.6541820957671,389.6947471671127,389.64147021864073,389.68203528998635,10897710
2025-05-19 09:30:00,389.49429974583717,390.11866233435865,389.2207179942468,389.8450805827683,14130772
2025-05-19 10:00:00,389.72408483932264,390.0087454657823,389.6303752712601,389.91503589771975,3208513
2025-05-19 11:00:00,390.44359416760926,390.86437657954866,389.49516400764344,389.91594641958284,3399593
2025-05-19 12:00:00,390.4782074749174,390.77490352092616,389.6887359145866,389.98543196059535,7703834
2025-05-19 13:00:00,389.7041804896683,390.2675634548044,389.4767391611183,390.0401221262544,13583270
2025-05-19 14:00:00,390.0613213835846,390.12303964486796,390.0333260197471,390.0950442810305,11578898
2025-05-19 15:00:00,390.60350720711597,390.9823942270661,389.7749741608994,390.1538611808495,2582431
2025-05-20 09:30:00,389.8276683040205,390.4969814795184,389.60707606658747,390.2763892420854,19595015
2025-05-20 10:00:00,389.6632931121928,391.01995466000915,389.071734335851,390.42839588366735,28164718
2025-05-20 11:00:00,390.7721710784387,390.85273501608054,390.55628411083376,390.6368480484756,15604610
2025-05-20 12:00:00,389.85731980357934,391.4179661584522,389.18365826035375,390.7443046152266,4347175
2025-05-20 13:00:00,390.9055376810994,390.95729037766483,390.74403742236404,390.79579011892946,6509091
2025-05-20 14:00:00,391.4190912131743,391.8721119566306,390.40029972180196,390.85332046525826,13221873
2025-05-20 15:00:00,391.15780687576313,391.3226119051882,390.77957721609476,390.9443822455198,3773065
2025-05-21 09:30:00,390.70593107767826,391.1232674247158,390.5707994368096,390.9881357838471,6119579
2025-05-21 10:00:00,390.85807169666714,391.2400672430012,390.71642302672075,391.0984185730548,9166799
2025-05-21 11:00:00,390.501145639447,391.80030081945836,389.96838112800134,391.2675363080127,20039011
2025-05-21 12:00:00,391.6232753245625,391.84353854498886,391.11883271030206,391.33909593072843,10800112
2025-05-21 13:00:00,391.35041614355845,391.3533274476996,391.3440381846898,391.34694948883094,3738554
2025-05-21 14:00:00,391.94685828715967,392.44587711401516,390.8511020993509,391.3501209262064,6253781
2025-05-21 15:00:00,391.09181734012657,391.645211393259,390.85719234671296,391.4105863998454,10808434
2025-05-22 09:30:00,391.8882180439059,392.20916542358117,391.1634669969161,391.48441437659136,7027124
2025-05-22 10:00:00,391.8369590409972,392.05617246442654,391.2809330181221,391.5001464415514,4147554
2025-05-22 11:00:00,390.6116862159569,392.41531236430194,389.9051264237703,391.7087525721153,31838728
2025-05-22 12:00:00,391.01659914625697,392.18060606781006,390.5800058655247,391.7440127870778,4583024
2025-05-22 13:00:00,391.5672722968514,391.88661813047463,391.4663294038969,391.78567523752014,2501397
2025-05-22 14:00:00,391.75321161298,391.9245243087413,391.69373689175865,391.86504958751993,5970876
2025-05-22 15:00:00,392.6261258164066,393.0321006358744,391.5250835152286,391.93105833469633,8617668
2025-05-23 09:30:00,391.59219390248956,392.15266704096524,391.35578774085576,391.91626087933145,7405332
2025-05-23 10:00:00,392.03673733695695,392.04482325872766,392.03308097435723,392.04116689612795,24047183
2025-05-23 11:00:00,392.86364548271877,393.4118335706499,391.5185777467917,392.06676583472284,3719947
2025-05-23 12:00:00,391.8823756026402,392.2398577119396,391.7130843372296,392.07056644652897,4854034
2025-05-23 13:00:00,393.10227677685486,393.8081733313623,391.36720895366153,392.07310550816896,5271070
2025-05-23 14:00:00,392.4215695442477,392.67728572509816,391.8550216316773,392.11073781252776,10837741
2025-05-23 15:00:00,392.53072098957057,392.804168339377,391.882525714661,392.15597306446745,12439033
2025-05-26 09:30:00,391.8868446021916,392.4676137720538,391.6159276852916,392.1966968551538,10802791
2025-05-26 10:00:00,392.38497098458976,392.49865705531596,392.1036433900383,392.2173294607645,6163497
2025-05-26 11:00:00,391.86407053639374,392.64525544085114,391.5008992519876,392.282084156445,4393361
2025-05-26 12:00:00,392.6519231996906,392.8933121692375,392.11842674265444,392.35981571220134,4596901
2025-05-26 13:00:00,392.0148204817352,392.85024017612375,391.6588150288226,392.4942347232111,5579791
2025-05-26 14:00:00,392.8114134597193,392.95357452499707,392.47036023721375,392.61252130249153,20655484
2025-05-26 15:00:00,392.5670983085312,392.8970286563664,392.4201655237284,392.7500958715636,13424072
2025-05-27 09:30:00,392.1492538501993,393.4581793664148,391.540600986959,392.84952650317456,8694014
2025-05-27 10:00:00,391.98876409123415,393.6484978372035,391.27360102748924,392.93333477345857,4785679
2025-05-27 11:00:00,393.366494823675,393.55888392153764,392.76966563635943,392.9620547342221,3598629
2025-05-27 12:00:00,392.96023858585426,393.0758086826581,392.90743709704833,393.02300719385215,8011264
2025-05-27 13:00:00,393.2964976924902,393.4239967103971,392.9696523190259,393.09715133693277,14648077
2025-05-27 14:00:00,393.85556577316686,394.2568669083838,392.78571478552965,393.1870159207466,8266817
2025-05-27 15:00:00,393.650563123767,393.9018734959087,392.9832295674251,393.23453993956684,6975794
2025-05-28 09:30:00,392.73367026347955,393.618288056655,392.42546167416026,393.3100794673357,11137076
2025-05-28 10:00:00,393.2602145950657,393.52318366926164,393.158728237241,393.42169731143696,4736306
2025-05-28 11:00:00,393.20985488966204,393.6500273857672,393.0435362133808,393.48370870948594,9694941
2025-05-28 12:00:00,393.3249486334755,393.7275394910462,393.1426802735254,393.54527113109606,11122524
2025-05-28 13:00:00,393.3170084462014,393.88990906990085,393.12433067935916,393.69723130305863,24712492
2025-05-28 14:00:00,393.386186524956,394.0442288300988,393.10876046732477,393.7668027724676,16037786
2025-05-28 15:00:00,394.19561849238363,394.36151824011466,393.6854256417471,393.8513253894781,6281805
2025-05-29 09:30:00,394.028519191124,394.09403449390635,393.84980460760346,393.9153199103858,6556455
2025-05-29 10:00:00,393.58240081847885,394.15865435700886,393.3765086253472,393.9527621638772,3878894
2025-05-29 11:00:00,393.7032210737971,394.21255065100564,393.5435637825845,394.052893359793,12965798
2025-05-29 12:00:00,393.72987554541373,394.4014862699779,393.4207520621344,394.0923627866986,7697010
2025-05-29 13:00:00,394.5167404163892,394.7307392458283,393.9743146096588,394.1883134390979,8897126
2025-05-29 14:00:00,394.53066987882295,394.71383608052537,394.02247883376634,394.20564503546876,8545023
2025-05-29 15:00:00,394.08962833921964,394.2807527038503,394.02621277481416,394.2173371394448,3038001
2025-05-30 09:30:00,394.31483220430965,394.33355248591744,394.2714080983662,394.29012837997396,12318902
2025-05-30 10:00:00,394.70721406913196,394.9323946354012,394.06092755729475,394.28610812356396,5838016
2025-05-30 11:00:00,394.496539881567,394.58637883726806,394.2747724686194,394.36461142432046,12735728
2025-05-30 12:00:00,393.4881594318356,395.3284939430024,392.68163982141346,394.52197433258027,8742847
2025-05-30 13:00:00,395.3002915265162,395.80877957790614,394.12026795502226,394.6287560064122,5169970
2025-05-30 14:00:00,394.5851354812706,394.8554236109489,394.47325577057603,394.74354390025434,9948910
2025-05-30 15:00:00,395.5111598247339,395.9411939832353,394.3018309367874,394.73186509528875,6569099
2025-06-02 09:30:00,394.48018897564356,394.97736705832517,394.314869339637,394.81204742231864,3550380
2025-06-02 10:00:00,394.21576090997456,395.2451908213126,393.87943975941664,394.90886967075465,9544706
2025-06-02 11:00:00,394.54884055011394,395.36262423140386,394.16948638421155,394.9832700655015,15902756
2025-06-02 12:00:00,394.9329243255027,395.14018229209296,394.8370658040492,395.04432377063944,6549478
2025-06-02 13:00:00,394.6474238843122,395.3758539888036,394.37652896466903,395.10495906916043,6316016
2025-06-02 14:00:00,394.7076409787787,395.5580689810516,394.32439085483514,395.174818857108,10570852
2025-06-02 15:00:00,395.24966729963904,395.27181602108806,395.2425776588752,395.2647263803242,10247317
2025-06-03 09:30:00,395.60167716541855,395.8122162970888,395.15309327958454,395.3636324112548,17377029
2025-06-03 10:00:00,395.87310713188606,396.2905724443231,394.9891066755587,395.40657198799573,7085814
2025-06-03 11:00:00,395.72642398332135,395.89411046981087,395.2883809582378,395.4560674447273,7148776
2025-06-03 12:00:00,395.1347785892253,395.7463445052046,394.89645596975214,395.50802188573147,11157413
2025-06-03 13:00:00,395.37406951866353,395.61032735384583,395.29793421639744,395.53419205157974,8188939
2025-06-03 14:00:00,395.5882504497163,395.6431468033298,395.5661567375877,395.62105309120113,18962859
2025-06-03 15:00:00,395.68716413976233,395.69728955970606,395.6605037191942,395.67062913913793,10907768
2025-06-04 09:30:00,395.7482759155943,395.7539825002781,395.7332553940828,395.73896197876655,14979816
2025-06-04 10:00:00,395.6291269028691,395.976039699792,395.4740507762293,395.82096357315226,8306158
2025-06-04 11:00:00,396.19203681756443,396.3690093575471,395.76992856255555,395.9469011025382,24161031
2025-06-04 12:00:00,395.4169144273606,396.40645118877705,395.0262423028822,396.01577906429867,13114710
2025-06-04 13:00:00,395.2158559682016,396.6090240067308,394.73736235495863,396.13053039348785,16642789
2025-06-04 14:00:00,395.64484639925564,396.4788190669466,395.38263825406233,396.2166109217533,7781048
2025-06-04 15:00:00,397.11758413353385,397.66018074070314,395.78068051292036,396.32327712008964,12321263
2025-06-05 09:30:00,396.9840995544552,397.2769402588182,396.16348341467966,396.4563241190426,16371103
2025-06-05 10:00:00,396.28985091803924,396.62149627331434,396.16441752971923,396.49606288499433,8256296
2025-06-05 11:00:00,395.883501309633,397.2523513927611,395.25852873528095,396.62737881840906,8434139
2025-06-05 12:00:00,395.4715051039621,397.32201546495327,394.8211321488909,396.6716425098821,10392472
2025-06-05 13:00:00,397.76998357027503,398.646067929207,395.8781965722006,396.75428093113254,3571236
2025-06-05 14:00:00,397.0234625045269,397.1557129049446,396.70965823442424,396.84190863484196,17618492
2025-06-05 15:00:00,396.7862722009873,396.93815660556015,396.7253870710379,396.87727147561077,7454836
2025-06-06 09:30:00,396.98388013646786,397.04787261057334,396.9585437899819,397.02253626408736,24650744
2025-06-06 10:00:00,397.61090808701584,397.8939506738795,396.81250397674313,397.0955465636068,8978921
2025-06-06 11:00:00,397.05391418332533,397.3032762329115,396.937892893846,397.1872549434322,16977550
2025-06-06 12:00:00,396.6967899641413,397.62083247178543,396.3119836133445,397.23602612098864,3255254
2025-06-06 13:00:00,396.98101105450155,397.6151939672546,396.68362279075194,397.317805703505,7970253
2025-06-06 14:00:00,397.72805891045357,397.9656849839037,397.2114016270947,397.44902770054483,13574266
2025-06-06 15:00:00,397.4524657051057,397.6633864232756,397.3706982314215,397.5816189495914,17705689
2025-06-09 09:30:00,397.7592956216908,397.8269329460566,397.59974342944776,397.6673807538136,10536530
2025-06-09 10:00:00,397.47534326281504,397.8515649449588,397.35701200412,397.73323368626376,8209170
2025-06-09 11:00:00,397.3122228420492,398.26297249333,396.8621075597937,397.81285721107446,12247015
2025-06-09 12:00:00,397.9205994592754,397.95746899837314,397.8130782977083,397.849947836806,10403994
2025-06-09 13:00:00,397.94985058412027,397.9630275020279,397.9108523284789,397.9240292463865,9323760
2025-06-09 14:00:00,397.87283256109345,398.1580383035873,397.76228803866263,398.0474937811565,10299454
2025-06-09 15:00:00,397.59206808170944,398.6916917873899,397.0979074850121,398.1975311906926,11044714
2025-06-10 09:30:00,397.97648627135686,398.5019384360238,397.7377653689187,398.26321753358565,3649081
2025-06-10 10:00:00,398.35463930929467,398.40206828390694,398.2386130340347,398.286042008647,6147137
2025-06-10 11:00:00,398.3305700528677,398.41427290940607,398.2947062509813,398.37840910751964,8905065
2025-06-10 12:00:00,398.4912183221309,398.5081409304086,398.45361211372625,398.47053472200395,15286280
2025-06-10 13:00:00,398.28044804294245,398.74059633738545,398.11821011378333,398.57835840822634,18733638
2025-06-10 14:00:00,398.43548695696484,398.87556351571817,398.2507492336176,398.69082579237096,11747526
2025-06-10 15:00:00,398.70438450833984,398.822344569121,398.6545277767598,398.77248783754095,4261484
2025-06-11 09:30:00,398.7731334627031,398.95487832020535,398.7012221079807,398.882966965483,4426547
2025-06-11 10:00:00,399.10157277074507,399.1592326580885,398.9422744222971,398.99993430964054,4281488
2025-06-11 11:00:00,399.156253116321,399.1863247118655,399.06549512929604,399.0955667248405,4724042
2025-06-11 12:00:00,399.21059769296227,399.2527715355969,399.09487001618373,399.13704385881834,8780397
2025-06-11 13:00:00,398.61513047186304,399.5597324719824,398.3131021601768,399.25770416029616,5305466
2025-06-11 14:00:00,399.1567864833704,399.30462275115246,399.0927027120924,399.24053897987443,7913089
2025-06-11 15:00:00,398.3565510652471,399.9621781843038,397.74732462759425,399.35295174665094,10560162
2025-06-12 09:30:00,399.83315420186443,400.10940527326034,399.1398298084499,399.4160808798458,3446664
2025-06-12 10:00:00,400.27011595772063,400.96230296964745,398.78280805682886,399.4749950687557,7863199
2025-06-12 11:00:00,400.4303614190779,400.9980103311134,399.05276718433595,399.62041609637146,15878938
2025-06-12 12:00:00,399.3858301930643,399.8907058613,399.1866974544169,399.6915731226526,2816426
2025-06-12 13:00:00,399.8391087367314,399.8581940047421,399.7871553972353,399.806240665246,21984064
2025-06-12 14:00:00,399.3246366073453,400.2113222501173,399.01635151993474,399.9030371627067,14196761
2025-06-12 15:00:00,399.53340980118367,400.1743666493699,399.3242248955345,399.96518174372073,13130870
2025-06-13 09:30:00,400.0113730358759,400.0472876505039,399.9338271962581,399.9697418108861,5803653
2025-06-13 10:00:00,400.35467925322166,400.50987024727243,399.90810659971885,400.0632975937696,12040097
2025-06-13 11:00:00,400.05177469275856,400.1669217005883,400.01407011762336,400.1292171254531,10240602
2025-06-13 12:00:00,399.7305795515286,400.49622514861096,399.39491692389464,400.160562520977,3864968
2025-06-13 13:00:00,400.50821101351613,400.6275088036774,400.1369168220464,400.25621461220766,8702236
2025-06-13 14:00:00,399.9082700671987,400.59371366005723,399.59805776908354,400.28350136194206,2116426
2025-06-13 15:00:00,399.9590761543758,400.64834096665,399.7065791170991,400.3958439293733,19685185
2025-06-16 09:30:00,400.3060266084108,400.5475781573804,400.22155636627457,400.4631079152442,13929613
2025-06-16 10:00:00,400.93019628894376,401.16934524137423,400.32862826671777,400.56777721914824,8859041
2025-06-16 11:00:00,400.37609019583357,400.82335559824986,400.22842743340544,400.67569283582174,5706050
2025-06-16 12:00:00,400.71987435022794,400.93123052836756,400.6333521786521,400.8447083567917,9198700
2025-06-16 13:00:00,401.0112796725654,401.0736234092979,400.87348077041315,400.93582450714564,10149641
2025-06-16 14:00:00,400.9037085713344,401.12102408670836,400.8273126901799,401.04462820555386,5498843
2025-06-16 15:00:00,400.8352301441808,401.22509437236266,400.709765044097,401.0996292722789,7486884
2025-06-17 09:30:00,401.1246528338382,401.12655268141384,401.1199367237597,401.12183657133534,6673675
2025-06-17 10:00:00,401.3680717675087,401.41600583774573,401.238023145059,401.28595721529604,23919677
2025-06-17 11:00:00,401.277359040174,401.4071673203861,401.21587334691725,401.34568162712935,4957256
2025-06-17 12:00:00,401.5364675621746,401.60865934888125,401.3352580061569,401.40744979286353,6866774
2025-06-17 13:00:00,401.7552362662965,401.9681398669096,401.2967689706668,401.5096725712799,20307758
2025-06-17 14:00:00,401.4598767846371,401.6064782735657,401.4008805848297,401.54748207375826,4206797
2025-06-17 15:00:00,401.6083338675297,401.61329523381363,401.59633094636314,401.60129231264705,12589791
2025-06-18 09:30:00,402.0945504355824,402.40796890439947,401.2859127514641,401.59933122028116,4543545
2025-06-18 10:00:00,401.5281303000983,401.70530319351656,401.4566992372529,401.63387213067114,9529191
2025-06-18 11:00:00,401.48300492698706,401.9247789964221,401.29513919787485,401.7369132673099,8676699
2025-06-18 12:00:00,401.28830407462414,401.9484026922051,401.0542178488645,401.71431646644544,6228638
2025-06-18 13:00:00,402.0396877140887,402.1845112419895,401.6945611945287,401.83938472242954,17747019
2025-06-18 14:00:00,401.70963624827846,402.02324545525784,401.59234122344293,401.9059504304223,6892197
2025-06-18 15:00:00,401.0252724687354,402.7687911012538,400.29026052423603,402.0337791567544,10533338
2025-06-19 09:30:00,401.96648218405556,402.27923609832493,401.8222050123474,402.1349589266168,4606744
2025-06-19 10:00:00,401.5719415438552,402.5520298336014,401.2015493071664,402.1816375969126,8083306
2025-06-19 11:00:00,402.413929739682,402.5094245159611,402.18636404467685,402.28185882095596,6313642
2025-06-19 12:00:00,402.7859714230533,403.07626314167095,402.1296047527399,402.41989647135756,18072787
2025-06-19 13:00:00,402.0768165101683,402.61278931023804,401.87871437977583,402.41468717984554,3343194
2025-06-19 14:00:00,402.3631672878155,402.5961678056114,402.2763517645195,402.50935228231543,16464608
2025-06-19 15:00:00,402.99715481663014,403.2615749539698,402.3043693326953,402.5687894700349,3920396
2025-06-20 09:30:00,403.1536235112323,403.4671782660442,402.370935284188,402.6844900389999,13286032
2025-06-20 10:00:00,402.5512626290648,402.86952350652876,402.4302762359727,402.74853711343667,4879043
2025-06-20 11:00:00,402.69833541917177,402.9671454947228,402.5983329961469,402.8671430716979,10544722
2025-06-20 12:00:00,403.6156415232933,403.91950810124484,402.65573741744936,402.9596039954009,16250950
2025-06-20 13:00:00,403.5151733578917,403.73605328144987,402.83842494032496,403.05930486388314,11180795
2025-06-20 14:00:00,402.79434473923345,403.3123882969505,402.62945535795205,403.1474989156691,8453997
2025-06-20 15:00:00,402.86059513696443,403.4084978816436,402.6468446256131,403.19474737029225,8212024
2025-06-23 09:30:00,403.1252647562874,403.33502365789843,403.0483633765659,403.2581222781769,10374542
2025-06-23 10:00:00,403.8339993856588,404.26129326604786,402.88086602714037,403.30815990752944,12153105
2025-06-23 11:00:00,403.33119599869997,403.40834029373434,403.29765128172755,403.3747955767619,9801472
2025-06-23 12:00:00,403.97620191465234,404.3119484468742,403.1250127038774,403.4607592360993,11843553
2025-06-23 13:00:00,402.81765741947,403.99517067900155,402.34888666255614,403.5263999220877,6998412
2025-06-23 14:00:00,403.26932192599276,403.86996095337736,403.0149813008425,403.6156203282271,4931567
2025-06-23 15:00:00,403.7888186237838,403.84034614340675,403.66902994133267,403.7205574609556,9470948
2025-06-24 09:30:00,404.0845101438651,404.31050802569433,403.53027674857975,403.756274630409,5910224
2025-06-24 10:00:00,403.7815737426986,403.9594363859091,403.69750446731587,403.8753671105264,12142208
2025-06-24 11:00:00,403.191900607146,404.45148203093663,402.7778665119718,404.03744793576243,20213555
2025-06-24 12:00:00,403.19927776472025,404.8072712786923,402.5668478094424,404.17484132341446,21809338
2025-06-24 13:00:00,404.31677357057094,404.34181563860227,404.24549259399583,404.27053466202716,7912737
2025-06-24 14:00:00,404.0950764745111,404.5321063651934,403.9251504129053,404.3621803035876,9164245
2025-06-24 15:00:00,404.2046639298484,404.6272531666866,404.0416145985853,404.4642038354235,10485475
2025-06-25 09:30:00,404.5220218356674,404.5767993435298,404.38636828158695,404.44114578944937,2172388
2025-06-25 10:00:00,403.72895063935596,404.95955741667865,403.3207730420215,404.55137981934416,8518011
2025-06-25 11:00:00,404.0094900606185,405.1924525923425,403.4908733042997,404.6738358360237,7327425
2025-06-25 12:00:00,405.0935469059152,405.3643419836082,404.48366189444806,404.75445697214104,17612986
2025-06-25 13:00:00,404.35512526837033,405.24656011351385,403.9743754440302,404.86581028917374,18905756
2025-06-25 14:00:00,405.8069910308055,406.52023579063484,404.28869927353054,405.0019440333599,24999640
2025-06-25 15:00:00,405.00156874793527,405.1367988721373,404.9449483127348,405.0801784369369,5381272
2025-06-26 09:30:00,405.38863312489036,405.59236248473127,404.9162522576912,405.1199816175321,6617211
2025-06-26 10:00:00,404.9598823196391,405.45407298312625,404.7809389046502,405.27512956813734,19895046
2025-06-26 11:00:00,405.56662410348713,405.69079727907985,405.2520268352572,405.3762000108499,6411039
2025-06-26 12:00:00,405.6424082344016,405.7033652655838,405.4934946497059,405.55445168088806,28590298
2025-06-26 13:00:00,406.58430920252425,407.2442060876836,405.020640742537,405.68053762769637,9074273
2025-06-26 14:00:00,405.5531559282137,405.8179512632407,405.45652416555976,405.72131950058673,2849491
2025-06-26 15:00:00,406.0410861392025,406.1958047762105,405.63877950998466,405.79349814699265,6861968
2025-06-27 09:30:00,405.52960427236155,405.9925517247364,405.3781901739394,405.84113762631426,4075144
2025-06-27 10:00:00,405.733758454559,406.0736919763629,405.6091028389413,405.9490363607452,19735471
2025-06-27 11:00:00,406.1603335986042,406.2743217813585,405.9055474687509,406.0195356515052,10571009
2025-06-27 12:00:00,406.42268160156266,406.65597177244695,405.8926813348428,406.1259715057271,10360835
2025-06-27 13:00:00,405.89281431123544,406.29531305681365,405.762274742875,406.1647734884532,6271633
2025-06-27 14:00:00,406.5318187624568,406.65036677554076,406.16934892281466,406.28789693589863,5583052
2025-06-27 15:00:00,406.6121390034719,406.78987808823695,406.22522682138964,406.4029659061547,19593063
2025-06-30 09:30:00,406.99375962670615,407.47186994973976,405.97647756674917,406.4545878897828,5775413
2025-06-30 10:00:00,406.5104154351958,406.51561961213247,406.49510599003565,406.5003101669723,8147996
2025-06-30 11:00:00,406.9545074105437,407.1361109186939,406.5009084928782,406.68251200102833,21565964
2025-06-30 12:00:00,406.7778152980744,406.8025068449607,406.7189976408198,406.7436891877061,13481221
2025-06-30 13:00:00,406.8478480622814,406.8533187585398,406.83341323308684,406.83888392934523,8042293
2025-06-30 14:00:00,406.3273177106913,407.4412156142683,405.85485558128573,406.9687534848627,7081387
2025-06-30 15:00:00,407.06093408567074,407.0655976982565,407.04811456118927,407.05277817377504,10462432
2025-07-01 09:30:00,405.8787750980158,408.03087027935914,405.0693379953188,407.2214331766621,11095479
2025-07-01 10:00:00,407.80735411699584,408.1037488858061,407.00494863301327,407.30134340182354,15765234
2025-07-01 11:00:00,407.06270311693095,407.611993396094,406.8647564224739,407.41404670163695,17270060
2025-07-01 12:00:00,407.7837698914709,407.9966629197515,407.26578979326666,407.47868282154724,14854247
2025-07-01 13:00:00,407.06066343697813,407.8686276168089,406.78845634666084,407.5964205264916,23318733
2025-07-01 14:00:00,407.7591809516056,407.8286038552846,407.60723880638403,407.67666171006306,8371077
2025-07-01 15:00:00,407.82131084217457,407.8843905743737,407.6739284966535,407.73700822885263,5963940
2025-07-02 09:30:00,406.78720865918024,408.766536971276,405.9220779980972,407.901406310193,28007210
2025-07-02 10:00:00,408.44014214471764,408.7191851938439,407.63186191481236,407.9109049639386,5459454
2025-07-02 11:00:00,408.6593481095631,409.15520943117417,407.5151219878128,408.01098330942386,10843562
2025-07-02 12:00:00,407.44066332169666,408.7591327094981,406.8317771168006,408.150246504602,4662886
2025-07-02 13:00:00,407.80640741895246,408.65204361162705,407.43309862779125,408.27873482046584,11610240
2025-07-02 14:00:00,408.0338402436673,408.71244091509806,407.721186594776,408.3997872662067,5708400
2025-07-02 15:00:00,408.5729036406612,408.64013058964673,408.36846426692034,408.4356912159059,6090481
2025-07-03 09:30:00,408.24505025791535,408.5906772591913,408.12054862570807,408.466175626984,3659673
2025-07-03 10:00:00,408.3703395375245,408.5739845712238,408.28635387447554,408.4899989081748,4625890
2025-07-03 11:00:00,408.22659735866057,408.75097735202485,408.0558637980787,408.58024379144297,16979897
2025-07-03 12:00:00,408.7691933538371,408.8106317380962,408.6462864807778,408.6877248650369,20186641
2025-07-03 13:00:00,408.89962652661274,408.9778122769264,408.728750235089,408.8069359854027,11732978
2025-07-03 14:00:00,408.9603076805166,409.0737495780126,408.9198218495487,409.0332637470447,38027157
2025-07-03 15:00:00,408.04924721218816,409.72518067096075,407.4314681221553,409.1074015809279,3829957
2025-07-04 09:30:00,409.13970635646945,409.2514999245583,409.08982910392155,409.2016226720104,17261723
2025-07-04 10:00:00,409.14053490353643,409.25100194841906,409.092344542364,409.20281158724663,1298871
2025-07-04 11:00:00,409.7983082728681,410.16356044214314,408.81085828140954,409.1761104506846,1708261
2025-07-04 12:00:00,409.71734588676475,410.18692460638346,408.7070673907372,409.17664611035593,1715985
2025-07-04 13:00:00,408.87467458436066,409.4510856374234,408.65792322381486,409.2343342768776,3981493
2025-07-04 14:00:00,409.3505799784153,409.3662188719839,409.31038245254825,409.3260213461169,7112974
2025-07-04 15:00:00,409.18410411246197,409.5026833598885,409.06702487064547,409.385604118072,10715667
2025-07-07 09:30:00,409.4001045118672,409.64374202967986,409.289167610531,409.5328051283437,17393581
2025-07-07 10:00:00,409.42018085030605,409.6921990125835,409.3036902623398,409.57570842461723,5695107
2025-07-07 11:00:00,409.8738827546325,410.07027946111486,409.4112514779987,409.60764818448104,5963689
2025-07-07 12:00:00,409.74806022067264,409.7604700666624,409.71641774661134,409.7288275926011,14917939
2025-07-07 13:00:00,409.23222733507157,410.28366365779823,408.73908530057355,409.7905216233002,12470528
2025-07-07 14:00:00,409.7668826099988,409.9440489872723,409.6927688080352,409.86993518530875,6267267
2025-07-07 15:00:00,409.7276338790599,410.00634308780695,409.63463445766456,409.9133436664116,9879551
2025-07-08 09:30:00,410.0859881919826,410.1024866764202,410.0377991972239,410.05429768166147,9990662
2025-07-08 10:00:00,409.96391477325903,410.24917843868167,409.8465970381494,410.13186070357204,14990419
2025-07-08 11:00:00,410.28584711307275,410.37550389510017,410.0934228529525,410.1830796349799,6169080
2025-07-08 12:00:00,409.8429930779138,410.61003098051395,409.55757810260013,410.3246160052003,15737267
2025-07-08 13:00:00,409.97263947057723,410.61128571620685,409.67026658043125,410.30891282606086,3912331
2025-07-08 14:00:00,410.23085531201457,410.4428336035407,410.14774210857536,410.3597204001015,10541667
2025-07-08 15:00:00,410.8771897429515,411.1360612441382,410.13065952461466,410.3895310258014,2869729
2025-07-09 09:30:00,410.24114348252857,410.76170229794394,409.9990139350783,410.5195727504937,6460111
2025-07-09 10:00:00,410.6820077741529,410.72682911265906,410.5818561421035,410.62667748060966,11180525
2025-07-09 11:00:00,410.38587977639713,410.96057961585717,410.1387857539021,410.7134855933621,12532851
2025-07-09 12:00:00,410.5271700005229,410.9670628354142,410.3580752560795,410.79796809097076,15249369
2025-07-09 13:00:00,410.3550382575282,411.2433162630487,409.9378428280214,410.82612083354195,6656852
2025-07-09 14:00:00,411.0988535423693,411.19071447364394,410.8900257589713,410.981886690246,20855013
2025-07-09 15:00:00,410.69443998296754,411.05990532696296,410.5644486084267,410.9299139524221,4277773
2025-07-10 09:30:00,411.59307376324807,411.86340600221746,410.7801901340668,411.0505223730362,9956886
2025-07-10 10:00:00,411.1490213895833,411.17071613459296,411.08235020801715,411.1040449530268,10236367
2025-07-10 11:00:00,411.20279314301695,411.2354641380531,411.1911288506186,411.22379984565475,14499373
2025-07-10 12:00:00,410.88052042440887,411.5501242751745,410.63774507489524,411.30734892566085,14533655
2025-07-10 13:00:00,411.81249094573934,412.0956018702839,411.05584898627205,411.3389599108166,10005474
2025-07-10 14:00:00,412.11452994427833,412.4627443879062,411.01489094225894,411.3631053858868,1680744
2025-07-10 15:00:00,410.9327870734464,411.735915163219,410.61362585692046,411.41675394669306,11984863
2025-07-11 09:30:00,410.15323097637145,412.5485207438408,409.0489644666583,411.44425423412764,3946276
2025-07-11 10:00:00,411.71453520648714,411.8064180759431,411.485006492014,411.57688936146997,9807368
2025-07-11 11:00:00,411.2945271365222,411.6878400737988,411.1693206242347,411.56263356151123,5923897
2025-07-11 12:00:00,411.8756231303511,412.01479484057865,411.50841982087127,411.64759153109884,11562192
2025-07-11 13:00:00,410.5755183877063,412.81478312229314,409.5210283939779,411.7602931285647,12014010
2025-07-11 14:00:00,412.38749740401386,412.8705692365312,411.29276972644,411.7758415589573,4050835
2025-07-11 15:00:00,412.05600714542976,412.13193097054125,411.819162607782,411.8950864328935,18993337
2025-07-14 09:30:00,412.36463658121204,412.5142075897006,411.8953333628503,412.0449043713389,18479724
2025-07-14 10:00:00,412.32904197277855,412.546065689806,411.8204509553751,412.0374746724026,4838632
2025-07-14 11:00:00,411.9266711226408,412.17476908578584,411.81680186013375,412.0648998232788,8540249
2025-07-14 12:00:00,411.93028924426903,412.3364602429559,411.7623633224944,412.1685343211813,11525154
2025-07-14 13:00:00,412.0477876465794,412.37379372266884,411.94521805945016,412.27122413553957,15098271
2025-07-14 14:00:00,412.24222561678954,412.4590788440649,412.1426287685604,412.3594819958358,11783613
2025-07-14 15:00:00,412.5452965594798,412.59787858488426,412.42408601560004,412.4766680410045,18724253
2025-07-15 09:30:00,412.3869888547296,412.55041939983306,412.3163593221924,412.47978986729584,3318992
2025-07-15 10:00:00,411.98127070182073,413.1031650478112,411.53445690293586,412.65635124892634,8095179
2025-07-15 11:00:00,412.46507197745166,413.0566679447324,412.2613157987496,412.85291176603033,8228312
2025-07-15 12:00:00,413.10835452987664,413.1653123836282,412.92955278824957,412.9865106420011,18233883
2025-07-15 13:00:00,412.42781281615265,413.6222844843342,411.951751580903,413.1462232490846,14362562
2025-07-15 14:00:00,412.10023231793764,413.6861701896926,411.5571139636842,413.1430518354391,6179595
2025-07-15 15:00:00,413.1990589190139,413.2201283094407,413.19002803429214,413.21109742471896,10388380
2025-07-16 09:30:00,412.58344225463406,413.73431986050986,412.2168298405267,413.3677074464025,28312502
2025-07-16 10:00:00,413.7811275373683,413.9356701997266,413.3147392523344,413.46928191469266,5111066
2025-07-16 11:00:00,413.1462497352643,413.80288583943445,412.85186411547363,413.5085002196438,5103382
2025-07-16 12:00:00,413.4108327303872,413.898377839065,413.19672728430425,413.68427239298205,30948436
2025-07-16 13:00:00,414.71885559579727,415.1604758434771,413.3336650208586,413.7752852685384,12389696
2025-07-16 14:00:00,413.4806475577643,414.1809586051343,413.16124185469585,413.86155290206585,15612204
2025-07-16 15:00:00,413.1699199848585,414.6057282601696,412.5827174911011,414.0185257664122,12952403
2025-07-17 09:30:00,413.6157832352654,414.57680576741507,413.1687612521336,414.1297837842833,7587962
2025-07-17 10:00:00,414.4115622710762,414.5280802295992,414.15081741498074,414.2673353735037,17850122
2025-07-17 11:00:00,414.5866397131346,414.7162285187611,414.26297102752073,414.39255983314723,7732730
2025-07-17 12:00:00,414.3538156956211,414.6190051927542,414.24888033856433,414.5140698356974,15213540
2025-07-17 13:00:00,414.3058097678662,414.78555128851986,414.1025430813142,414.58228460196784,12113078
2025-07-17 14:00:00,414.6208118307354,414.64939820125494,414.5498064521162,414.5783928226357,3658147
2025-07-17 15:00:00,414.50597885416846,414.7983061901138,414.4003210940963,414.69264843004163,12993724
2025-07-18 09:30:00,413.55674712353726,415.6400390787975,412.669617882385,414.75290983764523,10674160
2025-07-18 10:00:00,414.74985947364354,415.11864187035246,414.5870775257647,414.9558599224736,34802959
2025-07-18 11:00:00,414.58883444431103,415.3542298689993,414.26931324191924,415.0347086666075,8658463
2025-07-18 12:00:00,415.2364855090274,415.3342066168433,414.9853948671939,415.08311597500983,12469482
2025-07-18 13:00:00,415.4021688184519,415.5392791262754,415.0092913984942,415.1464017063177,8677784
2025-07-18 14:00:00,415.50218061367053,415.64381260454854,415.0801539964032,415.22178598728124,12889947
2025-07-18 15:00:00,415.7977016435057,416.0273646276656,415.0965433716318,415.32620635579167,3927476
2025-07-21 09:30:00,415.48833566639945,415.54494765454024,415.3336433637822,415.390255351923,3350023
2025-07-21 10:00:00,415.8799158595298,416.1370084726633,415.2346115110226,415.4917041241561,20362225
2025-07-21 11:00:00,415.8418214121859,416.03100982717984,415.3734067993202,415.5625952143142,14009583
2025-07-21 12:00:00,415.8044002658993,415.8531862461469,415.6574102286867,415.7061962089343,7450732
2025-07-21 13:00:00,414.52848796327436,416.55428153937424,413.775581285107,415.8013748612069,15870455
2025-07-21 14:00:00,415.85570926473383,415.99656562057356,415.7914450873261,415.93230144316584,5826832
2025-07-21 15:00:00,415.5361025847546,416.47187530050917,415.12301882726535,416.05879154301994,13373306
2025-07-22 09:30:00,415.38496101885477,416.80224485399566,414.73416012998473,416.1514439651256,18453841
2025-07-22 10:00:00,416.2552197683648,416.2774210361734,416.2051518618028,416.2273531296114,8726065
2025-07-22 11:00:00,415.6295449849902,416.82277949851806,415.0988365475123,416.29207106104013,14873682
2025-07-22 12:00:00,417.33172517631664,418.0190187389441,415.6653122480156,416.35260581064307,3264812
2025-07-22 13:00:00,416.6840781366077,416.8606716099101,416.2906450355674,416.46723850886985,15757889
2025-07-22 14:00:00,415.75605848593835,417.05852598545306,415.18513367750717,416.4876011770219,6293123
2025-07-22 15:00:00,416.69237514943916,416.7869410837704,416.4568369753525,416.5514029096837,14618172
2025-07-23 09:30:00,416.46348195913276,416.53829400435757,416.4376676904297,416.5124797356545,9792618
2025-07-23 10:00:00,416.5251985669074,416.6739087413808,416.46268494412107,416.61139511859443,6340782
2025-07-23 11:00:00,416.58835044316066,416.7536159145848,416.5206822563596,416.68594772778374,9425979
2025-07-23 12:00:00,416.50924379941665,417.0193807752568,416.2999171794052,416.8100541552454,23067113
2025-07-23 13:00:00,416.79942794612913,416.9645799680608,416.74656838811035,416.911720410042,16868484
2025-07-23 14:00:00,417.26434303254325,417.41295124667744,416.8267660498791,416.9753742640133,8702656
2025-07-23 15:00:00,417.5091925064931,417.8550319803636,416.7600473188445,417.105886792715,15115889
2025-07-24 09:30:00,417.4504282643962,417.62481920489705,417.0637424619098,417.23813340241065,14523056
2025-07-24 10:00:00,417.0269964268811,417.60760449799636,416.7986777494561,417.37928582057134,10976519
2025-07-24 11:00:00,417.11994763406346,417.59206530024017,416.89736878388277,417.36948645005947,4406844
2025-07-24 12:00:00,417.0493359001265,417.83634279171366,416.71166745892043,417.4986743505076,11158105
2025-07-24 13:00:00,417.1539476043593,417.81705680103215,416.9371228610499,417.60023205772274,13576508
2025-07-24 14:00:00,417.6569669847465,417.7116189747112,417.5283320696908,417.58298405965553,4079612
2025-07-24 15:00:00,417.5034569730324,417.81864838200545,417.3870423172266,417.7022337261996,17208917
2025-07-25 09:30:00,418.24664044651047,418.64151004826186,417.3791422907141,417.7740118924655,6268443
2025-07-25 10:00:00,418.0341443930578,418.1362216280527,417.76291362504253,417.86499086003744,15834717
2025-07-25 11:00:00,416.91664715563235,418.6177391516216,416.19447477173844,417.8955667677277,2699801
2025-07-25 12:00:00,418.27206110069244,418.4913249659074,417.6980547971825,417.91731866239746,1834319
2025-07-25 13:00:00,417.92961821635794,418.058549300354,417.88195596118237,418.01088704517844,10697323
2025-07-25 14:00:00,418.8362063797177,419.4915197696201,417.433681814717,418.0889952046194,4669784
2025-07-25 15:00:00,417.92567436998735,418.3668320380147,417.77150356245437,418.21266123048173,4101883
2025-07-28 09:30:00,417.66779505475785,418.66957001343036,417.31363858806736,418.3154135467399,7864039
2025-07-28 10:00:00,418.1185534116866,418.5103574888721,417.96548352973815,418.35728760692365,3687178
2025-07-28 11:00:00,417.971263193483,418.88997067077736,417.5763373253649,418.4950448026592,5056700
2025-07-28 12:00:00,419.791667763133,420.4377635873775,417.91678156788475,418.5628773921293,10488937
2025-07-28 13:00:00,418.78487019234313,418.9276314158777,418.45731038502186,418.60007160855645,9288593
2025-07-28 14:00:00,418.082348010121,419.17582635614957,417.6034402806797,418.6969186267083,18399175
2025-07-28 15:00:00,419.1846612872697,419.3945248828363,418.55301665616116,418.7628802517278,10461641
2025-07-29 09:30:00,418.85457421180286,418.9507967045866,418.8223110563128,418.91853354909654,16318965
2025-07-29 10:00:00,418.4801337415369,419.22926136625154,418.21031152272235,418.95943914743697,4378726
2025-07-29 11:00:00,418.97356606376695,418.9956856126444,418.9640191080531,418.98613865693056,8591352
2025-07-29 12:00:00,418.6136766025049,419.34293474166793,418.3751576103864,419.10441574954945,18164246
2025-07-29 13:00:00,418.63511266270876,419.6677718294466,418.19878281595066,419.2314419826885,6696363
2025-07-29 14:00:00,419.8369849900388,420.15046178325326,419.01264779267774,419.3261245858922,3501963
2025-07-29 15:00:00,419.1013579925462,419.5834518733345,418.94275537392025,419.4248492547086,6012749
2025-07-30 09:30:00,419.27751703349605,419.62999051020563,419.1185709312545,419.4710444079641,10049205
2025-07-30 10:00:00,419.08085979601077,419.854059964497,418.82234365500307,419.5955438234893,21345729
2025-07-30 11:00:00,419.1849324958127,419.9650860242335,418.8846757582614,419.6648292866822,3171447
2025-07-30 12:00:00,419.5385184352631,419.72680578719786,419.4579050443479,419.6461923962827,8068535
2025-07-30 13:00:00,419.42068427909845,419.8683045861803,419.2452981806532,419.692918487735,12634782
2025-07-30 14:00:00,419.41866473790486,419.97150156927586,419.1839765613652,419.7368133927362,10166825
2025-07-30 15:00:00,419.60666412015973,420.03225483790703,419.4074468972995,419.8330376150468,11849956
2025-07-31 09:30:00,420.1621731354491,420.25916746673425,419.87208730499424,419.9690816362794,4845189
2025-07-31 10:00:00,419.7812717178635,420.10672940388815,419.6448355563588,419.9702932423835,2088688
2025-07-31 11:00:00,420.11565075092165,420.15426147668387,419.99454835912866,420.0331590848909,13823809
2025-07-31 12:00:00,419.39458822083105,420.75136625529615,418.78064816268216,420.13742619714725,9430514
2025-07-31 13:00:00,419.7241471835214,420.5733929917062,419.40941789764537,420.2586637058302,12476265
2025-07-31 14:00:00,420.39020311451884,420.4877583472921,420.14784815966055,420.2454033924338,7229392
2025-07-31 15:00:00,420.080431145264,420.5060812442366,419.8949351742378,420.3205852732104,13877793
2025-08-01 09:30:00,420.4095364980748,420.4229528574951,420.4032526166497,420.41666897607,16686576
2025-08-01 10:00:00,419.72201481310526,421.0450684218053,419.1743694791986,420.49742308789865,5595594
2025-08-01 11:00:00,421.5517496905131,422.40235193470374,419.6887498992492,420.5393521434399,8726289
2025-08-01 12:00:00,420.2691550279301,420.8234395104811,420.03040423588425,420.58468871843525,8952449
2025-08-01 13:00:00,421.00162575714916,421.1623780205537,420.53965322331976,420.7004054867243,21219891
2025-08-01 14:00:00,421.3811938045607,421.9337363834896,420.14035439269384,420.6928969716227,3152729
2025-08-01 15:00:00,419.71939506977714,421.54578946427193,418.9659889472711,420.7923833417659,4803212
2025-08-04 09:30:00,420.6907426250298,420.94621280008704,420.59773275885254,420.85320293390976,3821689
2025-08-04 10:00:00,420.9508043395938,421.0016826103504,420.93066318525615,420.98154145601274,7007871
2025-08-04 11:00:00,420.5190279961093,421.49487849244554,420.1429048690911,421.1187553654274,12801415
2025-08-04 12:00:00,421.30769975553585,421.4169377742933,421.02725793429585,421.13649595305327,3615592
2025-08-04 13:00:00,421.3600749242636,421.49580027009813,421.06933288426694,421.2050582301015,10801310
2025-08-04 14:00:00,421.2058616418007,421.44316769810604,421.109072078106,421.34637813441134,11465968
2025-08-04 15:00:00,421.5186040348153,421.5454619393533,421.4589802414136,421.48583814595156,6269230
2025-08-05 09:30:00,421.080992266242,421.73641641560533,420.8284933386035,421.48391748796683,2059496
2025-08-05 10:00:00,421.67231309309767,421.72396449454595,421.5068318144917,421.55848321594,10265510
2025-08-05 11:00:00,421.4698683759275,421.80346499138295,421.3236411245517,421.6572377400072,3519797
2025-08-05 12:00:00,421.30700013874747,422.05399872152066,420.9799454787907,421.72694406156387,6959645
2025-08-05 13:00:00,422.6185487154372,423.27677921692344,421.20788121411067,421.8661117155969,22099680
2025-08-05 14:00:00,421.44495991800557,422.35819840123463,421.0654348166685,421.9786732998976,9642852
2025-08-05 15:00:00,421.46495486224745,422.44815972787444,421.12245940808333,422.1056642737103,4389116
2025-08-06 09:30:00,421.7080153341369,422.494359382121,421.3453794835733,422.1317235315574,6497357
2025-08-06 10:00:00,422.1177276136727,422.23094164731305,422.06967856146497,422.18289259510533,4859422
2025-08-06 11:00:00,422.2895989936978,422.2994231983486,422.26357070254096,422.2733949071918,6058746
2025-08-06 12:00:00,422.1215579705139,422.4469848090173,421.9954432985444,422.3208701370478,8228136
2025-08-06 13:00:00,422.7465999929993,423.0459648056577,422.08526509782376,422.3846299104822,11975042
2025-08-06 14:00:00,421.9380330941974,422.93271792227824,421.4803516850002,422.475036513081,12027975
2025-08-06 15:00:00,422.76301280408387,422.92297787286833,422.38631851965545,422.5462835884399,11310103
2025-08-07 09:30:00,422.11370992079424,422.926724317635,421.7743935803714,422.58740797721214,6392674
2025-08-07 10:00:00,422.9371869547479,423.10792912271495,422.53915932319234,422.70990149115937,11089131
2025-08-07 11:00:00,422.62746211690717,423.0032978984616,422.4631520545146,422.838987836069,4549825
2025-08-07 12:00:00,422.2702632730589,423.45463869614025,421.76685262513575,422.9512280482171,20936758
2025-08-07 13:00:00,422.6585748457089,423.2751567737201,422.4041321534792,423.0207140814904,2915157
2025-08-07 14:00:00,422.2366013981213,423.65096734114974,421.7230454210556,423.137411364084,4571266
2025-08-07 15:00:00,422.6210839890596,423.6663243381417,422.1906958661354,423.23593621521746,10637063
2025-08-08 09:30:00,423.852797306773,424.25852580394917,422.87261410493,423.27834260210614,2604070
2025-08-08 10:00:00,423.50460333685845,423.58612151538307,423.3093668643654,423.39088504289003,10688044
2025-08-08 11:00:00,423.77370756467667,423.9330838221859,423.2923547516256,423.45173100913485,6024725
2025-08-08 12:00:00,424.01774088104395,424.2764935523114,423.210925491296,423.46967816256347,3701710
2025-08-08 13:00:00,423.98685954015434,424.15480263482345,423.45778107195713,423.62572416662624,19620652
2025-08-08 14:00:00,422.9360077881162,424.10268094569153,422.5603491399963,423.7270222975716,4097099
2025-08-08 15:00:00,424.04285177772266,424.1426592621017,423.7224299472554,423.82223743163445,5923793
2025-08-11 09:30:00,423.87172846814605,423.94943992644767,423.84671509987805,423.9244265581797,14318273
2025-08-11 10:00:00,423.71200475964497,424.307167981677,423.4331119815355,424.02827520356755,9331761
2025-08-11 11:00:00,424.12494990347676,424.15768930269616,424.1134162429749,424.1461556421943,13092081
2025-08-11 12:00:00,424.2630901912628,424.28863304289126,424.20901999959693,424.2345628512254,8840264
2025-08-11 13:00:00,424.3851125838813,424.4641953666055,424.20512505776776,424.28420784049194,4616849
2025-08-11 14:00:00,425.43336531843113,426.2523515331901,423.52437081698656,424.34335703174554,6969513
2025-08-11 15:00:00,423.82032157093306,424.7892759228893,423.50190226847815,424.4708566204344,19692500
2025-08-12 09:30:00,424.6903152258355,424.78452473638487,424.469072677446,424.56328218799536,14903997
2025-08-12 10:00:00,424.5780601916349,424.76936179481913,424.50922887789386,424.7005304810781,8222595
2025-08-12 11:00:00,424.53199613048236,425.10708191566124,424.2644940908845,424.8395798760634,9746047
2025-08-12 12:00:00,425.22022452461357,425.3677722068089,424.819217095816,424.96676477801134,23908452
2025-08-12 13:00:00,424.99381351375666,425.1279929891859,424.93870175951395,425.07288123494317,12064312
2025-08-12 14:00:00,425.291874474899,425.4203782318082,425.015712450408,425.1442162073172,5991007
2025-08-12 15:00:00,424.83922107818495,425.37569552809526,424.66083884741005,425.19731329732036,9106565
2025-08-13 09:30:00,424.494573054068,425.9107829120944,423.8522563762981,425.2684662343245,13489280
2025-08-13 10:00:00,425.30775117082084,425.34280063049215,425.29511081727554,425.33016027694686,13862381
2025-08-13 11:00:00,425.4167554121579,425.4743040909819,425.2807988404482,425.3383475192722,1767044
2025-08-13 12:00:00,425.18368884085737,425.4621717984379,425.05692401853474,425.3354069761153,4446060
2025-08-13 13:00:00,424.78211240051735,425.93117506372215,424.3394818545272,425.488544517732,22743685
2025-08-13 14:00:00,425.6321392745082,425.68355552446735,425.4820787277313,425.53349497769045,7203014
2025-08-13 15:00:00,426.0605428905271,426.3495149813781,425.3165088376291,425.6054809284801,5463867
2025-08-14 09:30:00,426.1654210599116,426.53421888707135,425.2890172210293,425.6578150481891,3486054
2025-08-14 10:00:00,425.97504859377216,426.1910983050931,425.49757945771256,425.7136291690335,8084735
2025-08-14 11:00:00,425.10450482546156,425.9751719887029,424.8099169102241,425.68058407346547,6695998
2025-08-14 12:00:00,426.2934232057928,426.65347570445846,425.3513191898136,425.71137168847923,4370524
2025-08-14 13:00:00,426.04733291082584,426.23861604503827,425.6167721123346,425.80805524654704,18879063
2025-08-14 14:00:00,426.6032356107858,427.15144516113986,425.3183833538623,425.86659290421636,5753458
2025-08-14 15:00:00,426.5174570639875,426.8191469876927,425.6028501109216,425.90454003462685,8917843
2025-08-15 09:30:00,426.1433244880973,426.25932319439346,425.8424194433931,425.9584181496893,4173554
2025-08-15 10:00:00,425.7241519667816,426.34931994160166,425.5203013780552,426.14546935287524,22821057
2025-08-15 11:00:00,426.13171470068863,426.4051499119608,426.01296137327427,426.2863965845464,8377295
2025-08-15 12:00:00,425.5599820068848,426.8505389082027,424.9857011238158,426.27625802513364,3357576
2025-08-15 13:00:00,426.2641127633374,426.34083082924894,426.23566625379726,426.3123843197088,10946026
2025-08-15 14:00:00,426.1091105497775,426.692532014205,425.85795700309694,426.4413784675245,15424720
2025-08-15 15:00:00,427.0898620063287,427.42054120073766,426.2602488975306,426.59092809193953,23827244
2025-08-18 09:30:00,426.56954335920574,426.7677067882029,426.4959053340465,426.6940687630436,12983010
2025-08-18 10:00:00,426.9064720821717,427.02205351282504,426.6499051328334,426.7654865634867,14385476
2025-08-18 11:00:00,427.60130608689843,428.0336904549076,426.3745218463221,426.8069062143313,6831307
2025-08-18 12:00:00,426.66548276469064,427.09547769740334,426.4838639864635,426.9138589191762,8849560
2025-08-18 13:00:00,426.4765294829173,427.31616356019913,426.2020995466439,427.0417336239258,12439561
2025-08-18 14:00:00,427.2543717474253,427.3746772046107,426.9943702147288,427.1146756719142,14610355
2025-08-18 15:00:00,426.78389173804914,427.4615669591883,426.51425609886496,427.19193132000413,10648096
2025-08-19 09:30:00,427.8784486962906,428.4054876930077,426.7463945545903,427.2734335513074,5787135
2025-08-19 10:00:00,427.17120402214607,427.45599052739567,427.06061334998145,427.34539985523105,11832911
2025-08-19 11:00:00,427.78083201468905,427.94735314457085,427.3060257235644,427.4725468534462,5156646
2025-08-19 12:00:00,427.39709263412556,427.66718681825205,427.29629595202675,427.56639013615325,18023452
2025-08-19 13:00:00,427.46856358409855,427.6879401567497,427.3692368071473,427.5886133797984,4645521
2025-08-19 14:00:00,428.0761172412101,428.40619294698666,427.3720194377595,427.70209514353604,10613076
2025-08-19 15:00:00,427.0857842793864,428.54898218063465,426.40976108451406,427.8729589857623,25690480
2025-08-20 09:30:00,427.78377247761017,428.0078961938885,427.7112782218955,427.9354019381738,10549176
2025-08-20 10:00:00,427.4733146517867,428.2404817615024,427.22878720841015,427.9959543181258,12580229
2025-08-20 11:00:00,428.29154140791013,428.39710937119605,428.0536011714287,428.1591691347146,16327282
2025-08-20 12:00:00,428.5187491227384,428.7741790728289,427.933870101206,428.18930005129647,9891636
2025-08-20 13:00:00,428.0232157917539,428.4961535492804,427.8547042864538,428.3276420439803,16526896
2025-08-20 14:00:00,428.5927909663401,428.682567082665,428.3721451805376,428.4619212968625,19877252
2025-08-20 15:00:00,428.2719997810859,428.837428789123,428.0193992573005,428.5848282653376,16598580
2025-08-21 09:30:00,428.6059248726574,428.6769877943922,428.57778412822324,428.648847049958,10544488
2025-08-21 10:00:00,428.5872675580999,428.7867874702821,428.49375572557426,428.69327563775647,3269572
2025-08-21 11:00:00,429.23887988601507,429.52336078773726,428.481321261846,428.7658021635682,3952007
2025-08-21 12:00:00,427.91174902245467,429.5907620840468,427.1295851287811,428.80859819037323,8786856
2025-08-21 13:00:00,428.6616426735277,428.94564153973306,428.5551413761808,428.8391402423862,4193821
2025-08-21 14:00:00,429.5139613587604,429.99674390794974,428.39480345678635,428.8775860059757,5743037
2025-08-21 15:00:00,429.64413882155276,430.06681156818684,428.53573427804326,428.95840702467734,6238940
2025-08-22 09:30:00,428.8473330509802,429.12076806879986,428.72949034340354,429.0029253612232,7036686
2025-08-22 10:00:00,429.38571909865715,429.6688923778517,428.76246702405484,429.0456403032494,5938176
2025-08-22 11:00:00,428.93563190463567,429.28374221142815,428.79072168203834,429.1388319888308,12776869
2025-08-22 12:00:00,429.327081445914,429.4466823774411,429.02968095038966,429.14928188191675,1899047
2025-08-22 13:00:00,429.2754733984919,429.33010651927214,429.2583082877512,429.31294140853146,11150471
2025-08-22 14:00:00,429.02759809085245,429.61840382163393,428.7688929477543,429.3596986785358,7788940
2025-08-22 15:00:00,429.7375635352084,429.89112662698386,429.2787499652749,429.4323130570504,10137714
2025-08-25 09:30:00,429.3834053575683,429.4922973527653,429.34717904592986,429.4560710411269,5463723
2025-08-25 10:00:00,429.6105245554242,429.6395270729542,429.5346017019825,429.5636042195125,14498868
2025-08-25 11:00:00,429.2883898473639,429.97128134509006,428.96802157060074,429.65091306832693,13062974
2025-08-25 12:00:00,429.4560799387556,429.94053774455176,429.2569306872777,429.7413884930739,12689288
2025-08-25 13:00:00,429.447718930583,430.1154270885236,429.15063738047587,429.81834553841645,11002125
2025-08-25 14:00:00,430.06436721197764,430.17264260252523,429.78235958301616,429.89063497356375,4531048
2025-08-25 15:00:00,429.45364067003896,430.2583596358083,429.1318234743024,429.9365424400717,11102994
2025-08-26 09:30:00,430.15896464782327,430.2704461338279,429.91004721919103,430.02152870519564,3788595
2025-08-26 10:00:00,429.50561092784784,430.6043507531391,428.99778934008935,430.0965291653806,11764019
2025-08-26 11:00:00,430.1111564278558,430.1821841065978,430.0841314009039,430.1551590796459,5860675
2025-08-26 12:00:00,429.8250922185558,430.50734569802756,429.59643065996534,430.2786841394371,8287016
2025-08-26 13:00:00,429.77010248149236,430.651488747969,429.4042251960896,430.28561146256624,5594099
2025-08-26 14:00:00,430.2256861419602,430.5467225291249,430.1028493118658,430.4238856990305,4423767
2025-08-26 15:00:00,430.4032516977537,430.6108808410488,430.3082366366266,430.5158657799217,6926214
2025-08-27 09:30:00,430.2302459883066,430.8243752895596,430.0438568822883,430.63798618354133,22548974
2025-08-27 10:00:00,429.8500556912835,431.1886096016535,429.35718965492265,430.6957435652927,12195189
2025-08-27 11:00:00,430.4072115952065,431.039267830639,430.1692448102696,430.80130104570213,7774182
2025-08-27 12:00:00,430.9037288647478,430.9685343771474,430.7444978115138,430.8093033239134,5137811
2025-08-27 13:00:00,430.7110386375439,430.98827833398354,430.5953895630919,430.87262925953155,14632334
2025-08-27 14:00:00,431.409959082799,431.69678053296747,430.68455110161347,430.97137255178194,13681530
2025-08-27 15:00:00,431.25551547698234,431.3817268571849,430.9530047167146,431.07921609691715,19997718
2025-08-28 09:30:00,431.35123814954494,431.42550982772786,431.1399104336959,431.2141821118788,23848777
2025-08-28 10:00:00,431.1029092259169,431.4950981395429,430.9615901038841,431.3537790175101,14442234
2025-08-28 11:00:00,431.34869708242803,431.4540016331499,431.3066685568893,431.4119731076112,13598666
2025-08-28 12:00:00,430.7305555590914,432.00470909224043,430.1790332192826,431.45318675243163,7652068
2025-08-28 13:00:00,431.0165926621643,431.80966146346873,430.76481514732467,431.55788394862907,10559300
2025-08-28 14:00:00,431.525548802619,431.7385486378814,431.44559065174764,431.65859048701003,10616872
2025-08-28 15:00:00,431.5096953271784,432.0299356586077,431.26968359402076,431.78992392545007,11054060
2025-08-29 09:30:00,431.44344271958136,432.28280544404595,431.0490707118639,431.8884334363285,11789687
2025-08-29 10:00:00,432.0353866388802,432.098331283061,431.90093509954403,431.9638797437248,14626979
2025-08-29 11:00:00,432.31821901212516,432.5202705889066,431.85338893622077,432.0554405130022,3265133
2025-08-29 12:00:00,432.377044345085,432.5512983991498,431.9632353246918,432.13748937875664,17135251
2025-08-29 13:00:00,432.29631302959217,432.3230764196086,432.23898397540967,432.2657473654261,6882316
2025-08-29 14:00:00,432.53220552725645,432.63570590093946,432.27485667369785,432.37835704738086,4718034
2025-08-29 15:00:00,431.9229301887442,432.85950939009547,431.53903785040444,432.4756170517557,13640605
2025-09-01 09:30:00,432.77198830400056,432.933153859926,432.4121923238019,432.5733578797273,5562955
2025-09-01 10:00:00,433.13598705038623,433.39265640244463,432.43530539474284,432.69197474680124,4834068
2025-09-01 11:00:00,432.94396457759257,433.16110377847014,432.41641370958894,432.6335529104665,3463759
2025-09-01 12:00:00,432.79976877122726,432.82373443604416,432.7273019887359,432.7512676535528,15779377
2025-09-01 13:00:00,432.48794114535366,433.07659960186834,432.27259126327965,432.86124971979433,17298215
2025-09-01 14:00:00,433.30174531110725,433.4851632715568,432.71490552243506,432.8983234828846,8142978
2025-09-01 15:00:00,433.12223150450467,433.186621079397,432.9292928525284,432.99368242742077,4323014
2025-09-02 09:30:00,432.8869875538947,433.36278198861885,432.6872609338596,433.16305536858374,26591327
2025-09-02 10:00:00,432.94461209923804,433.3623002715988,432.7713324526577,433.1890206250185,7381326
2025-09-02 11:00:00,433.2143402983214,433.24317921308875,433.2019967138064,433.23083562857374,10205532
2025-09-02 12:00:00,433.75857523950486,433.9986655868677,433.10536785103375,433.34545819839656,9156703
2025-09-02 13:00:00,433.78648681788155,433.97973210780066,433.2565514857552,433.4497967756743,11755738
2025-09-02 14:00:00,433.5088216607698,433.5701384765921,433.4837382541088,433.5450550699311,9617680
2025-09-02 15:00:00,432.8416432487002,434.1733921284794,432.3314635766168,433.66321245639597,8933287
2025-09-03 09:30:00,434.3200884612049,434.6406233916446,433.3800884553566,433.70062338579635,5993966
2025-09-03 10:00:00,433.3766803795567,433.9829928613283,433.1870240417265,433.79333652349806,4670916
2025-09-03 11:00:00,433.6736047641187,433.9664537880158,433.5515663288025,433.8444153526996,7982425
2025-09-03 12:00:00,433.15218741360644,434.2614219386115,432.80272311714776,433.9119576421528,3492739
2025-09-03 13:00:00,433.1878605732237,434.54354796732076,432.6229101769795,433.97859757107653,9279090
2025-09-03 14:00:00,433.5697684063631,434.4908433341707,433.1456550485204,434.06672997632796,5834030
2025-09-03 15:00:00,434.23038782140435,434.2613493427345,434.1496402116574,434.18060173298755,13754945
2025-09-04 09:30:00,434.14366461075065,434.3032939375655,434.0700578226458,434.2296871494607,9926667
2025-09-04 10:00:00,434.6244452219379,434.8063575724257,434.23670877447177,434.4186211249596,29823789
2025-09-04 11:00:00,433.66746824451127,434.8338063949112,433.26494222089036,434.4312803712903,2442193
2025-09-04 12:00:00,435.08497836937903,435.34966990247494,434.3113053725814,434.5759969056773,24193671
2025-09-04 13:00:00,434.5648688595548,434.7105887720413,434.50806863642345,434.65378854891,3934749
2025-09-04 14:00:00,434.667035237682,434.8621664226544,434.5974539400622,434.79258512503463,12966400
2025-09-04 15:00:00,434.9091314633903,434.95746768212706,434.7876575333616,434.8359937520984,11252860
2025-09-05 09:30:00,434.48418598242785,435.1365261703186,434.26309276951747,434.9154329574082,12395201
2025-09-05 10:00:00,434.14266405551405,435.36521723061213,433.689401296002,434.9119544711001,5986019
2025-09-05 11:00:00,435.038279094223,435.2032487024882,434.68266338100926,434.8476329892745,12238363
2025-09-05 12:00:00,435.3378585071809,435.6585228893938,434.47707557815073,434.79773996036363,4446424
2025-09-05 13:00:00,434.450639236506,434.7481898986283,434.34842801932933,434.64597868145165,20937183
2025-09-05 14:00:00,434.5349481786992,434.6048255220377,434.5076301133509,434.5775074566894,5977309
2025-09-05 15:00:00,433.55384870733417,435.0229056223902,432.9340256320433,434.40308254709936,29947621
2025-09-08 09:30:00,434.25420799670684,434.31755356065804,434.225970407502,434.2893159714532,8589022
2025-09-08 10:00:00,434.6599566280377,435.03211556451487,433.83263031778193,434.2047892542591,10834279
2025-09-08 11:00:00,434.6765009620181,435.0497304442987,433.7100194660257,434.0832489483063,8876217
2025-09-08 12:00:00,434.0329343819923,434.0534307050792,433.9697064328154,433.9902027559024,17185438
2025-09-08 13:00:00,433.60661231489064,434.1048831345099,433.44496725674907,433.94323807636835,11859456
2025-09-08 14:00:00,434.2954722204788,434.59538515675433,433.5468406116684,433.84675354794393,17313329
2025-09-08 15:00:00,433.48704699043486,433.8972520968912,433.33457936754655,433.74478447400287,16463548
2025-09-09 09:30:00,433.0888331075395,433.9527313872256,432.77488697359075,433.63878525327686,9853847
2025-09-09 10:00:00,433.8635050894432,434.0502841394068,433.36801444698006,433.55479349694366,15502408
2025-09-09 11:00:00,433.26578041618694,433.57287037283083,433.16925810858106,433.47634806522495,9185437
2025-09-09 12:00:00,433.745670369627,433.967115748074,433.2042467136639,433.42569209211086,12304180
2025-09-09 13:00:00,433.554518006335,433.73179900641,433.1196884248861,433.29696942496105,5911039
2025-09-09 14:00:00,432.5600161954087,433.3385642938613,432.31817203940346,433.09672013785604,29658559
2025-09-09 15:00:00,433.024463185632,433.04430359511014,432.97330944539016,432.9931498548683,10949279
2025-09-10 09:30:00,433.423093490454,433.8291831978322,432.54478287355556,432.9508725809338,10263218
2025-09-10 10:00:00,433.054395157669,433.2309655246612,432.6547592211705,432.8313295881627,19006797
2025-09-10 11:00:00,432.84850666470976,432.91749667656995,432.6858302408672,432.75482025272737,4279788
2025-09-10 12:00:00,432.57210687225773,432.8990473313453,432.4310294096399,432.75796986872746,2876680
2025-09-10 13:00:00,432.64474790310976,432.6605040279421,432.63829211002474,432.6540482348571,5310006
2025-09-10 14:00:00,432.6572044847646,432.7044358960979,432.5543542245981,432.60158563593143,9082308
2025-09-10 15:00:00,433.1339896640745,433.5112131807522,432.09952622134693,432.47674973802464,16500770
2025-09-11 09:30:00,432.1030985410571,432.8911507598768,431.7594270610504,432.5474792798701,12212170
2025-09-11 10:00:00,432.84368645812077,433.1409543301876,432.20950533672294,432.50677320878975,8363654
2025-09-11 11:00:00,431.89090168049864,432.6442456184816,431.6331499870787,432.38649392506164,16072497
2025-09-11 12:00:00,431.74606651820034,432.4511982934731,431.5219166841323,432.22704845940507,6367353
2025-09-11 13:00:00,431.9877204556225,432.15687604691357,431.91177233367506,432.08092792496615,11450339
2025-09-11 14:00:00,431.5942003719431,432.2610169647975,431.3585953110412,432.0254119038956,6655514
2025-09-11 15:00:00,432.1521437684261,432.24986711645425,431.8645651562615,431.9622885042897,11471372
2025-09-12 09:30:00,432.1616468957892,432.43682905297214,431.5057465410875,431.78092869827043,27177920
2025-09-12 10:00:00,431.20006560050433,432.2081108382567,430.777143705913,431.78518894366533,2613350
2025-09-12 11:00:00,431.41778979651053,431.88499606575044,431.24841133168337,431.7156176009233,6549915
2025-09-12 12:00:00,431.6445809090451,431.65265438459585,431.6413804457114,431.64945392126214,5152454
2025-09-12 13:00:00,432.06071212082105,432.3666258000195,431.20534943908507,431.5112631182835,20710256
2025-09-12 14:00:00,431.6842732591377,431.830760567695,431.2697823459745,431.4162696545318,16732698
2025-09-12 15:00:00,431.8039022223503,432.201192108696,430.8760836666496,431.2733735529953,19326305
2025-09-15 09:30:00,431.46391061579783,431.7020051474025,430.9356857000022,431.1737802316068,18754457
2025-09-15 10:00:00,431.4803643234198,431.73487723361825,430.81852584065666,431.0730387508551,10399075
2025-09-15 11:00:00,430.59341754019414,431.3130653826496,430.2859878978166,431.00563574027206,11932420
2025-09-15 12:00:00,430.68950083581933,431.0341054753562,430.5653117698204,430.9099164093573,17641732
2025-09-15 13:00:00,430.8262246913403,430.9574585642081,430.7780818349069,430.9093157077747,1729086
2025-09-15 14:00:00,430.0871200753662,431.15741787683095,429.74280736933554,430.81310517080027,16027481
2025-09-15 15:00:00,430.7619257529845,430.8058023513717,430.66757011144796,430.7114467098352,15616966
2025-09-16 09:30:00,430.9051924398288,431.1249597624294,430.2951741494473,430.5149414720479,7079007
2025-09-16 10:00:00,430.49716492384584,430.53136809378606,430.3884165801449,430.4226197500851,5864849
2025-09-16 11:00:00,429.78078010726136,430.7244834679683,429.47404571350825,430.4177490742152,5450001
2025-09-16 12:00:00,430.1903963869141,430.37915781786705,430.12198315562256,430.31074458657554,4930681
2025-09-16 13:00:00,430.8113578031071,431.1090856964293,429.9348281347159,430.23255602803806,8471051
2025-09-16 14:00:00,429.537177857599,430.4588658848472,429.2479748881817,430.16966291542997,5698002
2025-09-16 15:00:00,430.30026426246775,430.34765877828346,430.1533024168654,430.2006969326811,1930937
2025-09-17 09:30:00,428.61040761255697,431.05940539491894,427.7715080674751,430.2205058498371,5550994
2025-09-17 10:00:00,430.5875550595357,430.90886090839973,429.7840641303279,430.10536997919195,21100293
2025-09-17 11:00:00,430.15598553598824,430.191924427418,430.05092069471857,430.0868595861483,5102661
2025-09-17 12:00:00,429.5272695877876,430.48698155566,429.09182274036107,430.0515347082335,6224878
2025-09-17 13:00:00,430.1221976790998,430.1600688142466,430.02028144507466,430.0581525802214,4202634
2025-09-17 14:00:00,429.9540993545131,429.9696909269853,429.94672788250523,429.96231945497743,6408142
2025-09-17 15:00:00,430.25686412130204,430.5925704347888,429.516140376754,429.85184669024073,19049934
2025-09-18 09:30:00,429.5735703749474,430.1508600680249,429.33986637797767,429.91715607105516,4746685
2025-09-18 10:00:00,430.31587063857086,430.6332967952387,429.6028986141731,429.920324770841,4485552
2025-09-18 11:00:00,430.0201069729568,430.0878102322291,429.8312600401314,429.8989632994037,5584358
2025-09-18 12:00:00,429.6502840616493,429.9710162038068,429.5016137917222,429.8223459338797,9371967
2025-09-18 13:00:00,429.80019194086134,429.85247150798375,429.6522362533375,429.7045158204599,4344842
2025-09-18 14:00:00,429.0304490081366,430.1860986580837,428.5076838146816,429.66333346462875,7984670
2025-09-18 15:00:00,430.39771710814966,430.9840031675143,428.9792304278189,429.5655164871835,12326907
2025-09-19 09:30:00,429.16264060164656,429.6409783158109,429.0044120466471,429.48274976081143,12869214
2025-09-19 10:00:00,429.1942572691694,429.45615824320686,429.094212912447,429.3561138864845,21012746
2025-09-19 11:00:00,429.34648083039514,429.44254875692263,429.3033517925113,429.3994197190388,4151696
2025-09-19 12:00:00,428.81286882552644,429.4865500643096,428.5786056919282,429.25228693071136,22464258
2025-09-19 13:00:00,429.07412808679527,429.25232075365886,429.0001195168015,429.17831218366507,12956707
2025-09-19 14:00:00,429.3128044058167,429.4434438370996,428.93149302303243,429.06213245431536,13833308
2025-09-19 15:00:00,429.7520279192446,430.32730326183554,428.3962964562277,428.9715717988186,6506650
2025-09-22 09:30:00,428.9853782861933,429.10079473563053,428.72190295819814,428.8373194076354,13104843
2025-09-22 10:00:00,428.8222687328988,428.85233453923985,428.74807522373885,428.7781410300799,13182304
2025-09-22 11:00:00,429.06106098098013,429.2024302525635,428.63679340370385,428.7781626752872,4334883
2025-09-22 12:00:00,428.63577198775573,428.7007548066351,428.6086259886451,428.67360880752443,12947186
2025-09-22 13:00:00,428.78206686856754,428.89787704591663,428.45658470673084,428.5723948840799,17370049
2025-09-22 14:00:00,427.89892765202336,428.8261893406187,427.530910023289,428.45817171188435,8320894
2025-09-22 15:00:00,428.20746547268084,428.57971892973353,428.0723506760712,428.4446041331239,2882225
2025-09-23 09:30:00,428.78649232518126,429.0115233494284,428.06404072012884,428.289071744376,11909252
2025-09-23 10:00:00,428.4265639469894,428.5119770775899,428.1562623662519,428.2416754968524,11509831
2025-09-23 11:00:00,427.04884861897756,428.72028802749594,426.5259752018552,428.1974146103736,3531591
2025-09-23 12:00:00,428.4539674157532,428.7072356308652,427.8332285943716,428.0864968094836,19427505
2025-09-23 13:00:00,428.5004248222404,428.89787715104336,427.4693703090857,427.8668226378887,13033587
2025-09-23 14:00:00,428.1285860186764,428.49962428537316,427.2782909921977,427.64932925889445,26648290
2025-09-23 15:00:00,427.544167609913,427.5761023240536,427.4682066834847,427.50014139762527,13603031
2025-09-24 09:30:00,428.13322049627334,428.84485937621497,426.607511901281,427.3191507812226,24652409
2025-09-24 10:00:00,427.06411423939556,427.48311463486044,426.89684804570584,427.3158484411707,6368760
2025-09-24 11:00:00,427.8452975353015,428.2568521907609,426.848537785763,427.26009244122247,6754709
2025-09-24 12:00:00,427.0563421605647,427.3067132589613,426.9504007426331,427.2007718410297,9899230
2025-09-24 13:00:00,427.536491364432,427.8350722535565,426.66670330027745,426.965284189402,32080940
2025-09-24 14:00:00,426.87134412969544,426.87141148069804,426.8711411813708,426.8712085323734,9097428
2025-09-24 15:00:00,427.19450787650453,427.53963900835794,426.3939096162791,426.7390407481325,12047090
2025-09-25 09:30:00,427.33281541529504,427.7733737847656,426.1766449731083,426.6172033425789,5150321
2025-09-25 10:00:00,426.22590890028283,426.65631315102655,426.038726623469,426.46913087421274,16340803
2025-09-25 11:00:00,425.4385629306398,427.08504472664964,424.7551021092086,426.40158390521844,11231941
2025-09-25 12:00:00,425.669374573416,426.59821933848025,425.30770300530645,426.2365477703707,20001695
2025-09-25 13:00:00,426.80616253677766,427.12468464439314,426.0301300813819,426.3486521889974,12285462
2025-09-25 14:00:00,426.2771710077261,426.58143843556627,426.14480527703904,426.4490727048792,13680362
2025-09-25 15:00:00,426.49224117554644,426.6116333891637,426.4448175354627,426.56420974907996,15268653
2025-09-26 09:30:00,426.5665005604842,426.5840354044034,426.51453740531,426.5320722492292,6335846
2025-09-26 10:00:00,425.5536325914259,427.47879577154595,424.70798950838787,426.6331526885079,17612295
2025-09-26 11:00:00,426.6464586523167,426.778620529409,426.58496974461417,426.71713162170647,8213747
2025-09-26 12:00:00,427.2154271066421,427.50127054479117,426.451751678173,426.7375951163221,1649800
2025-09-26 13:00:00,426.7131556789365,426.8420637939068,426.6673258319136,426.7962339468839,10842896
2025-09-26 14:00:00,426.8897683396197,426.9124159881121,426.8402621567712,426.8629098052636,10090935
2025-09-26 15:00:00,427.156169195766,427.280185028471,426.77844477885674,426.90246061156176,10356043
2025-09-29 09:30:00,426.3787697248594,427.40006836520996,426.0355651348823,427.05686377523284,21833179
2025-09-29 10:00:00,426.7475454065497,427.3361768202305,426.5474188616049,427.1360502752857,11235376
2025-09-29 11:00:00,427.5229337727266,427.8309775934128,426.83517236889395,427.14321618958013,4294669
2025-09-29 12:00:00,426.953816755672,427.2601392554493,426.83157734453494,427.13789984431224,2402148
2025-09-29 13:00:00,426.55950486166967,427.67210627873385,426.0495763374915,427.16217775455567,4078505
2025-09-29 14:00:00,427.4043980706754,427.56964141025145,427.0074770624929,427.17272040206893,5639704
2025-09-29 15:00:00,426.68733675310034,427.8205475234105,426.2152645320575,427.34847530236766,26888573
2025-09-30 09:30:00,427.8419319230152,428.11029219335063,427.1709748504034,427.43933512073886,5364991
2025-09-30 10:00:00,427.2631696692653,427.6916851949781,427.115349544937,427.54386507064976,5241685
2025-09-30 11:00:00,427.0791354694678,427.9159606525364,426.75468655366353,427.5915117367321,11136968
2025-09-30 12:00:00,427.79834725353413,427.87068598253364,427.63760100856615,427.70993973756566,7479484
2025-09-30 13:00:00,427.6882117353266,427.7956504972341,427.6382363652072,427.7456751271147,4078112
2025-09-30 14:00:00,427.4769869380355,428.1954535896494,427.14027619003804,427.8587428416519,5971681
2025-09-30 15:00:00,427.10478486177897,428.5525935849496,426.5580107959287,428.0058195190993,13401923
2025-10-01 09:30:00,428.59268378750284,428.98120197752604,427.6457271293535,428.0342453193767,5019298
2025-10-01 10:00:00,428.6239084833743,428.8170182869654,428.00412795514967,428.19723775874075,6607749
2025-10-01 11:00:00,428.70693649179356,429.0703822969044,427.8741661895267,428.2376119946376,4641693
2025-10-01 12:00:00,428.40942399224264,428.4249159222355,428.36244307630113,428.377935006294,13401826
2025-10-01 13:00:00,427.24722491445203,429.40236299781594,426.26044986707427,428.4155879504382,10396367
2025-10-01 14:00:00,429.46622144853177,430.31111878288937,427.64993300651304,428.49483034087064,16553892
2025-10-01 15:00:00,427.91951325796924,429.08305890460497,427.4405310137892,428.60407666042494,3957882
2025-10-02 09:30:00,429.3354169200897,429.71737775960787,428.30952294846657,428.69148378798474,6317465
2025-10-02 10:00:00,428.89739933197865,428.91974724272717,428.8492846424579,428.87163255320644,11183407
2025-10-02 11:00:00,429.347050790575,429.61060299639263,428.61723239182896,428.8807845976466,5804821
2025-10-02 12:00:00,428.846035030975,429.12280646877076,428.7543654400874,429.03113687788317,6938883
2025-10-02 13:00:00,428.59967806799943,429.34387712464866,428.366371751907,429.11057080855625,12782685
2025-10-02 14:00:00,428.5360887242685,429.5265567388702,428.17614281048554,429.1666108250873,12353198
2025-10-02 15:00:00,429.6645703243853,429.9966394250953,428.90271557313196,429.23478467384194,8718200
2025-10-03 09:30:00,429.44746993839647,429.54618005948277,429.1545891441066,429.2532992651929,5296674
2025-10-03 10:00:00,429.88898342250604,430.23859793045267,428.95556665213945,429.3051811600861,11015830
2025-10-03 11:00:00,429.111885047878,429.4475670411024,428.98740424867333,429.3230862418977,3852081
2025-10-03 12:00:00,429.63484399217657,429.7688182204007,429.224334810887,429.35830903911113,3601779
2025-10-03 13:00:00,429.3726005858749,429.5110844389879,429.31014850246856,429.44863235558154,6248853
2025-10-03 14:00:00,430.1385733017099,430.4907036595015,429.2531632086923,429.60529356648385,20576725
2025-10-03 15:00:00,430.436686095192,430.92458746403327,429.28358341046436,429.77148477930564,10214293
2025-10-06 09:30:00,429.57209317159993,429.9931458271566,429.4027495691858,429.82380222474245,10134789
2025-10-06 10:00:00,430.05865757490227,430.17649727874124,429.76548435719786,429.88332406103683,9262815
2025-10-06 11:00:00,429.5953010823581,430.0935060063311,429.407229840652,429.905434764625,3583732
2025-10-06 12:00:00,430.52883506493816,430.95503522045044,429.5537087678856,429.9799089233979,10671816
2025-10-06 13:00:00,431.01863262697333,431.92083512962074,429.10853298508397,430.0107354877314,6838756
2025-10-06 14:00:00,429.8929910633143,430.213294907368,429.7704422148326,430.0907460588863,4598941
2025-10-06 15:00:00,429.8888844869807,430.4710692558283,429.6652050564472,430.24738982529476,11130089
2025-10-07 09:30:00,430.9647779631478,431.3596968719661,429.91681352085504,430.3117324296733,8082934
2025-10-07 10:00:00,430.3744069556577,430.52671351377955,430.30705571820425,430.4593622763261,26475057
2025-10-07 11:00:00,430.82346683777325,430.95359106710305,430.4527037368645,430.5828279661943,5813715
2025-10-07 12:00:00,431.3925539231327,431.9174367522712,430.13218458811355,430.65706741725205,12439457
2025-10-07 13:00:00,430.70871865603505,430.7341889950533,430.6976449785116,430.72311531752985,13806740
2025-10-07 14:00:00,430.9557162220039,431.04664321768195,430.752880644092,430.84380763977003,9306894
2025-10-07 15:00:00,431.25469920020123,431.410093912883,430.77951976811033,430.9349144807921,11685069
2025-10-08 09:30:00,430.85558502249756,431.16929337551204,430.7198274918957,431.0335358449102,13855538
2025-10-08 10:00:00,430.22534478095287,431.7380614398073,429.6073599814028,431.12007664025725,5642654
2025-10-08 11:00:00,431.29252467333345,431.3193124407367,431.22502373705515,431.25181150445843,9558101
2025-10-08 12:00:00,431.036878582526,431.53994995672105,430.8237292312887,431.32680060548375,6217257
2025-10-08 13:00:00,432.00212449873686,432.2926733979798,431.13970386997124,431.4302527692142,19875159
2025-10-08 14:00:00,431.0570614402822,431.7754803039004,430.77851917894986,431.49693804256805,4964400
2025-10-08 15:00:00,431.5670058897425,431.5936931372096,431.5010023074893,431.52768955495634,10013874
2025-10-09 09:30:00,431.4604883583292,431.7299875284631,431.3363926925952,431.6058918627291,12091409
2025-10-09 10:00:00,431.8781814902737,432.0410914561607,431.4782877913789,431.6411977572659,4423976
2025-10-09 11:00:00,430.87260635905477,432.51974215157304,430.10296682894045,431.7501026214587,11864909
2025-10-09 12:00:00,431.5411643069391,432.1636894138703,431.29717093877076,431.919696045702,16402907
2025-10-09 13:00:00,432.50477492136343,432.9440337411897,431.57732780825995,432.0165866280862,16599975
2025-10-09 14:00:00,432.23575419384895,432.3422524328883,431.92322443555815,432.0297226745975,7167640
2025-10-09 15:00:00,431.8281570608027,432.22226726687495,431.7021387281793,432.09624893425155,3986308
2025-10-10 09:30:00,432.6067979335773,432.9316983631773,431.7343867309944,432.0592871605944,8578816
2025-10-10 10:00:00,432.20620227145776,432.26020995566944,432.05665898078297,432.11066666499465,11348900
2025-10-10 11:00:00,432.4727194097519,432.64155144279556,432.0242578217872,432.1930898548309,4228536
2025-10-10 12:00:00,431.4348016426039,432.78852708474085,430.9452996216646,432.2990250638016,14109556
2025-10-10 13:00:00,432.38349768585675,432.4802959116113,432.13987216883334,432.23667039458786,7088204
2025-10-10 14:00:00,431.7278793176094,432.6077076613617,431.4405169539876,432.3203452977399,10347424
2025-10-10 15:00:00,431.66667420681705,433.17270688123176,430.99181101249985,432.49784368691456,22929651
2025-10-13 09:30:00,432.9518847842709,433.0929417026169,432.5427604079478,432.6838173262938,18634563
2025-10-13 10:00:00,433.3755449835791,433.704884885614,432.44124449081767,432.7705843928525,15159057
2025-10-13 11:00:00,432.78594697281653,433.07385937115527,432.6513808467666,432.9392932451053,18188010
2025-10-13 12:00:00,432.99603219065136,433.05344874125177,432.9691345159811,433.02655106658153,3472720
2025-10-13 13:00:00,432.96847121628315,433.358419220408,432.7983180628935,433.18826606701833,7558352
2025-10-13 14:00:00,432.8369038890336,433.4419569539332,432.59398644086053,433.19903950576014,2357226
2025-10-13 15:00:00,433.6225111482769,433.79745861306594,433.0923462408323,433.26729370562134,9151538
2025-10-14 09:30:00,432.9084636932102,433.79925090830847,432.49055002522806,433.38133724032633,16384523
2025-10-14 10:00:00,434.2596883924259,434.879550142558,432.8635583500712,433.48342010020326,11801170
2025-10-14 11:00:00,433.0768094339546,433.86778111514053,432.72430557566355,433.51527725684946,2867822
2025-10-14 12:00:00,432.9530033917387,434.1046587980436,432.4333941069856,433.58504951329047,6522761
2025-10-14 13:00:00,434.17001432464116,434.5958313121888,433.16906042220705,433.5948774097547,4154761
2025-10-14 14:00:00,434.2420442822283,434.74875510469747,433.13693277322886,433.64364359569805,9485493
2025-10-14 15:00:00,433.440964595041,433.9412531438666,433.2366500481457,433.7369385969713,6597704
2025-10-15 09:30:00,432.8824124172779,434.7018671588082,432.0505524519396,433.8700071934699,20820910
2025-10-15 10:00:00,433.4301272636489,434.29445705552047,433.1031167853565,433.9674465772281,5005239
2025-10-15 11:00:00,434.124978619802,434.12898790291945,434.1131848023658,434.1171940854833,26026707
2025-10-15 12:00:00,433.6226455328931,434.3637859123964,433.38199626514,434.1231366446433,5891403
2025-10-15 13:00:00,434.14552832077374,434.1645979834854,434.0888853653988,434.1079550281105,5470244
2025-10-15 14:00:00,434.55399913634426,434.6956970536766,434.1392713837285,434.28096930106085,19745965
2025-10-15 15:00:00,433.99318159473336,434.6414812879306,433.73294591232855,434.3812456055258,15639244
2025-10-16 09:30:00,434.6253420704818,434.7049320093702,434.4273286676358,434.5069186065242,8743301
2025-10-16 10:00:00,433.46642563257876,435.3309160246221,432.7303788382669,434.5948692303103,6483772
2025-10-16 11:00:00,434.9355250888315,435.0998764112924,434.4881585661506,434.6525098886115,13421774
2025-10-16 12:00:00,434.3241304028393,434.9521629073481,434.0824972042759,434.71052970878475,5830273
2025-10-16 13:00:00,434.2529763614634,435.14571258714216,433.8799042547645,434.7726404804432,14015964
2025-10-16 14:00:00,434.6701687502643,434.9486994960462,434.54549143055624,434.82402217633813,4893889
2025-10-16 15:00:00,434.6759593594573,435.0457588761025,434.5594936599131,434.9292931765583,18810203
2025-10-17 09:30:00,434.3848300030476,435.3774158099796,433.99845630535754,434.9910421122895,12301376
2025-10-17 10:00:00,435.3541850320083,435.4855981207685,434.97953930611493,435.11095239487514,7321695
2025-10-17 11:00:00,435.93860288921684,436.55570234990694,434.6079329124464,435.2250323731365,8781408
2025-10-17 12:00:00,435.4391602543723,435.52459550420025,435.2320412042252,435.3174764540531,17848614
2025-10-17 13:00:00,434.9083663472297,435.63563968038665,434.67405148220166,435.40132481535863,9779104
2025-10-17 14:00:00,435.9947135568867,436.36364509911306,435.10614628913555,435.4750778313619,12050899
2025-10-17 15:00:00,434.7132778791899,436.0954432167037,434.24442744334465,435.62659278085846,12012687
2025-10-20 09:30:00,436.7271006381106,437.38285080865654,434.97214662170404,435.62789679225,5212039
2025-10-20 10:00:00,434.8588268018102,436.2569438277174,434.3432930329263,435.7414100588335,8080324
2025-10-20 11:00:00,435.4093133129963,436.0556287979384,435.16857142278604,435.8148869077282,15655082
2025-10-20 12:00:00,435.37267387756697,436.24371763715504,435.0358881249274,435.9069318845155,9349622
2025-10-20 13:00:00,435.50405274236823,436.41230595167883,435.09759009862785,436.00584330793845,8943184
2025-10-20 14:00:00,435.50413854269675,436.4517562416626,435.1686544356963,436.11627213466215,8346505
2025-10-20 15:00:00,434.5457803232656,437.1055926307223,433.6408888733194,436.2007011807761,7681622
2025-10-21 09:30:00,436.030756850435,436.46391189870764,435.8549133666268,436.28806841489944,14195682
2025-10-21 10:00:00,436.5249869191177,436.60110779948315,436.30625728969494,436.3823781700604,12139466
2025-10-21 11:00:00,436.1736717364046,436.5710228650684,435.9937592770906,436.39111040575443,5479490
2025-10-21 12:00:00,436.7849677663795,436.8983218224517,436.4242562335904,436.5376102896626,19800521
2025-10-21 13:00:00,436.9803706812124,437.21164626468845,436.35580768616694,436.587083269643,10206570
2025-10-21 14:00:00,437.13125034412093,437.4882822984763,436.32837952540007,436.68541147975543,17074220
2025-10-21 15:00:00,436.8307051571026,436.91831763056666,436.6419666455537,436.7295791190177,5572379
2025-10-22 09:30:00,437.2839235935357,437.68438497495043,436.36974517274723,436.770206554162,3455219
2025-10-22 10:00:00,436.45832418508775,437.1688299975757,436.2124952757245,436.92300108821246,21251836
2025-10-22 11:00:00,438.22200606435763,438.8686624132068,436.431930742668,437.07858709151714,17720942
2025-10-22 12:00:00,436.80690104117457,437.2801225694305,436.6506407951328,437.1238623233887,7837850
2025-10-22 13:00:00,437.12464690515355,437.2454062273595,437.08111005422694,437.2018693764329,9865867
2025-10-22 14:00:00,437.29368540128496,437.49155518403734,437.21671627928976,437.41458606204213,22584572
2025-10-22 15:00:00,437.1006375587396,437.9275398996395,436.71190626892405,437.53880860982395,4341071
2025-10-23 09:30:00,437.0700358904078,437.9375034705777,436.7077358642345,437.57520344440445,2704952
2025-10-23 10:00:00,437.61325485371486,437.6142323047822,437.61108933455705,437.6120667856244,5224526
2025-10-23 11:00:00,437.19368402685416,438.0166699713175,436.880607548815,437.7035934932784,5855399
2025-10-23 12:00:00,438.0157926943695,438.09589950704236,437.82963087486394,437.9097376875368,33775420
2025-10-23 13:00:00,437.1821058448896,438.3995202294563,436.80114015373715,438.0185545383039,20362658
2025-10-23 14:00:00,437.61929625937677,438.4230506474984,437.2583922661222,438.06214665424386,3202837
2025-10-23 15:00:00,438.5467252351531,438.8054051341073,437.8677325090601,438.1264124080143,12280740
2025-10-24 09:30:00,438.15153951417756,438.2997514723296,438.08183786634515,438.2300498244972,18514235
2025-10-24 10:00:00,437.3116277456793,438.8982227413152,436.7691736320263,438.3557686276622,5781884
2025-10-24 11:00:00,438.65924871472254,438.8373025549083,438.281189766619,438.45924360680476,19515053
2025-10-24 12:00:00,438.15070091297196,438.77349106798465,437.8796732778679,438.5024634328806,9493521
2025-10-24 13:00:00,438.1778710230967,438.903036321778,437.88607058916176,438.61123588784307,9549146
2025-10-24 14:00:00,437.6886171129211,439.4986870911547,436.940428223675,438.75049820190856,8068238
2025-10-24 15:00:00,439.3739562338391,439.65102917659124,438.61546505404016,438.89253799679227,16976491
2025-10-27 09:30:00,438.6956088098592,439.14501816861167,438.4937618427651,438.94317120151754,3605385
2025-10-27 10:00:00,439.2329155962585,439.39367072519826,438.89072440162295,439.0514795305627,18524981
2025-10-27 11:00:00,438.60542093729373,439.59487740240917,438.19756216781315,439.1870186329286,19090846
2025-10-27 12:00:00,440.00247105057355,440.45185016836666,438.82421953279237,439.2735986505855,12673791
2025-10-27 13:00:00,438.53522581863336,440.02873840835247,437.8527623308552,439.34627492057433,7109123
2025-10-27 14:00:00,440.3617179547726,440.82409232756066,438.95828181631873,439.4206561891068,10597318
2025-10-27 15:00:00,439.39064589067004,439.57321661664645,439.3121214171415,439.4946921431179,15203274
2025-10-28 09:30:00,439.12122224783974,439.74997358596846,438.90868087413304,439.53743221226176,7863041
2025-10-28 10:00:00,438.59153116615994,440.5234785831688,437.7277134945954,439.65966091160425,5567866
2025-10-28 11:00:00,440.01589956796454,440.1940258511407,439.6003055868627,439.77843187003884,21378102
2025-10-28 12:00:00,441.0384903205267,441.76349897896387,439.2334840291449,439.95849268758207,27045365
2025-10-28 13:00:00,440.61908412379375,440.9391553156397,439.6949994927494,440.01507068459534,12091609
2025-10-28 14:00:00,439.98707410802126,440.17498895913536,439.90220649141975,440.09012134253385,12050431
2025-10-28 15:00:00,440.66268548338013,441.06894666653557,439.6933430093258,440.09960419248125,1435641
2025-10-29 09:30:00,439.57404311986295,440.50409341199895,439.27882293463585,440.20887322677186,17157667
2025-10-29 10:00:00,440.5001145207182,440.712893421563,440.0392690182932,440.252047919138,10821731
2025-10-29 11:00:00,440.00357490286166,440.5447362374353,439.8006794777516,440.34184081232524,7904571
2025-10-29 12:00:00,440.47504937528686,440.5606289156938,440.2911046923898,440.3766842327968,6922622
2025-10-29 13:00:00,440.7170284013512,440.9310418601209,440.2508586262175,440.46487208498723,9684089
2025-10-29 14:00:00,441.58199288431626,442.0455253302946,440.12048837728213,440.58402082326046,10194249
2025-10-29 15:00:00,440.7955159985427,440.85698262353594,440.6488977358478,440.710364360841,17157854
2025-10-30 09:30:00,440.9164802369207,441.0285535268946,440.6741653940326,440.78623868400655,5267755
2025-10-30 10:00:00,440.8019369954571,440.83576015294705,440.7860191028849,440.81984226037486,9604923
2025-10-30 11:00:00,441.1471264125424,441.3364816901581,440.64486691430506,440.8342221919208,7423939
2025-10-30 12:00:00,440.85985924989706,441.0485323645183,440.7706473453899,440.9593204600111,8575471
2025-10-30 13:00:00,440.3068574018765,441.63835101369426,439.77689838785943,441.10839199967717,15661711
2025-10-30 14:00:00,441.4128696826408,441.5307254951784,441.117709335715,441.2355651482526,9857739
2025-10-30 15:00:00,441.03166844825296,441.3821789032666,440.86943853897816,441.2199489939918,3363989
2025-10-31 09:30:00,441.90552882687206,442.3103055794502,440.8815865816419,441.28636333422,14186048
2025-10-31 10:00:00,441.64185246521544,441.78784971701634,441.280077531458,441.4260747832589,4940239
2025-10-31 11:00:00,441.30672579780475,441.5399052476848,441.23157215835,441.4647516082301,6879484
2025-10-31 12:00:00,442.39156602779315,443.0488039317732,440.852257851497,441.509495755477,10055348
2025-10-31 13:00:00,441.52490994198405,441.63115378845043,441.49053052854913,441.5967743750155,8524469
2025-10-31 14:00:00,441.2889616833,441.8682459350267,441.090125303616,441.6694095553427,12879845
2025-10-31 15:00:00,441.6324974112473,441.8577041583296,441.5507824672377,441.77598921432,17667728
2025-11-03 09:30:00,441.01230035691736,442.52128124003684,440.3790622301776,441.8880431132971,11102527
2025-11-03 10:00:00,441.9258304311916,441.9520784527116,441.9160509489011,441.94229897042106,13345848
2025-11-03 11:00:00,442.14291565404596,442.2401776847354,441.8346310199463,441.9318930506357,1338713
2025-11-03 12:00:00,442.0293968396484,442.0338402357248,442.0152776886966,442.019721084773,3522050
2025-11-03 13:00:00,442.8816575873456,443.3142472105511,441.6484875928443,442.0810772160498,3819081
2025-11-03 14:00:00,442.2256353027199,442.2667315453872,442.1262649822561,442.16736122492335,11765204
2025-11-03 15:00:00,441.7235610443743,442.61856902502484,441.30928407836853,442.20429205901905,6521538
2025-11-04 09:30:00,442.50411537574007,442.61108238356286,442.2406897500608,442.3476567578836,13899626
2025-11-04 10:00:00,442.8843305574253,443.10663310865766,442.24246592931024,442.4647684805426,18147135
2025-11-04 11:00:00,442.297788242466,442.68561542081954,442.159672325463,442.54749950381654,10176830
2025-11-04 12:00:00,442.9802434984502,443.1505623661647,442.5532063181328,442.72352518584734,27244102
2025-11-04 13:00:00,442.31552443787047,443.09719866540837,442.00745870716196,442.78913293469986,9153310
2025-11-04 14:00:00,441.5419682807457,443.70085413648377,440.81000766082116,442.9688935165592,27035389
2025-11-04 15:00:00,443.8218859915676,444.4461666996831,442.39458617721675,443.0188668853322,9123411
2025-11-05 09:30:00,442.74625399986684,443.20195212387097,442.5719931296414,443.0276912536455,6629305
2025-11-05 10:00:00,443.03540850112796,443.06823263321553,443.02127702993437,443.05410116202194,3915045
2025-11-05 11:00:00,442.93615865303036,443.3425844407283,442.74436266180675,443.15078844950466,7140812
2025-11-05 12:00:00,442.55958926918834,443.84401979214687,441.97588466707526,443.2603151900338,18980477
2025-11-05 13:00:00,442.98248305993513,443.5870641910371,442.774286675194,443.37886780629594,21250210
2025-11-05 14:00:00,443.5759596888684,443.6843429316215,443.34062823269204,443.4490114754451,4819415
2025-11-05 15:00:00,443.5157960020228,443.6228103550036,443.47063493207054,443.57764928505134,14009738
2025-11-06 09:30:00,443.121664912223,443.98469153951567,442.8128447314588,443.67587135875146,4899426
2025-11-06 10:00:00,443.85301756108163,443.9361961090073,443.6665992646057,443.74977781253136,7011491
2025-11-06 11:00:00,444.3437722320155,444.7931026393252,443.2884270241426,443.7377574314523,4381474
2025-11-06 12:00:00,444.32980530197403,444.7891184457346,443.29483283268564,443.7541459764462,5143531
2025-11-06 13:00:00,443.1442281384612,444.29405049690286,442.6797554685434,443.8295778269851,8185215
2025-11-06 14:00:00,443.4342125457932,444.2437535412813,443.0541036329886,443.8636446284767,2233086
2025-11-06 15:00:00,443.87759393538823,444.0481364136126,443.8088296775976,443.979372155822,8832957
2025-11-07 09:30:00,443.59351457857343,444.31682755200194,443.3260009828538,444.04931395628233,11510031
2025-11-07 10:00:00,442.9853352599664,444.8527499205613,442.2927157116816,444.16013037227646,5970565
2025-11-07 11:00:00,444.69474988083147,445.0702878302246,443.85013677127967,444.22567472067277,5488492
2025-11-07 12:00:00,444.0261588700088,444.6600016568669,443.77793797132296,444.411780758181,25874468
2025-11-07 13:00:00,444.32493194013614,444.7507918840788,444.13267355063766,444.55853349458033,17263888
2025-11-07 14:00:00,444.6113729942282,444.62379037691096,444.60736447194415,444.6197818546269,5511954
2025-11-07 15:00:00,444.09502747842885,445.17295480817785,443.66341026043824,444.74133759018724,20683807
