,Open,High,Low,Close,Volume
2025-10-30 09:30:00,380.0,380.19,379.81,380.0,171958
2025-10-30 09:31:00,380.0,380.06910117293785,379.99110217176053,380.0112243288956,47194
2025-10-30 09:32:00,380.0112243288956,380.0448640756435,379.9397669470659,379.95542827212853,51090
2025-10-30 09:33:00,379.95542827212853,379.97604313550096,379.9021462503431,379.9197524038544,63707
2025-10-30 09:34:00,379.9197524038544,380.0124188515886,379.861440628698,379.88436441732165,28431
2025-10-30 09:35:00,379.88436441732165,379.9656452606244,379.8070171489409,379.83092655470597,66886
2025-10-30 09:36:00,379.83092655470597,379.9194239625265,379.82694799483943,379.8763330984596,51606
2025-10-30 09:37:00,379.8763330984596,379.8874138536656,379.8078447495144,379.83069941385094,58555
2025-10-30 09:38:00,379.83069941385094,380.0026641925077,379.7843280241066,379.9714098375171,29457
2025-10-30 09:39:00,379.9714098375171,380.0489052554389,379.8886393640308,379.995955975187,42606
2025-10-30 09:40:00,379.995955975187,380.00035056314925,379.9051812626191,379.91662069246973,33247
2025-10-30 09:41:00,379.91662069246973,380.1351859355011,379.9129576701805,380.0944783798999,96088
2025-10-30 09:42:00,380.0944783798999,380.15206964725576,380.07122890190544,380.12633805914294,58190
2025-10-30 09:43:00,380.12633805914294,380.2401277834482,380.09443719074915,380.2047200737483,32662
2025-10-30 09:44:00,380.2047200737483,380.2387991604877,380.17694970630754,380.18120727278756,45222
2025-10-30 09:45:00,380.18120727278756,380.31909349542747,380.163799342651,380.25344211242344,18110
2025-10-30 09:46:00,380.25344211242344,380.2671843047193,380.06688622884525,380.12535089779743,16910
2025-10-30 09:47:00,380.12535089779743,380.1620541926815,380.1081862515215,380.11390655065884,64268
2025-10-30 09:48:00,380.11390655065884,380.12225658460335,380.0917099141321,380.1052839516718,66044
2025-10-30 09:49:00,380.1052839516718,380.2599807755309,380.09414461489376,380.2286600831184,52557
2025-10-30 09:50:00,380.2286600831184,380.3066230704439,380.2167014014211,380.2968449969961,79163
2025-10-30 09:51:00,380.2968449969961,380.3253971473519,380.2582158231978,380.27067444813895,33776
2025-10-30 09:52:00,380.27067444813895,380.32198779166043,380.16640068174996,380.20514635350054,68053
2025-10-30 09:53:00,380.20514635350054,380.22113950515103,380.08449361169176,380.0975201054754,44766
2025-10-30 09:54:00,380.0975201054754,380.1089733104146,379.9811024142199,380.03653138538175,64384
2025-10-30 09:55:00,380.03653138538175,380.1387811262581,380.00771218452803,380.0986957479207,36736
2025-10-30 09:56:00,380.0986957479207,380.15026137128086,380.0954966440102,380.1334683662193,48623
2025-10-30 09:57:00,380.1334683662193,380.1494909242601,380.0768588779548,380.08977512534085,97455
2025-10-30 09:58:00,380.08977512534085,380.0979213798053,380.0630185728524,380.08921410143427,22688
2025-10-30 09:59:00,380.08921410143427,380.2491492947215,380.066908296277,380.19585149887223,90623
2025-10-30 10:00:00,380.19585149887223,380.3634807252026,380.15033874533583,380.3624119272373,123326
2025-10-30 10:01:00,380.3624119272373,380.41504895817224,380.33772310772,380.40114380151033,93763
2025-10-30 10:02:00,380.40114380151033,380.4174254589377,380.2522133726143,380.34614741747527,21111
2025-10-30 10:03:00,380.34614741747527,380.35839690316726,380.29366049670426,380.3246005577786,26371
2025-10-30 10:04:00,380.3246005577786,380.33694174717067,380.26117894871953,380.26900742193664,30932
2025-10-30 10:05:00,380.26900742193664,380.31428708911585,380.14811095247853,380.1975136962874,76690
2025-10-30 10:06:00,380.1975136962874,380.2325172159131,380.16097678671383,380.1695960851488,39299
2025-10-30 10:07:00,380.1695960851488,380.2190385947351,380.09866501092,380.1918795339083,71135
2025-10-30 10:08:00,380.1918795339083,380.2784821477428,380.19091811891883,380.2279090196656,68871
2025-10-30 10:09:00,380.2279090196656,380.2959541470228,380.1949188839234,380.2601893230626,50818
2025-10-30 10:10:00,380.2601893230626,380.2918022024954,380.2032151047897,380.2712824141865,57333
2025-10-30 10:11:00,380.2712824141865,380.32378307137964,380.27078798957666,380.2923259272052,49790
2025-10-30 10:12:00,380.2923259272052,380.4266800642783,380.2597288831236,380.4028794982085,55714
2025-10-30 10:13:00,380.4028794982085,380.4101299278339,380.3789087552888,380.40199823256864,42635
2025-10-30 10:14:00,380.40199823256864,380.4826010874846,380.2785929123784,380.3374134913229,76235
2025-10-30 10:15:00,380.3374134913229,380.39502879885003,380.2179882237011,380.23496628347556,36641
2025-10-30 10:16:00,380.23496628347556,380.2686547539076,380.2203151693866,380.26206934018415,61885
2025-10-30 10:17:00,380.26206934018415,380.2906179653868,380.1618045098705,380.2007940963518,37751
2025-10-30 10:18:00,380.2007940963518,380.2372556603324,380.0963189089473,380.148855655826,64748
2025-10-30 10:19:00,380.148855655826,380.16826199715024,380.04105817940547,380.0689153736973,99912
2025-10-30 10:20:00,380.0689153736973,380.1429039655514,380.0640605699263,380.1217712896232,97922
2025-10-30 10:21:00,380.1217712896232,380.13077328045006,380.08258121042076,380.1010299288627,62921
2025-10-30 10:22:00,380.1010299288627,380.1713519769292,380.0397304325005,380.14526412079664,66661
2025-10-30 10:23:00,380.14526412079664,380.1614592923636,380.0112933441055,380.0318639156352,58747
2025-10-30 10:24:00,380.0318639156352,380.2197247644747,379.961808318981,380.12891060088765,49734
2025-10-30 10:25:00,380.12891060088765,380.20457904471,380.0348956392638,380.06748828436923,42217
2025-10-30 10:26:00,380.06748828436923,380.1885448483235,380.0345837441575,380.1693467799253,84740
2025-10-30 10:27:00,380.1693467799253,380.1823914951415,380.044595884493,380.0515833424287,23500
2025-10-30 10:28:00,380.0515833424287,380.17617169076084,380.01234433672687,380.0955094866694,69638
2025-10-30 10:29:00,380.0955094866694,380.10552142455003,380.0331500529184,380.04381616790346,88781
2025-10-30 10:30:00,380.04381616790346,380.07904358727757,379.99564675415775,379.9979087052396,45247
2025-10-30 10:31:00,379.9979087052396,380.07747243951883,379.945373868853,379.96133404835535,89605
2025-10-30 10:32:00,379.96133404835535,379.97679178518695,379.94364058758487,379.97191248429624,33289
2025-10-30 10:33:00,379.97191248429624,380.217309130636,379.9349551672382,380.21410911482,135358
2025-10-30 10:34:00,380.21410911482,380.334210133345,380.199458948224,380.33155533979,70890
2025-10-30 10:35:00,380.33155533979,380.4573476894136,380.32292241055796,380.3885370452368,48304
2025-10-30 10:36:00,380.3885370452368,380.41398408082506,380.33490371816845,380.3679228575367,96027
2025-10-30 10:37:00,380.3679228575367,380.3758192294801,380.297259249674,380.33091817337004,85353
2025-10-30 10:38:00,380.33091817337004,380.3319991292765,380.2303083046424,380.29558316820584,92745
2025-10-30 10:39:00,380.29558316820584,380.37569450773344,380.26467038085394,380.36400594005505,54425
2025-10-30 10:40:00,380.36400594005505,380.48305672131403,380.29979984800235,380.411903569769,93042
2025-10-30 10:41:00,380.411903569769,380.53162118714215,380.3910913341481,380.5091113567952,71476
2025-10-30 10:42:00,380.5091113567952,380.55265573639775,380.46108291561313,380.4937241274951,78450
2025-10-30 10:43:00,380.4937241274951,380.5300700052918,380.4738171488803,380.4946484615896,76234
2025-10-30 10:44:00,380.4946484615896,380.5444785548719,380.4572068923229,380.5288277622385,69163
2025-10-30 10:45:00,380.5288277622385,380.55147520276086,380.4670236854484,380.49815683163354,99112
2025-10-30 10:46:00,380.49815683163354,380.63237651109165,380.4886704592777,380.6193369163056,99780
2025-10-30 10:47:00,380.6193369163056,380.64511100046775,380.54993372491214,380.587045518749,99930
2025-10-30 10:48:00,380.587045518749,380.6027611549675,380.51634133759865,380.5377931873276,82592
2025-10-30 10:49:00,380.5377931873276,380.55708429105033,380.5004593422351,380.51838321568374,64693
2025-10-30 10:50:00,380.51838321568374,380.5734854869224,380.44443751687186,380.4979912307599,67854
2025-10-30 10:51:00,380.4979912307599,380.5386846520016,380.32104588173235,380.32727812469557,73580
2025-10-30 10:52:00,380.32727812469557,380.44228767230044,380.32710458786255,380.43078632738656,19435
2025-10-30 10:53:00,380.43078632738656,380.4867964852384,380.4096841057989,380.4575644294944,49298
2025-10-30 10:54:00,380.4575644294944,380.4794449986692,380.4422810031552,380.4753069435825,38016
2025-10-30 10:55:00,380.4753069435825,380.55155529720383,380.473571677893,380.54065864801754,30559
2025-10-30 10:56:00,380.54065864801754,380.5586820958255,380.53015609796887,380.5322243126004,81726
2025-10-30 10:57:00,380.5322243126004,380.60300205081313,380.4156264912937,380.4612975048186,29087
2025-10-30 10:58:00,380.4612975048186,380.56689440682936,380.43844682118703,380.5614415984799,33959
2025-10-30 10:59:00,380.5614415984799,380.5842521714033,380.37866667870986,380.4594723033597,41921
2025-10-30 11:00:00,380.4594723033597,380.5099064019494,380.3520854375977,380.38142066050744,57605
2025-10-30 11:01:00,380.38142066050744,380.53161286186884,380.3568366283358,380.4748231378547,55445
2025-10-30 11:02:00,380.4748231378547,380.50305296260353,380.34989416535126,380.40606715537433,75545
2025-10-30 11:03:00,380.40606715537433,380.4168030206314,380.3511872708418,380.36242612564735,14158
2025-10-30 11:04:00,380.36242612564735,380.37226484306836,380.19404682286216,380.2409120556614,30384
2025-10-30 11:05:00,380.2409120556614,380.2637027462005,380.0814353356225,380.0816346390185,67048
2025-10-30 11:06:00,380.0816346390185,380.10612235538207,379.9956644932102,380.0471977677295,66397
2025-10-30 11:07:00,380.0471977677295,380.0827794976716,379.9320387224715,379.9446974651426,55543
2025-10-30 11:08:00,379.9446974651426,379.97615282368287,379.87556186534204,379.8871052834195,24489
2025-10-30 11:09:00,379.8871052834195,379.94950199723473,379.85150710670115,379.9460229811764,83963
2025-10-30 11:10:00,379.9460229811764,380.706199986656,379.7560499696858,380.5159420156482,191613
2025-10-30 11:11:00,380.5159420156482,381.277259286636,380.3256840446404,381.0867159286717,208482
2025-10-30 11:12:00,381.0867159286717,381.84917517556596,380.8961725707074,381.6583460025647,100158
2025-10-30 11:13:00,381.6583460025647,382.4219489383293,381.46751682956346,382.23083352156857,373974
2025-10-30 11:14:00,382.23083352156857,382.99558186173687,382.03971810480783,382.80417977185095,89889
2025-10-30 11:15:00,382.80417977185095,383.5700752345295,382.61277768196504,383.37838604150875,330012
2025-10-30 11:16:00,383.37838604150875,384.1454303473813,383.186696848488,383.95345362057105,153720
2025-10-30 11:17:00,383.95345362057105,384.72164849290243,383.7614768937608,384.5293838010019,101862
2025-10-30 11:18:00,384.5293838010019,385.29873096564177,384.3371191091014,385.10617787670344,99183
2025-10-30 11:19:00,385.10617787670344,385.87667906209026,384.9136247877651,385.68383714351853,275454
2025-10-30 11:20:00,379.42257005222956,379.449119217287,379.20328407556707,379.2113984376858,131290
2025-10-30 11:21:00,379.2113984376858,379.21274977494215,379.1566637132095,379.1869869637289,18717
2025-10-30 11:22:00,379.1869869637289,379.2107439454382,379.0711859094006,379.15430146341976,26748
2025-10-30 11:23:00,379.15430146341976,379.2523163037281,379.13641194009125,379.2225658423975,77067
2025-10-30 11:24:00,379.2225658423975,379.3676665713592,379.12940045014454,379.3098678112459,45854
2025-10-30 11:25:00,379.3098678112459,379.33172268236206,379.2441824041293,379.28930265127707,16229
2025-10-30 11:26:00,379.28930265127707,379.4081741196139,379.2558629984168,379.34417338471997,83794
2025-10-30 11:27:00,379.34417338471997,379.6010292286121,379.328940418542,379.5773429674202,175470
2025-10-30 11:28:00,379.5773429674202,379.7550661597945,379.5519719431039,379.74032960759007,145962
2025-10-30 11:29:00,379.74032960759007,379.7629393899424,379.5918833331965,379.6708217463062,38024
2025-10-30 11:30:00,379.6708217463062,379.73186350924743,379.65232701683146,379.7071581451585,66138
2025-10-30 11:31:00,379.7071581451585,379.73315449962837,379.5022842253642,379.51709500406025,195772
2025-10-30 11:32:00,379.51709500406025,379.54457210992274,379.49043814369605,379.51065013337046,23234
2025-10-30 11:33:00,379.51065013337046,379.60003153878546,379.46351602646075,379.5323566371295,16469
2025-10-30 11:34:00,379.5323566371295,379.56688242804813,379.50160923944316,379.5258466575832,55587
2025-10-30 11:35:00,379.5258466575832,379.5798838741298,379.5016104232246,379.54556093805564,30618
2025-10-30 11:36:00,379.54556093805564,379.5790341963101,379.35550910150533,379.4194364252469,69383
2025-10-30 11:37:00,379.4194364252469,379.51769063938605,379.3877286422284,379.4957978353571,29216
2025-10-30 11:38:00,379.4957978353571,379.58649271152154,379.38712194155073,379.4100540345314,46258
2025-10-30 11:39:00,379.4100540345314,379.4263252442271,379.3915371514786,379.4229334339238,15951
2025-10-30 11:40:00,379.4229334339238,379.56302978149677,379.39651227520636,379.54284125663827,40523
2025-10-30 11:41:00,379.54284125663827,379.5887629791316,379.53184305938714,379.57278355400985,30611
2025-10-30 11:42:00,379.57278355400985,379.7952437070881,379.54147258802954,379.7303366856363,138414
2025-10-30 11:43:00,379.7303366856363,379.8150290783106,379.63903900102486,379.6789657768349,28574
2025-10-30 11:44:00,379.6789657768349,379.7249259596496,379.5536630469005,379.6149105210646,28381
2025-10-30 11:45:00,379.6149105210646,379.6583291299416,379.5277660216276,379.5406133350388,81324
2025-10-30 11:46:00,379.5406133350388,379.5652460226687,379.4805308871922,379.5470436704618,61356
2025-10-30 11:47:00,379.5470436704618,379.5780527185564,379.44485542588984,379.50215157203587,53872
2025-10-30 11:48:00,379.50215157203587,379.65582249956225,379.47650448532556,379.5706163772299,81895
2025-10-30 11:49:00,379.5706163772299,379.8564808319169,379.47295546751104,379.84955843059623,27512
2025-10-30 11:50:00,379.84955843059623,379.9108987619923,379.81124669208305,379.85825408039733,81315
2025-10-30 11:51:00,379.85825408039733,379.9409441272937,379.82441466072504,379.9092002290711,86077
2025-10-30 11:52:00,379.9092002290711,379.91941348678114,379.75384992117733,379.77055467162614,37306
2025-10-30 11:53:00,379.77055467162614,379.96632150403076,379.762318927996,379.9438943802788,124658
2025-10-30 11:54:00,379.9438943802788,380.03942077310415,379.93692358180715,380.01548467523475,96066
2025-10-30 11:55:00,380.01548467523475,380.0202647729755,379.9761557670262,379.97827319262075,73374
2025-10-30 11:56:00,379.97827319262075,380.02943383639285,379.96205263943904,380.02342916604755,49224
2025-10-30 11:57:00,380.02342916604755,380.1384012204546,380.01469320374395,380.0502015497822,18666
2025-10-30 11:58:00,380.0502015497822,380.11705555583774,380.04029230458536,380.0599414773722,80507
2025-10-30 11:59:00,380.0599414773722,380.11808169052597,380.01830803712414,380.0577894339559,14757
2025-10-30 12:00:00,380.0577894339559,380.06076942613186,379.9102974496394,379.96671116695876,80480
2025-10-30 12:01:00,379.96671116695876,380.0087554679953,379.8105166756988,379.90828074555805,51949
2025-10-30 12:02:00,379.90828074555805,379.9158061496486,379.86930554406626,379.87478943217445,12079
2025-10-30 12:03:00,379.87478943217445,379.93045589465584,379.71636623773765,379.727876004817,43536
2025-10-30 12:04:00,379.727876004817,379.8692072224165,379.6268930205807,379.8164665813181,48000
2025-10-30 12:05:00,379.8164665813181,379.8242035110386,379.7160115548624,379.7270176487185,50806
2025-10-30 12:06:00,379.7270176487185,379.7465278487266,379.69648781690887,379.707665144664,62603
2025-10-30 12:07:00,379.707665144664,379.7465580913046,379.6265567643496,379.6881620658554,40678
2025-10-30 12:08:00,379.6881620658554,379.7339726857797,379.669581093084,379.7140559140078,34160
2025-10-30 12:09:00,379.7140559140078,379.80319139942526,379.71356226650283,379.77951596570875,94458
2025-10-30 12:10:00,379.77951596570875,379.8485000385759,379.74531557138397,379.7841924658967,57057
2025-10-30 12:11:00,379.7841924658967,379.8944660851645,379.7490993803661,379.8469429184411,33236
2025-10-30 12:12:00,379.8469429184411,379.8976366762845,379.7934429466768,379.8708807104795,86918
2025-10-30 12:13:00,379.8708807104795,379.93754023161716,379.73251414188667,379.8115882333865,17083
2025-10-30 12:14:00,379.8115882333865,379.9847595665295,379.77451938927936,379.9784361497316,155284
2025-10-30 12:15:00,379.9784361497316,380.04206955349207,379.8965416947974,379.9909210956691,70774
2025-10-30 12:16:00,379.9909210956691,380.04203999002635,379.92047209452863,380.0040123365031,65961
2025-10-30 12:17:00,380.0040123365031,380.03358822835037,379.91754911577254,379.92498976642645,41653
2025-10-30 12:18:00,379.92498976642645,379.9937922925668,379.8118637516297,379.81265561394514,58756
2025-10-30 12:19:00,379.81265561394514,379.8787192255224,379.7856272850781,379.8439047910221,57924
2025-10-30 12:20:00,379.8439047910221,379.8499101797563,379.67404670518965,379.70467342776845,99563
2025-10-30 12:21:00,379.70467342776845,379.7422483589391,379.52026187517725,379.5258487928163,126552
2025-10-30 12:22:00,379.5258487928163,379.5608878809527,379.41971164825355,379.4710041597136,34762
2025-10-30 12:23:00,379.4710041597136,379.5708954262612,379.342288631982,379.36100318935894,99399
2025-10-30 12:24:00,379.36100318935894,379.3828406436824,379.3324627276859,379.3370910125021,34058
2025-10-30 12:25:00,379.3370910125021,379.41302725718776,379.3357637692817,379.38634970347516,84666
2025-10-30 12:26:00,379.38634970347516,379.5130175205519,379.3834750617198,379.48277458634607,38145
2025-10-30 12:27:00,379.48277458634607,379.51804684642775,379.29539096385565,379.3622674833964,79626
2025-10-30 12:28:00,379.3622674833964,379.43632253087424,379.32394652790566,379.4111396016025,67134
2025-10-30 12:29:00,379.4111396016025,379.5727060756621,379.379356427628,379.5465539440148,80855
2025-10-30 12:30:00,379.5465539440148,379.746312817239,379.54435618321116,379.68835142126636,37935
2025-10-30 12:31:00,379.68835142126636,379.79355745995673,379.67139303093245,379.78847408032016,93441
2025-10-30 12:32:00,379.78847408032016,379.83520235345,379.75840815813046,379.81025324968186,61571
2025-10-30 12:33:00,379.81025324968186,379.9391137829376,379.8066024840186,379.91950823700034,45435
2025-10-30 12:34:00,379.91950823700034,379.93081406675526,379.9013196429092,379.922374707753,12983
2025-10-30 12:35:00,379.922374707753,380.14248648800213,379.91571006860283,380.07010167832203,25317
2025-10-30 12:36:00,380.07010167832203,380.2466546939131,380.05934447041375,380.2136610822332,89273
2025-10-30 12:37:00,380.2136610822332,380.30383314969123,380.1518451138011,380.1684837832103,23919
2025-10-30 12:38:00,380.1684837832103,380.1881494597857,380.06272759538336,380.1162991887068,83972
2025-10-30 12:39:00,380.1162991887068,380.13788422479996,380.0016306411488,380.03226239374305,34574
2025-10-30 12:40:00,380.03226239374305,380.0881689062281,380.0021008314173,380.05500414255806,12050
2025-10-30 12:41:00,380.05500414255806,380.09394852686427,380.02964664109396,380.07675658465365,67775
2025-10-30 12:42:00,380.07675658465365,380.27296140890644,380.03086627549305,380.1994430675912,99431
2025-10-30 12:43:00,380.1994430675912,380.3005326883757,380.1678278582544,380.2422595224487,90097
2025-10-30 12:44:00,380.2422595224487,380.2643776251646,380.2235344443156,380.25804814598416,51844
2025-10-30 12:45:00,380.25804814598416,380.26200472172724,380.2068287300167,380.22642076527757,76262
2025-10-30 12:46:00,380.22642076527757,380.3314336895933,380.1817985253447,380.31723267195025,35425
2025-10-30 12:47:00,380.31723267195025,380.3576914165715,380.2904122923811,380.3433694861636,85758
2025-10-30 12:48:00,380.3433694861636,380.3666764976958,380.27510214439553,380.2898460410493,75160
2025-10-30 12:49:00,380.2898460410493,380.2969794671849,380.27983688838395,380.28459632872904,91121
2025-10-30 12:50:00,380.28459632872904,380.3545182281279,380.25680018521064,380.30206243341115,13972
2025-10-30 12:51:00,380.30206243341115,380.37245218471725,380.23113597577776,380.3710868598265,81719
2025-10-30 12:52:00,380.3710868598265,380.4557190037727,380.35742042751923,380.4335044191854,17314
2025-10-30 12:53:00,380.4335044191854,380.45154250568856,380.3673031360085,380.3849722814067,61756
2025-10-30 12:54:00,380.3849722814067,380.42333489800455,380.2544218912405,380.31267395760756,12469
2025-10-30 12:55:00,380.31267395760756,380.3953989977959,380.30394091639397,380.3917946572134,28787
2025-10-30 12:56:00,380.3917946572134,380.4226359079367,380.3473961089914,380.38019488673297,85713
2025-10-30 12:57:00,380.38019488673297,380.39649936871365,380.3284686523406,380.3947329468802,22987
2025-10-30 12:58:00,380.3947329468802,380.4283394884703,380.3692300831896,380.41346765877745,39257
2025-10-30 12:59:00,380.41346765877745,380.4555942059844,380.3275183637021,380.34871058221705,92197
2025-10-30 13:00:00,380.34871058221705,380.3656906271826,380.24975021625505,380.25713062663334,60192
2025-10-30 13:01:00,380.25713062663334,380.32735674319605,380.17900895451345,380.20130958965274,97266
2025-10-30 13:02:00,380.20130958965274,380.33251168739,380.19490107324697,380.30858754007414,54064
2025-10-30 13:03:00,380.30858754007414,380.3921341995526,380.2874728252942,380.3896331277838,36029
2025-10-30 13:04:00,380.3896331277838,380.4980932808765,380.3452829787389,380.49470869397106,85932
2025-10-30 13:05:00,380.49470869397106,380.5900369242189,380.4762809859126,380.56804705964686,62930
2025-10-30 13:06:00,380.56804705964686,380.5875767035802,380.52439747910734,380.579112137805,63268
2025-10-30 13:07:00,380.579112137805,380.6499714476828,380.53661721440415,380.5910099277567,29982
2025-10-30 13:08:00,380.5910099277567,380.60447382108987,380.5289507737227,380.5399085049404,92711
2025-10-30 13:09:00,380.5399085049404,380.6142312539445,380.5268664377451,380.5717101354091,84318
2025-10-30 13:10:00,380.5717101354091,380.6586245964449,380.5708231140563,380.6445327771672,71788
2025-10-30 13:11:00,380.6445327771672,380.7964091850327,380.6052990789393,380.77769759507095,21536
2025-10-30 13:12:00,380.77769759507095,380.8259043039737,380.71754526370063,380.81198536943816,75455
2025-10-30 13:13:00,380.81198536943816,380.88576182868326,380.77997265555035,380.8598233072904,39759
2025-10-30 13:14:00,380.8598233072904,380.8770498377734,380.7558846316484,380.8481976389325,72046
2025-10-30 13:15:00,380.8481976389325,381.00711223029225,380.81240369330413,380.9788403776925,85304
2025-10-30 13:16:00,380.9788403776925,381.1729376676201,380.97797924781196,381.08140091356876,58787
2025-10-30 13:17:00,381.08140091356876,381.15401853829803,381.06344785734046,381.1242727794896,62326
2025-10-30 13:18:00,381.1242727794896,381.3128721789736,381.099848702543,381.2443363982755,91905
2025-10-30 13:19:00,381.2443363982755,381.3006687922907,381.2363086133857,381.29022022721034,36015
2025-10-30 13:20:00,381.29022022721034,381.4437329705527,381.2688924076221,381.3954789193817,71550
2025-10-30 13:21:00,381.3954789193817,381.54164719428485,381.3163294079419,381.5341080953912,31288
2025-10-30 13:22:00,381.5341080953912,381.59842132751567,381.502110597625,381.5196717743038,82715
2025-10-30 13:23:00,381.5196717743038,381.5398655432897,381.45550881586814,381.479110415258,99899
2025-10-30 13:24:00,381.479110415258,381.63903280555405,381.45037261116585,381.6034210626601,12920
2025-10-30 13:25:00,381.6034210626601,381.6571685888817,381.5876870529943,381.62817939334747,40027
2025-10-30 13:26:00,381.62817939334747,381.6316811877235,381.5393890190486,381.55857339191624,84131
2025-10-30 13:27:00,381.55857339191624,381.69272560752324,381.4401045132585,381.663409131368,90818
2025-10-30 13:28:00,381.663409131368,381.7923738979596,381.64589519815166,381.72809364720956,32015
2025-10-30 13:29:00,381.72809364720956,381.7618254295465,381.6900141720224,381.714914309186,52229
2025-10-30 13:30:00,381.714914309186,381.74058423534694,381.50738035603473,381.5945678297618,94878
2025-10-30 13:31:00,381.5945678297618,381.6475450882934,381.4948804175377,381.5582170823123,76061
2025-10-30 13:32:00,381.5582170823123,381.6679216212164,381.5470950426441,381.6555636091966,14648
2025-10-30 13:33:00,381.6555636091966,381.69611075389963,381.5583247483194,381.6436002035029,79350
2025-10-30 13:34:00,381.6436002035029,381.67583753610904,381.6402858281626,381.6615527053932,77649
2025-10-30 13:35:00,381.6615527053932,381.66642025970674,381.59978239241417,381.66284158091605,62233
2025-10-30 13:36:00,381.66284158091605,381.86084115054814,381.653140707919,381.7808520481298,29816
2025-10-30 13:37:00,381.7808520481298,381.88355206775,381.7488440190593,381.8304014157302,81635
2025-10-30 13:38:00,381.8304014157302,381.93266416051154,381.78436445031156,381.8701625166693,25563
2025-10-30 13:39:00,381.8701625166693,381.91575572911177,381.8308190656664,381.89933246731226,10619
2025-10-30 13:40:00,381.89933246731226,381.9298545040932,381.8821086153177,381.91757115139876,10281
2025-10-30 13:41:00,381.91757115139876,382.0148080002742,381.9145679353095,382.0117245322776,43997
2025-10-30 13:42:00,382.0117245322776,382.03009723822566,381.80349793518235,381.8972584868389,75661
2025-10-30 13:43:00,381.8972584868389,382.01867286621524,381.85914475434913,382.00543681805647,78785
2025-10-30 13:44:00,382.00543681805647,382.0461419316739,381.8188549518076,381.82236030156156,85112
2025-10-30 13:45:00,381.82236030156156,381.8700238028927,381.80730039350095,381.86541889033083,33196
2025-10-30 13:46:00,381.86541889033083,381.87825391871627,381.8571158808111,381.8709723113381,58320
2025-10-30 13:47:00,381.8709723113381,381.93458614552003,381.7791928466978,381.9206475312815,46487
2025-10-30 13:48:00,381.9206475312815,381.96979433240165,381.9099907832041,381.95443843438,47208
2025-10-30 13:49:00,381.95443843438,381.97996857311665,381.86877413410105,381.91038682626635,88916
2025-10-30 13:50:00,381.91038682626635,382.11099289190724,381.89358248697624,382.0731666459904,54174
2025-10-30 13:51:00,382.0731666459904,382.121410668941,382.0601532332047,382.1117669305064,76024
2025-10-30 13:52:00,382.1117669305064,382.2299839805762,382.08523945499206,382.18323570533875,77203
2025-10-30 13:53:00,382.18323570533875,382.21747880887233,382.17186332708457,382.19068064010935,13712
2025-10-30 13:54:00,382.19068064010935,382.26423383904347,382.19008522342943,382.2576180367135,13726
2025-10-30 13:55:00,382.2576180367135,382.3865073043678,382.22417682385856,382.30896139121865,93360
2025-10-30 13:56:00,382.30896139121865,382.3205465624125,382.10447785507654,382.1058038890763,173486
2025-10-30 13:57:00,382.1058038890763,382.1918707684872,381.9774991458693,382.01500406051923,45631
2025-10-30 13:58:00,382.01500406051923,382.0772982298266,381.9454541974675,381.95198446765517,56819
2025-10-30 13:59:00,381.95198446765517,381.9877136134456,381.9423330876573,381.9657326823241,18906
2025-10-30 14:00:00,381.9657326823241,381.9694333890136,381.90365133967913,381.95748867998793,47650
2025-10-30 14:01:00,381.95748867998793,381.9612448356768,381.7522220080194,381.7899654244812,164860
2025-10-30 14:02:00,381.7899654244812,381.82161306681445,381.6612791581048,381.66751856248624,74157
2025-10-30 14:03:00,381.66751856248624,381.7280820114779,381.57817456245465,381.5832980090243,54139
2025-10-30 14:04:00,381.5832980090243,381.65376219206206,381.52450742577554,381.53298824471824,28743
2025-10-30 14:05:00,381.53298824471824,381.53872428501626,381.414455471806,381.4320635045246,52668
2025-10-30 14:06:00,381.4320635045246,381.48649304663024,381.41134037569327,381.4818276191333,33669
2025-10-30 14:07:00,381.4818276191333,381.5608943406965,381.44141373452356,381.5447926483068,85388
2025-10-30 14:08:00,381.5447926483068,381.5568777766217,381.4854796693786,381.54307979576146,44084
2025-10-30 14:09:00,381.54307979576146,381.5752423100786,381.5038251825771,381.5577844146243,91571
2025-10-30 14:10:00,381.5577844146243,381.60668982471475,381.54823330931964,381.5631104890715,36160
2025-10-30 14:11:00,381.5631104890715,381.58041581972833,381.45121365243375,381.4979312953988,33711
2025-10-30 14:12:00,381.4979312953988,381.61166354961824,381.44634650148294,381.5836459883071,67784
2025-10-30 14:13:00,381.5836459883071,381.6461920049893,381.4201521818012,381.48415380934154,65754
2025-10-30 14:14:00,381.48415380934154,381.50585961219105,381.3416607047257,381.40376836557124,49532
2025-10-30 14:15:00,381.40376836557124,381.46406655814025,381.1863851618816,381.2411758764612,164480
2025-10-30 14:16:00,381.2411758764612,381.2610352561627,381.1020291975608,381.10985828388203,14255
2025-10-30 14:17:00,381.10985828388203,381.14162489432545,381.0209869809689,381.09696764173526,84069
2025-10-30 14:18:00,381.09696764173526,381.16070886821376,381.07140002471505,381.08736830987016,63363
2025-10-30 14:19:00,381.08736830987016,381.11019357169545,381.06160732689204,381.0957896195934,98733
2025-10-30 14:20:00,381.0957896195934,381.1636689819553,381.0486826291284,381.1356353147591,30103
2025-10-30 14:21:00,381.1356353147591,381.14769476830844,381.00614607531605,381.0523714508539,23395
2025-10-30 14:22:00,381.0523714508539,381.07049004860374,381.04059249468,381.06317176405736,86559
2025-10-30 14:23:00,381.06317176405736,381.0787123999269,380.9969317604878,381.0410086666038,45585
2025-10-30 14:24:00,381.0410086666038,381.1109756213524,380.9044614880789,380.92381208735435,48067
2025-10-30 14:25:00,380.92381208735435,380.9782299942819,380.85944775600393,380.9580198809253,71929
2025-10-30 14:26:00,380.9580198809253,381.13603610222367,380.87062901251,381.1022533616865,97468
2025-10-30 14:27:00,381.1022533616865,381.28551815423543,381.08848086866595,381.27559486367653,100922
2025-10-30 14:28:00,381.27559486367653,381.29605067465224,381.16889490667575,381.20314478869085,82909
2025-10-30 14:29:00,381.20314478869085,381.265911601485,381.20219075315305,381.24781383513334,41055
2025-10-30 14:30:00,381.24781383513334,381.4384377420509,380.48560414332354,380.6759421143807,183336
2025-10-30 14:31:00,380.6759421143807,380.86628008543784,379.91487573710856,380.10492820120913,125466
2025-10-30 14:32:00,380.10492820120913,380.2949806653097,379.34500342350293,379.53477080890735,131226
2025-10-30 14:33:00,379.53477080890735,379.7245381943118,378.7759859183677,378.965468652694,245898
2025-10-30 14:34:00,378.965468652694,379.15495138702033,378.20782193949015,378.397020449715,179523
2025-10-30 14:35:00,378.397020449715,378.58621895993986,377.6405102065809,377.82942491904043,99873
2025-10-30 14:36:00,377.82942491904043,378.01833963149994,377.0740494412711,377.2626807816619,159324
2025-10-30 14:37:00,377.2626807816619,377.45131212205274,376.5084383671092,376.69678676048943,76266
2025-10-30 14:38:00,376.69678676048943,376.88513515386967,375.9436757095586,376.1317415803487,271062
2025-10-30 14:39:00,376.1317415803487,376.31980745113884,375.37976019599427,375.5675439679782,215847
2025-10-30 14:40:00,381.3171835129744,381.4223175201935,381.2772795108054,381.41344310081934,83294
2025-10-30 14:41:00,381.41344310081934,381.43554216669366,381.3173461152863,381.3758009331794,69353
2025-10-30 14:42:00,381.3758009331794,381.4933113606268,381.353708157216,381.4927273010153,63744
2025-10-30 14:43:00,381.4927273010153,381.6282230788796,381.49168565269076,381.62217323886154,35121
2025-10-30 14:44:00,381.62217323886154,381.6287732439857,381.52378737625713,381.5891043068343,24056
2025-10-30 14:45:00,381.5891043068343,381.64298484489245,381.57798289531945,381.6038264048662,74641
2025-10-30 14:46:00,381.6038264048662,381.6296963155184,381.5676025538309,381.58622058085217,30281
2025-10-30 14:47:00,381.58622058085217,381.6886833048351,381.4934297417328,381.66926900093665,98789
2025-10-30 14:48:00,381.66926900093665,381.67399366908563,381.586422032687,381.62367416498125,66492
2025-10-30 14:49:00,381.62367416498125,381.6893946695699,381.5835399240697,381.5922777332375,70920
2025-10-30 14:50:00,381.5922777332375,381.6339883864059,381.5390365752851,381.5609904357669,99570
2025-10-30 14:51:00,381.5609904357669,381.6105480093167,381.424176119131,381.46159435230294,74027
2025-10-30 14:52:00,381.46159435230294,381.50904946963135,381.23812685812703,381.3221382439087,86295
2025-10-30 14:53:00,381.3221382439087,381.38030699825936,381.2743742518551,381.33030853599337,87360
2025-10-30 14:54:00,381.33030853599337,381.33836742146417,381.24937871709807,381.2538546701075,88040
2025-10-30 14:55:00,381.2538546701075,381.2892289326424,381.16448737322156,381.16666052346386,49071
2025-10-30 14:56:00,381.16666052346386,381.18717857534625,381.10814102980015,381.14901954180687,67866
2025-10-30 14:57:00,381.14901954180687,381.1567073388722,381.01492939154855,381.04770727696973,59145
2025-10-30 14:58:00,381.04770727696973,381.05613809556917,380.83677093118627,380.84731329134087,188160
2025-10-30 14:59:00,380.84731329134087,380.8969783118037,380.840948505772,380.8747703632518,38044
2025-10-30 15:00:00,380.8747703632518,380.9240387482163,380.84929108029445,380.85820840096574,67941
2025-10-30 15:01:00,380.85820840096574,380.92362063578986,380.821985673513,380.8425570132738,65731
2025-10-30 15:02:00,380.8425570132738,380.8437177776008,380.77157653999905,380.82839370461613,30567
2025-10-30 15:03:00,380.82839370461613,380.9217746305802,380.80325862721565,380.9028933982263,28037
2025-10-30 15:04:00,380.9028933982263,381.0028414256137,380.8883749650618,380.97414105791137,19496
2025-10-30 15:05:00,380.97414105791137,381.02078365480827,380.9175317851369,380.92549401389107,78056
2025-10-30 15:06:00,380.92549401389107,380.9529144514546,380.76751834002425,380.822604479652,35498
2025-10-30 15:07:00,380.822604479652,380.9211020353561,380.7770240143686,380.836814190126,20805
2025-10-30 15:08:00,380.836814190126,380.86628458980647,380.76232553963047,380.8050585323831,46751
2025-10-30 15:09:00,380.8050585323831,380.9884209793348,380.7941069208836,380.8607712826841,28313
2025-10-30 15:10:00,380.8607712826841,380.92547378433704,380.77164048928955,380.8271344578504,88645
2025-10-30 15:11:00,380.8271344578504,380.9758964271853,380.82023704969174,380.9540678427177,78099
2025-10-30 15:12:00,380.9540678427177,380.97455135046494,380.916926777534,380.9284858524849,33225
2025-10-30 15:13:00,380.9284858524849,381.16968948139254,380.8894763937474,381.12363578827575,147292
2025-10-30 15:14:00,381.12363578827575,381.244742151989,381.1089288223683,381.206913356891,59815
2025-10-30 15:15:00,381.206913356891,381.33455319882626,381.20354322526674,381.29812759009576,67775
2025-10-30 15:16:00,381.29812759009576,381.46270912226896,381.276047366361,381.44893329352766,86256
2025-10-30 15:17:00,381.44893329352766,381.5196574566932,381.28609140397026,381.33265340587155,93930
2025-10-30 15:18:00,381.33265340587155,381.3504990382452,381.2801556620603,381.338914712892,18329
2025-10-30 15:19:00,381.338914712892,381.36833268368645,381.1882427943643,381.2605284500963,33284
2025-10-30 15:20:00,381.2605284500963,381.3338863038794,381.21093020098124,381.3116401116517,17999
2025-10-30 15:21:00,381.3116401116517,381.3881450796985,381.2692606398018,381.3351204395435,29715
2025-10-30 15:22:00,381.3351204395435,381.3731252964478,381.32955441074154,381.3693152055615,53619
2025-10-30 15:23:00,381.3693152055615,381.47638872178186,381.3542393156623,381.43451246244103,23975
2025-10-30 15:24:00,381.43451246244103,381.4709036702021,381.39253688168696,381.4289101185098,83997
2025-10-30 15:25:00,381.4289101185098,381.56739075555083,381.37197466110933,381.53674652717865,51800
2025-10-30 15:26:00,381.53674652717865,381.646709386596,381.50301694674766,381.5542114785017,24289
2025-10-30 15:27:00,381.5542114785017,381.55948025198467,381.5013818756884,381.5112401536107,87465
2025-10-30 15:28:00,381.5112401536107,381.65386054640635,381.4761723981459,381.6201021730533,28745
2025-10-30 15:29:00,381.6201021730533,381.7191480364378,381.5988352051013,381.6923047036098,67714
2025-10-30 15:30:00,381.6923047036098,381.7539530421312,381.6047950083956,381.6492471981767,16304
2025-10-30 15:31:00,381.6492471981767,381.68017042143936,381.6236865092725,381.6313408584399,72032
2025-10-30 15:32:00,381.6313408584399,381.7759566312576,381.5780411241483,381.75717519489024,28474
2025-10-30 15:33:00,381.75717519489024,381.76046379943546,381.6530645924562,381.69398749391945,23140
2025-10-30 15:34:00,381.69398749391945,381.73690106625867,381.4461722350825,381.470975110937,151266
2025-10-30 15:35:00,381.470975110937,381.60549331463017,381.43494552171484,381.5955370189998,40651
2025-10-30 15:36:00,381.5955370189998,381.6769364236049,381.5415417674063,381.54293567156407,28708
2025-10-30 15:37:00,381.54293567156407,381.66092443372736,381.48775967807404,381.63160119921247,28133
2025-10-30 15:38:00,381.63160119921247,381.6992496570722,381.61710424160145,381.63885172269926,39118
2025-10-30 15:39:00,381.63885172269926,381.66544965110245,381.5893013439321,381.6183601382196,28658
2025-10-30 15:40:00,381.6183601382196,381.6579869596345,381.4833610223926,381.5026430851367,89025
2025-10-30 15:41:00,381.5026430851367,381.522188597629,381.4144374157485,381.42426062455036,31800
2025-10-30 15:42:00,381.42426062455036,381.4695793853879,381.3100041849606,381.3304718548634,31038
2025-10-30 15:43:00,381.3304718548634,381.36695972339055,381.2190349610675,381.29605058215793,90257
2025-10-30 15:44:00,381.29605058215793,381.3088154333544,381.10295301208015,381.1183367951762,198174
2025-10-30 15:45:00,381.1183367951762,381.1614533745559,381.08009162901675,381.13981657214373,65661
2025-10-30 15:46:00,381.13981657214373,381.1725694519539,381.0103067685025,381.0538377928374,64400
2025-10-30 15:47:00,381.0538377928374,381.07015859915185,380.9276376071381,380.9347665828288,18438
2025-10-30 15:48:00,380.9347665828288,380.9947615576289,380.9242122994121,380.97177287133405,36819
2025-10-30 15:49:00,380.97177287133405,380.9944956408858,380.86199023761174,380.8723109074925,10645
2025-10-30 15:50:00,380.8723109074925,380.88387653412565,380.78292725974535,380.85739540844816,62142
2025-10-30 15:51:00,380.85739540844816,380.88938077408244,380.72967743320976,380.73478632957165,69165
2025-10-30 15:52:00,380.73478632957165,380.7667916581892,380.6844868667129,380.7053013034944,35556
2025-10-30 15:53:00,380.7053013034944,380.7213470211671,380.66917466312054,380.6862050146234,94246
2025-10-30 15:54:00,380.6862050146234,380.72420933334746,380.53928575506876,380.55571131258114,28058
2025-10-30 15:55:00,380.55571131258114,380.56702560095033,380.44530678934507,380.480430178619,48547
2025-10-30 15:56:00,380.480430178619,380.50009464252713,380.4508466365207,380.4807207453171,85330
2025-10-30 15:57:00,380.4807207453171,380.4855089798875,380.25622144274365,380.2953417632437,117562
2025-10-30 15:58:00,380.2953417632437,380.321331850622,380.1345750870958,380.15716153852367,60939
2025-10-30 15:59:00,380.15716153852367,380.1663331210416,380.1247370120831,380.1503049218425,93297
2025-10-30 16:00:00,380.1503049218425,380.2988355191275,380.1457286282241,380.2567380307235,84567
2025-10-31 09:30:00,380.2567380307235,380.3325040627167,380.24237760225895,380.31815548758,33383
2025-10-31 09:31:00,380.31815548758,380.3451372282301,380.3003458541133,380.3169081371124,63330
2025-10-31 09:32:00,380.3169081371124,380.39170069765055,380.2787542428797,380.3580484791926,23947
2025-10-31 09:33:00,380.3580484791926,380.53960692702685,380.3433485261969,380.51451653853,28986
2025-10-31 09:34:00,380.51451653853,380.5346192359122,380.35677194440535,380.38512601135903,81363
2025-10-31 09:35:00,380.38512601135903,380.430700107867,380.2693076347053,380.3177281578073,73095
2025-10-31 09:36:00,380.3177281578073,380.32414874723,380.307119227609,380.3097833799069,60500
2025-10-31 09:37:00,380.3097833799069,380.4005631256622,380.25191819468006,380.3981581170226,82692
2025-10-31 09:38:00,380.3981581170226,380.4533743191724,380.3909464672459,380.43431097764477,99388
2025-10-31 09:39:00,380.43431097764477,380.51506299629636,380.430128569745,380.4724340026435,36649
2025-10-31 09:40:00,380.4724340026435,380.55369969513873,380.4191082898868,380.5433670113258,53355
2025-10-31 09:41:00,380.5433670113258,380.59948677982806,380.45193180407716,380.58972130694417,21093
2025-10-31 09:42:00,380.58972130694417,380.6563236660884,380.5013486987961,380.5358578858956,36512
2025-10-31 09:43:00,380.5358578858956,380.54290408682147,380.4588476816169,380.51945692723706,85868
2025-10-31 09:44:00,380.51945692723706,380.606148723165,380.4276364623409,380.4766398518479,81344
2025-10-31 09:45:00,380.4766398518479,380.48840453491266,380.2477974466184,380.2764001796474,53448
2025-10-31 09:46:00,380.2764001796474,380.3274676646833,380.2168708516458,380.2389542855431,43623
2025-10-31 09:47:00,380.2389542855431,380.3113074745095,380.20121705866944,380.3038772766932,32054
2025-10-31 09:48:00,380.3038772766932,380.3287071940941,380.22113020739965,380.2735205197212,54363
2025-10-31 09:49:00,380.2735205197212,380.31846667661875,380.1004516560131,380.132211484768,82124
2025-10-31 09:50:00,380.132211484768,380.13779155999566,380.03420629326115,380.09548607159627,79569
2025-10-31 09:51:00,380.09548607159627,380.18601393919243,380.0542231459852,380.1636629867347,44542
2025-10-31 09:52:00,380.1636629867347,380.16658461606806,380.1451351778877,380.15368316085426,71350
2025-10-31 09:53:00,380.15368316085426,380.20425056080796,380.05382434627114,380.10426298582144,44610
2025-10-31 09:54:00,380.10426298582144,380.14882709656814,380.08976054240804,380.11997832414534,70058
2025-10-31 09:55:00,380.11997832414534,380.17909939544006,380.1155358854371,380.1303629226274,81975
2025-10-31 09:56:00,380.1303629226274,380.2026232570734,380.0846697993839,380.1164457887412,77534
2025-10-31 09:57:00,380.1164457887412,380.1230840606943,380.0141717646762,380.0706130928916,60583
2025-10-31 09:58:00,380.0706130928916,380.1027519214952,379.99846620980736,380.0684070493138,46788
2025-10-31 09:59:00,380.0684070493138,380.1219850558552,379.95606597387115,379.9737340240838,27858
2025-10-31 10:00:00,379.9737340240838,380.06680233514766,379.9707599444448,380.04942534003,55734
2025-10-31 10:01:00,380.04942534003,380.0664812178485,379.94602606901674,379.98515065800547,49332
2025-10-31 10:02:00,379.98515065800547,380.00149597140364,379.87197692534653,379.8738602837429,12011
2025-10-31 10:03:00,379.8738602837429,379.941769921231,379.8289057760408,379.8995895800683,32852
2025-10-31 10:04:00,379.8995895800683,380.0022398151589,379.86394826008046,379.95823643961717,15744
2025-10-31 10:05:00,379.95823643961717,380.02501874600176,379.9576873136816,380.00701251853235,80188
2025-10-31 10:06:00,380.00701251853235,380.0207616031441,379.89301586433953,379.96155262330075,12169
2025-10-31 10:07:00,379.96155262330075,379.9761227130648,379.95285217152576,379.9725724746364,37734
2025-10-31 10:08:00,379.9725724746364,380.0175935402966,379.96490084513107,380.0116582209376,24973
2025-10-31 10:09:00,380.0116582209376,380.0713533460783,379.94771964575017,379.9905357431671,37716
2025-10-31 10:10:00,379.9905357431671,380.24502780888537,379.9662904051803,380.16020265730884,120196
2025-10-31 10:11:00,380.16020265730884,380.25693914117977,380.1279359327449,380.2362989049935,80393
2025-10-31 10:12:00,380.2362989049935,380.30392763528306,380.1890881493859,380.28458190370986,40654
2025-10-31 10:13:00,380.28458190370986,380.37610434493996,380.24961912520786,380.29722755603717,36762
2025-10-31 10:14:00,380.29722755603717,380.38377921597424,380.2573524747094,380.3512550518297,54695
2025-10-31 10:15:00,380.3512550518297,380.36829153528015,380.21137760843106,380.2598923856252,11307
2025-10-31 10:16:00,380.2598923856252,380.3100475383652,380.25008311924495,380.2997253864096,34842
2025-10-31 10:17:00,380.2997253864096,380.32046868277064,380.2203132270959,380.22217758469804,54789
2025-10-31 10:18:00,380.22217758469804,380.25569282482326,380.1985440429494,380.2426431910274,58651
2025-10-31 10:19:00,380.2426431910274,380.2433572982827,380.18967979295286,380.2145348688018,70011
2025-10-31 10:20:00,380.2145348688018,380.2737151428407,380.15947766080586,380.23394659925384,38064
2025-10-31 10:21:00,380.23394659925384,380.31312456737015,380.1258609134643,380.1698587310601,22991
2025-10-31 10:22:00,380.1698587310601,380.2586435878113,380.16777182661417,380.250154924643,28354
2025-10-31 10:23:00,380.250154924643,380.320574049806,380.2356354884389,380.27187132088386,63410
2025-10-31 10:24:00,380.27187132088386,380.3683126287536,380.2667279793417,380.3605359681882,35518
2025-10-31 10:25:00,380.3605359681882,380.51133330954815,380.3513535167344,380.43687939113045,96698
2025-10-31 10:26:00,380.43687939113045,380.624806184605,380.39561998261206,380.6072955616801,43888
2025-10-31 10:27:00,380.6072955616801,380.68087074298546,380.5877671562665,380.6445905537211,21590
2025-10-31 10:28:00,380.6445905537211,380.65815945376613,380.6118079814085,380.63517124934145,96156
2025-10-31 10:29:00,380.63517124934145,380.6761163663628,380.590162897863,380.649581175349,21390
2025-10-31 10:30:00,380.649581175349,380.6615000304891,380.5438409430331,380.60243875514044,58511
2025-10-31 10:31:00,380.60243875514044,380.68272473085443,380.51958937627404,380.54944729802713,71388
2025-10-31 10:32:00,380.54944729802713,380.55756417827246,380.40527863812156,380.40532449504616,99833
2025-10-31 10:33:00,380.40532449504616,380.4496800940274,380.3404421351821,380.3431595218776,56092
2025-10-31 10:34:00,380.3431595218776,380.3884989314833,380.2825860290499,380.37560247533577,80263
2025-10-31 10:35:00,380.37560247533577,380.3861917962679,380.29388392070507,380.31797178977223,38454
2025-10-31 10:36:00,380.31797178977223,380.3248529315699,380.2551083211027,380.32397291046027,99400
2025-10-31 10:37:00,380.32397291046027,380.43823846778065,380.29166868984925,380.41548742677014,98607
2025-10-31 10:38:00,380.41548742677014,380.5996243047277,380.4075116579046,380.55247589451653,90909
2025-10-31 10:39:00,380.55247589451653,380.57060380737056,380.49582332032634,380.5150572209802,56101
2025-10-31 10:40:00,380.5150572209802,380.57430716500863,380.44096794562955,380.4621299181099,17016
2025-10-31 10:41:00,380.4621299181099,380.54776324304726,380.46154480610903,380.523935213522,78703
2025-10-31 10:42:00,380.523935213522,380.5726829393036,380.44503658592083,380.53837318423615,90811
2025-10-31 10:43:00,380.53837318423615,380.563417042048,380.49416209068823,380.5057190397853,29008
2025-10-31 10:44:00,380.5057190397853,380.59433445404557,380.4730521233095,380.5871174519619,53148
2025-10-31 10:45:00,380.5871174519619,380.62160243836917,380.5806613959211,380.5986414538867,42441
2025-10-31 10:46:00,380.5986414538867,380.6142641087403,380.4755273718062,380.4964582938986,39796
2025-10-31 10:47:00,380.4964582938986,380.5366153961119,380.3907424247245,380.43101045916956,88356
2025-10-31 10:48:00,380.43101045916956,380.4679124181204,380.35530469983496,380.3927004483347,76914
2025-10-31 10:49:00,380.3927004483347,380.4136424682221,380.2847466246321,380.3311741236536,15355
2025-10-31 10:50:00,380.3311741236536,380.4363783016471,380.2694996166633,380.38593551068595,39320
2025-10-31 10:51:00,380.38593551068595,380.4254618616217,380.37380056061403,380.37668245741014,61168
2025-10-31 10:52:00,380.37668245741014,380.47216565604947,380.36252602857286,380.4659101709827,65621
2025-10-31 10:53:00,380.4659101709827,380.5248062845148,380.43028372936794,380.45925218382047,64336
2025-10-31 10:54:00,380.45925218382047,380.51299341384384,380.3641114315796,380.43045272442896,12100
2025-10-31 10:55:00,380.43045272442896,380.488651100882,380.42348406525207,380.4775514149209,46609
2025-10-31 10:56:00,380.4775514149209,380.5381846714421,380.44277493122263,380.5277007417058,11401
2025-10-31 10:57:00,380.5277007417058,380.5726339402674,380.41312384851466,380.4555188323638,29611
2025-10-31 10:58:00,380.4555188323638,380.46830495264044,380.41307658684207,380.4218889844051,81354
2025-10-31 10:59:00,380.4218889844051,380.548283353882,380.4040782862191,380.50541763735237,30447
2025-10-31 11:00:00,380.50541763735237,380.6314285456529,380.4814946582335,380.60009148679404,16155
2025-10-31 11:01:00,380.60009148679404,380.60636228591886,380.54285515183506,380.5447916568251,74110
2025-10-31 11:02:00,380.5447916568251,380.6857321109667,380.4857167410559,380.6788906088319,21308
2025-10-31 11:03:00,380.6788906088319,380.7920990874795,380.6720527023183,380.77702683685317,12204
2025-10-31 11:04:00,380.77702683685317,380.9464943800304,380.7505611710098,380.94239699667946,63214
2025-10-31 11:05:00,380.94239699667946,380.9978165410113,380.9404303291102,380.9773545965355,65835
2025-10-31 11:06:00,380.9773545965355,381.09893934613643,380.9456230182501,381.0659303883495,56473
2025-10-31 11:07:00,381.0659303883495,381.1576590659095,381.0636207921139,381.1232265247459,17006
2025-10-31 11:08:00,381.1232265247459,381.1711557378655,381.0906130353463,381.0995315212135,85451
2025-10-31 11:09:00,381.0995315212135,381.1795017407221,381.0849322302697,381.17318726597017,21033
2025-10-31 11:10:00,381.17318726597017,381.1791267627716,381.1268359322342,381.12827895688474,57118
2025-10-31 11:11:00,381.12827895688474,381.23590735031956,381.12124131741626,381.21095121670356,98509
2025-10-31 11:12:00,381.21095121670356,381.2694073886935,381.0261708940656,381.0804351151897,18811
2025-10-31 11:13:00,381.0804351151897,381.11457839002185,381.0580065015764,381.09821996157143,38328
2025-10-31 11:14:00,381.09821996157143,381.11583327960733,380.9373921782007,381.0145213144116,40873
2025-10-31 11:15:00,381.0145213144116,381.0463980534113,380.88843217052676,380.9487449483774,78431
2025-10-31 11:16:00,380.9487449483774,380.9673303818391,380.86923062656524,380.937965096292,73069
2025-10-31 11:17:00,380.937965096292,380.9979509374649,380.9199693476725,380.9615143924117,97893
2025-10-31 11:18:00,381.34247590680405,381.0996175857406,380.94059400601174,380.5797909549905,91051
2025-10-31 11:19:00,380.1992111640355,381.2688432604656,381.0632577488358,381.33980879752755,292908
2025-10-31 11:20:00,381.2211750698995,381.36761772002205,381.18897268968436,381.36509706606967,95867
2025-10-31 11:21:00,381.36509706606967,381.37876290875545,381.2398741888863,381.26456266321946,50695
2025-10-31 11:22:00,381.26456266321946,381.28801158500477,381.11527358847974,381.2258871824913,38482
2025-10-31 11:23:00,381.2258871824913,381.3497215960567,381.2201533378307,381.3402829696262,13696
2025-10-31 11:24:00,381.3402829696262,381.4167619068977,381.2701038100827,381.3618544105133,62160
2025-10-31 11:25:00,381.3618544105133,381.4470742663644,381.32547479991564,381.44652982514475,19256
2025-10-31 11:26:00,381.44652982514475,381.47007383063897,381.38777761371375,381.4628484027931,56002
2025-10-31 11:27:00,381.4628484027931,381.6495128307493,381.4447834196175,381.614166035319,76668
2025-10-31 11:28:00,381.614166035319,381.64933750920284,381.5948645602645,381.59973183127767,60574
2025-10-31 11:29:00,381.59973183127767,381.7401154125735,381.56948263872704,381.71506309450524,52351
2025-10-31 11:30:00,381.71506309450524,381.7320066715136,381.68667861638437,381.68710387547765,90578
2025-10-31 11:31:00,381.68710387547765,381.8137833527047,381.65868406338427,381.77944477165795,20775
2025-10-31 11:32:00,381.77944477165795,381.79164842131996,381.6625734526718,381.6818170800752,47044
2025-10-31 11:33:00,381.6818170800752,381.73955482468153,381.6805135443987,381.7137621173826,98454
2025-10-31 11:34:00,381.7137621173826,381.7581922186029,381.69109613274395,381.7497890017524,30466
2025-10-31 11:35:00,381.7497890017524,381.77522546741557,381.696570674882,381.71422844272564,61001
2025-10-31 11:36:00,381.71422844272564,381.8810267495525,381.69650147125833,381.843561575462,96511
2025-10-31 11:37:00,381.843561575462,381.9398528591183,381.7892492980751,381.9170329270483,12708
2025-10-31 11:38:00,381.9170329270483,381.98575751960516,381.85160257514474,381.8566910917834,84704
2025-10-31 11:39:00,381.8566910917834,381.91734767311544,381.7310153023927,381.7612864853695,42920
2025-10-31 11:40:00,381.7612864853695,381.92259422379493,381.72893490042264,381.9106857069324,43872
2025-10-31 11:41:00,381.9106857069324,382.0104495284355,381.87678519769565,381.99003194546174,17263
2025-10-31 11:42:00,381.99003194546174,382.0260245036208,381.94404973864766,381.9581144018283,76899
2025-10-31 11:43:00,381.9581144018283,381.9749015079608,381.89324544895067,381.92299482517063,35675
2025-10-31 11:44:00,381.92299482517063,382.12970445214705,381.9160093903062,382.047817571303,95091
2025-10-31 11:45:00,382.047817571303,382.07503825644244,381.84250301679003,381.89766509415506,80482
2025-10-31 11:46:00,381.89766509415506,381.92956745967604,381.85659606956006,381.9172224451162,55814
2025-10-31 11:47:00,381.9172224451162,381.9948548136124,381.84685499720473,381.9831504734381,20578
2025-10-31 11:48:00,381.9831504734381,382.08196763043765,381.9670863588642,382.00753929621084,66408
2025-10-31 11:49:00,382.00753929621084,382.0652711129565,381.96887650852506,382.02259379022416,74887
2025-10-31 11:50:00,382.02259379022416,382.022699298595,381.9847680820561,382.0010458925323,21889
2025-10-31 11:51:00,382.0010458925323,382.0393574591382,381.99556843808296,382.02525013998905,10112
2025-10-31 11:52:00,382.02525013998905,382.0741541590482,381.95475768996437,381.9590450834933,82525
2025-10-31 11:53:00,381.9590450834933,382.0023776564431,381.9102284838688,381.97454909080386,91938
2025-10-31 11:54:00,381.97454909080386,381.97609678865234,381.9221654394729,381.9489372226812,55270
2025-10-31 11:55:00,381.9489372226812,382.0341406330654,381.9300391170418,381.9760673127806,32931
2025-10-31 11:56:00,381.9760673127806,382.0397981690106,381.84840332351996,381.8991315561597,26901
2025-10-31 11:57:00,381.8991315561597,381.9008071372154,381.8523990636339,381.8668590721849,24256
2025-10-31 11:58:00,381.8668590721849,381.8916813320003,381.71119245377855,381.71437740104756,51167
2025-10-31 11:59:00,381.71437740104756,381.785824706374,381.5468675591943,381.5655358788095,70710
2025-10-31 12:00:00,381.5655358788095,381.6860900099692,381.53173091557784,381.66212608571345,26193
2025-10-31 12:01:00,381.66212608571345,381.69309401912204,381.5731806435596,381.6170003227431,55800
2025-10-31 12:02:00,381.6170003227431,381.78065872949924,381.56187508543695,381.7433409463232,65276
2025-10-31 12:03:00,381.7433409463232,381.8160432443588,381.7335743812879,381.8143716700996,92736
2025-10-31 12:04:00,381.8143716700996,381.88977974932294,381.7826276435795,381.83406606745285,80821
2025-10-31 12:05:00,381.83406606745285,381.8500544633463,381.82740862792974,381.849155126455,29874
2025-10-31 12:06:00,381.849155126455,381.8605009092922,381.72322058977534,381.8308942647285,78498
2025-10-31 12:07:00,381.8308942647285,381.8865339086524,381.8045590899227,381.837190512962,20451
2025-10-31 12:08:00,381.837190512962,381.8994866747663,381.834360064356,381.8799166077196,31869
2025-10-31 12:09:00,381.8799166077196,381.9450276737546,381.81174886147215,381.82323423082596,60489
2025-10-31 12:10:00,381.82323423082596,381.87191627773996,381.62448223745906,381.6538001024529,140060
2025-10-31 12:11:00,381.6538001024529,381.6566989641167,381.56186344253484,381.5902034760488,86162
2025-10-31 12:12:00,381.5902034760488,381.65223739249546,381.56107722606845,381.6183767435938,92409
2025-10-31 12:13:00,381.6183767435938,381.6411842668695,381.5607567248139,381.58311046095554,92214
2025-10-31 12:14:00,381.58311046095554,381.6170846518657,381.54087055508586,381.6067949442244,30025
2025-10-31 12:15:00,381.6067949442244,381.6406912156188,381.5411823150158,381.61757050217074,53427
2025-10-31 12:16:00,381.61757050217074,381.6358661926879,381.60852766571287,381.6086301406336,20751
2025-10-31 12:17:00,381.6086301406336,381.6349758901004,381.36410446405324,381.3642605567378,78986
2025-10-31 12:18:00,381.3642605567378,381.4198401395643,381.31634187447565,381.3647850986879,41781
2025-10-31 12:19:00,381.3647850986879,381.52169871295666,381.36153276953803,381.46494714145484,28452
2025-10-31 12:20:00,381.46494714145484,381.58565762921364,381.41309036090894,381.56480649517124,12187
2025-10-31 12:21:00,381.56480649517124,381.6972476740783,381.517313902834,381.58471473857645,67620
2025-10-31 12:22:00,381.58471473857645,381.6069960801111,381.56329249447197,381.5852680705433,72061
2025-10-31 12:23:00,381.5852680705433,381.6585545082188,381.58492318666094,381.63154886977713,40816
2025-10-31 12:24:00,381.63154886977713,381.6709759316969,381.54007770163696,381.5953169407628,42854
2025-10-31 12:25:00,381.5953169407628,381.6194510644419,381.5721598063174,381.6034201150091,16968
2025-10-31 12:26:00,381.6034201150091,381.6238274472174,381.4503083573336,381.48986952705786,64316
2025-10-31 12:27:00,381.48986952705786,381.5127490695584,381.42331331,381.5084721708598,80293
2025-10-31 12:28:00,381.5084721708598,381.5764838671602,381.3730757531578,381.3949147352073,31113
2025-10-31 12:29:00,381.3949147352073,381.40319165515155,381.37160797611995,381.3833729967572,56313
2025-10-31 12:30:00,381.3833729967572,381.4049125382263,381.2012153450869,381.24015457763016,25534
2025-10-31 12:31:00,381.24015457763016,381.37580572160454,381.2099958240724,381.36127021128345,18640
2025-10-31 12:32:00,381.36127021128345,381.4382607967431,381.347585198747,381.363572970347,75774
2025-10-31 12:33:00,381.363572970347,381.39886529453787,381.3200172762738,381.32975581879293,86700
2025-10-31 12:34:00,381.32975581879293,381.3449253243709,381.2812739709464,381.29239861297106,25810
2025-10-31 12:35:00,381.29239861297106,381.39476754039634,381.2119651230238,381.2218606346317,46413
2025-10-31 12:36:00,381.2218606346317,381.2510238000392,381.10292673426693,381.18025406314223,20655
2025-10-31 12:37:00,381.18025406314223,381.2285418814373,381.1582589780212,381.21520650299715,52056
2025-10-31 12:38:00,381.21520650299715,381.2300418433111,381.20343044699035,381.205455435263,53954
2025-10-31 12:39:00,381.205455435263,381.30043201064285,381.08644702240247,381.2606211163352,59810
2025-10-31 12:40:00,381.2606211163352,381.29963877858444,381.2085861955411,381.2156228512779,52215
2025-10-31 12:41:00,381.2156228512779,381.2261330495974,381.1265344432069,381.162390242274,65480
2025-10-31 12:42:00,381.162390242274,381.2191567081438,381.16099534562926,381.1741764259836,16476
2025-10-31 12:43:00,381.1741764259836,381.27284871918056,381.1505546259798,381.201314283394,89698
2025-10-31 12:44:00,381.201314283394,381.2248576265756,381.11992143854786,381.18707474356154,18026
2025-10-31 12:45:00,381.18707474356154,381.19911018793,381.15386172186555,381.16551125405374,58008
2025-10-31 12:46:00,381.16551125405374,381.16863664187184,381.0921155151832,381.1095429077816,44660
2025-10-31 12:47:00,381.1095429077816,381.2715296339524,381.0664908595167,381.2205084637313,87299
2025-10-31 12:48:00,381.2205084637313,381.36060733170217,381.1930362015198,381.3024134790793,45710
2025-10-31 12:49:00,381.3024134790793,381.35631831131354,381.29410118519735,381.34274240942017,86502
2025-10-31 12:50:00,381.34274240942017,381.4684366302789,381.33750748361547,381.4547826916366,66233
2025-10-31 12:51:00,381.4547826916366,381.6060415850586,381.4297753172402,381.54344810152213,61727
2025-10-31 12:52:00,381.54344810152213,381.57339017795874,381.44616621924513,381.46029963227556,16859
2025-10-31 12:53:00,381.46029963227556,381.4747676917766,381.29170349210364,381.3530660290177,62953
2025-10-31 12:54:00,381.3530660290177,381.4572824376515,381.3107992315183,381.4412260931846,26767
2025-10-31 12:55:00,381.4412260931846,381.57022507120297,381.42093377822084,381.48675360422266,22226
2025-10-31 12:56:00,381.48675360422266,381.5208993330606,381.3742807417014,381.3970588502918,76458
2025-10-31 12:57:00,381.3970588502918,381.4294079653022,381.2777202616577,381.32471942237623,53395
2025-10-31 12:58:00,381.32471942237623,381.4122361735746,381.30906090650575,381.38110254084074,13748
2025-10-31 12:59:00,381.38110254084074,381.39443753289504,381.2827286666212,381.34240123124965,45959
2025-10-31 13:00:00,381.34240123124965,381.3965717332547,381.3126959053372,381.31528850259116,88278
2025-10-31 13:01:00,381.31528850259116,381.3280647774937,381.19408701979205,381.2061390789705,77914
2025-10-31 13:02:00,381.2061390789705,381.4377522712667,381.16510364549146,381.39288890152847,91236
2025-10-31 13:03:00,381.39288890152847,381.40562208324224,381.2879796627913,381.3425637706193,24334
2025-10-31 13:04:00,381.3425637706193,381.3610268185879,381.29331909788226,381.3227026018475,46607
2025-10-31 13:05:00,381.3227026018475,381.39943504231957,381.2149790807422,381.25400841753304,86312
2025-10-31 13:06:00,381.25400841753304,381.3695212131843,381.2023859248682,381.35075328316,94178
2025-10-31 13:07:00,381.35075328316,381.4074576984807,381.21710473843837,381.27042615665897,78798
2025-10-31 13:08:00,381.27042615665897,381.33853245017895,381.2440494941,381.31758607862116,24026
2025-10-31 13:09:00,381.31758607862116,381.4179660220132,381.2772143144713,381.40127558727977,73185
2025-10-31 13:10:00,381.40127558727977,381.4261577761352,381.37254351127467,381.37854823737916,29288
2025-10-31 13:11:00,381.37854823737916,381.40686499324863,381.2848082930655,381.30331316535796,74575
2025-10-31 13:12:00,381.30331316535796,381.3181520534444,381.1597500875995,381.1632979507185,69821
2025-10-31 13:13:00,381.1632979507185,381.222536841869,381.0519058232136,381.08444951970637,96795
2025-10-31 13:14:00,381.08444951970637,381.1014510671294,381.0677327851631,381.0912792806609,29404
2025-10-31 13:15:00,381.0912792806609,381.10822333720307,381.02375419057955,381.06341943821485,33989
2025-10-31 13:16:00,381.06341943821485,381.1058282021273,380.8620196060595,380.8927742370678,62238
2025-10-31 13:17:00,380.8927742370678,380.9236296237539,380.80228384219555,380.8433339588918,32250
2025-10-31 13:18:00,380.8433339588918,380.8838326777241,380.8092349441588,380.85320005463205,74418
2025-10-31 13:19:00,380.85320005463205,380.8794129134475,380.728113965902,380.7670070547794,62446
2025-10-31 13:20:00,380.7670070547794,380.82431718788916,380.76006106506844,380.81974302321504,15750
2025-10-31 13:21:00,380.81974302321504,380.84753949392996,380.7327433329216,380.74474980863874,97954
2025-10-31 13:22:00,380.74474980863874,380.79680800289356,380.67287885182225,380.6765343898086,79681
2025-10-31 13:23:00,380.6765343898086,380.7413336545009,380.5239881241227,380.5416001863098,71799
2025-10-31 13:24:00,380.5416001863098,380.56388054476184,380.3540692322078,380.40789603164336,92956
2025-10-31 13:25:00,380.40789603164336,380.41547745868127,380.26005372943246,380.27095723247004,22453
2025-10-31 13:26:00,380.27095723247004,380.2766652600727,380.0356617709297,380.08705062251664,41384
2025-10-31 13:27:00,380.08705062251664,380.1138678198965,380.03218189362616,380.070493073337,69287
2025-10-31 13:28:00,380.070493073337,380.138002955315,380.0221664015157,380.02522939533725,35566
2025-10-31 13:29:00,380.02522939533725,380.0630928929697,379.8865594190143,379.9239104085655,51185
2025-10-31 13:30:00,379.9239104085655,379.9894418673593,379.88099900628885,379.9270897706056,97438
2025-10-31 13:31:00,379.9270897706056,379.9985255375379,379.9134945223637,379.9408956136163,96055
2025-10-31 13:32:00,379.9408956136163,379.99428452250646,379.89719507530725,379.89918591611854,27618
2025-10-31 13:33:00,379.89918591611854,379.998473607713,379.8892213119685,379.9906736571951,21151
2025-10-31 13:34:00,379.9906736571951,380.0818649158523,379.9814252929671,380.0714512210287,77568
2025-10-31 13:35:00,380.0714512210287,380.1438220167209,379.94886391745916,380.0106520882287,11881
2025-10-31 13:36:00,380.0106520882287,380.01374684865385,379.99896584326586,380.0025873193706,90357
2025-10-31 13:37:00,380.0025873193706,380.01082406607856,379.96881906739077,379.97754757027224,64722
2025-10-31 13:38:00,379.97754757027224,379.99390125205537,379.95868529398854,379.9731387672693,82391
2025-10-31 13:39:00,379.9731387672693,380.0204935786802,379.8992835668917,379.9206385384223,21874
2025-10-31 13:40:00,379.9206385384223,379.94871146218077,379.83974815353065,379.8594862017047,22100
2025-10-31 13:41:00,379.8594862017047,379.98708984708435,379.8336041143492,379.94520878498315,39437
2025-10-31 13:42:00,379.94520878498315,380.1231675934205,379.91974865501794,380.09943344693727,25970
2025-10-31 13:43:00,380.09943344693727,380.2167279173383,380.0732487416226,380.1652528143807,52933
2025-10-31 13:44:00,380.1652528143807,380.17475320902327,379.98416614706844,380.02215896885895,81386
2025-10-31 13:45:00,380.02215896885895,380.0470958692073,379.9347606212453,379.96260781045595,86474
2025-10-31 13:46:00,379.96260781045595,380.0860276075694,379.95956900270403,380.0283056181718,62509
2025-10-31 13:47:00,380.0283056181718,380.17081618259255,379.975544852824,380.1508108276574,43885
2025-10-31 13:48:00,380.1508108276574,380.2653280205688,380.1458149106378,380.23679968452643,82307
2025-10-31 13:49:00,380.23679968452643,380.29514183247727,380.19905827062246,380.2058121214058,88388
2025-10-31 13:50:00,380.2058121214058,380.232172729101,380.13041507351215,380.1466984763804,29692
2025-10-31 13:51:00,380.1466984763804,380.2043733335609,379.962550045547,379.9910713837495,51098
2025-10-31 13:52:00,379.9910713837495,380.0086522838518,379.89202663723853,379.8957924126387,32800
2025-10-31 13:53:00,379.8957924126387,379.93863371733534,379.84011378637416,379.8468974917694,67767
2025-10-31 13:54:00,379.8468974917694,379.85321136329577,379.7400221640786,379.7982777105648,96242
2025-10-31 13:55:00,379.7982777105648,379.88458340846483,379.7514743656416,379.8467281594449,68817
2025-10-31 13:56:00,379.8467281594449,379.8840394239161,379.78678386136346,379.87588298791144,71413
2025-10-31 13:57:00,379.87588298791144,380.0412791268434,379.81282197726244,379.9887402901029,66563
2025-10-31 13:58:00,379.9887402901029,380.02601669907625,379.9159138903042,379.95357711760704,48134
2025-10-31 13:59:00,379.95357711760704,380.09572473649683,379.92008041990005,380.0704795361842,65021
2025-10-31 14:00:00,380.0704795361842,380.13453388304174,380.0676145796401,380.1334770011386,30389
2025-10-31 14:01:00,380.1334770011386,380.16109957996315,380.08984940928514,380.14878059155103,98535
2025-10-31 14:02:00,380.14878059155103,380.1793166559276,380.09884367195616,380.1753158061701,41954
2025-10-31 14:03:00,380.1753158061701,380.22374037715497,380.148741033796,380.20221766255224,20703
2025-10-31 14:04:00,380.20221766255224,380.2526999009196,380.17029612975244,380.24836281956374,28782
2025-10-31 14:05:00,380.24836281956374,380.27899583294675,380.0981836376978,380.13665865493306,77766
2025-10-31 14:06:00,380.13665865493306,380.24219394835126,380.1311335281523,380.2256229941407,39523
2025-10-31 14:07:00,380.2256229941407,380.2478808706422,380.20393677377865,380.23447741639916,55939
2025-10-31 14:08:00,380.23447741639916,380.2370871194638,379.99902996001833,380.0510329144044,83016
2025-10-31 14:09:00,380.0510329144044,380.2250090607381,380.0048339870073,380.16408107035176,66683
2025-10-31 14:10:00,380.16408107035176,380.17498307100607,380.1540439751913,380.16738692995926,85414
2025-10-31 14:11:00,380.16738692995926,380.2790598590561,380.0894859226184,380.22611165234366,17347
2025-10-31 14:12:00,380.22611165234366,380.2583533647488,380.18313835558286,380.2548028353717,30922
2025-10-31 14:13:00,380.2548028353717,380.53393383405466,380.2319069970513,380.4762386434102,48022
2025-10-31 14:14:00,380.4762386434102,380.50477213754226,380.46509113826284,380.4866095848926,16078
2025-10-31 14:15:00,380.4866095848926,380.5708868577306,380.4285573767994,380.5533936984998,51574
2025-10-31 14:16:00,380.5533936984998,380.5861359420737,380.430509042545,380.44624450973487,96567
2025-10-31 14:17:00,380.44624450973487,380.6688963620117,380.4378257623374,380.6279218701943,117234
2025-10-31 14:18:00,380.6279218701943,380.71518444442495,380.5455421934661,380.6986853967973,57111
2025-10-31 14:19:00,380.6986853967973,380.71480838649836,380.674656085251,380.71173579051623,18848
2025-10-31 14:20:00,380.71173579051623,380.8119906748895,380.6626329011766,380.8028831501812,59223
2025-10-31 14:21:00,380.8028831501812,380.8769669684006,380.75894227753383,380.8612973212667,85504
2025-10-31 14:22:00,380.8612973212667,380.8698932898237,380.7888090621494,380.85876042447063,34366
2025-10-31 14:23:00,380.85876042447063,380.90245718671133,380.77592637193396,380.7878230133185,40143
2025-10-31 14:24:00,380.7878230133185,380.8749768582,380.7710697613563,380.86693008241684,39227
2025-10-31 14:25:00,380.86693008241684,380.97013523656614,380.86095150144183,380.9468892414091,27387
2025-10-31 14:26:00,380.9468892414091,380.9726297065033,380.87613386642664,380.89172949817066,20283
2025-10-31 14:27:00,380.89172949817066,380.95252166519566,380.8529039748753,380.86649095135283,71381
2025-10-31 14:28:00,380.86649095135283,380.8742754446784,380.74031029042635,380.7860864717652,67530
2025-10-31 14:29:00,380.7860864717652,380.83177546055754,380.74482473852703,380.75595252982083,15313
2025-10-31 14:30:00,380.75595252982083,380.81705794050106,380.7424909844791,380.7570372398682,46343
2025-10-31 14:31:00,380.7570372398682,380.814818534097,380.69962497018696,380.73754776738815,63218
2025-10-31 14:32:00,380.73754776738815,380.8181058002893,380.63723421443456,380.6487416562239,20589
2025-10-31 14:33:00,380.6487416562239,380.714891506241,380.60441073316633,380.706054202548,62227
2025-10-31 14:34:00,380.706054202548,380.706834383957,380.47791948239296,380.489547789404,29104
2025-10-31 14:35:00,380.489547789404,380.55871999873983,380.33793066522094,380.3668276007932,88270
2025-10-31 14:36:00,380.3668276007932,380.3827881721821,380.3267831871375,380.35964180848293,59877
2025-10-31 14:37:00,380.35964180848293,380.4977527125705,380.35305096354773,380.45697317310527,94117
2025-10-31 14:38:00,380.45697317310527,380.4753588568488,380.4081847605183,380.4625609080886,90122
2025-10-31 14:39:00,380.4625609080886,380.56220701621146,380.41873662854573,380.54532976536035,95166
2025-10-31 14:40:00,380.54532976536035,380.6104425111094,380.52804659192145,380.6102009598494,99335
2025-10-31 14:41:00,380.6102009598494,380.6508580785758,380.6006296177659,380.63605214578484,38141
2025-10-31 14:42:00,380.63605214578484,380.7789112726653,380.61764605236675,380.7158872938761,60772
2025-10-31 14:43:00,380.7158872938761,380.7345883500944,380.6556458812285,380.66927495966877,57947
2025-10-31 14:44:00,380.66927495966877,380.72214935614045,380.61341110985256,380.639727569887,51198
2025-10-31 14:45:00,380.639727569887,380.6828007323263,380.6228651488624,380.68122754308416,14922
2025-10-31 14:46:00,380.68122754308416,380.77790737214474,380.6797204059367,380.76225702846597,96590
2025-10-31 14:47:00,380.76225702846597,380.7847531136665,380.6150793500981,380.64001281686063,30855
2025-10-31 14:48:00,380.64001281686063,380.67264625621976,380.4567179179497,380.49218407942044,76630
2025-10-31 14:49:00,380.49218407942044,380.496798516488,380.2938996351578,380.3611409829296,91326
2025-10-31 14:50:00,380.3611409829296,380.40625444754363,380.3191461761906,380.3422878010604,89507
2025-10-31 14:51:00,380.3422878010604,380.3983219897542,380.2762293284288,380.3585907119383,79855
2025-10-31 14:52:00,380.3585907119383,380.47251860229005,380.3386146442659,380.43981979826424,16364
2025-10-31 14:53:00,380.43981979826424,380.4879128749571,380.273617330626,380.3152023861277,55896
2025-10-31 14:54:00,380.3152023861277,380.3342714720247,380.1285246997017,380.1656027245639,93231
2025-10-31 14:55:00,380.1656027245639,380.20874883859756,380.1530272560798,380.1667909768965,33165
2025-10-31 14:56:00,380.1667909768965,380.27905708534934,380.100298936248,380.1474706593186,20068
2025-10-31 14:57:00,380.1474706593186,380.15812501843527,379.9866287227821,380.05602635428795,32337
2025-10-31 14:58:00,380.05602635428795,380.2909990650491,380.05568262370497,380.25474485890237,198778
2025-10-31 14:59:00,380.25474485890237,380.47780597611245,380.2398225388918,380.45276114212044,73254
2025-10-31 15:00:00,380.45276114212044,380.4588436928057,380.3308423259852,380.363789270002,17135
2025-10-31 15:01:00,380.363789270002,380.38902441922625,380.12786006481684,380.1553926872965,63778
2025-10-31 15:02:00,380.1553926872965,380.1561185833729,380.1188666966629,380.1386484322471,83034
2025-10-31 15:03:00,380.1386484322471,380.2010153585128,380.0938665459349,380.15602413381356,25216
2025-10-31 15:04:00,380.15602413381356,380.2481285380113,380.11190727289267,380.24602017413406,68741
2025-10-31 15:05:00,380.24602017413406,380.2868162655461,380.1751803924781,380.1875530968057,69754
2025-10-31 15:06:00,380.1875530968057,380.2519403860113,380.058912225558,380.1043430823767,32191
2025-10-31 15:07:00,380.1043430823767,380.18610665116734,380.0693459057529,380.1406964337009,73477
2025-10-31 15:08:00,380.1406964337009,380.16028772069495,380.0790302721636,380.15735500491957,26663
2025-10-31 15:09:00,380.15735500491957,380.35196024552766,380.1510010847984,380.3057032049835,69095
2025-10-31 15:10:00,380.3057032049835,380.3350597687138,380.27577712509867,380.2925597077324,89267
2025-10-31 15:11:00,380.2925597077324,380.35310774149303,380.2035575152627,380.2367969383595,37564
2025-10-31 15:12:00,380.2367969383595,380.2638781925478,380.12467795230566,380.16979401791633,81117
2025-10-31 15:13:00,380.16979401791633,380.282290862202,380.1616517489497,380.2790042849819,82684
2025-10-31 15:14:00,380.2790042849819,380.40023006237755,380.2467029322924,380.2726617163406,33382
2025-10-31 15:15:00,380.2726617163406,380.2870190877543,380.2382077661856,380.24873012207786,10864
2025-10-31 15:16:00,380.24873012207786,380.2554997181563,380.1944523237401,380.1991328064004,19726
2025-10-31 15:17:00,380.1991328064004,380.36137567395616,380.13872606575006,380.30743893824445,94698
2025-10-31 15:18:00,380.30743893824445,380.34749771632846,380.3062405011048,380.32395289730016,59052
2025-10-31 15:19:00,380.32395289730016,380.43145705545186,380.3110970546497,380.3828834778857,36681
2025-10-31 15:20:00,380.3828834778857,380.48804935577465,380.3725602294955,380.4117091447258,64383
2025-10-31 15:21:00,380.4117091447258,380.56507589552524,380.3992839770406,380.5301840347682,15594
2025-10-31 15:22:00,380.5301840347682,380.54811247654857,380.4358409297536,380.44816439971544,17130
2025-10-31 15:23:00,380.44816439971544,380.604898041301,380.3820382614368,380.58740818725585,52932
2025-10-31 15:24:00,380.58740818725585,380.6148784992739,380.5220364038759,380.5691894208813,33154
2025-10-31 15:25:00,380.5691894208813,380.8542838407665,380.48089581918117,380.8115621964872,46662
2025-10-31 15:26:00,380.8115621964872,380.8132667207538,380.7896408932557,380.7924681503749,91418
2025-10-31 15:27:00,380.7924681503749,380.8596334215286,380.76068144859056,380.8180418599283,14837
2025-10-31 15:28:00,380.8180418599283,380.82320697152784,380.73358190630915,380.772066621504,50874
2025-10-31 15:29:00,380.772066621504,380.9329741689895,380.7636569325742,380.86718683031563,31199
2025-10-31 15:30:00,380.86718683031563,380.88395108035826,380.8218560547557,380.87684818594516,40133
2025-10-31 15:31:00,380.87684818594516,380.94651021054256,380.83714708918234,380.921590309253,92666
2025-10-31 15:32:00,380.921590309253,380.9278995672754,380.8352665191212,380.838259033041,46386
2025-10-31 15:33:00,380.838259033041,380.88218234349335,380.5738077862595,380.63803452984547,48828
2025-10-31 15:34:00,380.63803452984547,380.77158157664604,380.5518384767534,380.7151780217647,21350
2025-10-31 15:35:00,380.7151780217647,380.739906165894,380.59027384543225,380.60590006274174,41728
2025-10-31 15:36:00,380.60590006274174,380.7745716093021,380.5375151538811,380.75392399650036,55875
2025-10-31 15:37:00,380.75392399650036,380.84772457621926,380.7186086057764,380.82934217040463,11539
2025-10-31 15:38:00,380.82934217040463,381.00151729419093,380.8212467275798,380.95616261180055,92839
2025-10-31 15:39:00,380.95616261180055,381.0274119209127,380.9531857036602,380.9963143447252,71816
2025-10-31 15:40:00,380.9963143447252,381.0130894900358,380.8910410108779,380.8994851174757,40979
2025-10-31 15:41:00,380.8994851174757,380.9753344717308,380.7639163362455,380.773836158056,34495
2025-10-31 15:42:00,380.773836158056,380.9241443523938,380.75512381026465,380.9087405010811,10692
2025-10-31 15:43:00,380.9087405010811,380.9585353178077,380.8638607631928,380.9140549670406,85609
2025-10-31 15:44:00,380.9140549670406,380.94958259871976,380.9101933267727,380.9185937150572,84852
2025-10-31 15:45:00,380.9185937150572,380.93872594398493,380.79415966354895,380.8429605967531,95414
2025-10-31 15:46:00,380.8429605967531,380.8583114620552,380.6776384441508,380.7534675267087,13956
2025-10-31 15:47:00,380.7534675267087,380.7618626134828,380.6419575221485,380.6520301345527,58849
2025-10-31 15:48:00,380.6520301345527,380.7072025907956,380.57922662045377,380.59162785048767,72320
2025-10-31 15:49:00,380.59162785048767,380.6477194573439,380.5637059304237,380.6455461002826,65798
2025-10-31 15:50:00,380.6455461002826,380.6509671382137,380.5590468847684,380.64724002138223,88002
2025-10-31 15:51:00,380.64724002138223,380.7259000922473,380.63609788734334,380.6768572027546,82095
2025-10-31 15:52:00,380.6768572027546,380.7116927417053,380.58035607024067,380.5863354124709,10924
2025-10-31 15:53:00,380.5863354124709,380.75089154553103,380.5553728857494,380.71818680482966,83762
2025-10-31 15:54:00,380.71818680482966,380.79634718350263,380.4917684447606,380.53319974479103,37062
2025-10-31 15:55:00,380.53319974479103,380.58278205119854,380.42852560114886,380.54261408098114,70610
2025-10-31 15:56:00,380.54261408098114,380.6249171654392,380.4625603548,380.6222967434029,45081
2025-10-31 15:57:00,380.6222967434029,380.7243375641227,380.591048913295,380.70575937752096,46824
2025-10-31 15:58:00,380.70575937752096,380.84610821948297,380.66366734224965,380.80360004034344,37672
2025-10-31 15:59:00,380.80360004034344,380.9491241571436,380.72341624675676,380.91187800140665,37281
2025-10-31 16:00:00,380.91187800140665,381.0651508478487,380.844017153081,381.03739145259283,69872
2025-11-03 09:30:00,381.03739145259283,381.0575489516875,380.92050635270925,380.92267587648774,42230
2025-11-03 09:31:00,380.92267587648774,380.93080692924514,380.840771720691,380.8596699465637,95961
2025-11-03 09:32:00,380.8596699465637,380.89072909158864,380.7789767522089,380.78080787027596,59646
2025-11-03 09:33:00,380.78080787027596,380.9027937997937,380.7632060002207,380.8544094287114,49449
2025-11-03 09:34:00,380.8544094287114,380.9043519835569,380.83172406213384,380.885458072328,53240
2025-11-03 09:35:00,380.885458072328,380.95393497025265,380.8624273734723,380.89891459858353,93232
2025-11-03 09:36:00,380.89891459858353,381.0302188621048,380.88274947955415,380.9999081451238,81138
2025-11-03 09:37:00,380.9999081451238,381.1754852164639,380.97448372912714,381.11696590877517,98603
2025-11-03 09:38:00,381.11696590877517,381.20114430950207,381.10615420380225,381.16298752310706,73723
2025-11-03 09:39:00,381.16298752310706,381.2347710248907,381.05990383514575,381.06921885613156,40341
2025-11-03 09:40:00,381.06921885613156,381.0767616537082,380.9522147540676,381.03100839779785,11375
2025-11-03 09:41:00,381.03100839779785,381.2540375765421,381.0270673474287,381.1832250794874,31398
2025-11-03 09:42:00,381.1832250794874,381.203684064095,381.0995892771912,381.12688218095684,31638
2025-11-03 09:43:00,381.12688218095684,381.1434135297774,381.0179754863779,381.0414034892731,50734
2025-11-03 09:44:00,381.0414034892731,381.25691677214866,381.0399115372113,381.21505587876993,173952
2025-11-03 09:45:00,381.21505587876993,381.27482504061504,381.19944066585816,381.21265768905914,40232
2025-11-03 09:46:00,381.21265768905914,381.4741634616436,381.20605687364673,381.4422663844212,189034
2025-11-03 09:47:00,381.4422663844212,381.44657469976903,381.39525200658136,381.4291781771267,60210
2025-11-03 09:48:00,381.4291781771267,381.4510003737133,381.3882005534576,381.44226249697834,22632
2025-11-03 09:49:00,381.44226249697834,381.58867511676374,381.38373093967033,381.57018726486797,37464
2025-11-03 09:50:00,381.57018726486797,381.6941926750119,381.5400427315848,381.67235360925883,34299
2025-11-03 09:51:00,381.67235360925883,381.74940385711375,381.56381877759446,381.6249530917973,24175
2025-11-03 09:52:00,381.6249530917973,381.81276876754185,381.59402682786015,381.7913794003321,115290
2025-11-03 09:53:00,381.7913794003321,381.8117240822883,381.7443515511883,381.81014458931173,10515
2025-11-03 09:54:00,381.81014458931173,381.8509363960991,381.6999959589287,381.7230566461845,68755
2025-11-03 09:55:00,381.7230566461845,381.88541922305603,381.6852873607346,381.8117780391217,48990
2025-11-03 09:56:00,381.8117780391217,381.96449418202127,381.8041819053862,381.94617299794425,15033
2025-11-03 09:57:00,381.94617299794425,381.96606336325607,381.8923910284629,381.95400192901405,90639
2025-11-03 09:58:00,381.95400192901405,382.1063193966076,381.9265352557335,382.0748388947632,21772
2025-11-03 09:59:00,382.0748388947632,382.0993513173857,382.07425184533577,382.09004702523106,42567
2025-11-03 10:00:00,382.09004702523106,382.1363863096585,381.9892888006161,382.00764803901416,75364
2025-11-03 10:01:00,382.00764803901416,382.07294692754067,381.9786109356997,382.0461831854085,17601
2025-11-03 10:02:00,382.0461831854085,382.0914093732494,382.0276329599066,382.0885453916855,10731
2025-11-03 10:03:00,382.0885453916855,382.0903387205311,381.8266895316241,381.8991650955482,71582
2025-11-03 10:04:00,381.8991650955482,381.9305363716178,381.7868337084176,381.78857529157364,30863
2025-11-03 10:05:00,381.78857529157364,381.8792781545426,381.730994402355,381.8528251145902,93087
2025-11-03 10:06:00,381.8528251145902,381.86397554339635,381.70894907721845,381.72628073221273,85483
2025-11-03 10:07:00,381.72628073221273,381.94595700792274,381.6995349790299,381.91109370692243,143914
2025-11-03 10:08:00,381.91109370692243,381.9460260096815,381.89718678504954,381.9403212160418,65192
2025-11-03 10:09:00,381.9403212160418,381.97045006501565,381.8678376270071,381.88281969207344,23386
2025-11-03 10:10:00,381.88281969207344,381.9283681988849,381.821465752151,381.86949990051477,14922
2025-11-03 10:11:00,381.86949990051477,381.8824333361865,381.8193328913617,381.85864361511995,93255
2025-11-03 10:12:00,381.85864361511995,381.98156141235296,381.80779577512595,381.9252638486844,81916
2025-11-03 10:13:00,381.9252638486844,382.0576834973255,381.88250555363703,382.0544850151218,80474
2025-11-03 10:14:00,382.0544850151218,382.10935427569643,381.98974543327506,382.0626204943312,44980
2025-11-03 10:15:00,382.0626204943312,382.1502950244827,382.020625369564,382.035097261312,43139
2025-11-03 10:16:00,382.035097261312,382.1314110928938,381.9435043898704,382.10216957569367,44159
2025-11-03 10:17:00,382.10216957569367,382.2190763023378,382.0803230353859,382.20703346585634,19265
2025-11-03 10:18:00,382.20703346585634,382.25210837473094,382.19907059685335,382.2324584518222,25386
2025-11-03 10:19:00,382.2324584518222,382.2627803948892,382.08846746946904,382.12654732123616,85452
2025-11-03 10:20:00,382.12654732123616,382.12746041632704,382.06068927410894,382.0707824765555,51984
2025-11-03 10:21:00,382.0707824765555,382.0749088694303,382.0052508390016,382.0106627758615,26374
2025-11-03 10:22:00,382.0106627758615,382.054125580446,381.9517082601139,381.9526405048921,63639
2025-11-03 10:23:00,381.9526405048921,382.0060019212001,381.78735576709107,381.79075043380874,123592
2025-11-03 10:24:00,381.79075043380874,381.9287820624912,381.75722174329536,381.91230430969676,19130
2025-11-03 10:25:00,381.91230430969676,382.0476712012752,381.83521577454576,382.0160327758194,58517
2025-11-03 10:26:00,382.0160327758194,382.08340706009494,381.9900264327643,382.0653177144432,77087
2025-11-03 10:27:00,382.0653177144432,382.16649411177025,382.0160557190807,382.04262767586556,99813
2025-11-03 10:28:00,382.04262767586556,382.3069241987671,382.03160986446517,382.30121187418706,66976
2025-11-03 10:29:00,382.30121187418706,382.3435350740941,382.25704776659353,382.2602580596777,53066
2025-11-03 10:30:00,382.2602580596777,382.31700696056475,382.2476776154618,382.2946072615893,38899
2025-11-03 10:31:00,382.2946072615893,382.32757129454916,382.26244362498124,382.31311113829565,87239
2025-11-03 10:32:00,382.31311113829565,382.44921190733356,382.2378366250787,382.4227386806565,92214
2025-11-03 10:33:00,382.4227386806565,382.501263584155,382.41910923764254,382.48480341023503,51785
2025-11-03 10:34:00,382.48480341023503,382.55047179211346,382.41370991292246,382.5257121464935,47333
2025-11-03 10:35:00,382.5257121464935,382.58062918960894,382.50981783912744,382.54558605058344,72894
2025-11-03 10:36:00,382.54558605058344,382.6588070363305,382.5244343080064,382.63337329096225,95119
2025-11-03 10:37:00,382.63337329096225,382.6394856053018,382.54323532047005,382.56915503384124,83531
2025-11-03 10:38:00,382.56915503384124,382.6341194500329,382.5576258104067,382.5989199109425,28557
2025-11-03 10:39:00,382.5989199109425,382.610856500196,382.5414987454179,382.5819119439794,37094
2025-11-03 10:40:00,382.5819119439794,382.59663352509654,382.52813594914454,382.5391772596981,91463
2025-11-03 10:41:00,382.5391772596981,382.61974809655794,382.5148148854567,382.5703663396189,42634
2025-11-03 10:42:00,382.5703663396189,382.64103481893704,382.5579094256684,382.6407332909721,22352
2025-11-03 10:43:00,382.6407332909721,382.65292263940347,382.6373984262064,382.6528562737473,49725
2025-11-03 10:44:00,382.6528562737473,382.8946050439184,382.5923994142427,382.88164143804005,85538
2025-11-03 10:45:00,382.88164143804005,382.9979663263655,382.85656362536116,382.9225878536044,18320
2025-11-03 10:46:00,382.9225878536044,383.05578058578425,382.9188478342623,383.0229747355094,67233
2025-11-03 10:47:00,383.0229747355094,383.05454621534193,382.9787134883418,383.00923916628005,48106
2025-11-03 10:48:00,383.00923916628005,383.0975236851368,382.98819817627333,383.0820675144041,50544
2025-11-03 10:49:00,383.0820675144041,383.1766805512499,383.0219185955092,383.0872773076103,73656
2025-11-03 10:50:00,383.0872773076103,383.14334043363004,383.06650253170824,383.11578094440324,53601
2025-11-03 10:51:00,383.11578094440324,383.2222470872362,383.09511286811716,383.1730806048733,45398
2025-11-03 10:52:00,383.1730806048733,383.24770183616175,383.10154076881463,383.22802045498344,82635
2025-11-03 10:53:00,383.22802045498344,383.25522155802685,383.1817451555045,383.2192580885426,28984
2025-11-03 10:54:00,383.2192580885426,383.2499736608053,383.11499826284586,383.1524443374945,71247
2025-11-03 10:55:00,383.1524443374945,383.1713588436479,383.1008957171126,383.15055444518435,91685
2025-11-03 10:56:00,383.15055444518435,383.16782596233605,383.0386061570916,383.06571289554125,61375
2025-11-03 10:57:00,383.06571289554125,383.07319762995786,382.99293559703057,383.01024572102955,41376
2025-11-03 10:58:00,383.01024572102955,383.0224494770554,382.90833649692655,382.949780774023,36619
2025-11-03 10:59:00,382.949780774023,382.9941771567709,382.9244017030251,382.98600147279166,78244
2025-11-03 11:00:00,382.98600147279166,383.00226281251724,382.9157328307078,382.9241768098496,89401
2025-11-03 11:01:00,382.9241768098496,382.9807318360581,382.77353934641314,382.80184262012875,33889
2025-11-03 11:02:00,382.80184262012875,382.9188120462373,382.73448108736085,382.854814688153,42363
2025-11-03 11:03:00,382.854814688153,382.93625646150684,382.8537928021296,382.9243644355575,52137
2025-11-03 11:04:00,382.9243644355575,382.92681812926855,382.875220385619,382.89575473687484,28100
2025-11-03 11:05:00,382.89575473687484,382.97373115321176,382.87267868626515,382.94215116490824,67986
2025-11-03 11:06:00,382.94215116490824,382.9572028117393,382.80806938865084,382.8464165041446,97347
2025-11-03 11:07:00,382.8464165041446,382.88658189479,382.7356229826012,382.75730875606195,66117
2025-11-03 11:08:00,382.75730875606195,382.8045620741544,382.73552881788265,382.7997989987268,94431
2025-11-03 11:09:00,382.7997989987268,382.89169946790247,382.7443307002321,382.75921026646125,54264
2025-11-03 11:10:00,382.75921026646125,382.9863004061344,382.72392179917273,382.97750565645,100192
2025-11-03 11:11:00,382.97750565645,382.9810231043252,382.89763762096464,382.9009855283205,21549
2025-11-03 11:12:00,382.9009855283205,382.9828880592945,382.87995602485586,382.9812660520284,30045
2025-11-03 11:13:00,382.9812660520284,382.9868789693834,382.9113940455864,382.94021727852214,91149
2025-11-03 11:14:00,382.94021727852214,382.96512600639176,382.8709487176982,382.8875656484595,14994
2025-11-03 11:15:00,382.8875656484595,383.0028037193188,382.82153650451056,382.98585183910296,87355
2025-11-03 11:16:00,382.98585183910296,382.999234870943,382.9379327509169,382.967519624662,55178
2025-11-03 11:17:00,382.967519624662,382.98965458764377,382.84657786920144,382.9274653949055,99242
2025-11-03 11:18:00,382.9274653949055,383.0817080587402,382.9015752578877,383.0727427862328,59294
2025-11-03 11:19:00,383.0727427862328,383.1824946540303,382.98907599361615,383.1505291023368,73580
2025-11-03 11:20:00,383.1505291023368,383.2964494438668,383.1458735438294,383.2325621829946,68232
2025-11-03 11:21:00,383.2325621829946,383.3360928204186,383.2100030955391,383.30235128636093,39709
2025-11-03 11:22:00,383.30235128636093,383.35272852314245,383.29087054786106,383.295917383535,11936
2025-11-03 11:23:00,383.295917383535,383.39220081402965,383.2186727113106,383.31976682142755,40825
2025-11-03 11:24:00,383.31976682142755,383.4257892708365,383.2856831116546,383.41871272818963,78619
2025-11-03 11:25:00,383.41871272818963,383.43326539711063,383.27819177809573,383.32097984411183,49563
2025-11-03 11:26:00,383.32097984411183,383.5155030762542,383.3073253102875,383.43659310019063,76275
2025-11-03 11:27:00,383.43659310019063,383.4560286366904,383.39170490790355,383.3965694709554,64797
2025-11-03 11:28:00,383.3965694709554,383.42545692453484,383.30957269297096,383.3332335708969,28667
2025-11-03 11:29:00,383.3332335708969,383.3343244445583,383.09529404272683,383.1749105785541,51468
2025-11-03 11:30:00,383.1749105785541,383.19781525476003,383.1438893338858,383.1503645620317,73753
2025-11-03 11:31:00,383.1503645620317,383.17030772655625,383.05871042906557,383.07183359178043,68144
2025-11-03 11:32:00,383.07183359178043,383.09053798739274,382.9123121835794,382.93656458348283,61482
2025-11-03 11:33:00,382.93656458348283,382.9794454504795,382.9036462727045,382.9046615539386,29222
2025-11-03 11:34:00,382.9046615539386,382.97870671375296,382.89652181917825,382.93361456797584,88353
2025-11-03 11:35:00,382.93361456797584,383.11034906738735,382.9188158981376,383.05488029105607,47265
2025-11-03 11:36:00,383.05488029105607,383.15033364587543,383.0426900472467,383.12433317884296,42427
2025-11-03 11:37:00,383.12433317884296,383.17922181397853,383.05434938874686,383.13858642913993,91731
2025-11-03 11:38:00,383.13858642913993,383.1931601857496,383.09998493323286,383.1493915104295,84681
2025-11-03 11:39:00,383.1493915104295,383.1936401301684,383.0420856562538,383.0755522283413,59156
2025-11-03 11:40:00,383.0755522283413,383.08254956452043,383.05651166294075,383.0732229170257,64530
2025-11-03 11:41:00,383.0732229170257,383.23474383049756,383.0692258240259,383.1269068453827,21221
2025-11-03 11:42:00,383.1269068453827,383.17293044259867,383.0907394300346,383.1570441480845,97227
2025-11-03 11:43:00,383.1570441480845,383.2144377117781,383.1335543539171,383.16739489653156,31672
2025-11-03 11:44:00,383.16739489653156,383.20539347923733,383.0771367317351,383.10138246255923,65934
2025-11-03 11:45:00,383.10138246255923,383.13123057971393,382.9378808382973,382.97786912867855,70101
2025-11-03 11:46:00,382.97786912867855,383.0285134485191,382.9271595334142,383.00694496949035,96436
2025-11-03 11:47:00,383.00694496949035,383.01942049295496,382.83799088219564,382.8827649658228,61660
2025-11-03 11:48:00,382.8827649658228,382.90702675434443,382.84129090411625,382.8680227370057,80247
2025-11-03 11:49:00,382.8680227370057,382.97701426674297,382.8351119809608,382.9684235584778,21957
2025-11-03 11:50:00,382.9684235584778,382.98341420014367,382.91763435677854,382.9745358481873,93308
2025-11-03 11:51:00,382.9745358481873,383.0239959332439,382.93963402671693,383.01732566316304,21831
2025-11-03 11:52:00,383.01732566316304,383.0503813953695,382.8618218514828,382.9239678459763,47045
2025-11-03 11:53:00,382.9239678459763,383.0613830387244,382.92156922642687,383.02743948453866,52292
2025-11-03 11:54:00,383.02743948453866,383.0899623092998,382.99766402360177,383.04606407569725,84499
2025-11-03 11:55:00,383.04606407569725,383.06683698306415,383.00059297510336,383.0168917140833,50563
2025-11-03 11:56:00,383.0168917140833,383.0655892774948,382.9971201547687,383.00088861475143,67104
2025-11-03 11:57:00,383.00088861475143,383.0343872383437,382.93637791691015,383.0100498947583,84160
2025-11-03 11:58:00,383.0100498947583,383.14545808825244,382.9894624387893,383.08665356815703,87360
2025-11-03 11:59:00,383.08665356815703,383.0904269084097,383.0591615783069,383.06506262196007,87527
2025-11-03 12:00:00,383.06506262196007,383.08634478247245,382.9792441922593,383.0618166503926,81116
2025-11-03 12:01:00,383.0618166503926,383.10093327862273,382.99979858651636,383.08858189046316,25728
2025-11-03 12:02:00,383.08858189046316,383.117919196389,383.0371045322391,383.038426849829,27718
2025-11-03 12:03:00,383.038426849829,383.13535786808507,383.01353598303444,383.11706744911254,65963
2025-11-03 12:04:00,383.11706744911254,383.1645612884993,383.01939470063826,383.16182841296165,36660
2025-11-03 12:05:00,383.16182841296165,383.18496717704915,383.11219189308383,383.1272465718053,90691
2025-11-03 12:06:00,383.1272465718053,383.13476307421837,383.08459631054774,383.11030851397214,89553
2025-11-03 12:07:00,383.11030851397214,383.15966975166043,383.04083499568816,383.14790783608595,44235
2025-11-03 12:08:00,383.14790783608595,383.20079792006203,383.1455624968826,383.1599479631801,92800
2025-11-03 12:09:00,383.1599479631801,383.2332222900674,383.10980082018506,383.19076698820174,40270
2025-11-03 12:10:00,383.19076698820174,383.41449393920345,383.18483915159857,383.37733402963306,95758
2025-11-03 12:11:00,383.37733402963306,383.6071859719565,383.28582454861794,383.5141304074606,26645
2025-11-03 12:12:00,383.5141304074606,383.5169798679505,383.4567626411788,383.514446563316,79711
2025-11-03 12:13:00,383.514446563316,383.5363521187025,383.3127639975652,383.3221039175276,179114
2025-11-03 12:14:00,383.3221039175276,383.34333827727215,383.2439777210246,383.2768559318788,57340
2025-11-03 12:15:00,383.2768559318788,383.38626716510055,383.2435597894875,383.2764008993845,34502
2025-11-03 12:16:00,383.2764008993845,383.3323960198687,383.12691119748246,383.15175527742326,91494
2025-11-03 12:17:00,383.15175527742326,383.16504333284,383.124551377928,383.1585848768205,92234
2025-11-03 12:18:00,383.1585848768205,383.33074411551064,383.1401256000479,383.25958632266224,36128
2025-11-03 12:19:00,383.25958632266224,383.2713869750949,383.23572191605433,383.2555586892251,61012
2025-11-03 12:20:00,383.2555586892251,383.30486933859265,383.1709969447179,383.1943712120671,97318
2025-11-03 12:21:00,383.1943712120671,383.2675694579604,383.0875702262122,383.0908195900805,44812
2025-11-03 12:22:00,383.0908195900805,383.2678204470603,383.0487436067132,383.2448305796488,150342
2025-11-03 12:23:00,383.2448305796488,383.3442328701328,383.2385340676969,383.28508744963864,52863
2025-11-03 12:24:00,383.28508744963864,383.53301040886237,383.27701284152784,383.4917718742034,152428
2025-11-03 12:25:00,383.4917718742034,383.56718503820906,383.48347708299514,383.50642673274996,31411
2025-11-03 12:26:00,383.50642673274996,383.5651952314032,383.485476788748,383.5505820920761,89026
2025-11-03 12:27:00,383.5505820920761,383.59838262087464,383.4206362788961,383.49302181022085,16378
2025-11-03 12:28:00,383.49302181022085,383.515070739799,383.43376301650545,383.4472774189277,23180
2025-11-03 12:29:00,383.4472774189277,383.5403697068179,383.4440134368158,383.5172665644684,41169
2025-11-03 12:30:00,383.5172665644684,383.6890701026297,383.51550731535286,383.67795672872097,172204
2025-11-03 12:31:00,383.67795672872097,383.8333284617676,383.6678961274521,383.7746376454587,43477
2025-11-03 12:32:00,383.7746376454587,383.836292859562,383.73175391759617,383.7661994931456,30805
2025-11-03 12:33:00,383.7661994931456,383.7741997984331,383.64437352673747,383.6906699558688,15495
2025-11-03 12:34:00,383.6906699558688,383.7004859007891,383.59314394345995,383.6118470112584,58773
2025-11-03 12:35:00,383.6118470112584,383.6129566800335,383.5076005546185,383.5625852474135,68535
2025-11-03 12:36:00,383.5625852474135,383.61373913229704,383.4083270938824,383.43945312803294,55528
2025-11-03 12:37:00,383.43945312803294,383.48964678382663,383.3859776884155,383.48559511183004,64512
2025-11-03 12:38:00,383.48559511183004,383.4863572371187,383.3629694439451,383.36708162196805,23107
2025-11-03 12:39:00,383.36708162196805,383.4085881439907,383.27238318736096,383.31609323569126,80601
2025-11-03 12:40:00,383.31609323569126,383.48551941323683,383.2564154493698,383.46933284316356,42940
2025-11-03 12:41:00,383.46933284316356,383.49037957382507,383.30130340091563,383.36926278204146,83282
2025-11-03 12:42:00,383.36926278204146,383.51269278442805,383.3660861585471,383.43731173157096,13880
2025-11-03 12:43:00,383.43731173157096,383.44704210497974,383.3628409351745,383.44116285292887,60726
2025-11-03 12:44:00,383.44116285292887,383.45666203803904,383.303535941767,383.33097756167024,64362
2025-11-03 12:45:00,383.33097756167024,383.42716480635886,383.2939277256589,383.41566948862635,30316
2025-11-03 12:46:00,383.41566948862635,383.6390648334401,383.38188433884994,383.60913515300166,113410
2025-11-03 12:47:00,383.60913515300166,383.6673410647158,383.60434081637595,383.65491323516113,86425
2025-11-03 12:48:00,383.65491323516113,383.66569414209835,383.62391494416914,383.63151339918903,66677
2025-11-03 12:49:00,383.63151339918903,383.7163572819429,383.5943201894697,383.67592087432166,95366
2025-11-03 12:50:00,383.67592087432166,383.72269141600606,383.6535791519676,383.7080955033223,41932
2025-11-03 12:51:00,383.7080955033223,383.7317638034331,383.6548236760025,383.6769198000486,46404
2025-11-03 12:52:00,383.6769198000486,383.70083632694553,383.6524704914964,383.6654531175938,93848
2025-11-03 12:53:00,383.6654531175938,383.67474941879385,383.59565951518124,383.6483557803149,23303
2025-11-03 12:54:00,383.6483557803149,383.6897919534388,383.4270551740805,383.4632076448568,138824
2025-11-03 12:55:00,383.4632076448568,383.507692263805,383.46169887656123,383.48411169045437,37938
2025-11-03 12:56:00,383.48411169045437,383.5853408284908,383.48136414621825,383.5645704617751,92994
2025-11-03 12:57:00,383.5645704617751,383.6700656616028,383.56013284192795,383.65689726018985,10229
2025-11-03 12:58:00,383.65689726018985,383.7976664147303,383.61696187345746,383.74434133316146,92421
2025-11-03 12:59:00,383.74434133316146,383.80303922582976,383.7223346317967,383.7934421462811,54377
2025-11-03 13:00:00,383.7934421462811,383.8839096746838,383.74996660271523,383.8493405733891,40461
2025-11-03 13:01:00,383.8493405733891,383.9097982288676,383.80710710430327,383.88228504657184,53162
2025-11-03 13:02:00,383.88228504657184,383.9001856302106,383.8228285021821,383.8809080239185,21437
2025-11-03 13:03:00,383.8809080239185,383.9584448015242,383.77863109571894,383.82451028418893,83927
2025-11-03 13:04:00,383.82451028418893,383.94052967226975,383.7984013815263,383.91934170237005,77847
2025-11-03 13:05:00,383.91934170237005,383.94857160376876,383.7369251736392,383.77063033785305,35993
2025-11-03 13:06:00,383.77063033785305,383.79729277466083,383.7515349667216,383.7782970737442,70277
2025-11-03 13:07:00,383.7782970737442,383.80001024044316,383.7654954597388,383.7682686422014,80309
2025-11-03 13:08:00,383.7682686422014,383.77066161550044,383.6676644760163,383.6865002352304,48826
2025-11-03 13:09:00,383.6865002352304,383.8052167731283,383.67421068245943,383.76178882621747,74360
2025-11-03 13:10:00,383.76178882621747,383.82751316082965,383.7309052375742,383.81280997691493,89732
2025-11-03 13:11:00,383.81280997691493,383.84614431703017,383.7631963171528,383.814718945461,43332
2025-11-03 13:12:00,383.814718945461,383.84718210464257,383.70429162263576,383.7240174374188,12251
2025-11-03 13:13:00,383.7240174374188,383.77382490672386,383.70575772527116,383.77367212068776,88572
2025-11-03 13:14:00,383.77367212068776,383.7936470738361,383.73696337332456,383.7683528618283,85082
2025-11-03 13:15:00,383.7683528618283,383.7734754796334,383.71706180380005,383.7301595931871,15577
2025-11-03 13:16:00,383.7301595931871,383.76397185036734,383.7292222063272,383.7292730768847,44831
2025-11-03 13:17:00,383.7292730768847,383.7747956783149,383.6571666556401,383.76396632888094,34398
2025-11-03 13:18:00,383.76396632888094,383.899340515463,383.75277879142624,383.83542005448953,21801
2025-11-03 13:19:00,383.83542005448953,383.85630215441756,383.66033236259733,383.7336892893811,60975
2025-11-03 13:20:00,383.7336892893811,383.8057193284895,383.711023116501,383.7701084827141,50733
2025-11-03 13:21:00,383.7701084827141,383.8051394372663,383.70205800108045,383.7180755593661,54565
2025-11-03 13:22:00,383.7180755593661,383.7458076697064,383.68705225798243,383.70610769354437,48563
2025-11-03 13:23:00,383.70610769354437,383.8194818081481,383.6304097399535,383.7710801446804,34363
2025-11-03 13:24:00,383.7710801446804,383.80840639701137,383.7603276267098,383.7645695912908,47534
2025-11-03 13:25:00,383.7645695912908,383.79830875291987,383.5096313936657,383.5842229512647,191890
2025-11-03 13:26:00,383.5842229512647,383.61270250380903,383.4949085477674,383.5193612644561,27138
2025-11-03 13:27:00,383.5193612644561,383.5316480191708,383.4793720947584,383.50283094993193,34845
2025-11-03 13:28:00,383.50283094993193,383.5438329351233,383.2096342143095,383.2392753767028,186098
2025-11-03 13:29:00,383.2392753767028,383.301075833603,383.19856257840337,383.24978909175474,42317
2025-11-03 13:30:00,383.24978909175474,383.3031827340818,383.1736809269667,383.20584527564677,58270
2025-11-03 13:31:00,383.20584527564677,383.25716586083973,383.1909110966143,383.217136482741,46784
2025-11-03 13:32:00,383.217136482741,383.2439321968295,382.9905264286904,383.0371289938634,151044
2025-11-03 13:33:00,383.0371289938634,383.0676024789004,382.9708309531789,383.06155173045755,60227
2025-11-03 13:34:00,383.06155173045755,383.117176776372,382.958736239316,382.95927809854567,25733
2025-11-03 13:35:00,382.95927809854567,382.96617801205997,382.87600055432995,382.88213878404355,44929
2025-11-03 13:36:00,382.88213878404355,382.9934149486057,382.83752047863237,382.97622682997,87597
2025-11-03 13:37:00,382.97622682997,383.0459493336342,382.86439066784226,382.88607712815593,11468
2025-11-03 13:38:00,382.88607712815593,382.9981167190324,382.8525060768549,382.9497600259428,38718
2025-11-03 13:39:00,382.9497600259428,383.0442543311563,382.88174480616215,383.0438076884444,10767
2025-11-03 13:40:00,383.0438076884444,383.09355474104177,382.9811248296306,383.00850828529497,24621
2025-11-03 13:41:00,383.00850828529497,383.0198346219294,382.9569790388221,383.0194509159736,64469
2025-11-03 13:42:00,383.0194509159736,383.05493697388226,383.0023886382637,383.0111466871249,85235
2025-11-03 13:43:00,383.0111466871249,383.08129986227937,382.89391425824334,382.9219925913129,63502
2025-11-03 13:44:00,382.9219925913129,382.9562656099627,382.8597527601358,382.87069610400914,45694
2025-11-03 13:45:00,382.87069610400914,383.00073476726755,382.8685572374556,382.9811118016322,59853
2025-11-03 13:46:00,382.9811118016322,383.00542277775304,382.92824978115846,382.95739380328575,99787
2025-11-03 13:47:00,382.95739380328575,383.1008639302245,382.93167062469587,383.08510108259077,47387
2025-11-03 13:48:00,383.08510108259077,383.11346154573306,383.0372853337103,383.0412239217891,17856
2025-11-03 13:49:00,383.0412239217891,383.10233816203487,383.0183362241812,383.08719798127146,77306
2025-11-03 13:50:00,383.08719798127146,383.2391324654156,383.01434874936854,383.2364674731712,36287
2025-11-03 13:51:00,383.2364674731712,383.3037867952337,383.22781949775054,383.29885690306185,54247
2025-11-03 13:52:00,383.29885690306185,383.4357914182784,383.24263369085327,383.4053391931687,73248
2025-11-03 13:53:00,383.4053391931687,383.43358022241006,383.39126454259707,383.426957026886,30390
2025-11-03 13:54:00,383.426957026886,383.4569098114404,383.4064127375401,383.4167120278138,26984
2025-11-03 13:55:00,383.4167120278138,383.54121600431745,383.3950268846767,383.53035373285144,49832
2025-11-03 13:56:00,383.53035373285144,383.5549636031018,383.4303356755049,383.49420095580086,28562
2025-11-03 13:57:00,383.49420095580086,383.68935649815137,383.47299374823797,383.63445088045626,75864
2025-11-03 13:58:00,383.63445088045626,383.8510681870005,383.60638414174724,383.80278484885673,33498
2025-11-03 13:59:00,383.80278484885673,383.8101319843862,383.75670073647626,383.77393119128806,42463
2025-11-03 14:00:00,383.77393119128806,383.8694327466547,383.7470863882387,383.81297252691746,19718
2025-11-03 14:01:00,383.81297252691746,383.92092054902247,383.8051495309652,383.8818939765157,23503
2025-11-03 14:02:00,383.8818939765157,384.0106082442518,383.84663870527004,383.96996403727564,69557
2025-11-03 14:03:00,383.96996403727564,384.0330095698236,383.92100429510003,384.0308534235284,91199
2025-11-03 14:04:00,384.0308534235284,384.16813917541907,383.975353082422,384.1300002136981,83302
2025-11-03 14:05:00,384.1300002136981,384.21705237258857,384.08352243280325,384.1733187969787,45321
2025-11-03 14:06:00,384.1733187969787,384.31526374750996,384.15227932343305,384.29643016234667,70663
2025-11-03 14:07:00,384.29643016234667,384.3380930098806,384.1740845795149,384.18290354187263,18123
2025-11-03 14:08:00,384.18290354187263,384.2191022073775,384.1723961017417,384.2176565375803,78322
2025-11-03 14:09:00,384.2176565375803,384.22275366184954,384.1975432121875,384.2084228807241,46901
2025-11-03 14:10:00,384.2084228807241,384.2240533004915,384.1900945736577,384.21105447273777,84777
2025-11-03 14:11:00,384.21105447273777,384.2480111524567,384.19871169198734,384.2038872052754,87707
2025-11-03 14:12:00,384.2038872052754,384.21280897686074,384.1304075102958,384.1563605142448,12017
2025-11-03 14:13:00,384.1563605142448,384.20096490059336,384.03728469956224,384.1769769562209,45031
2025-11-03 14:14:00,384.1769769562209,384.21033354336447,384.14468687621167,384.1484443586496,75867
2025-11-03 14:15:00,384.1484443586496,384.1553887729082,384.11497440031155,384.11882986908347,98534
2025-11-03 14:16:00,384.11882986908347,384.1763423545513,383.96940091208575,384.01859137327233,27393
2025-11-03 14:17:00,384.01859137327233,384.03736060363264,383.91664620646753,383.95917219293625,23265
2025-11-03 14:18:00,383.95917219293625,383.96920031599643,383.82334046784047,383.86261732820867,30539
2025-11-03 14:19:00,383.86261732820867,383.8675422469906,383.7024896000403,383.7467873941249,35008
2025-11-03 14:20:00,383.7467873941249,383.8317555998087,383.68107639797444,383.6966896679475,69789
2025-11-03 14:21:00,383.6966896679475,383.77544288767467,383.6551271505494,383.7608641180431,90317
2025-11-03 14:22:00,383.7608641180431,383.7738786106251,383.63443669405757,383.67920380777826,84656
2025-11-03 14:23:00,383.67920380777826,383.6874723640853,383.66353146930646,383.6713972997439,10595
2025-11-03 14:24:00,383.6713972997439,383.70288774890355,383.65948020083886,383.69446008578507,35020
2025-11-03 14:25:00,383.69446008578507,383.7692564001016,383.6147290596125,383.69339992199656,38400
2025-11-03 14:26:00,383.69339992199656,383.7579759916259,383.6577304808171,383.7117543174379,85039
2025-11-03 14:27:00,383.7117543174379,383.8047168269232,383.6863429993829,383.79483213072194,14924
2025-11-03 14:28:00,383.79483213072194,383.8654200812602,383.6815066308736,383.68504334368123,99654
2025-11-03 14:29:00,383.68504334368123,383.72812643688405,383.67325095205445,383.69727915495287,98877
2025-11-03 14:30:00,383.69727915495287,383.74742262840977,383.6284330990143,383.63989704128085,94585
2025-11-03 14:31:00,383.63989704128085,383.64428879582385,383.4197210685959,383.48005828680016,82014
2025-11-03 14:32:00,383.48005828680016,383.52338142497905,383.44690117503217,383.5228651474158,98290
2025-11-03 14:33:00,383.5228651474158,383.63501059129516,383.5003195299646,383.58950397113335,88422
2025-11-03 14:34:00,383.58950397113335,383.70401482207376,383.55416317779805,383.63704902973654,93569
2025-11-03 14:35:00,383.63704902973654,383.7701494407016,383.5834535764863,383.71208847674507,62389
2025-11-03 14:36:00,383.71208847674507,383.79248218457565,383.65823312939756,383.7864811787454,19719
2025-11-03 14:37:00,383.7864811787454,383.7995632258282,383.7315415278163,383.74490285650336,30365
2025-11-03 14:38:00,383.74490285650336,383.7822189562067,383.73918978503764,383.76184020106956,37499
2025-11-03 14:39:00,383.76184020106956,383.86509023509063,383.7568248166411,383.8286720680047,13771
2025-11-03 14:40:00,383.8286720680047,383.88286298464095,383.8086436012373,383.81780773960907,97458
2025-11-03 14:41:00,383.81780773960907,383.84912794481266,383.6997123594087,383.8290870164303,53074
2025-11-03 14:42:00,383.8290870164303,384.00433346293966,383.79893374380435,383.9334974252709,27806
2025-11-03 14:43:00,383.9334974252709,383.94264091419825,383.88686868230684,383.9092940329028,24706
2025-11-03 14:44:00,383.9092940329028,383.99687469389653,383.8719930387524,383.9948187614216,31225
2025-11-03 14:45:00,383.9948187614216,384.04163865319566,383.87142389927163,383.89328469371145,94085
2025-11-03 14:46:00,383.89328469371145,383.95810527399846,383.802380667602,383.8453731696866,65556
2025-11-03 14:47:00,383.8453731696866,383.91221564239856,383.8073438173602,383.81862246424805,29462
2025-11-03 14:48:00,383.81862246424805,383.83768027692025,383.739031102341,383.7833002153428,12523
2025-11-03 14:49:00,383.7833002153428,383.86865438205984,383.74185932858813,383.74866293999787,23163
2025-11-03 14:50:00,383.74866293999787,383.78944227144814,383.695690312078,383.7101037553645,84991
2025-11-03 14:51:00,383.7101037553645,383.7620726433382,383.48780601387716,383.530633885142,39010
2025-11-03 14:52:00,383.530633885142,383.57539633542143,383.4995695601375,383.54221053933014,68408
2025-11-03 14:53:00,383.54221053933014,383.5877672414386,383.5393343709014,383.5539334207382,68703
2025-11-03 14:54:00,383.5539334207382,383.56400598263144,383.41503696551393,383.44979334414853,99234
2025-11-03 14:55:00,383.44979334414853,383.5038786648338,383.4357085565778,383.4858029659913,32301
2025-11-03 14:56:00,383.4858029659913,383.4922221862038,383.37401668585125,383.42633275779747,64703
2025-11-03 14:57:00,383.42633275779747,383.5170350238776,383.4038155704414,383.4633474432607,67089
2025-11-03 14:58:00,383.4633474432607,383.48549552619744,383.3592732926978,383.40923095949927,61040
2025-11-03 14:59:00,383.40923095949927,383.4267260389777,383.3497614606013,383.4083818797924,73722
2025-11-03 15:00:00,383.4083818797924,383.4513232899924,383.3914013929982,383.3980582964189,88608
2025-11-03 15:01:00,383.3980582964189,383.41734668346675,383.343548331928,383.35576773243844,60374
2025-11-03 15:02:00,383.35576773243844,383.3944928927291,383.1920772631472,383.23847529330163,45757
2025-11-03 15:03:00,383.23847529330163,383.30578806558424,383.2106158122346,383.2793902449826,80192
2025-11-03 15:04:00,383.2793902449826,383.2858918786739,382.915238364292,383.0241684229513,23662
2025-11-03 15:05:00,383.0241684229513,383.08121936214445,383.0225746857771,383.0691433017493,86508
2025-11-03 15:06:00,383.0691433017493,383.11310184860235,383.0583804638755,383.10755031488725,43172
2025-11-03 15:07:00,383.10755031488725,383.1290611535034,383.052795270951,383.0883894992566,19491
2025-11-03 15:08:00,383.0883894992566,383.16011386955785,383.06667713247685,383.1557151557854,45851
2025-11-03 15:09:00,383.1557151557854,383.18298279921765,382.9728451193995,383.0057001537499,27207
2025-11-03 15:10:00,383.0057001537499,383.0123004969833,382.90259998927223,382.9546839193018,29276
2025-11-03 15:11:00,382.9546839193018,383.0161540429897,382.9480517630542,382.96913296135403,91335
2025-11-03 15:12:00,382.96913296135403,383.0036820824882,382.9682955709215,382.9824095239753,80198
2025-11-03 15:13:00,382.9824095239753,383.0575788037341,382.833545926523,382.87239355227024,18536
2025-11-03 15:14:00,382.87239355227024,382.87951208737434,382.79902637984213,382.8602608494276,84353
2025-11-03 15:15:00,382.8602608494276,382.87711662481087,382.77021704540266,382.81952709938827,56219
2025-11-03 15:16:00,382.81952709938827,382.87534904214726,382.7720745097142,382.85891991774554,25629
2025-11-03 15:17:00,382.85891991774554,382.9495273800572,382.84095442228715,382.91500772486194,67442
2025-11-03 15:18:00,382.91500772486194,382.9579860997,382.8481357681135,382.95558652426445,55117
2025-11-03 15:19:00,382.95558652426445,383.096927795578,382.9490615061925,383.032108389117,45418
2025-11-03 15:20:00,383.032108389117,383.0388735693977,382.9655161558092,383.00814409324494,37885
2025-11-03 15:21:00,383.00814409324494,383.07463831134373,382.94180996741636,383.07044542915065,95468
2025-11-03 15:22:00,383.07044542915065,383.07448065663306,382.8966752217577,382.90825278564347,57614
2025-11-03 15:23:00,382.90825278564347,382.99420185160665,382.87226014437266,382.9181671943197,32606
2025-11-03 15:24:00,382.9181671943197,382.9910008966895,382.8404777880502,382.8883345917306,56936
2025-11-03 15:25:00,382.8883345917306,382.92060082213555,382.80255539517236,382.8382902287807,60493
2025-11-03 15:26:00,382.8382902287807,382.8881765456934,382.68368875243266,382.7034594498604,39565
2025-11-03 15:27:00,382.7034594498604,382.72268973641286,382.70187936465186,382.7188322722502,43349
2025-11-03 15:28:00,382.7188322722502,382.8362547505952,382.7136301830859,382.79822032076527,46538
2025-11-03 15:29:00,382.79822032076527,382.9155258191112,382.76828124028583,382.87712175139194,14134
2025-11-03 15:30:00,382.87712175139194,382.9425836723802,382.76123856833414,382.7825595988125,44731
2025-11-03 15:31:00,382.7825595988125,382.84116350674225,382.7652553769217,382.8305570674705,69010
2025-11-03 15:32:00,382.8305570674705,382.8575333791371,382.7245218524321,382.73797221300674,84554
2025-11-03 15:33:00,382.73797221300674,382.7405775972363,382.639901758906,382.67927061563296,27221
2025-11-03 15:34:00,382.67927061563296,382.7329852423738,382.6715537769677,382.71766750906573,59508
2025-11-03 15:35:00,382.71766750906573,382.8525140336448,382.6871685298908,382.8424897246985,85956
2025-11-03 15:36:00,382.8424897246985,382.9741071817746,382.8420144939116,382.949405495448,23231
2025-11-03 15:37:00,382.949405495448,382.97895183446633,382.9036836933378,382.91021609546317,94790
2025-11-03 15:38:00,382.91021609546317,382.92008064704095,382.8800103052557,382.8826764495527,45454
2025-11-03 15:39:00,382.8826764495527,382.9072657331501,382.879218379895,382.89048350140615,93683
2025-11-03 15:40:00,382.89048350140615,382.9247122025859,382.8202496119276,382.8702221433626,61428
2025-11-03 15:41:00,382.8702221433626,382.96468364967683,382.8686671509127,382.9483660998968,17869
2025-11-03 15:42:00,382.9483660998968,383.113417350274,382.9269942743041,383.09638223916113,36442
2025-11-03 15:43:00,383.09638223916113,383.1503593564343,383.08671387449687,383.1414884852371,97675
2025-11-03 15:44:00,383.1414884852371,383.2537414205147,383.1258769980365,383.21412163848055,95501
2025-11-03 15:45:00,383.21412163848055,383.24028901093993,383.14058135199787,383.16830664140394,48674
2025-11-03 15:46:00,383.16830664140394,383.20877493462683,383.1508161672352,383.2065834291663,68971
2025-11-03 15:47:00,383.2065834291663,383.2357555779767,383.1240347624733,383.1569282166125,56412
2025-11-03 15:48:00,383.1569282166125,383.29869688456574,383.12338252693576,383.25927771025385,83704
2025-11-03 15:49:00,383.25927771025385,383.2650501320998,383.22964182168556,383.259004092341,33704
2025-11-03 15:50:00,383.259004092341,383.2977067392678,383.18883744924676,383.2108619664883,97700
2025-11-03 15:51:00,383.2108619664883,383.28187164749545,383.14464148827176,383.1494265221219,90141
2025-11-03 15:52:00,383.1494265221219,383.19697331389585,383.14711294529616,383.1889443850779,58877
2025-11-03 15:53:00,383.1889443850779,383.2423745526787,383.12891232153,383.16691291335457,57456
2025-11-03 15:54:00,383.16691291335457,383.21915369445026,383.12558181893337,383.2189523851924,16256
2025-11-03 15:55:00,383.2189523851924,383.29493890090123,383.18483614857166,383.23979734789316,36205
2025-11-03 15:56:00,383.23979734789316,383.2513979396954,383.1536654946641,383.1614313478459,29239
2025-11-03 15:57:00,383.1614313478459,383.20855082144914,383.0647382097137,383.06877038013783,88025
2025-11-03 15:58:00,383.06877038013783,383.23770088147876,383.0463195226348,383.2134325425133,85930
2025-11-03 15:59:00,383.2134325425133,383.2934865308,383.19373918020096,383.2740542043645,98921
2025-11-03 16:00:00,383.2740542043645,383.28333890272955,383.1468557026167,383.22047621716433,64213
2025-11-04 09:30:00,383.22047621716433,383.3665191257812,383.2034712189127,383.36002596337596,41498
2025-11-04 09:31:00,383.36002596337596,383.37776431308566,383.2983484615177,383.3620749343749,48179
2025-11-04 09:32:00,383.3620749343749,383.50331414622394,383.30848837351857,383.4240133932801,36751
2025-11-04 09:33:00,383.4240133932801,383.5765636539022,383.36626492574715,383.5545751366286,45201
2025-11-04 09:34:00,383.5545751366286,383.6467419134086,383.54305596305414,383.59087848161613,75294
2025-11-04 09:35:00,383.59087848161613,383.70048658909775,383.56768046934906,383.6683850371582,19777
2025-11-04 09:36:00,383.6683850371582,383.7375697701412,383.6113350798676,383.68529727103504,98147
2025-11-04 09:37:00,383.68529727103504,383.7166705423765,383.5336828805802,383.57717402498895,73620
2025-11-04 09:38:00,383.57717402498895,383.6547559694742,383.4426815783622,383.4907153524573,80102
2025-11-04 09:39:00,383.4907153524573,383.5404189493617,383.4514092774795,383.4693150809461,76400
2025-11-04 09:40:00,383.4693150809461,383.5747612186979,383.4494324712945,383.5278853778544,39377
2025-11-04 09:41:00,383.5278853778544,383.7968485150686,383.5010798589676,383.7508089609676,71524
2025-11-04 09:42:00,383.7508089609676,383.7992678532632,383.6465552509102,383.676323730893,13258
2025-11-04 09:43:00,383.676323730893,383.7449198124017,383.65184166901247,383.68238305784274,25775
2025-11-04 09:44:00,383.68238305784274,383.7925005879246,383.6393780776522,383.745515490409,90720
2025-11-04 09:45:00,383.745515490409,383.7718763673903,383.6518403571172,383.70527726012085,21656
2025-11-04 09:46:00,383.70527726012085,383.75029430074346,383.67081504392485,383.7336174614968,71607
2025-11-04 09:47:00,383.7336174614968,383.8447297445749,383.66752994529656,383.6707926934635,59297
2025-11-04 09:48:00,383.6707926934635,383.7123101823545,383.64609858706154,383.6510489944241,28895
2025-11-04 09:49:00,383.6510489944241,383.6615000332868,383.5383768779225,383.58570077710965,86349
2025-11-04 09:50:00,383.58570077710965,383.6297974321412,383.4973079805249,383.5409580467349,87400
2025-11-04 09:51:00,383.5409580467349,383.54652857032374,383.4442575526699,383.4815086819032,28976
2025-11-04 09:52:00,383.4815086819032,383.53317904423864,383.4643678424501,383.48726829522906,25401
2025-11-04 09:53:00,383.48726829522906,383.5616933633157,383.4605273770932,383.4999682387266,86693
2025-11-04 09:54:00,383.4999682387266,383.5124303271801,383.34089314852804,383.3686561800879,63472
2025-11-04 09:55:00,383.3686561800879,383.48784052370434,383.3058737159444,383.4025700752931,28595
2025-11-04 09:56:00,383.4025700752931,383.4438415518247,383.36216575155714,383.41428789339636,76354
2025-11-04 09:57:00,383.41428789339636,383.4980707872931,383.3500713805152,383.48543535251935,48409
2025-11-04 09:58:00,383.48543535251935,383.6703828789579,383.44185336375267,383.5329989575276,91238
2025-11-04 09:59:00,383.5329989575276,383.54864545123183,383.44938966989,383.4630035888705,45169
2025-11-04 10:00:00,383.4630035888705,383.47685604964,383.3885686870618,383.40080089301864,20974
2025-11-04 10:01:00,383.40080089301864,383.4149801698928,383.33712723860833,383.34969867531214,12956
2025-11-04 10:02:00,383.34969867531214,383.4022055147392,383.1829631425151,383.23901130021096,93536
2025-11-04 10:03:00,383.23901130021096,383.3615784772358,383.2077881211845,383.2910998021833,16458
2025-11-04 10:04:00,383.2910998021833,383.4318645158751,383.26502951438033,383.41003445522847,49267
2025-11-04 10:05:00,383.41003445522847,383.4659435067483,383.3816745555568,383.44939261812635,82918
2025-11-04 10:06:00,383.44939261812635,383.4789221926113,383.42324829320245,383.42433974659724,70303
2025-11-04 10:07:00,383.42433974659724,383.4506667427121,383.40230326780613,383.408098568887,97948
2025-11-04 10:08:00,383.408098568887,383.48917844747234,383.35895134796283,383.48196083907004,64437
2025-11-04 10:09:00,383.48196083907004,383.53299098037616,383.31432911680446,383.39783192745756,61644
2025-11-04 10:10:00,383.39783192745756,383.46261106438754,383.3384824394345,383.41972825429195,44629
2025-11-04 10:11:00,383.41972825429195,383.47383095696387,383.3560507535378,383.38684264963075,54135
2025-11-04 10:12:00,383.38684264963075,383.4100708486943,383.3193299360259,383.32709860264134,33977
2025-11-04 10:13:00,383.32709860264134,383.41673085564895,383.26676620580804,383.38384653250534,19921
2025-11-04 10:14:00,383.38384653250534,383.4452066423591,383.3758700386662,383.4224897039825,65989
2025-11-04 10:15:00,383.4224897039825,383.42954358891313,383.335517773425,383.4053789924192,23541
2025-11-04 10:16:00,383.4053789924192,383.4986925805215,383.3240578066394,383.49422248177217,17848
2025-11-04 10:17:00,383.49422248177217,383.5010331855648,383.45156782445935,383.47671976101094,45233
2025-11-04 10:18:00,383.47671976101094,383.54128233902685,383.3999129273333,383.4872519932846,78295
2025-11-04 10:19:00,383.4872519932846,383.53632052676915,383.46374486626286,383.50993761364975,88322
2025-11-04 10:20:00,383.50993761364975,383.5683548715939,383.4236298820871,383.4535328966988,61883
2025-11-04 10:21:00,383.4535328966988,383.606495167926,383.44824464102925,383.58039698147763,19967
2025-11-04 10:22:00,383.58039698147763,383.79774356814096,383.5238579874153,383.77327888617833,168990
2025-11-04 10:23:00,383.77327888617833,383.77951826703224,383.6676624930812,383.7505996006974,94793
2025-11-04 10:24:00,383.7505996006974,383.81148283013016,383.7087637446295,383.7861663757388,85133
2025-11-04 10:25:00,383.7861663757388,383.7974319400702,383.75755137738395,383.76712320823196,27276
2025-11-04 10:26:00,383.76712320823196,383.7819163973643,383.7488051276581,383.76465386203614,55679
2025-11-04 10:27:00,383.76465386203614,383.79279394877227,383.7569439339862,383.78054520207917,80658
2025-11-04 10:28:00,383.78054520207917,383.8736217359835,383.7171409412206,383.8419843271233,43725
2025-11-04 10:29:00,383.8419843271233,383.9335040320285,383.7989054316606,383.82750637147154,21595
2025-11-04 10:30:00,383.82750637147154,383.84226288398804,383.79549776971555,383.81127337014215,45645
2025-11-04 10:31:00,383.81127337014215,383.9997709224841,383.77254761101995,383.9280765811634,94216
2025-11-04 10:32:00,383.9280765811634,384.103507970918,383.9084279492726,384.0878883286089,113860
2025-11-04 10:33:00,384.0878883286089,384.2020760200366,384.0855105133142,384.1738261375641,89944
2025-11-04 10:34:00,384.1738261375641,384.24136601650963,384.11697918116585,384.16381588915306,15295
2025-11-04 10:35:00,384.16381588915306,384.2157471721182,384.1208107717787,384.1942233787491,31605
2025-11-04 10:36:00,384.1942233787491,384.2501315851188,384.12435827441726,384.2163695931425,48374
2025-11-04 10:37:00,384.2163695931425,384.24404229032615,384.19229696360526,384.2246550129668,39047
2025-11-04 10:38:00,384.2246550129668,384.2500730662195,384.17680879780073,384.20575560722716,56246
2025-11-04 10:39:00,384.20575560722716,384.23458069959673,384.16430897334,384.1969543152403,54433
2025-11-04 10:40:00,384.1969543152403,384.3208210012146,384.174762552913,384.27082961376544,44413
2025-11-04 10:41:00,384.27082961376544,384.3319838312259,384.2408391235812,384.30861403365105,37624
2025-11-04 10:42:00,384.30861403365105,384.3333444918074,384.231935674821,384.23829903050705,67032
2025-11-04 10:43:00,384.23829903050705,384.40672251398405,384.2137586087213,384.40008664856606,47326
2025-11-04 10:44:00,384.40008664856606,384.4441227791028,384.3704582889681,384.4427379765418,17446
2025-11-04 10:45:00,384.4427379765418,384.48098479754356,384.4044571133368,384.4080511832707,76945
2025-11-04 10:46:00,384.4080511832707,384.43457817098005,384.3302229535493,384.3720315001679,21415
2025-11-04 10:47:00,384.3720315001679,384.4288926023045,384.3109723746978,384.38676206436645,71313
2025-11-04 10:48:00,384.38676206436645,384.42991857397413,384.23565754234215,384.3115873611087,75908
2025-11-04 10:49:00,384.3115873611087,384.32300293216497,384.1408972059542,384.1898577903124,72175
2025-11-04 10:50:00,384.1898577903124,384.19082943333046,384.11567631387754,384.138017597481,59932
2025-11-04 10:51:00,384.138017597481,384.18358195457904,383.9243177499865,383.983463643677,38460
2025-11-04 10:52:00,383.983463643677,384.0583672320729,383.97041415605,384.03909648940294,73294
2025-11-04 10:53:00,384.03909648940294,384.0564325552564,383.9715351405645,384.0095644344659,47606
2025-11-04 10:54:00,384.0095644344659,384.07430226810357,384.00233728081207,384.056674297123,42872
2025-11-04 10:55:00,384.056674297123,384.0953379898542,384.01940865577546,384.08712332006866,47412
2025-11-04 10:56:00,384.08712332006866,384.10166408052044,383.99338939119866,384.02790079431406,93694
2025-11-04 10:57:00,384.02790079431406,384.0706817730422,384.0243232542272,384.03079610148285,96457
2025-11-04 10:58:00,384.03079610148285,384.0604205904553,383.96904421464575,383.98945973554703,12801
2025-11-04 10:59:00,383.98945973554703,384.02555350943544,383.8797441841491,383.89804272431167,65381
2025-11-04 11:00:00,383.89804272431167,383.93460817433083,383.8536931384987,383.8848221259449,36754
2025-11-04 11:01:00,383.8848221259449,383.9824617970135,383.8359700583512,383.8745965124843,79409
2025-11-04 11:02:00,383.8745965124843,383.94112587556947,383.86321787660097,383.90940607151055,75888
2025-11-04 11:03:00,383.90940607151055,383.95596618478567,383.73098091660825,383.7587604981647,53988
2025-11-04 11:04:00,383.7587604981647,383.80221698564065,383.6500404789048,383.7807426767476,59395
2025-11-04 11:05:00,383.7807426767476,383.85578670202085,383.77572766260886,383.8466907531817,48097
2025-11-04 11:06:00,383.8466907531817,383.9294762622952,383.78213815987857,383.8906179163563,28263
2025-11-04 11:07:00,383.8906179163563,383.9103366764549,383.78877796150186,383.82954074325977,10148
2025-11-04 11:08:00,383.82954074325977,383.86494567849456,383.7866701085004,383.7869526786071,64544
2025-11-04 11:09:00,383.7869526786071,383.8024614843753,383.6045092717014,383.63508457867067,61529
2025-11-04 11:10:00,383.63508457867067,383.63950728508513,383.4798366002631,383.49656480453916,35287
2025-11-04 11:11:00,383.49656480453916,383.5458073360582,383.27409096920013,383.4097742333414,97228
2025-11-04 11:12:00,383.4097742333414,383.43021041272453,383.3390734842178,383.3463818271934,67893
2025-11-04 11:13:00,383.3463818271934,383.3828451358773,383.1782332468394,383.19133156268515,64234
2025-11-04 11:14:00,383.19133156268515,383.24858179582674,383.0616875505858,383.1097734124442,87271
2025-11-04 11:15:00,383.1097734124442,383.1248270773622,383.0143981635266,383.03332979356605,63450
2025-11-04 11:16:00,383.03332979356605,383.0350704016741,382.9702177352424,383.0289117577515,66921
2025-11-04 11:17:00,383.0289117577515,383.03512764466507,382.813040794073,382.81401112326483,113880
2025-11-04 11:18:00,382.81401112326483,382.8350213298475,382.6076793693946,382.69768113232726,35017
2025-11-04 11:19:00,382.69768113232726,382.70013529960806,382.6819645651687,382.69369773815913,38439
2025-11-04 11:20:00,382.69369773815913,382.7550422832509,382.6885883133592,382.7418121857853,32391
2025-11-04 11:21:00,382.7418121857853,382.8381439928601,382.7333708014545,382.7910848697843,30874
2025-11-04 11:22:00,382.7910848697843,382.79388147224745,382.7191743924434,382.7813280735341,71509
2025-11-04 11:23:00,382.7813280735341,382.85688400198836,382.7467911348922,382.79128724218805,23092
2025-11-04 11:24:00,382.79128724218805,382.89712731557904,382.7389185572833,382.8050600362345,88627
2025-11-04 11:25:00,382.8050600362345,382.8130760263296,382.73715665644954,382.7586277304618,30372
2025-11-04 11:26:00,382.7586277304618,382.8940049946726,382.7109458633861,382.81935617569735,58285
2025-11-04 11:27:00,382.81935617569735,382.8966353271077,382.79330015038346,382.8210796338144,60903
2025-11-04 11:28:00,382.8210796338144,382.8220934829318,382.60064208132206,382.68749292611864,64273
2025-11-04 11:29:00,382.68749292611864,382.7422355899364,382.598731062665,382.63320360657747,32076
2025-11-04 11:30:00,382.63320360657747,382.66584993062804,382.5541225817791,382.55524846451027,32666
2025-11-04 11:31:00,382.55524846451027,382.5606232590487,382.54305082983547,382.55652194854036,84816
2025-11-04 11:32:00,382.55652194854036,382.5756069357358,382.43345889805045,382.49050047945155,91678
2025-11-04 11:33:00,382.49050047945155,382.63872804204397,382.4669148315594,382.6167353691634,46382
2025-11-04 11:34:00,382.6167353691634,382.6306667714152,382.4252174902741,382.5087762545563,89305
2025-11-04 11:35:00,382.5087762545563,382.57903130920477,382.50741749040367,382.5297016856603,56710
2025-11-04 11:36:00,382.5297016856603,382.5333212216593,382.3338686907364,382.39602884905173,44346
2025-11-04 11:37:00,382.39602884905173,382.47287308661095,382.17446047245664,382.20432824613187,176934
2025-11-04 11:38:00,382.20432824613187,382.2245991811966,382.0931216517352,382.13087701059584,40782
2025-11-04 11:39:00,382.13087701059584,382.2834267950004,382.0478105888096,382.21032040077097,18080
2025-11-04 11:40:00,382.21032040077097,382.2247705628022,382.1731473332841,382.2200429857777,57482
2025-11-04 11:41:00,382.2200429857777,382.2526609747288,382.2101097276555,382.2228090315006,84921
2025-11-04 11:42:00,382.2228090315006,382.24224227550445,382.11734237387975,382.1676369442051,92824
2025-11-04 11:43:00,382.1676369442051,382.2262041259858,382.1118137835857,382.11220149471467,12620
2025-11-04 11:44:00,382.11220149471467,382.1579369224771,382.0042010700226,382.0270040626578,58926
2025-11-04 11:45:00,382.0270040626578,382.09441074756387,381.8879520274991,381.89906555238355,48736
2025-11-04 11:46:00,381.89906555238355,381.9304024139824,381.8077673425911,381.8148045355186,96038
2025-11-04 11:47:00,381.8148045355186,381.9162528749742,381.7774542699431,381.7827299745993,82762
2025-11-04 11:48:00,381.7827299745993,381.85396469728727,381.6096813720814,381.67150994802347,12580
2025-11-04 11:49:00,381.67150994802347,381.7017995823797,381.62905838467435,381.64469584226214,29522
2025-11-04 11:50:00,381.64469584226214,381.6811999861987,381.62132650810537,381.663254052564,24260
2025-11-04 11:51:00,381.663254052564,381.7128205601474,381.48943499678114,381.58855580670377,33147
2025-11-04 11:52:00,381.58855580670377,381.7303215718626,381.5757801078579,381.68344969118976,94153
2025-11-04 11:53:00,381.68344969118976,381.7085314451213,381.51988647028514,381.5465076913984,88947
2025-11-04 11:54:00,381.5465076913984,381.55445616396236,381.48426199925075,381.4980099940489,14482
2025-11-04 11:55:00,381.4980099940489,381.52273828101954,381.4091086184419,381.4285281363347,82932
2025-11-04 11:56:00,381.4285281363347,381.4816403783601,381.2195317200406,381.2451625810057,48636
2025-11-04 11:57:00,381.2451625810057,381.2583580016978,381.0896717151371,381.1307526958188,50077
2025-11-04 11:58:00,381.1307526958188,381.2186800981868,381.11782896510994,381.212322184015,36016
2025-11-04 11:59:00,381.212322184015,381.2862399477205,381.17130378862873,381.23828564474366,91007
2025-11-04 12:00:00,381.23828564474366,381.3991132123119,381.16242625903004,381.3977634426455,28002
2025-11-04 12:01:00,381.3977634426455,381.4062375950976,381.3298846732833,381.3462840128187,53744
2025-11-04 12:02:00,381.3462840128187,381.4093717616332,381.32589741213263,381.3790121778881,93551
2025-11-04 12:03:00,381.3790121778881,381.42140873849746,381.28155928491674,381.2819772697498,34188
2025-11-04 12:04:00,381.2819772697498,381.3454946963435,381.2574179913686,381.33934371016954,94739
2025-11-04 12:05:00,381.33934371016954,381.3454001635444,381.26966284221976,381.30746288788964,98263
2025-11-04 12:06:00,381.30746288788964,381.3416758878865,381.26707516083684,381.2886801947063,71451
2025-11-04 12:07:00,381.2886801947063,381.34053654990583,381.2474297347283,381.3150531414836,56728
2025-11-04 12:08:00,381.3150531414836,381.362859770224,381.28717487264805,381.3290777386402,76433
2025-11-04 12:09:00,381.3290777386402,381.3291200640586,381.1956452869125,381.2545275266235,92335
2025-11-04 12:10:00,381.2545275266235,381.26897633703425,381.2194577146011,381.2456556685673,28157
2025-11-04 12:11:00,381.2456556685673,381.3057172878062,381.16909928592867,381.1785188853867,68051
2025-11-04 12:12:00,381.1785188853867,381.18300084647495,381.09388071458346,381.1599903646389,57367
2025-11-04 12:13:00,381.1599903646389,381.19162447937816,381.00345930708556,381.04752980127955,24746
2025-11-04 12:14:00,381.04752980127955,381.1184839739312,381.01509792775533,381.1136856997146,71407
2025-11-04 12:15:00,381.1136856997146,381.1994603300595,381.0546290446499,381.1688599791209,62234
2025-11-04 12:16:00,381.1688599791209,381.1832787030462,381.0780642976455,381.12245741851797,37657
2025-11-04 12:17:00,381.12245741851797,381.1760880935708,381.07795176780934,381.0950177058386,54891
2025-11-04 12:18:00,381.0950177058386,381.1135507373912,381.03714181868463,381.07518992244826,21528
2025-11-04 12:19:00,381.07518992244826,381.1645537231596,381.0035075951113,381.1607989737832,22076
2025-11-04 12:20:00,381.1607989737832,381.22735551075766,381.1162949181135,381.13529850774665,83489
2025-11-04 12:21:00,381.13529850774665,381.15887237618745,381.13002338810054,381.1546400293102,43927
2025-11-04 12:22:00,381.1546400293102,381.19576567085466,381.1050794547624,381.1243122689347,66414
2025-11-04 12:23:00,381.1243122689347,381.1682424904991,381.0725359976072,381.11893356115627,39455
2025-11-04 12:24:00,381.11893356115627,381.1807565029056,381.05864750451394,381.1716552400268,12597
2025-11-04 12:25:00,381.1716552400268,381.27460279992124,381.15739871810337,381.27031646542366,27040
2025-11-04 12:26:00,381.27031646542366,381.28072659801444,381.2277243364612,381.26031663398277,95205
2025-11-04 12:27:00,381.26031663398277,381.40203047102887,381.2235659827822,381.3964109676664,21292
2025-11-04 12:28:00,381.3964109676664,381.63515192721906,381.384291681214,381.6246526152706,64514
2025-11-04 12:29:00,381.6246526152706,381.7467326357574,381.602246849151,381.67171292736197,32113
2025-11-04 12:30:00,381.67171292736197,381.79110096888394,381.6388641379385,381.7619127134935,16704
2025-11-04 12:31:00,381.7619127134935,381.8516065790605,381.75605859431505,381.82432538025563,24677
2025-11-04 12:32:00,381.82432538025563,381.92117098128057,381.82069070088215,381.90144655521317,28526
2025-11-04 12:33:00,381.90144655521317,381.94740183548333,381.89727082278597,381.93385202469705,29159
2025-11-04 12:34:00,381.93385202469705,381.9778669441866,381.8882879252463,381.8917177395811,20532
2025-11-04 12:35:00,381.8917177395811,381.9454457330367,381.8344234948299,381.9324135940088,13271
2025-11-04 12:36:00,381.9324135940088,382.1952785327102,381.9305295914667,382.17242083251193,57188
2025-11-04 12:37:00,382.17242083251193,382.26606510388376,382.10686809494183,382.26585793724814,43617
2025-11-04 12:38:00,382.26585793724814,382.3076599430147,382.2050089748017,382.2180544533401,96158
2025-11-04 12:39:00,382.2180544533401,382.34309091589347,382.2129810742488,382.2971387027765,51679
2025-11-04 12:40:00,382.2971387027765,382.4408172870084,382.28014814515365,382.3918584221008,98051
2025-11-04 12:41:00,382.3918584221008,382.41953905345224,382.3833920537075,382.4191876471593,74094
2025-11-04 12:42:00,382.4191876471593,382.4628920910189,382.40731770008176,382.45015506211405,92543
2025-11-04 12:43:00,382.45015506211405,382.4553382663726,382.3404776951408,382.3700086885771,95836
2025-11-04 12:44:00,382.3700086885771,382.4291171421247,382.36724976519804,382.3958030862894,90981
2025-11-04 12:45:00,382.3958030862894,382.4994161019091,382.36834459032946,382.49050243034725,29924
2025-11-04 12:46:00,382.49050243034725,382.6338983478843,382.4721028777199,382.57216721209585,76615
2025-11-04 12:47:00,382.57216721209585,382.5853574375435,382.46750570378316,382.53911591330456,28344
2025-11-04 12:48:00,382.53911591330456,382.6867840577586,382.53721621128517,382.6781195848592,36797
2025-11-04 12:49:00,382.6781195848592,382.7720960457449,382.63095159617666,382.7544027463955,53463
2025-11-04 12:50:00,382.7544027463955,382.77007464764756,382.73461369701135,382.7560236031154,30566
2025-11-04 12:51:00,382.7560236031154,382.82792757914893,382.7240730546611,382.78950126551337,35135
2025-11-04 12:52:00,382.78950126551337,382.87824372426957,382.7381132833394,382.8470695652574,10684
2025-11-04 12:53:00,382.8470695652574,382.9193794833767,382.8453111935082,382.9008371905396,51787
2025-11-04 12:54:00,382.9008371905396,382.9616054163686,382.84166928616344,382.8417075589911,39204
2025-11-04 12:55:00,382.8417075589911,382.9888551831907,382.83184552377963,382.9322726354851,29689
2025-11-04 12:56:00,382.9322726354851,382.96561561192937,382.8453263629711,382.8730690307825,59306
2025-11-04 12:57:00,382.8730690307825,382.9298266759587,382.85473090634366,382.86912432433223,77428
2025-11-04 12:58:00,382.86912432433223,382.9920084296351,382.8618101364609,382.94548786911827,98593
2025-11-04 12:59:00,382.94548786911827,383.0059717305177,382.8357987845848,382.8592205664603,50180
2025-11-04 13:00:00,382.8592205664603,382.90487318819464,382.6276230262191,382.665310885058,166876
2025-11-04 13:01:00,382.665310885058,382.7509648959099,382.5720406103066,382.6079657439547,86095
2025-11-04 13:02:00,382.6079657439547,382.648254363792,382.5568018471473,382.5846195572432,14023
2025-11-04 13:03:00,382.5846195572432,382.627585845275,382.52376976437733,382.5385842328601,38460
2025-11-04 13:04:00,382.5385842328601,382.6392804598704,382.5370444041828,382.6136676814588,39377
2025-11-04 13:05:00,382.6136676814588,382.67978310981,382.43119927314814,382.46890852534483,37114
2025-11-04 13:06:00,382.46890852534483,382.51087085876173,382.3390151756923,382.42666397368157,28799
2025-11-04 13:07:00,382.42666397368157,382.58477975774434,382.4217235002362,382.5694974265514,14261
2025-11-04 13:08:00,382.5694974265514,382.60647866806784,382.5595716411767,382.5716551651683,12978
2025-11-04 13:09:00,382.5716551651683,382.85122655958793,382.5361888563594,382.78978049267977,95486
2025-11-04 13:10:00,382.78978049267977,382.8202712561779,382.7397346071934,382.74767558435485,53554
2025-11-04 13:11:00,382.74767558435485,382.7510087320059,382.643260522597,382.71520618017445,32414
2025-11-04 13:12:00,382.71520618017445,382.7494182954655,382.55798867496276,382.584772787465,40846
2025-11-04 13:13:00,382.584772787465,382.7155839631751,382.5618840827484,382.68129275013985,98667
2025-11-04 13:14:00,382.68129275013985,382.73968457449485,382.65713015551887,382.7025865605584,96576
2025-11-04 13:15:00,382.7025865605584,382.7738108406515,382.6887923643763,382.74487721461014,56835
2025-11-04 13:16:00,382.74487721461014,382.81889195991715,382.74295853880966,382.81663023848483,77619
2025-11-04 13:17:00,382.81663023848483,382.85553677025234,382.7851339513898,382.84526542008064,46519
2025-11-04 13:18:00,382.84526542008064,382.9492943755078,382.78040163526146,382.92469907479455,43440
2025-11-04 13:19:00,382.92469907479455,383.1411238904513,382.9131395974474,383.0400824460644,87518
2025-11-04 13:20:00,383.0400824460644,383.2363999250658,383.0016467140318,383.1848535279985,30637
2025-11-04 13:21:00,383.1848535279985,383.2218158363731,383.14225492394365,383.19777817691283,78259
2025-11-04 13:22:00,383.19777817691283,383.2730038873501,383.17590095653986,383.25376302015263,42975
2025-11-04 13:23:00,383.25376302015263,383.34093908333494,383.2436347509945,383.33025532702663,84489
2025-11-04 13:24:00,383.33025532702663,383.35174253746186,383.21586204513545,383.24991601817976,93609
2025-11-04 13:25:00,383.24991601817976,383.4191234709982,383.2366267783402,383.41142111105074,77860
2025-11-04 13:26:00,383.41142111105074,383.41359665199366,383.35268871675805,383.35703813390546,77945
2025-11-04 13:27:00,383.35703813390546,383.4274031264928,383.3101293040348,383.4096222703169,49322
2025-11-04 13:28:00,383.4096222703169,383.5711467994969,383.40036559015437,383.559061546639,72901
2025-11-04 13:29:00,383.559061546639,383.72574754494707,383.5283591364381,383.7099370009971,10660
2025-11-04 13:30:00,383.7099370009971,383.72333981520705,383.6594298010614,383.69283234770444,37843
2025-11-04 13:31:00,383.69283234770444,383.7324996503745,383.6444429836235,383.6790326270305,40346
2025-11-04 13:32:00,383.6790326270305,383.71657400146495,383.49851555943735,383.5296017316961,43690
2025-11-04 13:33:00,383.5296017316961,383.607899991309,383.48701470505665,383.59533682897467,15355
2025-11-04 13:34:00,383.59533682897467,383.6546304315059,383.5523027621932,383.5836685580346,86820
2025-11-04 13:35:00,383.5836685580346,383.782895171255,383.53760459798747,383.7527665213272,144818
2025-11-04 13:36:00,383.7527665213272,383.8069802631586,383.6952066783375,383.7150388705242,33365
2025-11-04 13:37:00,383.7150388705242,383.77955611230726,383.70396580929463,383.76254532075666,60110
2025-11-04 13:38:00,383.76254532075666,383.7962285540026,383.70082764505173,383.7064201515268,92681
2025-11-04 13:39:00,383.7064201515268,383.8845319553098,383.702058687691,383.84899176470043,24126
2025-11-04 13:40:00,383.84899176470043,384.03744959959147,383.8115764225417,384.0279847770639,113296
2025-11-04 13:41:00,384.0279847770639,384.09198383625807,384.00402542689085,384.054601268981,48725
2025-11-04 13:42:00,384.054601268981,384.0985632059477,383.9104577193381,383.9869435896348,29476
2025-11-04 13:43:00,383.9869435896348,383.9874555535531,383.91362828958756,383.9267857121447,17507
2025-11-04 13:44:00,383.9267857121447,383.9843432941515,383.7785123324045,383.81299253983485,93030
2025-11-04 13:45:00,383.81299253983485,384.0022516231934,383.79754793966583,383.9377146228562,48665
2025-11-04 13:46:00,383.9377146228562,383.9434043318163,383.8100096386271,383.8241229409135,71731
2025-11-04 13:47:00,383.8241229409135,383.8835812068281,383.72777867505937,383.82718194535045,22150
2025-11-04 13:48:00,383.82718194535045,383.89455166465734,383.81345392990596,383.85238606058493,82010
2025-11-04 13:49:00,383.85238606058493,383.9024428778023,383.82178499831025,383.89572345351064,26059
2025-11-04 13:50:00,383.89572345351064,384.04357161252796,383.84708783049564,384.030632302143,80649
2025-11-04 13:51:00,384.030632302143,384.15950350199034,383.99172086348455,384.10272775237956,72457
2025-11-04 13:52:00,384.10272775237956,384.12825718233495,383.9843128856703,384.0189824622193,87711
2025-11-04 13:53:00,384.0189824622193,384.12104181527803,384.0146089010273,384.1195389616578,27821
2025-11-04 13:54:00,384.1195389616578,384.24173912558535,384.10572413478644,384.2146182219955,50644
2025-11-04 13:55:00,384.2146182219955,384.27488769152734,384.18468161827195,384.2594115420253,24588
2025-11-04 13:56:00,384.2594115420253,384.27214862318203,384.14521089813485,384.1592158632623,94274
2025-11-04 13:57:00,384.1592158632623,384.1837137461832,384.09369949224686,384.10695688139737,65162
2025-11-04 13:58:00,384.10695688139737,384.1385233606839,383.9695864078611,384.0196084332734,42543
2025-11-04 13:59:00,384.0196084332734,384.05216273065895,383.98656086591706,384.030181410199,52915
2025-11-04 14:00:00,384.030181410199,384.15627744756137,383.97626835928475,384.0866096621539,74808
2025-11-04 14:01:00,384.0866096621539,384.0913256855128,383.83305673056054,383.83673376078764,41176
2025-11-04 14:02:00,383.83673376078764,383.8957896136979,383.76381743720486,383.87552715282783,12939
2025-11-04 14:03:00,383.87552715282783,383.8909591262293,383.83799429884664,383.86567971059077,59386
2025-11-04 14:04:00,383.86567971059077,383.88338616957753,383.6820263401463,383.768481450158,48203
2025-11-04 14:05:00,383.768481450158,383.79560485516475,383.74195003790356,383.75589140116034,94720
2025-11-04 14:06:00,383.75589140116034,383.8131764484279,383.7296291004269,383.75414525065895,31381
2025-11-04 14:07:00,383.75414525065895,383.8625442628833,383.71894093750643,383.8540593820279,60521
2025-11-04 14:08:00,383.8540593820279,383.8725989160919,383.73007522287276,383.75044021107954,52235
2025-11-04 14:09:00,383.75044021107954,383.7816816218881,383.6505993748093,383.66114638358147,78306
2025-11-04 14:10:00,383.66114638358147,383.73730110055396,383.6517839638471,383.7023655103629,43038
2025-11-04 14:11:00,383.7023655103629,383.78155726782103,383.6576798144157,383.68661216871186,48138
2025-11-04 14:12:00,383.68661216871186,383.7616106616191,383.64192388385305,383.6697394733901,78447
2025-11-04 14:13:00,383.6697394733901,383.70649480198455,383.5807822059375,383.6062362296654,93029
2025-11-04 14:14:00,383.6062362296654,383.68972961232413,383.6036872055334,383.6443870642287,24901
2025-11-04 14:15:00,383.6443870642287,383.6979650933508,383.5338279037305,383.5785475915923,42642
2025-11-04 14:16:00,383.5785475915923,383.64707762074926,383.4269018481467,383.4428611316694,59063
2025-11-04 14:17:00,383.4428611316694,383.49216928884624,383.41825941857815,383.450796942602,41357
2025-11-04 14:18:00,383.450796942602,383.5054244065231,383.25918078546243,383.318642908497,39877
2025-11-04 14:19:00,383.318642908497,383.3907176687697,383.3180303866609,383.3479504164061,99180
2025-11-04 14:20:00,383.3479504164061,383.41313602496865,383.24365610064734,383.3148560218614,90224
2025-11-04 14:21:00,383.3148560218614,383.34714064794554,383.1449795303975,383.168160278572,25858
2025-11-04 14:22:00,383.168160278572,383.1697441886438,383.1030899450377,383.1038408138766,87257
2025-11-04 14:23:00,383.1038408138766,383.1092114558767,383.0002911996918,383.0040476237439,10036
2025-11-04 14:24:00,383.0040476237439,383.04535195775486,382.98570171568815,382.99422249965676,46648
2025-11-04 14:25:00,382.99422249965676,383.0612796982713,382.9909598864629,382.9994406312616,21268
2025-11-04 14:26:00,382.9994406312616,383.08597375425757,382.9925482996488,383.0377165104081,88424
2025-11-04 14:27:00,383.0377165104081,383.0883111314125,382.993405413421,383.08768964374866,56566
2025-11-04 14:28:00,383.08768964374866,383.20821845745525,383.0520040275613,383.1303540739221,38084
2025-11-04 14:29:00,383.1303540739221,383.246329824835,383.12112214257934,383.1826236030484,74068
2025-11-04 14:30:00,383.1826236030484,383.3042969948719,383.1559488718901,383.29132504483147,67802
2025-11-04 14:31:00,383.29132504483147,383.34216736588684,383.21435540732114,383.2867816610484,92735
2025-11-04 14:32:00,383.2867816610484,383.33740971623666,383.1944495473543,383.27658599011767,76957
2025-11-04 14:33:00,383.27658599011767,383.2780839543272,383.1919666563261,383.24057604609555,86555
2025-11-04 14:34:00,383.24057604609555,383.3115495139039,383.1572915199986,383.3000278878368,65032
2025-11-04 14:35:00,383.3000278878368,383.3140253385377,383.10385208020756,383.123132508771,32554
2025-11-04 14:36:00,383.123132508771,383.2106566044159,383.09595280208856,383.1598944925769,74732
2025-11-04 14:37:00,383.1598944925769,383.21621073072924,383.0913749077664,383.1152150267913,87922
2025-11-04 14:38:00,383.1152150267913,383.152005514861,382.9497870376917,382.997465998493,86018
2025-11-04 14:39:00,382.997465998493,383.0163186452484,382.9211235914447,382.95923128888165,86464
2025-11-04 14:40:00,382.95923128888165,382.95953693646993,382.9180813231082,382.9551912340847,79810
2025-11-04 14:41:00,382.9551912340847,382.98281979992805,382.76571364814333,382.78667746895246,44052
2025-11-04 14:42:00,382.78667746895246,382.81923688347024,382.62630430119196,382.6455627703131,73925
2025-11-04 14:43:00,382.6455627703131,382.7379584920526,382.55505149150326,382.6962623342506,74230
2025-11-04 14:44:00,382.6962623342506,382.7393279600224,382.5579998872163,382.6393143728207,12347
2025-11-04 14:45:00,382.6393143728207,382.6810310531794,382.61990165157385,382.6253444369742,72771
2025-11-04 14:46:00,382.6253444369742,382.6444839121124,382.49046540133867,382.5167585909255,56733
2025-11-04 14:47:00,382.5167585909255,382.5911265991249,382.4845386370312,382.58473379012094,22771
2025-11-04 14:48:00,382.58473379012094,382.6514466091262,382.4951310438559,382.5448784644513,68595
2025-11-04 14:49:00,382.5448784644513,382.6177138824901,382.5222585304451,382.5572840836787,93700
2025-11-04 14:50:00,382.5572840836787,382.59716232833136,382.51496438960623,382.56133193979207,69021
2025-11-04 14:51:00,382.56133193979207,382.582042105265,382.5268603190068,382.53843171855925,91072
2025-11-04 14:52:00,382.53843171855925,382.5533137182661,382.52400872525646,382.5500387820224,96103
2025-11-04 14:53:00,382.5500387820224,382.5588855480377,382.43614949537294,382.4394030287923,45367
2025-11-04 14:54:00,382.4394030287923,382.5001607228104,382.2984430265517,382.3700980387077,35989
2025-11-04 14:55:00,382.3700980387077,382.4321332045673,382.36187880845665,382.384201115054,33482
2025-11-04 14:56:00,382.384201115054,382.42807890101074,382.37009050947637,382.4026226083279,70204
2025-11-04 14:57:00,382.4026226083279,382.4479239665755,382.37291234504767,382.41212804346065,99572
2025-11-04 14:58:00,382.41212804346065,382.4389234185484,382.35020868193584,382.3811455546682,72112
2025-11-04 14:59:00,382.3811455546682,382.4090426688394,382.17263012115353,382.240547602541,93038
2025-11-04 15:00:00,382.240547602541,382.3066103416705,382.2072314323895,382.2997628172641,41921
2025-11-04 15:01:00,382.2997628172641,382.31009986548804,382.212595505424,382.25482226405154,98913
2025-11-04 15:02:00,382.25482226405154,382.2715082943078,382.1207571532909,382.17641092542596,69940
2025-11-04 15:03:00,382.17641092542596,382.1922110067112,382.17105681401824,382.17229490755125,89834
2025-11-04 15:04:00,382.17229490755125,382.30888902759114,382.1174795657568,382.25427405973664,72648
2025-11-04 15:05:00,382.25427405973664,382.29732488032397,382.2222155391624,382.27604379181264,45361
2025-11-04 15:06:00,382.27604379181264,382.4423071616925,382.2543200619716,382.40942631579566,70422
2025-11-04 15:07:00,382.40942631579566,382.51187021005734,382.3892250308509,382.49251476070225,33446
2025-11-04 15:08:00,382.49251476070225,382.5388123197844,382.4268335617084,382.5119695254109,82683
2025-11-04 15:09:00,382.5119695254109,382.5638383899091,382.35604223861213,382.3911442685581,23782
2025-11-04 15:10:00,382.3911442685581,382.46591640100485,382.2788969347427,382.45322207302576,16057
2025-11-04 15:11:00,382.45322207302576,382.49186514862174,382.3505496626217,382.374595521831,33259
2025-11-04 15:12:00,382.374595521831,382.4050468586106,382.23372685623025,382.2589426552553,40868
2025-11-04 15:13:00,382.2589426552553,382.30434448687214,382.17783874901147,382.2266189266315,79000
2025-11-04 15:14:00,382.2266189266315,382.2691627138834,382.2190834289461,382.2581652379435,85838
2025-11-04 15:15:00,382.2581652379435,382.2837711359248,382.11927943616234,382.14302228622387,81694
2025-11-04 15:16:00,382.14302228622387,382.2131449241781,382.1316639553476,382.2056738488321,61364
2025-11-04 15:17:00,382.2056738488321,382.3580341659357,382.20494713298297,382.2949002863832,20567
2025-11-04 15:18:00,382.2949002863832,382.41643121107586,382.26701906756506,382.384952889753,84387
2025-11-04 15:19:00,382.384952889753,382.4159541094297,382.1780557347854,382.2472406374738,60945
2025-11-04 15:20:00,382.2472406374738,382.30123890918867,382.2450288002277,382.30090292623333,84716
2025-11-04 15:21:00,382.30090292623333,382.3185725190326,382.18126428140897,382.2423655752394,83973
2025-11-04 15:22:00,382.2423655752394,382.26903956703035,382.0596776593028,382.0802177304192,70460
2025-11-04 15:23:00,382.0802177304192,382.13357534959545,382.02258275125746,382.0842679084874,50159
2025-11-04 15:24:00,382.0842679084874,382.1493890790861,381.9868841241019,382.0661210463753,60886
2025-11-04 15:25:00,382.0661210463753,382.1325703260548,381.85279766042385,381.8933322102224,89348
2025-11-04 15:26:00,381.8933322102224,381.8933769366603,381.7413901764067,381.77817748297065,69254
2025-11-04 15:27:00,381.77817748297065,381.7789588830856,381.508950655664,381.5327600266745,146730
2025-11-04 15:28:00,381.5327600266745,381.533904227988,381.37459109976356,381.4875445905703,97618
2025-11-04 15:29:00,381.4875445905703,381.6284696420012,381.476444843101,381.5869149991983,40866
2025-11-04 15:30:00,381.5869149991983,381.69943710537376,381.5515002758895,381.6545299180793,54291
2025-11-04 15:31:00,381.6545299180793,381.6883696936153,381.4968468495871,381.5575529417977,77936
2025-11-04 15:32:00,381.5575529417977,381.58947100017025,381.4999959001583,381.5004512888609,79072
2025-11-04 15:33:00,381.5004512888609,381.5579090337679,381.41140821147343,381.51513472733615,48665
2025-11-04 15:34:00,381.51513472733615,381.6453827684545,381.5006462794046,381.60027185108083,73822
2025-11-04 15:35:00,381.60027185108083,381.6785577660293,381.5538469799407,381.6561519361475,53371
2025-11-04 15:36:00,381.6561519361475,381.72662077234816,381.55749766400453,381.63128071966577,89012
2025-11-04 15:37:00,381.63128071966577,381.70947908821694,381.59508426427453,381.6890406749615,70289
2025-11-04 15:38:00,381.6890406749615,381.81438878572555,381.66358043286306,381.80285715498076,58791
2025-11-04 15:39:00,381.80285715498076,382.0035457216094,381.7933833125684,381.95987745876033,74418
2025-11-04 15:40:00,381.95987745876033,381.9935877254209,381.82835690066935,381.83017049643894,63767
2025-11-04 15:41:00,381.83017049643894,381.9148876584324,381.81111098162125,381.88440918349454,98365
2025-11-04 15:42:00,381.88440918349454,381.9502154453793,381.8388875559606,381.9245048515683,89810
2025-11-04 15:43:00,381.9245048515683,381.9313675136636,381.8732981327693,381.88754379423926,55028
2025-11-04 15:44:00,381.88754379423926,381.9125786868774,381.8413668377399,381.893957206535,54645
2025-11-04 15:45:00,381.893957206535,381.89553409869006,381.75476919113845,381.81106733561154,88382
2025-11-04 15:46:00,381.81106733561154,381.8402157681905,381.7053799222327,381.7258709360916,92324
2025-11-04 15:47:00,381.7258709360916,381.73604824456135,381.5364644734219,381.57385359018843,83616
2025-11-04 15:48:00,381.57385359018843,381.62003845207624,381.5315717638775,381.5331489523605,52244
2025-11-04 15:49:00,381.5331489523605,381.55934268159734,381.4091941501941,381.4535715453233,74361
2025-11-04 15:50:00,381.4535715453233,381.4723010286309,381.3220987338422,381.3837411931285,11652
2025-11-04 15:51:00,381.3837411931285,381.3868889586845,381.21545856928753,381.21802408570824,53138
2025-11-04 15:52:00,381.21802408570824,381.28337112063747,381.1407821371123,381.1801860975957,93456
2025-11-04 15:53:00,381.1801860975957,381.1818718375943,381.0984269203069,381.1592482626986,30229
2025-11-04 15:54:00,381.1592482626986,381.20310014061124,381.1278328821262,381.13737031753993,31071
2025-11-04 15:55:00,381.13737031753993,381.1940180685879,381.0800227718107,381.1131459722513,95779
2025-11-04 15:56:00,381.1131459722513,381.2611460692684,381.08881939660864,381.18996747482703,36325
2025-11-04 15:57:00,381.18996747482703,381.19920410166014,381.13124437852906,381.1715215760641,72751
2025-11-04 15:58:00,381.1715215760641,381.19700117361157,381.0218068675147,381.05984024545546,87850
2025-11-04 15:59:00,381.05984024545546,381.0599911939631,380.9036131030204,380.92614274430315,11949
2025-11-04 16:00:00,380.92614274430315,380.9637519890336,380.8163738028559,380.8237521602644,11919
2025-11-05 09:30:00,380.8237521602644,380.8275254614349,380.7719858810183,380.82554783903754,24456
2025-11-05 09:31:00,380.82554783903754,380.85605319308996,380.78113148412746,380.82873365576097,73575
2025-11-05 09:32:00,380.82873365576097,380.83980871182956,380.8133354858241,380.82789613352264,40226
2025-11-05 09:33:00,380.82789613352264,380.8640596681012,380.7953375633782,380.81951998586885,72509
2025-11-05 09:34:00,380.81951998586885,380.87893756205,380.707554899013,380.78186839936717,19596
2025-11-05 09:35:00,380.78186839936717,380.92036298886336,380.77172728595053,380.8869792752181,80202
2025-11-05 09:36:00,380.8869792752181,380.9025735684427,380.8568147333234,380.8730482957727,63609
2025-11-05 09:37:00,380.8730482957727,380.91259671238925,380.8688809159838,380.88029032536775,25619
2025-11-05 09:38:00,380.88029032536775,380.8923843573446,380.81758131014794,380.82886101161847,42747
2025-11-05 09:39:00,380.82886101161847,380.84079510016,380.62022362485243,380.6374115464204,52518
2025-11-05 09:40:00,380.6374115464204,380.6986148091055,380.47506433285224,380.52656683984287,21805
2025-11-05 09:41:00,380.52656683984287,380.53855429994155,380.3302366746547,380.3870155159329,52923
2025-11-05 09:42:00,380.3870155159329,380.4032635856227,380.37062777373245,380.3991748377667,52255
2025-11-05 09:43:00,380.3991748377667,380.45683119092166,380.36873501898543,380.4455931417043,50076
2025-11-05 09:44:00,380.4455931417043,380.4646503207422,380.3479390883198,380.3853052601372,49807
2025-11-05 09:45:00,380.3853052601372,380.4399044931798,380.25608252583146,380.26911156166074,34918
2025-11-05 09:46:00,380.26911156166074,380.28252873526185,380.1596308264851,380.1769715215721,23280
2025-11-05 09:47:00,380.1769715215721,380.20622861614726,379.9513001769749,379.9937979720719,135976
2025-11-05 09:48:00,379.9937979720719,380.037136036062,379.8276021668334,379.85179275894757,83230
2025-11-05 09:49:00,379.85179275894757,379.8528329572675,379.7190900282734,379.7932677247783,74648
2025-11-05 09:50:00,379.7932677247783,379.83448452663436,379.78881942590016,379.8074686988238,67923
2025-11-05 09:51:00,379.8074686988238,379.81528388292486,379.6793174586788,379.7402893126532,55667
2025-11-05 09:52:00,379.7402893126532,379.79239268740656,379.5374726006639,379.5822611108339,193780
2025-11-05 09:53:00,379.5822611108339,379.63981094001116,379.5043595428063,379.5635927796703,63214
2025-11-05 09:54:00,379.5635927796703,379.7258043431706,379.54328724062685,379.66840656149355,63938
2025-11-05 09:55:00,379.66840656149355,379.86098391726205,379.6480105810108,379.82432413632415,83846
2025-11-05 09:56:00,379.82432413632415,379.9204612708381,379.7914583266435,379.9184454496695,28800
2025-11-05 09:57:00,379.9184454496695,379.9637036402986,379.7818289936015,379.8074712034125,39764
2025-11-05 09:58:00,379.8074712034125,379.8407987021601,379.6236948725091,379.6771187537041,32072
2025-11-05 09:59:00,379.6771187537041,379.7716135784287,379.6166382750804,379.72090996437305,32578
2025-11-05 10:00:00,379.72090996437305,379.78171753413676,379.6829221991883,379.77842779115105,43746
2025-11-05 10:01:00,379.77842779115105,379.9381826385039,379.707412921047,379.8617164509633,30505
2025-11-05 10:02:00,379.8617164509633,379.8761269727005,379.79021627795885,379.7920344140816,17273
2025-11-05 10:03:00,379.7920344140816,379.8181351830019,379.71164374129825,379.7281919059064,59323
2025-11-05 10:04:00,379.7281919059064,379.84571129252447,379.5957261883505,379.66428748539033,67819
2025-11-05 10:05:00,379.66428748539033,379.7684244947585,379.64294254288274,379.7657627744336,35037
2025-11-05 10:06:00,379.7657627744336,379.80575606456733,379.713832130864,379.7701450603507,67183
2025-11-05 10:07:00,379.7701450603507,379.7933557439187,379.7005338876649,379.72058290743655,81695
2025-11-05 10:08:00,379.72058290743655,379.84434613714996,379.6901280500691,379.823340549479,43387
2025-11-05 10:09:00,379.823340549479,379.8535790689892,379.786164609656,379.8283697675639,26191
2025-11-05 10:10:00,379.8283697675639,379.8763947760944,379.7598653912224,379.86910019787564,56798
2025-11-05 10:11:00,379.86910019787564,379.9109421622402,379.7839107864108,379.86120044868284,74814
2025-11-05 10:12:00,379.86120044868284,379.882562336246,379.82205933265357,379.87163881919014,10443
2025-11-05 10:13:00,379.87163881919014,379.9471884525049,379.8184889200025,379.8193278009339,78247
2025-11-05 10:14:00,379.8193278009339,379.82432485007047,379.75910454705695,379.79794363373117,99144
2025-11-05 10:15:00,379.79794363373117,379.9979066406829,379.7736968613511,379.92604652053046,46649
2025-11-05 10:16:00,379.92604652053046,380.06656646111077,379.9184654943803,380.04466601471296,62800
2025-11-05 10:17:00,380.04466601471296,380.0466187719173,379.9151560832452,379.9504478512897,66238
2025-11-05 10:18:00,379.9504478512897,380.0468443423586,379.8735063690779,380.0360835490207,14395
2025-11-05 10:19:00,380.0360835490207,380.10553458229134,380.0076779430597,380.06786259352015,37584
2025-11-05 10:20:00,380.06786259352015,380.1523905406095,380.00629481943645,380.1285120132275,86816
2025-11-05 10:21:00,380.1285120132275,380.29533291348963,380.10834353381676,380.25076424759374,73146
2025-11-05 10:22:00,380.25076424759374,380.2588893230602,380.0967164319012,380.17354256990313,70817
2025-11-05 10:23:00,380.17354256990313,380.4244507315141,380.13108839534294,380.39244981017407,154010
2025-11-05 10:24:00,380.39244981017407,380.61355011014814,380.305924943529,380.5714318730641,130304
2025-11-05 10:25:00,380.5714318730641,380.7127544551769,380.5185203885267,380.6947570290011,69004
2025-11-05 10:26:00,380.6947570290011,380.8738938112945,380.6536907603063,380.81146723958676,52145
2025-11-05 10:27:00,380.81146723958676,380.970297261542,380.79608567107056,380.94566269612085,97081
2025-11-05 10:28:00,380.94566269612085,380.99559151519276,380.9161425868734,380.9749643250261,64068
2025-11-05 10:29:00,380.9749643250261,380.98025566052144,380.95237760774415,380.9779550835256,56099
2025-11-05 10:30:00,380.9779550835256,381.1430481327593,380.9539901277225,381.1164098842222,79767
2025-11-05 10:31:00,381.1164098842222,381.1358368724732,381.0958662604746,381.1196850599733,55704
2025-11-05 10:32:00,381.1196850599733,381.14709399353586,381.01226730392136,381.08161546116935,61550
2025-11-05 10:33:00,381.08161546116935,381.09400002583726,380.90665839340903,380.92573406069,177866
2025-11-05 10:34:00,380.92573406069,380.9574894544218,380.89316071329637,380.899607264119,33016
2025-11-05 10:35:00,380.899607264119,380.9332495418983,380.75002323944136,380.8109249874042,67771
2025-11-05 10:36:00,380.8109249874042,380.8441672246795,380.69515523572323,380.78754163546694,96839
2025-11-05 10:37:00,380.78754163546694,380.9106824393271,380.6829019686131,380.7944650452025,76266
2025-11-05 10:38:00,380.7944650452025,380.9190611361963,380.79190495231614,380.8788896700226,81835
2025-11-05 10:39:00,380.8788896700226,380.94728261836536,380.8471439697282,380.90759915548784,89599
2025-11-05 10:40:00,380.90759915548784,380.9510306088344,380.87854492327193,380.880169449046,58621
2025-11-05 10:41:00,380.880169449046,380.90461156336744,380.63130066749113,380.655126481579,76782
2025-11-05 10:42:00,380.655126481579,380.67980458344726,380.5664387861464,380.58065093014324,16574
2025-11-05 10:43:00,380.58065093014324,380.6290573173129,380.49531097899,380.5268429316881,61458
2025-11-05 10:44:00,380.5268429316881,380.5475258680484,380.4450027215307,380.47004754831084,35298
2025-11-05 10:45:00,380.47004754831084,380.48718632195437,380.37652255071015,380.414860849084,24404
2025-11-05 10:46:00,380.414860849084,380.46564565887667,380.29681829427335,380.329886366424,79445
2025-11-05 10:47:00,380.329886366424,380.3365568249056,380.2718180367031,380.2985255056926,57147
2025-11-05 10:48:00,380.2985255056926,380.41885880330193,380.27859679252214,380.37233630048036,65692
2025-11-05 10:49:00,380.37233630048036,380.5676396320209,380.36313881859235,380.5145413360457,43071
2025-11-05 10:50:00,380.5145413360457,380.5401997056659,380.46847136917785,380.4994278364947,86762
2025-11-05 10:51:00,380.4994278364947,380.51510262453854,380.38334949447716,380.4157453587236,10528
2025-11-05 10:52:00,380.4157453587236,380.4479158360304,380.2596807467663,380.3084924317159,23919
2025-11-05 10:53:00,380.3084924317159,380.41454416674907,380.2533443900254,380.3360803841318,84266
2025-11-05 10:54:00,380.3360803841318,380.33697151419176,380.1095766404919,380.20142377632635,92948
2025-11-05 10:55:00,380.20142377632635,380.22665570492893,380.065363196572,380.1056378813579,36926
2025-11-05 10:56:00,380.1056378813579,380.1713187609463,380.00757790954003,380.0254142680739,92104
2025-11-05 10:57:00,380.0254142680739,380.0462755548514,379.86285659192635,379.92620492572655,61626
2025-11-05 10:58:00,379.92620492572655,380.0349706265104,379.905199076689,379.94675560460803,44986
2025-11-05 10:59:00,379.94675560460803,379.97588436361025,379.8244639879612,379.8818694078972,98281
2025-11-05 11:00:00,379.8818694078972,379.9030287721374,379.682954178235,379.71629511537213,105096
2025-11-05 11:01:00,379.71629511537213,379.7282310673892,379.63764659117123,379.6543191156712,19114
2025-11-05 11:02:00,379.6543191156712,379.74781077136015,379.6391110455302,379.67961771769563,85287
2025-11-05 11:03:00,379.67961771769563,379.91096116940594,379.65807038829246,379.8904461660925,77534
2025-11-05 11:04:00,379.8904461660925,379.9339118636357,379.8771978241611,379.8976813902384,40540
2025-11-05 11:05:00,379.8976813902384,380.08763298351556,379.87445536278386,380.0758772812562,177144
2025-11-05 11:06:00,380.0758772812562,380.1471417890265,380.00995075795294,380.05479678803925,59222
2025-11-05 11:07:00,380.05479678803925,380.0699989801241,379.912567253688,379.9995411937903,77764
2025-11-05 11:08:00,379.9995411937903,380.01848010825813,379.81728576495925,379.8275354123511,98318
2025-11-05 11:09:00,379.8275354123511,379.94266850062627,379.7019331105721,379.721436933884,77664
2025-11-05 11:10:00,379.721436933884,379.7313901222655,379.5447728927418,379.5493017093463,122060
2025-11-05 11:11:00,379.5493017093463,379.5843856273972,379.5292445648363,379.54636187867555,52460
2025-11-05 11:12:00,379.54636187867555,379.566279300663,379.5157113003012,379.5307207266418,91541
2025-11-05 11:13:00,379.5307207266418,379.5606354952055,379.432113188342,379.49968787705143,67757
2025-11-05 11:14:00,379.49968787705143,379.6604071469273,379.4553484756984,379.6516952873981,135464
2025-11-05 11:15:00,379.6516952873981,379.7697244627587,379.612889711618,379.73480302732605,12389
2025-11-05 11:16:00,379.73480302732605,379.7659853193306,379.67211351339245,379.69252263678254,98993
2025-11-05 11:17:00,379.69252263678254,379.73972190044145,379.65156562958526,379.733208750187,38173
2025-11-05 11:18:00,379.733208750187,379.8654126832873,379.700530223974,379.7852287671631,56229
2025-11-05 11:19:00,379.7852287671631,379.79303339462143,379.7401502795851,379.7771935351521,47594
2025-11-05 11:20:00,379.7771935351521,379.90358991245176,379.7350159601262,379.85463120866655,80179
2025-11-05 11:21:00,379.85463120866655,379.99850795610394,379.85362186033063,379.9963567174133,27942
2025-11-05 11:22:00,379.9963567174133,380.1254705934793,379.9825806516587,380.10226869705133,12016
2025-11-05 11:23:00,380.10226869705133,380.11413062198835,380.08495873484424,380.09779901222174,85017
2025-11-05 11:24:00,380.09779901222174,380.09865472542356,380.0015450968371,380.08811254408096,15079
2025-11-05 11:25:00,380.08811254408096,380.16723857754124,380.01716434378466,380.1535676959706,89233
2025-11-05 11:26:00,380.1535676959706,380.30541748643833,380.14491992912775,380.2751173015999,24901
2025-11-05 11:27:00,380.2751173015999,380.2998385651776,380.22794743365966,380.2610537604276,99521
2025-11-05 11:28:00,380.2610537604276,380.3096705168799,380.2309191990733,380.29323478264064,44512
2025-11-05 11:29:00,380.29323478264064,380.37296317465353,380.28416611468094,380.32106271126617,60621
2025-11-05 11:30:00,380.32106271126617,380.5149913270127,380.3206589616318,380.49486049170025,48650
2025-11-05 11:31:00,380.49486049170025,380.5897870903464,380.4675046547019,380.5582694266489,96602
2025-11-05 11:32:00,380.5582694266489,380.6058401819985,380.45168635540244,380.46582900223285,19695
2025-11-05 11:33:00,380.46582900223285,380.48253366991156,380.3836430590722,380.38806929149706,54406
2025-11-05 11:34:00,380.38806929149706,380.4409559070327,380.29994940575915,380.3499991778531,37740
2025-11-05 11:35:00,380.3499991778531,380.4222609424383,380.33683834422175,380.3543161542656,66531
2025-11-05 11:36:00,380.3543161542656,380.4981859701173,380.33007649870933,380.41209312934427,27131
2025-11-05 11:37:00,380.41209312934427,380.51263756945656,380.3790742946174,380.5120488548854,65041
2025-11-05 11:38:00,380.5120488548854,380.55255940935245,380.4443570181701,380.4957938944428,27769
2025-11-05 11:39:00,380.4957938944428,380.52986903868026,380.39716034108875,380.4406293074255,34524
2025-11-05 11:40:00,380.4406293074255,380.47178808492555,380.4220404800367,380.45227337139175,64261
2025-11-05 11:41:00,380.45227337139175,380.55099980916924,380.3955229996194,380.50604449464095,39520
2025-11-05 11:42:00,380.50604449464095,380.56231871078046,380.4798515316182,380.48375966958815,97329
2025-11-05 11:43:00,380.48375966958815,380.5823112286034,380.482468270518,380.5647932891806,72508
2025-11-05 11:44:00,380.5647932891806,380.5798776200661,380.5558345843348,380.562294544342,80423
2025-11-05 11:45:00,380.562294544342,380.65031844312216,380.5547524515162,380.5825329964828,91311
2025-11-05 11:46:00,380.5825329964828,380.71425584521,380.5728383743331,380.6764052349027,37002
2025-11-05 11:47:00,380.6764052349027,380.71579800403094,380.61970637271264,380.6286774245912,62482
2025-11-05 11:48:00,380.6286774245912,380.7479341758417,380.61231662802294,380.6997887141117,44722
2025-11-05 11:49:00,380.6997887141117,380.7002427359477,380.57103858329543,380.58324565345725,81543
2025-11-05 11:50:00,380.58324565345725,380.624869679153,380.4309338640944,380.54865390848016,40383
2025-11-05 11:51:00,380.54865390848016,380.8260291368509,380.5067274224539,380.7938727746596,54886
2025-11-05 11:52:00,380.7938727746596,380.89653806585176,380.7569719043764,380.8694217829835,42210
2025-11-05 11:53:00,380.8694217829835,380.9282448599011,380.82817002799504,380.8409579720226,60551
2025-11-05 11:54:00,380.8409579720226,380.94015608443635,380.7785803488931,380.79364219034125,89251
2025-11-05 11:55:00,380.79364219034125,380.7983087934401,380.7576453191038,380.7980145168023,83740
2025-11-05 11:56:00,380.7980145168023,380.88811591616985,380.75517225329713,380.794010856277,30654
2025-11-05 11:57:00,380.794010856277,380.83897638077644,380.6665191106181,380.6757458005008,79634
2025-11-05 11:58:00,380.6757458005008,380.8399422755595,380.67344305502917,380.8013030956714,68215
2025-11-05 11:59:00,380.8013030956714,380.8960479021351,380.77756007193693,380.84168891347736,17253
2025-11-05 12:00:00,380.84168891347736,380.9434348802738,380.8416861389728,380.89960538806974,48485
2025-11-05 12:01:00,380.89960538806974,380.92788668013554,380.8656472598805,380.8738184378289,47170
2025-11-05 12:02:00,380.8738184378289,380.8941107553623,380.6069326389873,380.6375940128217,92730
2025-11-05 12:03:00,380.6375940128217,380.7953148882481,380.6105292802656,380.7914466046989,170702
2025-11-05 12:04:00,380.7914466046989,380.83115105393284,380.7829749259799,380.79107229871744,90739
2025-11-05 12:05:00,380.79107229871744,380.87669866378604,380.7642659093378,380.81375970941406,95674
2025-11-05 12:06:00,380.81375970941406,380.9565398336961,380.7799669679752,380.9134430730492,31801
2025-11-05 12:07:00,380.9134430730492,381.0922755245006,380.8624088221417,381.03960114957573,31113
2025-11-05 12:08:00,381.03960114957573,381.20039416811915,381.0061604528137,381.17269152269444,47321
2025-11-05 12:09:00,381.17269152269444,381.1825440504327,381.12466432638456,381.1759491132947,87066
2025-11-05 12:10:00,381.1759491132947,381.20934852696473,381.1098603091337,381.2027762337632,29056
2025-11-05 12:11:00,381.2027762337632,381.2498815760237,381.1352635476807,381.14182076337244,82999
2025-11-05 12:12:00,381.14182076337244,381.2166932946497,381.1244208098226,381.2133358668742,52192
2025-11-05 12:13:00,381.2133358668742,381.23400513278955,381.1216702651725,381.1690555025907,17111
2025-11-05 12:14:00,381.1690555025907,381.24642165162464,381.16858418342724,381.2332820163015,95548
2025-11-05 12:15:00,381.2332820163015,381.263508740904,381.2259307865795,381.24825221983457,87120
2025-11-05 12:16:00,381.24825221983457,381.2614656964334,381.2363720252947,381.2471097503401,42963
2025-11-05 12:17:00,381.2471097503401,381.2798499752859,381.118571283907,381.12729251706054,11080
2025-11-05 12:18:00,381.12729251706054,381.1475784641212,381.06572268541663,381.09255654981024,93482
2025-11-05 12:19:00,381.09255654981024,381.11024302489386,381.0791897875296,381.07924794512115,44019
2025-11-05 12:20:00,381.07924794512115,381.1054425155329,380.99269956921853,381.0086902902545,67589
2025-11-05 12:21:00,381.0086902902545,381.08359544833326,380.9096728793091,381.08244217634353,86815
2025-11-05 12:22:00,381.08244217634353,381.11022445772517,380.8542987342472,380.91293199505617,104522
2025-11-05 12:23:00,380.91293199505617,380.9721035520191,380.89988500450005,380.9373807300214,83401
2025-11-05 12:24:00,380.9373807300214,380.95773346630136,380.88545809344066,380.9218955097643,52816
2025-11-05 12:25:00,380.9218955097643,380.9495816348647,380.89781891099426,380.90020051701214,14747
2025-11-05 12:26:00,380.90020051701214,380.93412436939667,380.85724304844535,380.9319211882099,33437
2025-11-05 12:27:00,380.9319211882099,380.948835212223,380.7585953323024,380.8225737054054,29455
2025-11-05 12:28:00,380.8225737054054,380.8456831567818,380.65232209725053,380.6889564266671,98552
2025-11-05 12:29:00,380.6889564266671,380.69178642816763,380.59808196223105,380.6349106445532,56009
2025-11-05 12:30:00,380.6349106445532,380.6666403053482,380.5128400383842,380.53871242933485,47569
2025-11-05 12:31:00,380.53871242933485,380.54334636821886,380.26841759935047,380.29600160284514,192346
2025-11-05 12:32:00,380.29600160284514,380.39857144684686,380.2593342696103,380.3235330432927,94292
2025-11-05 12:33:00,380.3235330432927,380.37757646030985,380.18845172946135,380.2198527371657,66879
2025-11-05 12:34:00,380.2198527371657,380.23691303780265,380.12949379125695,380.1383988854284,21025
2025-11-05 12:35:00,380.1383988854284,380.1849192756924,380.13571943840293,380.1598250982101,97579
2025-11-05 12:36:00,380.1598250982101,380.18044874235335,380.0976863928478,380.1561044650025,74818
2025-11-05 12:37:00,380.1561044650025,380.1773913603324,380.05943412293306,380.1025950206565,21231
2025-11-05 12:38:00,380.1025950206565,380.24375105375356,380.0192156159928,380.2057344613562,71517
2025-11-05 12:39:00,380.2057344613562,380.22473864948046,380.0292651578837,380.03989669801246,157720
2025-11-05 12:40:00,380.03989669801246,380.0934711708666,379.9839331634313,380.07684295239324,61553
2025-11-05 12:41:00,380.07684295239324,380.08925806985076,379.91328524893686,379.9893753652013,34815
2025-11-05 12:42:00,379.9893753652013,380.0273982182235,379.8955141820492,379.92800165353077,76612
2025-11-05 12:43:00,379.92800165353077,379.96077313789664,379.857000872877,379.88530055706235,97218
2025-11-05 12:44:00,379.88530055706235,379.91138573106804,379.8370214970856,379.85645439130246,84451
2025-11-05 12:45:00,379.85645439130246,379.90812199407816,379.83099936097693,379.8839045288268,20057
2025-11-05 12:46:00,379.8839045288268,380.00727821478887,379.87044879823924,379.89998608472007,87681
2025-11-05 12:47:00,379.89998608472007,379.91514577106796,379.8436021573296,379.89375106478406,30641
2025-11-05 12:48:00,379.89375106478406,379.9189797320887,379.87569628737685,379.9136003155757,19638
2025-11-05 12:49:00,379.9136003155757,379.9375211044416,379.79976715126276,379.80765136352164,55097
2025-11-05 12:50:00,379.80765136352164,379.96326945142584,379.77841418070375,379.94600132939706,53832
2025-11-05 12:51:00,379.94600132939706,379.9940038273647,379.90312775874514,379.9411085292698,87722
2025-11-05 12:52:00,379.9411085292698,379.98879514359953,379.9138195734411,379.939910396798,82725
2025-11-05 12:53:00,379.939910396798,379.940332837996,379.81650087905575,379.86280544890906,71477
2025-11-05 12:54:00,379.86280544890906,379.96711642900607,379.84691092815376,379.9635649254361,81303
2025-11-05 12:55:00,379.9635649254361,379.96474663712894,379.8906368278384,379.91297892505327,38670
2025-11-05 12:56:00,379.91297892505327,379.96071747305257,379.70167333741307,379.75063090462663,40692
2025-11-05 12:57:00,379.75063090462663,379.76438983965437,379.74142332168134,379.75003677742995,35920
2025-11-05 12:58:00,379.75003677742995,379.80818891837964,379.69993367269893,379.7127333064276,83927
2025-11-05 12:59:00,379.7127333064276,379.7196038683538,379.66668821618924,379.67889537898424,43043
2025-11-05 13:00:00,379.67889537898424,379.8857678466243,379.63414379561874,379.7832521045896,69119
2025-11-05 13:01:00,379.7832521045896,379.81561507147103,379.72813752020267,379.75103597369554,70721
2025-11-05 13:02:00,379.75103597369554,379.76666522451796,379.7048678936091,379.74061679561413,90140
2025-11-05 13:03:00,379.74061679561413,379.7649121784225,379.68090445137165,379.6834772980452,21937
2025-11-05 13:04:00,379.6834772980452,379.7348119988369,379.4832887812354,379.56297451755603,27358
2025-11-05 13:05:00,379.56297451755603,379.5818298482408,379.539838850873,379.5800138019693,38605
2025-11-05 13:06:00,379.5800138019693,379.6517015801496,379.5625414772402,379.63047401697395,78731
2025-11-05 13:07:00,379.63047401697395,379.65179332848805,379.5083132138622,379.5490328393381,92641
2025-11-05 13:08:00,379.5490328393381,379.555996543814,379.5157569316424,379.51745726307513,87112
2025-11-05 13:09:00,379.51745726307513,379.52632765090993,379.3196647669657,379.39427403302176,58929
2025-11-05 13:10:00,379.39427403302176,379.4704073343611,379.32259587731517,379.4676426208179,30557
2025-11-05 13:11:00,379.4676426208179,379.6260546142055,379.4266708540762,379.5953471475741,75898
2025-11-05 13:12:00,379.5953471475741,379.6949840985171,379.52132622264565,379.6619150649448,32463
2025-11-05 13:13:00,379.6619150649448,379.6681164797926,379.4573002392197,379.5459148965501,67427
2025-11-05 13:14:00,379.5459148965501,379.55279994716466,379.473233661946,379.4887771542408,73308
2025-11-05 13:15:00,379.4887771542408,379.5159004211677,379.38925869934866,379.4377454041621,96971
2025-11-05 13:16:00,379.4377454041621,379.4484523202108,379.4322376237035,379.4430945149426,20534
2025-11-05 13:17:00,379.4430945149426,379.4452137874447,379.38221418569145,379.39653209929,49823
2025-11-05 13:18:00,379.39653209929,379.46560639282234,379.3554879175903,379.4606390372021,71404
2025-11-05 13:19:00,379.4606390372021,379.48208838144234,379.1729634312965,379.2416816196419,125598
2025-11-05 13:20:00,379.2416816196419,379.2568301738347,379.13044200945546,379.13164914402574,65240
2025-11-05 13:21:00,379.13164914402574,379.15334123461474,378.967579133237,379.0405681753817,20223
2025-11-05 13:22:00,379.0405681753817,379.0994345127925,378.86584525644315,378.91902876371586,25591
2025-11-05 13:23:00,378.91902876371586,378.9281345315863,378.80235237522845,378.87824952946687,21055
2025-11-05 13:24:00,378.87824952946687,378.92280233490834,378.82805524500344,378.8572462344083,13889
2025-11-05 13:25:00,378.8572462344083,378.89117307206374,378.7446902564114,378.77909771985577,66488
2025-11-05 13:26:00,378.77909771985577,378.82930199219294,378.67334709440314,378.70512366730503,47116
2025-11-05 13:27:00,378.70512366730503,378.74267330437715,378.677128039002,378.68111474166807,88629
2025-11-05 13:28:00,378.68111474166807,378.70071544509636,378.62280903591636,378.65465269416853,64862
2025-11-05 13:29:00,378.65465269416853,378.76900561396644,378.63203041506495,378.75388313011155,25467
2025-11-05 13:30:00,378.75388313011155,378.80962135863587,378.68721634312897,378.75892146042156,32650
2025-11-05 13:31:00,378.75892146042156,378.8278933635388,378.64626378294764,378.64806139585244,75642
2025-11-05 13:32:00,378.64806139585244,378.6647353144634,378.455699965338,378.47541734432303,50744
2025-11-05 13:33:00,378.47541734432303,378.493842372113,378.4137905422817,378.4224039140115,86534
2025-11-05 13:34:00,378.4224039140115,378.46922646840454,378.4222509572719,378.42832894315967,84474
2025-11-05 13:35:00,378.42832894315967,378.5013149928011,378.3864926746431,378.40128347390527,57458
2025-11-05 13:36:00,378.40128347390527,378.4437332730758,378.35932491362036,378.3782586642629,28394
2025-11-05 13:37:00,378.3782586642629,378.40923898849326,378.29564722442285,378.33752065715316,95504
2025-11-05 13:38:00,378.33752065715316,378.39906536515804,378.32015686538404,378.3310726100855,42152
2025-11-05 13:39:00,378.3310726100855,378.3665279503596,378.2711173502625,378.2801873808816,73797
2025-11-05 13:40:00,378.2801873808816,378.3105353744806,378.2444028907737,378.2568835619845,76558
2025-11-05 13:41:00,378.2568835619845,378.3269134722257,378.24426921384946,378.32638482812433,75941
2025-11-05 13:42:00,378.32638482812433,378.46126331805505,378.302967968211,378.43120063131107,96978
2025-11-05 13:43:00,378.43120063131107,378.5008989119203,378.3674699314117,378.4850556373328,60672
2025-11-05 13:44:00,378.4850556373328,378.48885145345304,378.46278737573914,378.47088496580193,38522
2025-11-05 13:45:00,378.47088496580193,378.47487938995965,378.43353037370207,378.4474338426877,46660
2025-11-05 13:46:00,378.4474338426877,378.61359183957154,378.41964967526184,378.58973885246263,32873
2025-11-05 13:47:00,378.58973885246263,378.7319855530191,378.55877385974117,378.6628128695103,63900
2025-11-05 13:48:00,378.6628128695103,378.6805059733224,378.5275976980069,378.5482019307574,82717
2025-11-05 13:49:00,378.5482019307574,378.6329433173133,378.5413086344046,378.61832855231233,19821
2025-11-05 13:50:00,378.61832855231233,378.63079692198517,378.5228187436499,378.5398817175418,34647
2025-11-05 13:51:00,378.5398817175418,378.7588912839516,378.5146968720604,378.742817619784,59246
2025-11-05 13:52:00,378.742817619784,378.8053371360155,378.6858337239647,378.76707645942827,92805
2025-11-05 13:53:00,378.76707645942827,378.81666505449226,378.7492458061659,378.7869619499343,80949
2025-11-05 13:54:00,378.7869619499343,378.9214638425654,378.77837725792983,378.871900239994,97659
2025-11-05 13:55:00,378.871900239994,378.87291711581895,378.71969651245047,378.77127028270303,30875
2025-11-05 13:56:00,378.77127028270303,378.8363227137666,378.7557395465968,378.8134404255859,56612
2025-11-05 13:57:00,378.8134404255859,378.9950035989897,378.7892531107324,378.97236745188815,189106
2025-11-05 13:58:00,378.97236745188815,379.0313842692131,378.90174963687343,378.97725908039405,94983
2025-11-05 13:59:00,378.97725908039405,379.0076334983833,378.9212024737638,378.9363010116298,78513
2025-11-05 14:00:00,378.9363010116298,378.94668730808667,378.85380171046984,378.9024511588233,47930
2025-11-05 14:01:00,378.9024511588233,378.95093851423064,378.87656329136115,378.9329637572912,12291
2025-11-05 14:02:00,378.9329637572912,378.9982159875103,378.8815555201553,378.98918291428106,56619
2025-11-05 14:03:00,378.98918291428106,378.9986815836282,378.84482133377503,378.92694412315126,72813
2025-11-05 14:04:00,378.92694412315126,378.9637107265994,378.8311926066646,378.8806647697971,25402
2025-11-05 14:05:00,378.8806647697971,378.91457433716613,378.75982041941336,378.8069693931708,72906
2025-11-05 14:06:00,378.8069693931708,378.9869356885113,378.7850370674026,378.9094627607738,77471
2025-11-05 14:07:00,378.9094627607738,378.95451006314244,378.81524528160213,378.8332355368893,47830
2025-11-05 14:08:00,378.8332355368893,378.84356482056666,378.74195795250773,378.81811055944445,75365
2025-11-05 14:09:00,378.81811055944445,378.8283059015583,378.72637688122785,378.73206740719667,37272
2025-11-05 14:10:00,378.73206740719667,378.78168811189045,378.73086098528995,378.76686432323174,78774
2025-11-05 14:11:00,378.76686432323174,378.8384552934201,378.63950762737596,378.68382351198886,97329
2025-11-05 14:12:00,378.68382351198886,378.72427617474216,378.62778537701007,378.64241184902926,50274
2025-11-05 14:13:00,378.64241184902926,378.71180058197086,378.64184057887593,378.7087116534801,45247
2025-11-05 14:14:00,378.7087116534801,378.74039003650086,378.5123502671624,378.55276920099004,150360
2025-11-05 14:15:00,378.55276920099004,378.59545230594745,378.5473275578961,378.56718705763546,87097
2025-11-05 14:16:00,378.56718705763546,378.69089888013605,378.5388517300082,378.6312050292819,29930
2025-11-05 14:17:00,378.6312050292819,378.80922029020394,378.59848049226014,378.7796187675608,31563
2025-11-05 14:18:00,378.7796187675608,378.8512241738947,378.7661515796732,378.82777079217146,32388
2025-11-05 14:19:00,378.82777079217146,378.84155677282047,378.671356788886,378.7438230660077,82776
2025-11-05 14:20:00,378.7438230660077,378.79903871287297,378.6997193206086,378.7529052272745,20248
2025-11-05 14:21:00,378.7529052272745,378.8207910839307,378.6781364234614,378.78187202901614,70611
2025-11-05 14:22:00,378.78187202901614,378.83694086168094,378.7543941942256,378.77257393853756,26258
2025-11-05 14:23:00,378.77257393853756,378.8026726752612,378.7692091843854,378.78734149232054,81310
2025-11-05 14:24:00,378.78734149232054,378.82410289830227,378.6833236942038,378.70788564355746,17188
2025-11-05 14:25:00,378.70788564355746,378.74032033234914,378.6434139271389,378.6799355722926,17370
2025-11-05 14:26:00,378.6799355722926,378.72204761435006,378.59383930011535,378.6381961623274,23566
2025-11-05 14:27:00,378.6381961623274,378.6661470052425,378.56066933105996,378.5692021022725,64643
2025-11-05 14:28:00,378.5692021022725,378.5824000505597,378.40846249318474,378.4413519080077,19675
2025-11-05 14:29:00,378.4413519080077,378.4711775307056,378.2611794272353,378.2624584393679,56944
2025-11-05 14:30:00,378.2624584393679,378.2861063757396,378.21920798146937,378.27796597298345,63013
2025-11-05 14:31:00,378.27796597298345,378.3328536557363,378.2412627466228,378.31816788183534,40484
2025-11-05 14:32:00,378.31816788183534,378.39460608316205,378.1526022022504,378.1779733161466,35835
2025-11-05 14:33:00,378.1779733161466,378.22390333399363,378.114015684166,378.11457127637857,23200
2025-11-05 14:34:00,378.11457127637857,378.1614777436998,378.09327419699997,378.0964347758055,40580
2025-11-05 14:35:00,378.0964347758055,378.1083851892747,378.0080877879035,378.0301603271561,58328
2025-11-05 14:36:00,378.0301603271561,378.105970153268,377.9608692690363,378.08944337188245,54787
2025-11-05 14:37:00,378.08944337188245,378.1142806968183,378.0116059080361,378.05878408775243,71471
2025-11-05 14:38:00,378.05878408775243,378.0919605438561,377.918902634129,377.9321930866331,49181
2025-11-05 14:39:00,377.9321930866331,378.02625881122754,377.91760404237505,378.01733597421133,67435
2025-11-05 14:40:00,378.01733597421133,378.02430241796355,377.90252108408185,377.910299984403,31699
2025-11-05 14:41:00,377.910299984403,377.9125066383019,377.8212094551391,377.8815203226603,36485
2025-11-05 14:42:00,377.8815203226603,377.98179968170246,377.77334305472766,377.818281451944,37086
2025-11-05 14:43:00,377.818281451944,377.87009220847875,377.7087476677447,377.71128987888665,48174
2025-11-05 14:44:00,377.71128987888665,377.77165226896494,377.65032761183977,377.75296293687256,77804
2025-11-05 14:45:00,377.75296293687256,377.8311029143965,377.714677894556,377.76779094736685,64091
2025-11-05 14:46:00,377.76779094736685,377.77662561762565,377.63835381202915,377.682353461858,52340
2025-11-05 14:47:00,377.682353461858,377.74485181017735,377.6465706435172,377.6951132547209,47869
2025-11-05 14:48:00,377.6951132547209,377.77515592852774,377.57515303791655,377.62518520363795,11711
2025-11-05 14:49:00,377.62518520363795,377.6519260737248,377.55169713750723,377.6144294201883,86759
2025-11-05 14:50:00,377.6144294201883,377.6313439287531,377.58248481963585,377.5947429341788,59451
2025-11-05 14:51:00,377.5947429341788,377.6634860539137,377.56294066646467,377.579328827549,58737
2025-11-05 14:52:00,377.579328827549,377.73548019164315,377.54430796024667,377.7047173989308,93817
2025-11-05 14:53:00,377.7047173989308,377.77495485776467,377.6980930907416,377.75340519635427,66381
2025-11-05 14:54:00,377.75340519635427,377.7785384349548,377.6627395257581,377.74620653818766,76480
2025-11-05 14:55:00,377.74620653818766,377.8614318923587,377.71913223067963,377.83050028855007,78376
2025-11-05 14:56:00,377.83050028855007,377.8721102510918,377.7079104573504,377.7355664131578,13260
2025-11-05 14:57:00,377.7355664131578,377.805095245997,377.7160323676965,377.787823763384,30672
2025-11-05 14:58:00,377.787823763384,377.8406190304464,377.6792668743142,377.73133676974794,50324
2025-11-05 14:59:00,377.73133676974794,377.773976570738,377.72913772173274,377.7580857766648,88743
2025-11-05 15:00:00,377.7580857766648,377.87054709540735,377.73562791884797,377.8456703894641,94954
2025-11-05 15:01:00,377.8456703894641,377.9158225963957,377.7620028913032,377.8571966383591,90171
2025-11-05 15:02:00,377.8571966383591,377.859551316416,377.7059356734339,377.7553483120294,88591
2025-11-05 15:03:00,377.7553483120294,377.9204768329967,377.71866800995036,377.8413796800998,96813
2025-11-05 15:04:00,377.8413796800998,377.86460217822673,377.83562714206164,377.83569689387,70263
2025-11-05 15:05:00,377.83569689387,377.8688472829705,377.7022464877755,377.7338379287955,36437
2025-11-05 15:06:00,377.7338379287955,377.7598311941463,377.62826747728286,377.72015305374623,53381
2025-11-05 15:07:00,377.72015305374623,377.79500305879134,377.7029309405289,377.7492258456276,29755
2025-11-05 15:08:00,377.7492258456276,377.7493414413005,377.7207887109304,377.7428724262662,83346
2025-11-05 15:09:00,377.7428724262662,377.85464369698263,377.6942906529872,377.81106432223334,19236
2025-11-05 15:10:00,377.81106432223334,377.9274182939239,377.7966391882444,377.8214113756248,30096
2025-11-05 15:11:00,377.8214113756248,377.88698294692614,377.66198716727433,377.70820822882047,88229
2025-11-05 15:12:00,377.70820822882047,377.71790228133966,377.5982845500128,377.61738832472247,89183
2025-11-05 15:13:00,377.61738832472247,377.7521469970446,377.5994723813398,377.7091156777738,89637
2025-11-05 15:14:00,377.7091156777738,377.714650259947,377.67716466107163,377.6955039201585,84974
2025-11-05 15:15:00,377.6955039201585,377.74694768589006,377.6076782197386,377.6335026452962,83667
2025-11-05 15:16:00,377.6335026452962,377.6531459354131,377.5549705360015,377.5950475430711,17704
2025-11-05 15:17:00,377.5950475430711,377.6834627384719,377.5786192418993,377.6389450190175,94482
2025-11-05 15:18:00,377.6389450190175,377.7063156005219,377.63017550897393,377.65316872298183,25624
2025-11-05 15:19:00,377.65316872298183,377.74378692470634,377.60915882098686,377.71398966456474,14959
2025-11-05 15:20:00,377.71398966456474,377.77203765646817,377.6991549242629,377.74561582862543,37215
2025-11-05 15:21:00,377.74561582862543,377.80895055274334,377.6910595385452,377.7835009076068,61943
2025-11-05 15:22:00,377.7835009076068,377.8053130604751,377.7011262511722,377.7128692567343,67205
2025-11-05 15:23:00,377.7128692567343,377.82752983371637,377.70739745295964,377.78164195265396,32455
2025-11-05 15:24:00,377.78164195265396,377.9353177889103,377.76535919773494,377.8500826948107,77641
2025-11-05 15:25:00,377.8500826948107,377.9862664580866,377.82462264791457,377.9530301725102,60658
2025-11-05 15:26:00,377.9530301725102,377.959870588158,377.9287231671675,377.95228501399424,30773
2025-11-05 15:27:00,377.95228501399424,378.1415500684492,377.94865664704776,378.1364128621207,163490
2025-11-05 15:28:00,378.1364128621207,378.1869287320741,378.11569567502596,378.15924778172774,61869
2025-11-05 15:29:00,378.15924778172774,378.4701910422715,378.15725872698863,378.4080986226452,154692
2025-11-05 15:30:00,378.4080986226452,378.43067626256294,378.2596831639523,378.30004379204786,82489
2025-11-05 15:31:00,378.30004379204786,378.48386818784775,378.27202826107026,378.42282723342777,12407
2025-11-05 15:32:00,378.42282723342777,378.43525535360556,378.2584373055699,378.2718854175362,62748
2025-11-05 15:33:00,378.2718854175362,378.3325706399492,378.27143159171897,378.32625960025973,11073
2025-11-05 15:34:00,378.32625960025973,378.3525043241415,378.1923233844023,378.2522572418013,22318
2025-11-05 15:35:00,378.2522572418013,378.2733581752083,378.1877191113403,378.2557426980482,36044
2025-11-05 15:36:00,378.2557426980482,378.318232448143,378.09329517203344,378.16008265517803,83820
2025-11-05 15:37:00,378.16008265517803,378.35588550993043,378.11801887039104,378.31251246617734,160640
2025-11-05 15:38:00,378.31251246617734,378.33064132942474,378.2221854268654,378.261988269032,84638
2025-11-05 15:39:00,378.261988269032,378.2923237306421,378.1523082534523,378.2029197986422,13992
2025-11-05 15:40:00,378.2029197986422,378.26662377965465,378.16310376995875,378.2559200344549,25305
2025-11-05 15:41:00,378.2559200344549,378.3680194005745,378.20070604091086,378.33036501724854,68817
2025-11-05 15:42:00,378.33036501724854,378.3397062233583,378.27803707499544,378.3206056273595,47403
2025-11-05 15:43:00,378.3206056273595,378.4062377133591,378.29108898859243,378.40102557750754,38255
2025-11-05 15:44:00,378.40102557750754,378.4141352166105,378.28467709894875,378.31216170692034,15539
2025-11-05 15:45:00,378.31216170692034,378.39447583892496,378.26033347901136,378.38554222573816,19511
2025-11-05 15:46:00,378.38554222573816,378.39320445756334,378.27175761056395,378.31139812694323,36008
2025-11-05 15:47:00,378.31139812694323,378.45560488974377,378.3088465467567,378.39621073878726,91512
2025-11-05 15:48:00,378.39621073878726,378.51719101255213,378.3653104443294,378.48654237183734,33634
2025-11-05 15:49:00,378.48654237183734,378.55173971487585,378.4717314299537,378.5455163604869,18382
2025-11-05 15:50:00,378.5455163604869,378.84742903579684,378.5331314658992,378.81441323959933,20772
2025-11-05 15:51:00,378.81441323959933,378.84910150999804,378.8043824763115,378.83733763494456,42521
2025-11-05 15:52:00,378.83733763494456,379.00020601185815,378.8335835245572,378.947461286778,15631
2025-11-05 15:53:00,378.947461286778,378.99660798952686,378.8367059788297,378.9906707659328,95827
2025-11-05 15:54:00,378.9906707659328,379.0388656919084,378.9373780670718,378.94186531113803,53154
2025-11-05 15:55:00,378.94186531113803,378.9479072248109,378.90897203478954,378.918697563907,90383
2025-11-05 15:56:00,378.918697563907,378.93481922404663,378.8991493570225,378.9226623544948,96120
2025-11-05 15:57:00,378.9226623544948,378.98730895095923,378.83984917177685,378.8539221056446,62433
2025-11-05 15:58:00,378.8539221056446,378.89787230366693,378.74223989517793,378.8250716072875,97520
2025-11-05 15:59:00,378.8250716072875,378.9329383248666,378.81334659681755,378.9026037483414,65013
2025-11-05 16:00:00,378.9026037483414,378.9603716124436,378.88669864114087,378.9550441897798,30977
2025-11-06 09:30:00,378.9550441897798,379.1908607835753,378.9393877577792,379.1564793565823,81604
2025-11-06 09:31:00,379.1564793565823,379.20964700059324,379.09073954200665,379.10087920601944,90291
2025-11-06 09:32:00,379.10087920601944,379.12760213542555,378.9886969382088,379.0007896529274,17925
2025-11-06 09:33:00,379.0007896529274,379.00575908568646,378.70863660992734,378.7421493280901,120150
2025-11-06 09:34:00,378.7421493280901,378.82040512089804,378.7339882231988,378.78780265879163,31134
2025-11-06 09:35:00,378.78780265879163,378.9233262272263,378.7477381400672,378.88007484143424,34583
2025-11-06 09:36:00,378.88007484143424,378.9791049758008,378.85521662444614,378.9648745044285,55538
2025-11-06 09:37:00,378.9648745044285,379.10516365611005,378.9094805638658,379.09897165516196,76912
2025-11-06 09:38:00,379.09897165516196,379.22654866939126,379.0952995191714,379.2226038895404,81979
2025-11-06 09:39:00,379.2226038895404,379.30598454354833,379.1930310247669,379.3039948139079,92911
2025-11-06 09:40:00,379.3039948139079,379.4998138514535,379.25252668965067,379.4507745647446,76635
2025-11-06 09:41:00,379.4507745647446,379.60605411440275,379.43069515418324,379.59029180843584,20807
2025-11-06 09:42:00,379.59029180843584,379.6708437552336,379.52507263873997,379.55567127870074,50799
2025-11-06 09:43:00,379.55567127870074,379.58145426088464,379.4737219112672,379.5006716431925,73908
2025-11-06 09:44:00,379.5006716431925,379.5167587173586,379.3757172928606,379.3781161821232,26555
2025-11-06 09:45:00,379.3781161821232,379.41898705647617,379.32692631145187,379.3951244648708,84180
2025-11-06 09:46:00,379.3951244648708,379.5114605356886,379.35082935868314,379.47256651277615,66078
2025-11-06 09:47:00,379.47256651277615,379.5720897402957,379.46078644804646,379.57205387778,13685
2025-11-06 09:48:00,379.57205387778,379.5731807812906,379.52570996660535,379.5442020506959,78617
2025-11-06 09:49:00,379.5442020506959,379.7062428373024,379.4962005511735,379.64040188303426,60805
2025-11-06 09:50:00,379.64040188303426,379.6772453023235,379.61883763327927,379.63881679716445,34550
2025-11-06 09:51:00,379.63881679716445,379.6488834489533,379.5623960686135,379.58703121077815,59237
2025-11-06 09:52:00,379.58703121077815,379.69762664842983,379.56671387008066,379.67818163817424,10903
2025-11-06 09:53:00,379.67818163817424,379.73018141722883,379.6586916489563,379.7023542625867,27610
2025-11-06 09:54:00,379.7023542625867,379.8223108901419,379.65852124104265,379.7494645747304,34064
2025-11-06 09:55:00,379.7494645747304,379.84747741465316,379.72213782233723,379.82063666375115,80043
2025-11-06 09:56:00,379.82063666375115,379.91984809289687,379.8075800817414,379.89167919136924,76198
2025-11-06 09:57:00,379.89167919136924,379.96619041304683,379.8870925029756,379.9388967688154,15378
2025-11-06 09:58:00,379.9388967688154,379.9690828492229,379.8612820541034,379.92631810215164,88437
2025-11-06 09:59:00,379.92631810215164,379.9792074642063,379.866571037881,379.8772656735322,67520
2025-11-06 10:00:00,379.8772656735322,379.9400328320669,379.87572838198133,379.8935021060823,66586
2025-11-06 10:01:00,379.8935021060823,379.993512139038,379.8538708061987,379.8561499130461,10511
2025-11-06 10:02:00,379.8561499130461,379.92382602110024,379.7742360092054,379.89919072867025,77261
2025-11-06 10:03:00,379.89919072867025,379.91400430445003,379.86797343644275,379.8709826537363,86008
2025-11-06 10:04:00,379.8709826537363,379.8966659181232,379.8176465815973,379.8490558905446,49492
2025-11-06 10:05:00,379.8490558905446,379.8917203485102,379.713830901392,379.7915231270374,94814
2025-11-06 10:06:00,379.7915231270374,379.8317622818255,379.67221055003546,379.70498716381024,62236
2025-11-06 10:07:00,379.70498716381024,379.7874702270412,379.6903995359957,379.76641496201273,36998
2025-11-06 10:08:00,379.76641496201273,379.79955943499453,379.7161321376646,379.7441479614258,40932
2025-11-06 10:09:00,379.7441479614258,379.76392757356575,379.6185331738253,379.6339908522836,40412
2025-11-06 10:10:00,379.6339908522836,379.66615607397404,379.612084270171,379.62474389173707,46895
2025-11-06 10:11:00,379.62474389173707,379.6386511282731,379.5102157430166,379.51692416399004,36015
2025-11-06 10:12:00,379.51692416399004,379.52231083543353,379.48689597268964,379.49346007508905,64306
2025-11-06 10:13:00,379.49346007508905,379.57277870551434,379.45474991032603,379.4795887293441,31584
2025-11-06 10:14:00,379.4795887293441,379.6026592927347,379.46335953640755,379.5494031010043,90589
2025-11-06 10:15:00,379.5494031010043,379.5778951530598,379.52493687993694,379.54445977918084,69225
2025-11-06 10:16:00,379.54445977918084,379.6135617255373,379.48239676362493,379.6039251353257,51291
2025-11-06 10:17:00,379.6039251353257,379.6165947429949,379.4894408199488,379.5238325924872,29072
2025-11-06 10:18:00,379.5238325924872,379.65983889044145,379.4648446446412,379.6516892181203,52800
2025-11-06 10:19:00,379.6516892181203,379.8053854010338,379.611167769979,379.7404664684729,63243
2025-11-06 10:20:00,379.7404664684729,379.7689781459326,379.71744761505823,379.76669456994773,77170
2025-11-06 10:21:00,379.76669456994773,379.7783548975712,379.74662661340767,379.74857228694697,31529
2025-11-06 10:22:00,379.74857228694697,379.75327694483855,379.6930365708895,379.73392850488045,20707
2025-11-06 10:23:00,379.73392850488045,379.7657112387933,379.6706396461883,379.75715335494687,85379
2025-11-06 10:24:00,379.75715335494687,379.793610005869,379.6718157116272,379.6783882211657,24393
2025-11-06 10:25:00,379.6783882211657,379.73613031387816,379.6774497109919,379.71309574693635,14861
2025-11-06 10:26:00,379.71309574693635,379.742150187282,379.6951321783436,379.74121181389734,90636
2025-11-06 10:27:00,379.74121181389734,379.77560610376537,379.689043578116,379.70140106367825,72294
2025-11-06 10:28:00,379.70140106367825,379.7070702046062,379.6127650769904,379.65145140163764,88533
2025-11-06 10:29:00,379.65145140163764,379.6874449798186,379.56365769046073,379.67978843645557,53336
2025-11-06 10:30:00,379.67978843645557,379.6893505620226,379.6182416483364,379.6459886684322,70840
2025-11-06 10:31:00,379.6459886684322,379.68303823049825,379.6236959339617,379.67313452733083,69720
2025-11-06 10:32:00,379.67313452733083,379.7864878735471,379.63381542352204,379.7254254715852,54845
2025-11-06 10:33:00,379.7254254715852,379.8493355674377,379.71661226907815,379.83031010666275,31159
2025-11-06 10:34:00,379.83031010666275,379.83454649146535,379.75641036800033,379.7629458177597,82657
2025-11-06 10:35:00,379.7629458177597,379.8364022152146,379.7517925470117,379.8043948770576,25329
2025-11-06 10:36:00,379.8043948770576,379.84114172433556,379.7999827545431,379.8154741748146,33703
2025-11-06 10:37:00,379.8154741748146,379.940590434749,379.7973639354651,379.88394589909103,60254
2025-11-06 10:38:00,379.88394589909103,379.9268209123711,379.87535084755706,379.87804438660237,70301
2025-11-06 10:39:00,379.87804438660237,379.9443153608115,379.7883743687032,379.81459206729727,65372
2025-11-06 10:40:00,379.81459206729727,379.81895807141245,379.7063787335269,379.76266834958363,69486
2025-11-06 10:41:00,379.76266834958363,379.9273010275656,379.7372867609606,379.88811653539153,66751
2025-11-06 10:42:00,379.88811653539153,379.9138676998986,379.88194566099736,379.9026881343924,66105
2025-11-06 10:43:00,379.9026881343924,380.09623660731324,379.8751516716498,380.039547101541,66332
2025-11-06 10:44:00,380.039547101541,380.0961782204428,379.87805677014194,379.9561193205884,44142
2025-11-06 10:45:00,379.9561193205884,380.15499868867886,379.9255154561765,380.1113547074451,77786
2025-11-06 10:46:00,380.1113547074451,380.2044353210171,380.08550955837165,380.20336435390914,10111
2025-11-06 10:47:00,380.20336435390914,380.2139121296144,380.111382794865,380.1148370974506,97346
2025-11-06 10:48:00,380.1148370974506,380.2190677882242,380.0708747176576,380.2058546864447,80069
2025-11-06 10:49:00,380.2058546864447,380.37573972014764,380.06290569041977,380.34130215937734,73766
2025-11-06 10:50:00,380.34130215937734,380.38017163909274,380.2874718780856,380.3153558133837,43766
2025-11-06 10:51:00,380.3153558133837,380.480997133559,380.28716738243617,380.42018157816267,31007
2025-11-06 10:52:00,380.42018157816267,380.4569847744687,380.403395050528,380.429250096308,95687
2025-11-06 10:53:00,380.429250096308,380.475120548519,380.3843817907129,380.45136228000575,16834
2025-11-06 10:54:00,380.45136228000575,380.48710650082126,380.38999630577274,380.4524493978506,19496
2025-11-06 10:55:00,380.4524493978506,380.5111021465008,380.40004834928806,380.50793739456196,13712
2025-11-06 10:56:00,380.50793739456196,380.5603477484017,380.48489711951663,380.55981084106304,89030
2025-11-06 10:57:00,380.55981084106304,380.5864237113371,380.5219674205878,380.56471302397375,92486
2025-11-06 10:58:00,380.56471302397375,380.6083938905441,380.4374432032275,380.5135585585012,84900
2025-11-06 10:59:00,380.5135585585012,380.53532774711243,380.49103630588843,380.5055364759622,87173
2025-11-06 11:00:00,380.5055364759622,380.5502056319699,380.4960659226371,380.54346361515314,66377
2025-11-06 11:01:00,380.54346361515314,380.5831693882258,380.49076030573224,380.5517475613722,27659
2025-11-06 11:02:00,380.5517475613722,380.65814525611484,380.5424475187593,380.62109501414903,83229
2025-11-06 11:03:00,380.62109501414903,380.71896545018046,380.62103818074485,380.7023383470015,86126
2025-11-06 11:04:00,380.7023383470015,380.7047892023089,380.58292869967966,380.61589905414706,37738
2025-11-06 11:05:00,380.61589905414706,380.6597514713784,380.6134677622698,380.62401203874236,46679
2025-11-06 11:06:00,380.62401203874236,380.73352589585,380.59766016070444,380.7066731091753,70558
2025-11-06 11:07:00,380.7066731091753,380.72328825733774,380.70098898085774,380.70935938560336,63516
2025-11-06 11:08:00,380.70935938560336,380.79697723690043,380.7018549060946,380.7903196015361,75961
2025-11-06 11:09:00,380.7903196015361,380.86804527047394,380.74975845717677,380.8426887692028,63149
2025-11-06 11:10:00,380.8426887692028,380.8820779540955,380.7817230002236,380.7991977924036,82652
2025-11-06 11:11:00,380.7991977924036,380.9480016376359,380.73216405434147,380.9371950518553,80043
2025-11-06 11:12:00,380.9371950518553,381.035581281896,380.89878008723144,381.02237782704606,25819
2025-11-06 11:13:00,381.02237782704606,381.0455408067813,380.9254280991738,380.94390634796594,30511
2025-11-06 11:14:00,380.94390634796594,381.0888404615898,380.9252167738727,381.0706991124185,70262
2025-11-06 11:15:00,381.0706991124185,381.1154775520333,381.01179749173275,381.04914885348643,35912
2025-11-06 11:16:00,381.04914885348643,381.05448639364556,380.97211896718716,380.9925947509368,15385
2025-11-06 11:17:00,380.9925947509368,381.0195680179815,380.94764509612895,381.0024794551201,70062
2025-11-06 11:18:00,381.0024794551201,381.1152325438588,380.97896071663484,381.09492431088023,16563
2025-11-06 11:19:00,381.09492431088023,381.22087140740507,381.07916799064463,381.186558509468,14352
2025-11-06 11:20:00,381.186558509468,381.2546104134294,381.0048737574384,381.0758511121022,62185
2025-11-06 11:21:00,381.0758511121022,381.1905116940214,381.03896219022795,381.1581883070976,44810
2025-11-06 11:22:00,381.1581883070976,381.16849551714733,381.113325964062,381.1634411344703,12596
2025-11-06 11:23:00,381.1634411344703,381.19539642437996,381.0171783001474,381.0633882237185,20782
2025-11-06 11:24:00,381.0633882237185,381.15755840092567,380.94572476821133,380.94712271684796,77158
2025-11-06 11:25:00,380.94712271684796,380.98915987879707,380.9415980627252,380.97090454701697,68465
2025-11-06 11:26:00,380.97090454701697,380.98591893490976,380.892893106607,380.97289070367003,96732
2025-11-06 11:27:00,380.97289070367003,381.0633135455168,380.95477954799657,381.0549657148416,42548
2025-11-06 11:28:00,381.0549657148416,381.27553703404175,380.9815910143943,381.26594621671717,153692
2025-11-06 11:29:00,381.26594621671717,381.40313194235677,381.251129110135,381.3798463496452,25846
2025-11-06 11:30:00,381.3798463496452,381.45329926209234,381.29285405065247,381.36101241488547,90337
2025-11-06 11:31:00,381.36101241488547,381.41987843197785,381.31885111619346,381.3279110064757,69184
2025-11-06 11:32:00,381.3279110064757,381.3729845096119,381.3114724150177,381.3345542130044,20176
2025-11-06 11:33:00,381.3345542130044,381.40775811048815,381.3250919173722,381.3842693913941,64337
2025-11-06 11:34:00,381.3842693913941,381.39710296400506,381.23509554454904,381.29484289727463,75382
2025-11-06 11:35:00,381.29484289727463,381.34297166086225,381.24999448736855,381.2877577057415,54942
2025-11-06 11:36:00,381.2877577057415,381.3615445252535,381.27360086109246,381.3589222422798,12365
2025-11-06 11:37:00,381.3589222422798,381.37906201600236,381.22718335429226,381.23772364812737,62331
2025-11-06 11:38:00,381.23772364812737,381.3087966672591,381.0314149490797,381.07328781814107,74560
2025-11-06 11:39:00,381.07328781814107,381.0956752460331,381.0127975283926,381.0724383829877,17008
2025-11-06 11:40:00,381.0724383829877,381.1309913326711,381.0135970011629,381.0244481739236,59104
2025-11-06 11:41:00,381.0244481739236,381.05954898435834,380.86372538295313,380.9103492630476,56172
2025-11-06 11:42:00,380.9103492630476,380.9784459224888,380.8709202111681,380.9484302117148,69051
2025-11-06 11:43:00,380.9484302117148,380.9521160751443,380.8254785731514,380.88698229337206,20663
2025-11-06 11:44:00,380.88698229337206,380.971528328281,380.88137743989165,380.9157427389056,56627
2025-11-06 11:45:00,380.9157427389056,380.93539437204373,380.83028992550015,380.8502951791892,49726
2025-11-06 11:46:00,380.8502951791892,380.87213747758966,380.8225793004845,380.8459114803035,33533
2025-11-06 11:47:00,380.8459114803035,380.9202223648374,380.83131883513676,380.89765022616655,71248
2025-11-06 11:48:00,380.89765022616655,380.90767364127004,380.82087233036606,380.8638884771764,90206
2025-11-06 11:49:00,380.8638884771764,381.0398186287218,380.8512489430041,381.0166056175862,116830
2025-11-06 11:50:00,381.0166056175862,381.0299491447674,380.9635763759798,381.0244865990888,30426
2025-11-06 11:51:00,381.0244865990888,381.0357429817208,380.86465294889825,380.8717263725079,182878
2025-11-06 11:52:00,380.8717263725079,380.8834970926664,380.78740384627247,380.84163393719115,34723
2025-11-06 11:53:00,380.84163393719115,381.04311270357334,380.76624036005074,380.9493184057643,81448
2025-11-06 11:54:00,380.9493184057643,380.96544629729954,380.8836806628346,380.89749294641945,54291
2025-11-06 11:55:00,380.89749294641945,380.90866618832166,380.8280105604217,380.8449714072469,46672
2025-11-06 11:56:00,380.8449714072469,381.0066564904761,380.764339988149,380.9700961874935,37835
2025-11-06 11:57:00,380.9700961874935,381.0742753903087,380.9360619371973,380.9693160066192,33814
2025-11-06 11:58:00,380.9693160066192,381.03585194075225,380.8695621285538,380.90868720381803,20965
2025-11-06 11:59:00,380.90868720381803,380.97750018769017,380.8749200681006,380.97026943878836,29420
2025-11-06 12:00:00,380.97026943878836,381.03690121353293,380.94996396269846,381.01879804728145,88872
2025-11-06 12:01:00,381.01879804728145,381.0783858619654,381.0006644173163,381.0675610584017,16654
2025-11-06 12:02:00,381.0675610584017,381.2390918321997,381.03881815571134,381.1427244575729,42151
2025-11-06 12:03:00,381.1427244575729,381.27084996532193,381.126466004625,381.2251807912446,81011
2025-11-06 12:04:00,381.2251807912446,381.32389125822095,381.21648458593114,381.3113194390965,80112
2025-11-06 12:05:00,381.3113194390965,381.4084262274163,381.2602053617256,381.3819988576558,91256
2025-11-06 12:06:00,381.3819988576558,381.5134966432718,381.3483233532555,381.4482996324068,30547
2025-11-06 12:07:00,381.4482996324068,381.53563865472313,381.42863060355586,381.52585242365046,45162
2025-11-06 12:08:00,381.52585242365046,381.6236752588269,381.5210330622199,381.5836607523436,41147
2025-11-06 12:09:00,381.5836607523436,381.64514712284017,381.5667692853308,381.6349146241237,33088
2025-11-06 12:10:00,381.6349146241237,381.64948231006525,381.547488371729,381.5536671810968,31148
2025-11-06 12:11:00,381.5536671810968,381.6739260167401,381.5371057817349,381.6386157648894,67114
2025-11-06 12:12:00,381.6386157648894,381.81448545797645,381.6080761751852,381.74808323268525,20246
2025-11-06 12:13:00,381.74808323268525,381.7823262813179,381.72532325213047,381.7440601458639,24860
2025-11-06 12:14:00,381.7440601458639,381.7959678513151,381.7412711467347,381.784551826732,29283
2025-11-06 12:15:00,381.784551826732,381.7907029851464,381.629247610224,381.6879183033421,52734
2025-11-06 12:16:00,381.6879183033421,381.76596023255956,381.6675960868338,381.76102664196696,36671
2025-11-06 12:17:00,381.76102664196696,381.79530454371695,381.753749032425,381.77028308878914,54138
2025-11-06 12:18:00,381.77028308878914,381.7933476475579,381.67420991734303,381.71312524688483,68228
2025-11-06 12:19:00,381.71312524688483,381.79207644582084,381.70952687272325,381.76593265244423,12555
2025-11-06 12:20:00,381.76593265244423,381.7980870216027,381.6820830732978,381.68471140171,85842
2025-11-06 12:21:00,381.68471140171,381.7076446706698,381.6512618248578,381.67328301166737,17711
2025-11-06 12:22:00,381.67328301166737,381.71889974031063,381.64258414886876,381.66091205676014,46176
2025-11-06 12:23:00,381.66091205676014,381.6979478343809,381.64593354456497,381.68143402402916,83511
2025-11-06 12:24:00,381.68143402402916,381.8040683651302,381.678919063663,381.7763068142069,82123
2025-11-06 12:25:00,381.7763068142069,381.91015443089475,381.73718425853,381.90344919603245,11561
2025-11-06 12:26:00,381.90344919603245,381.9141251714704,381.84003657614545,381.8760251994805,14983
2025-11-06 12:27:00,381.8760251994805,382.0186678263412,381.80052398724655,382.00320910696155,46734
2025-11-06 12:28:00,382.00320910696155,382.06560961989095,381.98387482926626,381.991771282646,92673
2025-11-06 12:29:00,381.991771282646,382.02601959744055,381.99008773706254,382.0214183644676,51862
2025-11-06 12:30:00,382.0214183644676,382.0434672073482,381.9316688147086,381.9355904212248,89624
2025-11-06 12:31:00,381.9355904212248,381.96280633645716,381.83654393703654,381.8788445173594,52530
2025-11-06 12:32:00,381.8788445173594,381.8961225571623,381.8290521760933,381.84326311318966,34798
2025-11-06 12:33:00,381.84326311318966,381.893489870292,381.80640223502684,381.88694264685773,33118
2025-11-06 12:34:00,381.88694264685773,381.9258392612794,381.7767412887439,381.8259777512372,71102
2025-11-06 12:35:00,381.8259777512372,381.85065545395696,381.81167974139004,381.84113014801636,64391
2025-11-06 12:36:00,381.84113014801636,381.980006686175,381.82696413608244,381.9698767302377,21154
2025-11-06 12:37:00,381.9698767302377,382.1206240259413,381.9659959157819,382.0615158385156,68730
2025-11-06 12:38:00,382.0615158385156,382.1435691103369,382.00526285605645,382.0668320182869,26905
2025-11-06 12:39:00,382.0668320182869,382.17886858360873,382.0200564372461,382.1611223283141,90516
2025-11-06 12:40:00,382.1611223283141,382.32450789691734,382.1522867392707,382.3144772446322,66578
2025-11-06 12:41:00,382.3144772446322,382.3421601647248,382.21032939857605,382.242919643555,71040
2025-11-06 12:42:00,382.242919643555,382.2668195533046,382.22771011818037,382.2362588017319,15166
2025-11-06 12:43:00,382.2362588017319,382.2504974654407,382.0796486424912,382.11963422322117,47664
2025-11-06 12:44:00,382.11963422322117,382.2385310601761,382.0603620618208,382.2147364213254,49044
2025-11-06 12:45:00,382.2147364213254,382.38150030892564,382.20310601053586,382.3608832770479,58503
2025-11-06 12:46:00,382.3608832770479,382.411408052499,382.12494432072583,382.17776450705503,69320
2025-11-06 12:47:00,382.17776450705503,382.2617481092243,382.0956340092789,382.1441171643966,95040
2025-11-06 12:48:00,382.1441171643966,382.16864587855406,382.0911405060666,382.122008568714,99834
2025-11-06 12:49:00,382.122008568714,382.136578688342,382.0692852809054,382.0808165088716,31236
2025-11-06 12:50:00,382.0808165088716,382.16702695369935,382.03393465481975,382.13294537095845,24878
2025-11-06 12:51:00,382.13294537095845,382.1487177028142,382.0301371927857,382.1191957769158,34119
2025-11-06 12:52:00,382.1191957769158,382.2339326604961,382.09396332827095,382.12300512930443,67784
2025-11-06 12:53:00,382.12300512930443,382.18921146516925,382.0744710881618,382.18433060947115,34512
2025-11-06 12:54:00,382.18433060947115,382.2739348380574,382.16097589591635,382.2167215709719,20960
2025-11-06 12:55:00,382.2167215709719,382.2836999843535,382.1915304453632,382.2365414722744,81779
2025-11-06 12:56:00,382.2365414722744,382.4516843238015,382.17582358568467,382.39750514003686,183986
2025-11-06 12:57:00,382.39750514003686,382.46017608973744,382.37254934130056,382.4494497408673,28280
2025-11-06 12:58:00,382.4494497408673,382.59952552402467,382.44207375028844,382.57362551539615,25583
2025-11-06 12:59:00,382.57362551539615,382.7561561875432,382.5040681383745,382.72806452221346,33318
2025-11-06 13:00:00,382.72806452221346,382.8962314660162,382.72090046415843,382.87745904506676,87259
2025-11-06 13:01:00,382.87745904506676,382.90011473138605,382.8122586428226,382.8567356688538,15397
2025-11-06 13:02:00,382.8567356688538,382.90342478063286,382.72432589329975,382.7799693992186,10663
2025-11-06 13:03:00,382.7799693992186,382.7860799695978,382.71091503285743,382.72948104980884,63121
2025-11-06 13:04:00,382.72948104980884,382.7824706361167,382.661250052042,382.6990503285447,31705
2025-11-06 13:05:00,382.6990503285447,382.7427865961396,382.58116527001124,382.63968556495445,96217
2025-11-06 13:06:00,382.63968556495445,382.650907791124,382.6197499846499,382.6382977887077,51232
2025-11-06 13:07:00,382.6382977887077,382.66026244669405,382.61186265575685,382.61520185635004,35028
2025-11-06 13:08:00,382.61520185635004,382.6538486325703,382.4523426603906,382.48091938692437,26225
2025-11-06 13:09:00,382.48091938692437,382.52932401150645,382.41198552567243,382.498419677469,81428
2025-11-06 13:10:00,382.498419677469,382.655578648784,382.4469764021557,382.6175989506427,33908
2025-11-06 13:11:00,382.6175989506427,382.61860641474726,382.53044634365983,382.5353282812637,44889
2025-11-06 13:12:00,382.5353282812637,382.6109014772387,382.52542491918257,382.60836991320264,77807
2025-11-06 13:13:00,382.60836991320264,382.62575956202534,382.479819843283,382.526812905595,41795
2025-11-06 13:14:00,382.526812905595,382.6159754949788,382.4629727826104,382.59620464377315,27426
2025-11-06 13:15:00,382.59620464377315,382.6450788834036,382.49155724017396,382.53580062898254,76770
2025-11-06 13:16:00,382.53580062898254,382.5484497216866,382.46194920888126,382.47185812673825,57969
2025-11-06 13:17:00,382.47185812673825,382.49459264999507,382.33533321952973,382.3564006897955,78895
2025-11-06 13:18:00,382.3564006897955,382.4755886911691,382.2962949739947,382.47099151437345,60302
2025-11-06 13:19:00,382.47099151437345,382.49362542121094,382.4309577894266,382.4761200796738,88142
2025-11-06 13:20:00,382.4761200796738,382.5257589525562,382.42183014950115,382.50467849853504,57951
2025-11-06 13:21:00,382.50467849853504,382.54125803445663,382.42074083888116,382.4773338182159,71934
2025-11-06 13:22:00,382.4773338182159,382.62341137340013,382.36191566442164,382.5177337907362,18752
2025-11-06 13:23:00,382.5177337907362,382.5330343682318,382.41823545103256,382.4245783078708,36520
2025-11-06 13:24:00,382.4245783078708,382.46091651312173,382.30368657705174,382.3632298602167,24718
2025-11-06 13:25:00,382.3632298602167,382.4434939778955,382.275424608725,382.36793147572047,22864
2025-11-06 13:26:00,382.36793147572047,382.37471535152764,382.21381655633365,382.22584633013184,84130
2025-11-06 13:27:00,382.22584633013184,382.2361041746283,382.07559967795436,382.0892261113568,97858
2025-11-06 13:28:00,382.0892261113568,382.20726720369805,382.01917247055064,382.1646851504872,93460
2025-11-06 13:29:00,382.1646851504872,382.27255474202076,382.1503455965925,382.19711290823534,59056
2025-11-06 13:30:00,382.19711290823534,382.3703200193394,382.18223290032824,382.26367620012695,41174
2025-11-06 13:31:00,382.26367620012695,382.34861235548607,382.20765518586313,382.29579904475236,54775
2025-11-06 13:32:00,382.29579904475236,382.3278337181546,382.2669160137309,382.30834239572624,28640
2025-11-06 13:33:00,382.30834239572624,382.31812392593775,382.2421149090739,382.2861050342074,34942
2025-11-06 13:34:00,382.2861050342074,382.3284793311513,382.1533069912658,382.16458831290026,26277
2025-11-06 13:35:00,382.16458831290026,382.175667542633,382.10256563985524,382.1565537984808,63629
2025-11-06 13:36:00,382.1565537984808,382.27235967561955,382.081591916251,382.2488343742041,35600
2025-11-06 13:37:00,382.2488343742041,382.3316111792959,382.1010721954774,382.1413736130385,23149
2025-11-06 13:38:00,382.1413736130385,382.1880852223413,382.0227458135202,382.06503545723837,41016
2025-11-06 13:39:00,382.06503545723837,382.1696574115668,382.03904859411597,382.1670090838687,71134
2025-11-06 13:40:00,382.1670090838687,382.1862761238757,382.1333222783592,382.1364262007082,58503
2025-11-06 13:41:00,382.1364262007082,382.1838656427039,382.12416690037446,382.12511331880654,18833
2025-11-06 13:42:00,382.12511331880654,382.167191222115,382.0185153286987,382.0779706512599,94971
2025-11-06 13:43:00,382.0779706512599,382.1396843342877,382.0362074127077,382.0968247052697,61524
2025-11-06 13:44:00,382.0968247052697,382.1067959289917,382.0845370620946,382.1056585346289,70285
2025-11-06 13:45:00,382.1056585346289,382.1168017439324,382.0587425103488,382.11456221185205,40346
2025-11-06 13:46:00,382.11456221185205,382.13972594795393,382.0421085802915,382.1389264736773,30405
2025-11-06 13:47:00,382.1389264736773,382.1753247654541,382.03166238185946,382.03492087013416,98675
2025-11-06 13:48:00,382.03492087013416,382.05202443090474,381.9224980046823,381.94329328424516,82009
2025-11-06 13:49:00,381.94329328424516,382.0061829808883,381.8013295817994,381.8596863281135,92604
2025-11-06 13:50:00,381.8596863281135,381.8927047015188,381.7626392039291,381.7865921921224,81455
2025-11-06 13:51:00,381.7865921921224,381.8371975030278,381.76430972315154,381.7786571768924,74708
2025-11-06 13:52:00,381.7786571768924,381.86414903110955,381.73600001638266,381.8500234207106,39810
2025-11-06 13:53:00,381.8500234207106,381.8923415127618,381.7765357573178,381.8468547448597,43290
2025-11-06 13:54:00,381.8468547448597,381.8994411612894,381.7325382604717,381.79856906503124,72402
2025-11-06 13:55:00,381.79856906503124,381.8262102408041,381.69632596342245,381.7306398531694,82644
2025-11-06 13:56:00,381.7306398531694,381.79162138643113,381.7175566806563,381.75891087274846,84642
2025-11-06 13:57:00,381.75891087274846,382.0068822851732,381.7185390135131,381.9912745034742,171064
2025-11-06 13:58:00,381.9912745034742,382.0002352177238,381.90124328243894,381.92752981555964,98306
2025-11-06 13:59:00,381.92752981555964,381.99446065303005,381.8999413795683,381.96936913458626,55463
2025-11-06 14:00:00,381.96936913458626,382.0299203397755,381.93480222189237,381.9646599074477,40609
2025-11-06 14:01:00,381.9646599074477,381.9863343882267,381.841778846407,381.9105811225214,68171
2025-11-06 14:02:00,381.9105811225214,382.10137034457415,381.8743335829313,382.0611665203899,12056
2025-11-06 14:03:00,382.0611665203899,382.09432199700854,381.99194322172343,382.00063011006995,96805
2025-11-06 14:04:00,382.00063011006995,382.0373319497346,381.8847407991975,381.894445794419,46085
2025-11-06 14:05:00,381.894445794419,381.9483580820135,381.88650520279015,381.90949632929045,64715
2025-11-06 14:06:00,381.90949632929045,381.9473730684642,381.7965439640891,381.8229962407941,86868
2025-11-06 14:07:00,381.8229962407941,381.825720165992,381.6219037196542,381.6875450761839,90746
2025-11-06 14:08:00,381.6875450761839,381.69798965726426,381.5974661124431,381.61124587917084,66088
2025-11-06 14:09:00,381.61124587917084,381.66907212175863,381.5240857262657,381.54475680002315,43193
2025-11-06 14:10:00,381.54475680002315,381.5635494981822,381.4283583555893,381.45008178440605,61116
2025-11-06 14:11:00,381.45008178440605,381.4573322825557,381.40253075815565,381.4312193806616,28744
2025-11-06 14:12:00,381.4312193806616,381.49072981395284,381.43083635188435,381.48353916118003,29763
2025-11-06 14:13:00,381.48353916118003,381.60812847722644,381.46922715203374,381.58353240496075,17804
2025-11-06 14:14:00,381.58353240496075,381.6104461296584,381.4502717230538,381.4691836518959,32135
2025-11-06 14:15:00,381.4691836518959,381.5792869000161,381.464971543673,381.55649343772626,65037
2025-11-06 14:16:00,381.55649343772626,381.5742878576863,381.5216929505495,381.5384450788824,69790
2025-11-06 14:17:00,381.5384450788824,381.5830290564887,381.53686009795695,381.55162779279533,84874
2025-11-06 14:18:00,381.55162779279533,381.6200981804972,381.47629463576857,381.5352357809294,55819
2025-11-06 14:19:00,381.5352357809294,381.6486967816391,381.47885554480075,381.61948619530733,33485
2025-11-06 14:20:00,381.61948619530733,381.64895302639627,381.5217670441202,381.5418168873846,73081
2025-11-06 14:21:00,381.5418168873846,381.63058860422404,381.52531217733497,381.60384105103174,66317
2025-11-06 14:22:00,381.60384105103174,381.60513368312814,381.537779318799,381.59285810611857,60317
2025-11-06 14:23:00,381.59285810611857,381.79389542238124,381.5877135353056,381.7608004180493,193556
2025-11-06 14:24:00,381.7608004180493,381.7655489408668,381.67121598522255,381.7028321926438,95483
2025-11-06 14:25:00,381.7028321926438,381.72003982720037,381.66583476701976,381.67383793548436,82369
2025-11-06 14:26:00,381.67383793548436,381.6994858353979,381.5086038666253,381.5519524067117,10982
2025-11-06 14:27:00,381.5519524067117,381.5604447965156,381.2916269886912,381.35576983873733,173474
2025-11-06 14:28:00,381.35576983873733,381.44793308009304,381.3280764950662,381.43391673148597,48237
2025-11-06 14:29:00,381.43391673148597,381.4507342363557,381.228575121113,381.2711421703863,135932
2025-11-06 14:30:00,381.2711421703863,381.3519697023371,381.24724891400086,381.3196669359366,22941
2025-11-06 14:31:00,381.3196669359366,381.4267048880802,381.27854866173067,381.4016530747244,55852
2025-11-06 14:32:00,381.4016530747244,381.5018842654058,381.3377988755035,381.431600986618,93794
2025-11-06 14:33:00,381.431600986618,381.438160684941,381.3792887443662,381.39349640219723,20977
2025-11-06 14:34:00,381.39349640219723,381.58122960224534,381.374013498871,381.5292259040948,84225
2025-11-06 14:35:00,381.5292259040948,381.63602751703644,381.47368131166616,381.6087736000716,50950
2025-11-06 14:36:00,381.6087736000716,381.67179223870573,381.5935046827473,381.66014834462396,40740
2025-11-06 14:37:00,381.66014834462396,381.7025050617634,381.57408350306457,381.6156341217925,25162
2025-11-06 14:38:00,381.6156341217925,381.65127671518667,381.4920077126844,381.51067001800914,11476
2025-11-06 14:39:00,381.51067001800914,381.53415772166466,381.4402810603312,381.4689841581799,20922
2025-11-06 14:40:00,381.4689841581799,381.494143242534,381.3664811459525,381.4043011369383,95965
2025-11-06 14:41:00,381.4043011369383,381.4380115002574,381.1997648962621,381.2076543279845,171658
2025-11-06 14:42:00,381.2076543279845,381.30976844103867,381.19927844274827,381.2557558202965,39372
2025-11-06 14:43:00,381.2557558202965,381.25693563052437,381.22456522523936,381.2291605243884,23317
2025-11-06 14:44:00,381.2291605243884,381.3237883063045,381.21679552006856,381.27995096973143,12600
2025-11-06 14:45:00,381.27995096973143,381.3127524778964,381.2220693559076,381.2390526557566,91459
2025-11-06 14:46:00,381.2390526557566,381.28456473997556,381.22258989379077,381.2540399721241,60782
2025-11-06 14:47:00,381.2540399721241,381.3088457631773,381.1965010447855,381.2073207516929,10205
2025-11-06 14:48:00,381.2073207516929,381.23877667987466,381.18993308172224,381.1985572450216,68051
2025-11-06 14:49:00,381.1985572450216,381.38797186727436,381.18356847949053,381.32190805280993,84624
2025-11-06 14:50:00,381.32190805280993,381.62636564725386,381.2678688781376,381.5671094272735,165590
2025-11-06 14:51:00,381.5671094272735,381.65207111692877,381.51969541619167,381.60237536792727,93301
2025-11-06 14:52:00,381.60237536792727,381.6885357006691,381.5712241321268,381.596341348953,29575
2025-11-06 14:53:00,381.596341348953,381.6143870295801,381.53480172470523,381.54887984865144,87332
2025-11-06 14:54:00,381.54887984865144,381.7186711065304,381.5375630475212,381.6818427125846,40041
2025-11-06 14:55:00,381.6818427125846,381.88647099914596,381.6318535048346,381.7871462281493,47075
2025-11-06 14:56:00,381.7871462281493,381.79569806814396,381.6888208969655,381.71694440225207,32555
2025-11-06 14:57:00,381.71694440225207,381.80831114260076,381.7059533325422,381.8023619915392,42264
2025-11-06 14:58:00,381.8023619915392,381.93921155695585,381.77043587463083,381.8583796584934,94544
2025-11-06 14:59:00,381.8583796584934,381.8890414656447,381.8367804921538,381.87626373866465,16094
2025-11-06 15:00:00,381.87626373866465,381.91332361541265,381.87135896938764,381.8944635813161,84329
2025-11-06 15:01:00,381.8944635813161,381.9511319252761,381.8574502468678,381.9461265532198,70040
2025-11-06 15:02:00,381.9461265532198,381.94627407146226,381.7758284219331,381.7976911886872,60396
2025-11-06 15:03:00,381.7976911886872,381.86077085244267,381.7441146247605,381.84700556043776,48973
2025-11-06 15:04:00,381.84700556043776,381.9235024929896,381.73412160938386,381.8209568644514,23335
2025-11-06 15:05:00,381.8209568644514,381.89412823480234,381.8086492307567,381.88473436494917,93611
2025-11-06 15:06:00,381.88473436494917,382.0556032003464,381.85942718883535,382.0202769523218,60119
2025-11-06 15:07:00,382.0202769523218,382.1016099417838,381.9745287898009,382.06510787803245,42632
2025-11-06 15:08:00,382.06510787803245,382.09128606392727,382.044988244849,382.08401801274823,90876
2025-11-06 15:09:00,382.08401801274823,382.1943375290894,382.05203681258763,382.1900464571438,25839
2025-11-06 15:10:00,382.1900464571438,382.25434825200637,382.1676104319047,382.1791948306386,58974
2025-11-06 15:11:00,382.1791948306386,382.23365089279247,382.1650519804133,382.1987843217552,68973
2025-11-06 15:12:00,382.1987843217552,382.2995232214125,382.18310678101835,382.26728625310415,13331
2025-11-06 15:13:00,382.26728625310415,382.2982389439648,382.1265917232246,382.1488852280099,62243
2025-11-06 15:14:00,382.1488852280099,382.25549168324636,382.1353177805787,382.24502333781163,47538
2025-11-06 15:15:00,382.24502333781163,382.2757124620607,382.2271793465506,382.22850831740897,81778
2025-11-06 15:16:00,382.22850831740897,382.4970265136055,382.1797667710159,382.4717657881981,78150
2025-11-06 15:17:00,382.4717657881981,382.56308400998347,382.4568337391071,382.54904359495947,85918
2025-11-06 15:18:00,382.54904359495947,382.60920995866906,382.54692394764027,382.56608249091187,16125
2025-11-06 15:19:00,382.56608249091187,382.68276717994297,382.5242826095005,382.59332729944174,53199
2025-11-06 15:20:00,382.59332729944174,382.70585406081574,382.5157518539664,382.67708551119495,22938
2025-11-06 15:21:00,382.67708551119495,382.7606909002212,382.6495256784426,382.74790320100294,92048
2025-11-06 15:22:00,382.74790320100294,382.79334571994343,382.6344177047969,382.66781656300856,44961
2025-11-06 15:23:00,382.66781656300856,382.67823103515445,382.5573148559205,382.6045030831288,36547
2025-11-06 15:24:00,382.6045030831288,382.62558197304264,382.5018081609935,382.5118024874298,20367
2025-11-06 15:25:00,382.5118024874298,382.53683063935335,382.4844958326404,382.5309132559892,29322
2025-11-06 15:26:00,382.5309132559892,382.5682747380667,382.471631926439,382.5041534356521,11658
2025-11-06 15:27:00,382.5041534356521,382.6272230393369,382.4929889194993,382.5818110981893,99891
2025-11-06 15:28:00,382.5818110981893,382.58619361829494,382.52514523988486,382.53031966666236,49316
2025-11-06 15:29:00,382.53031966666236,382.53979272900364,382.2980670085657,382.3088241899959,164246
2025-11-06 15:30:00,382.3088241899959,382.3828187840166,382.2799966042067,382.3409221754965,69538
2025-11-06 15:31:00,382.3409221754965,382.3544975180683,382.1781466358515,382.20371553659186,61324
2025-11-06 15:32:00,382.20371553659186,382.21916510094064,382.1055393789705,382.14566863203913,66251
2025-11-06 15:33:00,382.14566863203913,382.162770750278,382.1254498370895,382.1489001362135,17084
2025-11-06 15:34:00,382.1489001362135,382.221541085283,382.020261935859,382.0405779094325,46668
2025-11-06 15:35:00,382.0405779094325,382.0816998915818,382.0323492027974,382.05185494295534,94166
2025-11-06 15:36:00,382.05185494295534,382.0614466668413,381.8956805998792,381.9627898644386,30195
2025-11-06 15:37:00,381.9627898644386,381.9845365023255,381.9104201664831,381.91243178365687,60998
2025-11-06 15:38:00,381.91243178365687,381.9171658912011,381.73494558604335,381.8020690379872,55076
2025-11-06 15:39:00,381.8020690379872,381.8228303474872,381.7569343350768,381.80670263830183,22417
2025-11-06 15:40:00,381.80670263830183,381.8897108503423,381.7641431251744,381.8446930761502,66422
2025-11-06 15:41:00,381.8446930761502,381.858601007634,381.76119323101284,381.76606153671264,73411
2025-11-06 15:42:00,381.76606153671264,381.78802670378246,381.7021640987788,381.73883443635077,21075
2025-11-06 15:43:00,381.73883443635077,381.79208613308674,381.7339265453869,381.76108961464064,13569
2025-11-06 15:44:00,381.76108961464064,381.76944827417066,381.54014459925884,381.59237373848134,134666
2025-11-06 15:45:00,381.59237373848134,381.66272839537595,381.58855826640564,381.62754906511276,60420
2025-11-06 15:46:00,381.62754906511276,381.64326919054696,381.4264344198791,381.49554446548154,76013
2025-11-06 15:47:00,381.49554446548154,381.5214848703298,381.4661580636683,381.5015779167729,43149
2025-11-06 15:48:00,381.5015779167729,381.63482690920694,381.4809172104401,381.5821419536191,35293
2025-11-06 15:49:00,381.5821419536191,381.5893494357557,381.579143160889,381.5869338674872,41236
2025-11-06 15:50:00,381.5869338674872,381.62681184450497,381.5501509983532,381.5547598071681,10792
2025-11-06 15:51:00,381.5547598071681,381.5841843675162,381.4478240027912,381.49752486234513,93568
2025-11-06 15:52:00,381.49752486234513,381.49771893136375,381.35842046828765,381.41527669132563,74874
2025-11-06 15:53:00,381.41527669132563,381.48668236203866,381.38226295771545,381.47040766371344,35688
2025-11-06 15:54:00,381.47040766371344,381.4784401509446,381.4009626069433,381.4571077172372,43746
2025-11-06 15:55:00,381.4571077172372,381.51981454015777,381.4173368301391,381.4899724855364,38756
2025-11-06 15:56:00,381.4899724855364,381.55411804850104,381.4321133302311,381.547272549739,21447
2025-11-06 15:57:00,381.547272549739,381.5709203475535,381.5266071572393,381.5587752930419,31637
2025-11-06 15:58:00,381.5587752930419,381.65789271996636,381.5466043960034,381.63113303260513,13415
2025-11-06 15:59:00,381.63113303260513,381.67139101126804,381.5269639112629,381.5629850652704,60298
2025-11-06 16:00:00,381.5629850652704,381.5748031179645,381.5313642898694,381.53364071741976,73815
2025-11-07 09:30:00,381.53364071741976,381.5736768182113,381.42902088180097,381.4364425248962,46366
2025-11-07 09:31:00,381.4364425248962,381.4806308686062,381.32726487721624,381.37393717642715,46894
2025-11-07 09:32:00,381.37393717642715,381.48341785709033,381.35206879465966,381.4463445650537,78235
2025-11-07 09:33:00,381.4463445650537,381.6298425836383,381.4036692323975,381.5945185580254,82265
2025-11-07 09:34:00,381.5945185580254,381.6127410905449,381.53435242693456,381.57467334017656,94600
2025-11-07 09:35:00,381.57467334017656,381.65844420957046,381.5134132549417,381.60005122992663,10981
2025-11-07 09:36:00,381.60005122992663,381.6213753396253,381.5372034057399,381.54393505581015,20728
2025-11-07 09:37:00,381.54393505581015,381.55387840867286,381.4333378453193,381.4900797049302,59264
2025-11-07 09:38:00,381.4900797049302,381.55553417096945,381.4391889975046,381.4967332728028,72979
2025-11-07 09:39:00,381.4967332728028,381.4978393230835,381.45104714696043,381.46701750895664,27007
2025-11-07 09:40:00,381.46701750895664,381.47811262475466,381.3953680689172,381.40289890850005,19458
2025-11-07 09:41:00,381.40289890850005,381.4815880693954,381.3330584282171,381.4795730279313,47672
2025-11-07 09:42:00,381.4795730279313,381.5386202549924,381.4572668075287,381.5306672185408,85561
2025-11-07 09:43:00,381.5306672185408,381.66439932181675,381.4562724622596,381.646642539816,30967
2025-11-07 09:44:00,381.646642539816,381.68733639054403,381.54348561728904,381.5747476656874,30709
2025-11-07 09:45:00,381.5747476656874,381.5930828140038,381.3799785028645,381.4000367549375,87482
2025-11-07 09:46:00,381.4000367549375,381.4231553895458,381.25765726719777,381.2726841566759,75843
2025-11-07 09:47:00,381.2726841566759,381.30361952050555,381.237187174526,381.2641492710865,91738
2025-11-07 09:48:00,381.2641492710865,381.29043091715744,381.1223739568418,381.17613760904294,99905
2025-11-07 09:49:00,381.17613760904294,381.27272382315397,381.1656919023596,381.2149860112471,29631
2025-11-07 09:50:00,381.2149860112471,381.2316995195131,381.13327805851856,381.15658965506134,86670
2025-11-07 09:51:00,381.15658965506134,381.1771992262554,381.06847117256393,381.08761208747825,41941
2025-11-07 09:52:00,381.08761208747825,381.0953139169112,381.0811433413018,381.08602979944624,53025
2025-11-07 09:53:00,381.08602979944624,381.1177276287897,381.01287935537744,381.0470288504864,14539
2025-11-07 09:54:00,381.0470288504864,381.0894418273542,380.96685992487073,380.98335894057726,69169
2025-11-07 09:55:00,380.98335894057726,381.11915771255127,380.9789474613826,381.037315062119,68185
2025-11-07 09:56:00,381.037315062119,381.09042141544404,380.9867178584301,381.01646692635114,15131
2025-11-07 09:57:00,381.01646692635114,381.21003399346915,380.9279773213493,381.17474028554926,61154
2025-11-07 09:58:00,381.17474028554926,381.1789189460581,381.09776233234044,381.10282561427766,10891
2025-11-07 09:59:00,381.10282561427766,381.1057785047011,381.0580479027987,381.079443397063,92755
2025-11-07 10:00:00,381.079443397063,381.13288601827605,381.05762405182577,381.08194779794206,88059
2025-11-07 10:01:00,381.08194779794206,381.12714112923743,381.0478643350109,381.05483438288553,35493
2025-11-07 10:02:00,381.05483438288553,381.0617633941257,380.85880932440773,380.9516651398902,95909
2025-11-07 10:03:00,380.9516651398902,380.99208451532417,380.82414395839527,380.83681881456323,89045
2025-11-07 10:04:00,380.83681881456323,380.89712980760436,380.78658482214297,380.8901128292951,51908
2025-11-07 10:05:00,380.8901128292951,381.1152801416205,380.88360686341514,381.1105839669345,174900
2025-11-07 10:06:00,381.1105839669345,381.1706574751191,381.0833710803397,381.1211166371373,20862
2025-11-07 10:07:00,381.1211166371373,381.1931813320959,381.1168136166436,381.1390360537546,32942
2025-11-07 10:08:00,381.1390360537546,381.17138600367235,381.06072791250966,381.15783616037146,38668
2025-11-07 10:09:00,381.15783616037146,381.2494086099746,381.13668459031766,381.21078493435624,69183
2025-11-07 10:10:00,381.21078493435624,381.2195500483058,381.16432580042283,381.2045134542964,17645
2025-11-07 10:11:00,381.2045134542964,381.2336017227409,381.1162646660419,381.1590241332511,25076
2025-11-07 10:12:00,381.1590241332511,381.2111758574289,381.14429579976485,381.18215367112555,43539
2025-11-07 10:13:00,381.18215367112555,381.36340518021717,381.1565093830214,381.3295950046864,18039
2025-11-07 10:14:00,381.3295950046864,381.33304923777195,381.2110164984793,381.2397100681464,96298
2025-11-07 10:15:00,381.2397100681464,381.26295686967507,381.1489385447942,381.16169941632666,91619
2025-11-07 10:16:00,381.16169941632666,381.19381742783696,381.1387980916969,381.1913097726425,59249
2025-11-07 10:17:00,381.1913097726425,381.3236201730171,381.184925262233,381.28416971429533,17485
2025-11-07 10:18:00,381.28416971429533,381.347559141738,381.1962392248081,381.25331242587504,47748
2025-11-07 10:19:00,381.25331242587504,381.3054773815624,381.18212392166447,381.20071566861543,69185
2025-11-07 10:20:00,381.20071566861543,381.26363746336256,381.18835422360866,381.2340825964067,33731
2025-11-07 10:21:00,381.2340825964067,381.3256477700817,381.22320822433767,381.31936452194645,71072
2025-11-07 10:22:00,381.31936452194645,381.3389816381769,381.25141820027164,381.26270549045057,65578
2025-11-07 10:23:00,381.26270549045057,381.33449242094326,381.2614753535459,381.3075539764291,20707
2025-11-07 10:24:00,381.3075539764291,381.34080948775295,381.1963620978713,381.23938890462415,82043
2025-11-07 10:25:00,381.23938890462415,381.2538787450639,381.1045996416855,381.12779049333517,94042
2025-11-07 10:26:00,381.12779049333517,381.1571850970649,381.0661060941329,381.12327594557416,27970
2025-11-07 10:27:00,381.12327594557416,381.2448443055861,381.11591435036814,381.23716639649695,29195
2025-11-07 10:28:00,381.23716639649695,381.2691833817481,381.0748497756673,381.08631962456974,51581
2025-11-07 10:29:00,381.08631962456974,381.1244215311613,380.9986025878511,381.027855544937,45133
2025-11-07 10:30:00,381.027855544937,381.0398181311436,380.9440759404934,380.9698139345214,75667
2025-11-07 10:31:00,380.9698139345214,381.00217102514785,380.9331004798968,380.9823335670794,30069
2025-11-07 10:32:00,380.9823335670794,381.05310087192413,380.94422502728287,380.99563489079094,69682
2025-11-07 10:33:00,380.99563489079094,381.0751607765758,380.96415073413976,381.0696951344447,71915
2025-11-07 10:34:00,381.0696951344447,381.12187173996836,381.0133927103746,381.0398017707612,36022
2025-11-07 10:35:00,381.0398017707612,381.12022813229254,381.00148943831647,381.10203083056643,39639
2025-11-07 10:36:00,381.10203083056643,381.2920288852515,381.0971794651263,381.27197485378593,124284
2025-11-07 10:37:00,381.27197485378593,381.27379854491187,381.15528809722167,381.24281094723193,10527
2025-11-07 10:38:00,381.24281094723193,381.4001517088801,381.2072449824786,381.3407992153885,55724
2025-11-07 10:39:00,381.3407992153885,381.4569046057254,381.2592754149968,381.3042040704589,10445
2025-11-07 10:40:00,381.3042040704589,381.31585086414907,381.1860878841094,381.270325258921,25437
2025-11-07 10:41:00,381.270325258921,381.38321467335504,381.1887553607312,381.32208190896546,11979
2025-11-07 10:42:00,381.32208190896546,381.4505451934544,381.30532565858465,381.41785493277786,19734
2025-11-07 10:43:00,381.41785493277786,381.53523418732294,381.377522768018,381.500267108375,45297
2025-11-07 10:44:00,381.500267108375,381.5048466585772,381.44794497110485,381.45595084911446,54084
2025-11-07 10:45:00,381.45595084911446,381.49207376642426,381.25681693282513,381.26133030731484,104226
2025-11-07 10:46:00,381.26133030731484,381.30561007427843,381.25367035019093,381.298077583068,81633
2025-11-07 10:47:00,381.298077583068,381.35592565009927,381.1575361081104,381.20057800772963,47632
2025-11-07 10:48:00,381.20057800772963,381.21692468926494,381.15618560799123,381.19739350632545,15818
2025-11-07 10:49:00,381.19739350632545,381.2382210171186,381.10186300069614,381.1553160112255,79610
2025-11-07 10:50:00,381.1553160112255,381.1554761694644,381.0440134338858,381.109006329198,33102
2025-11-07 10:51:00,381.109006329198,381.16532398471634,381.0663554365781,381.1649573391519,12106
2025-11-07 10:52:00,381.1649573391519,381.2196871559397,381.068595064694,381.07943931999034,71585
2025-11-07 10:53:00,381.07943931999034,381.1186558673282,381.0559648931419,381.05754369769056,59631
2025-11-07 10:54:00,381.05754369769056,381.0772750579426,380.94020130976793,380.95966466776537,37597
2025-11-07 10:55:00,380.95966466776537,380.9822011374471,380.84386143734724,380.8583811789548,23580
2025-11-07 10:56:00,380.8583811789548,380.8691261438682,380.7804919203743,380.80451548772675,81347
2025-11-07 10:57:00,380.80451548772675,380.8954431419823,380.76180441308344,380.82707215009367,10042
2025-11-07 10:58:00,380.82707215009367,380.9153622880578,380.79698516606356,380.84617548280005,18576
2025-11-07 10:59:00,380.84617548280005,380.91129172866965,380.7912208482151,380.887346492177,48596
2025-11-07 11:00:00,380.887346492177,380.9121912022919,380.7358770177905,380.8246441310582,92097
2025-11-07 11:01:00,380.8246441310582,380.8532374129286,380.81930568574114,380.84507656973125,65839
2025-11-07 11:02:00,380.84507656973125,380.921186441819,380.8140781835281,380.8945409199038,69821
2025-11-07 11:03:00,380.8945409199038,380.98657308210284,380.8868828451947,380.94986508052926,33354
2025-11-07 11:04:00,380.94986508052926,380.972538250074,380.9137898542239,380.96163317489277,47489
2025-11-07 11:05:00,380.96163317489277,381.094152612155,380.8981152245427,381.08289783441563,86574
2025-11-07 11:06:00,381.08289783441563,381.2673272013269,381.04385646319434,381.2317223731308,45271
2025-11-07 11:07:00,381.2317223731308,381.27489789854263,381.06786067583784,381.08518513386304,93459
2025-11-07 11:08:00,381.08518513386304,381.21956938791874,381.07235775212916,381.18774669467126,30893
2025-11-07 11:09:00,381.18774669467126,381.271796726946,381.14417186538145,381.2655876078502,19442
2025-11-07 11:10:00,381.2655876078502,381.3518857573745,381.25469536288716,381.3128522956167,52427
2025-11-07 11:11:00,381.3128522956167,381.38348897206674,381.2647290240095,381.2945993997161,91122
2025-11-07 11:12:00,381.2945993997161,381.3977681992277,381.2918860862253,381.38720091426654,11094
2025-11-07 11:13:00,381.38720091426654,381.46488124064217,381.342732151165,381.3942935040172,14934
2025-11-07 11:14:00,381.3942935040172,381.45511703295233,381.34407020348283,381.44026604878457,63046
2025-11-07 11:15:00,381.44026604878457,381.5241664483921,381.3764821602381,381.48364558715764,48108
2025-11-07 11:16:00,381.48364558715764,381.4967209011691,381.43781891004716,381.46029978777824,73372
2025-11-07 11:17:00,381.46029978777824,381.50078290259427,381.43372185850274,381.4901937912159,54789
2025-11-07 11:18:00,381.4901937912159,381.722499321137,381.4664603769848,381.6963063117817,196148
2025-11-07 11:19:00,381.6963063117817,381.7280916676951,381.58281631347006,381.7229956878784,66987
2025-11-07 11:20:00,381.7229956878784,381.74948305741805,381.5905550008564,381.6263711808241,99067
2025-11-07 11:21:00,381.6263711808241,381.64115737791,381.46070511580467,381.50434678340457,87219
2025-11-07 11:22:00,381.50434678340457,381.60633441057485,381.44215677761395,381.57571801764277,66249
2025-11-07 11:23:00,381.57571801764277,381.59653498025335,381.53159592261346,381.5486573826028,71852
2025-11-07 11:24:00,381.5486573826028,381.68600518528706,381.4449507333124,381.6388949310567,17832
2025-11-07 11:25:00,381.6388949310567,381.7520246593174,381.63652788534716,381.6885809508386,79541
2025-11-07 11:26:00,381.6885809508386,381.69955372175946,381.60741394557687,381.61351388684807,11694
2025-11-07 11:27:00,381.61351388684807,381.67036194109403,381.5466645137602,381.6274516170272,18463
2025-11-07 11:28:00,381.6274516170272,381.7548665931226,381.58485555082297,381.7136103299308,97905
2025-11-07 11:29:00,381.7136103299308,381.82724109274966,381.6722143467973,381.79840825065634,36170
2025-11-07 11:30:00,381.79840825065634,381.80407115806173,381.76443689305313,381.78222843350903,50733
2025-11-07 11:31:00,381.78222843350903,381.96121526652917,381.7647804580522,381.8666390603468,25828
2025-11-07 11:32:00,381.8666390603468,381.8879660790046,381.7798902434241,381.8838543830621,42202
2025-11-07 11:33:00,381.8838543830621,381.9773741710036,381.8791046597643,381.9421407277096,67563
2025-11-07 11:34:00,381.9421407277096,382.110780996148,381.91127706438533,382.06421790703837,56225
2025-11-07 11:35:00,382.06421790703837,382.14430666862813,382.05535692079025,382.09589123858876,38887
2025-11-07 11:36:00,382.09589123858876,382.1028743152958,382.0353627706119,382.0821544226141,38502
2025-11-07 11:37:00,382.0821544226141,382.1230575261874,382.0628176539432,382.09468091448997,88206
2025-11-07 11:38:00,382.09468091448997,382.0965843990075,381.99117701531594,382.0080950236532,70760
2025-11-07 11:39:00,382.0080950236532,382.0120295389393,381.98500955006534,381.9946810990209,19622
2025-11-07 11:40:00,381.9946810990209,381.9992387399741,381.93412785819316,381.94243022202636,84492
2025-11-07 11:41:00,381.94243022202636,381.9682522312265,381.85645309987564,381.87829380961597,81333
2025-11-07 11:42:00,381.87829380961597,381.99054066627235,381.83006849068323,381.9405647299605,41261
2025-11-07 11:43:00,381.9405647299605,382.0119564517517,381.9291848350947,381.9994622642806,31248
2025-11-07 11:44:00,381.9994622642806,382.02610832897386,381.9340500659875,381.9958884226459,86905
2025-11-07 11:45:00,381.9958884226459,382.16171427745405,381.97921614548255,382.08102330515703,38610
2025-11-07 11:46:00,382.08102330515703,382.12599545017787,382.0198769721366,382.07957134625985,56380
2025-11-07 11:47:00,382.07957134625985,382.1727097557901,381.90185653034337,381.9372865698823,65942
2025-11-07 11:48:00,381.9372865698823,381.9379079282892,381.91031937166,381.930527892933,12438
2025-11-07 11:49:00,381.930527892933,381.99557058103096,381.9218374856552,381.97213282551644,44603
2025-11-07 11:50:00,381.97213282551644,381.9943434339254,381.7836269948747,381.82357170323115,85400
2025-11-07 11:51:00,381.82357170323115,381.908795943066,381.80363972489107,381.83720659660196,91838
2025-11-07 11:52:00,381.83720659660196,381.87221756685,381.72536506590177,381.75753996723773,88565
2025-11-07 11:53:00,381.75753996723773,381.76617765717816,381.70580397899204,381.7641557926001,19127
2025-11-07 11:54:00,381.7641557926001,381.78276763731697,381.5200912160657,381.58511753740584,97328
2025-11-07 11:55:00,381.58511753740584,381.66224590303244,381.54626248394027,381.62791612966885,71829
2025-11-07 11:56:00,381.62791612966885,381.67040243430574,381.52589768351777,381.5450293573001,38820
2025-11-07 11:57:00,381.5450293573001,381.5603918847212,381.3838054672887,381.45138835278664,59490
2025-11-07 11:58:00,381.45138835278664,381.4797687299322,381.4218059641723,381.47751117994164,52817
2025-11-07 11:59:00,381.47751117994164,381.5177207596073,381.4249622198206,381.4673619191837,87223
2025-11-07 12:00:00,381.4673619191837,381.52725208517245,381.45919374811047,381.47094363076496,92819
2025-11-07 12:01:00,381.47094363076496,381.4778031731732,381.3003755803137,381.33158720336024,66172
2025-11-07 12:02:00,381.33158720336024,381.3469485144261,381.2644752825472,381.27093129965203,26279
2025-11-07 12:03:00,381.27093129965203,381.4055164960836,381.2687498408572,381.3422799411501,96821
2025-11-07 12:04:00,381.3422799411501,381.39072902957093,381.22610359594944,381.26282784316606,76103
2025-11-07 12:05:00,381.26282784316606,381.3819109291302,381.21761712853885,381.36915890753266,55955
2025-11-07 12:06:00,381.36915890753266,381.39438641041806,381.35701016230587,381.3825265116946,49265
2025-11-07 12:07:00,381.3825265116946,381.4608023170728,381.3822771430642,381.44116067725224,96450
2025-11-07 12:08:00,381.44116067725224,381.4589595557727,381.40619518763475,381.4202507226761,65256
2025-11-07 12:09:00,381.4202507226761,381.45683769523333,381.40954914960844,381.44615296860223,27637
2025-11-07 12:10:00,381.44615296860223,381.5077566889054,381.4270547876659,381.43730131656434,37299
2025-11-07 12:11:00,381.43730131656434,381.50812826013674,381.3858425711591,381.3865113670627,93114
2025-11-07 12:12:00,381.3865113670627,381.3959793444765,381.34281504836054,381.3696309902721,37491
2025-11-07 12:13:00,381.3696309902721,381.4707353989296,381.33166462556767,381.40676434631064,30221
2025-11-07 12:14:00,381.40676434631064,381.433016502495,381.3528128328515,381.40055077336365,61313
2025-11-07 12:15:00,381.40055077336365,381.4370705541405,381.3606835677641,381.3787965672312,99552
2025-11-07 12:16:00,381.3787965672312,381.41210541724274,381.31613643772886,381.32904444443227,56162
2025-11-07 12:17:00,381.32904444443227,381.35405520597595,381.25411473446826,381.2570055368299,50428
2025-11-07 12:18:00,381.2570055368299,381.2692670511098,381.14190374009615,381.160235819134,64471
2025-11-07 12:19:00,381.160235819134,381.2186703066529,381.1232925493183,381.12578716922326,17543
2025-11-07 12:20:00,381.12578716922326,381.25511718333433,381.0871701440165,381.2144277045054,27221
2025-11-07 12:21:00,381.2144277045054,381.31859561156296,381.1655043764331,381.30876834804786,59455
2025-11-07 12:22:00,381.30876834804786,381.32153847677193,381.2881455299477,381.3008685535431,58716
2025-11-07 12:23:00,381.3008685535431,381.3748685841911,381.2542953788108,381.3009804555442,19888
2025-11-07 12:24:00,381.3009804555442,381.4213014241954,381.2593560624715,381.27894083535955,83002
2025-11-07 12:25:00,381.27894083535955,381.35646688892473,381.22496139865353,381.3502148449417,30140
2025-11-07 12:26:00,381.3502148449417,381.4383432050796,381.28583928511813,381.42808500329676,90336
2025-11-07 12:27:00,381.42808500329676,381.5131934809736,381.38428520482967,381.49317136277074,73474
2025-11-07 12:28:00,381.49317136277074,381.5654244269002,381.44602323565834,381.4584376169633,25409
2025-11-07 12:29:00,381.4584376169633,381.528350744573,381.37698399098707,381.4909498200479,58426
2025-11-07 12:30:00,381.4909498200479,381.5155520134128,381.4374465614897,381.46527205171805,41368
2025-11-07 12:31:00,381.46527205171805,381.53961822607073,381.37729946757395,381.405357748898,14435
2025-11-07 12:32:00,381.405357748898,381.5212697775027,381.38749914851564,381.47598671165116,99780
2025-11-07 12:33:00,381.47598671165116,381.49418186092396,381.46776217515867,381.492762776632,26375
2025-11-07 12:34:00,381.492762776632,381.60136006396755,381.403742526323,381.5641533774319,98148
2025-11-07 12:35:00,381.5641533774319,381.64392320958257,381.54270126697486,381.6382794050871,80560
2025-11-07 12:36:00,381.6382794050871,381.75971875299535,381.620187725173,381.6848119447216,87366
2025-11-07 12:37:00,381.6848119447216,381.69677092656394,381.5519449938246,381.5867122326994,39870
2025-11-07 12:38:00,381.5867122326994,381.61414959928624,381.5511782023571,381.561193460541,74930
2025-11-07 12:39:00,381.561193460541,381.6355068551619,381.5375792175691,381.6217392245561,83251
2025-11-07 12:40:00,381.6217392245561,381.72824395381724,381.5938679680097,381.7076031317845,43762
2025-11-07 12:41:00,381.7076031317845,381.7547316656925,381.6918296027162,381.7502359382348,59849
2025-11-07 12:42:00,381.7502359382348,381.76778260369696,381.68307703380157,381.71795106131805,72355
2025-11-07 12:43:00,381.71795106131805,381.7993236171619,381.66380942391464,381.75915759996064,80831
2025-11-07 12:44:00,381.75915759996064,381.79745515874816,381.7171490936021,381.77807565225396,87608
2025-11-07 12:45:00,381.77807565225396,381.8497310621773,381.77018645844447,381.8276251822146,89763
2025-11-07 12:46:00,381.8276251822146,381.86006226434455,381.8257390550483,381.8299064445468,10051
2025-11-07 12:47:00,381.8299064445468,381.8341386295585,381.77149072157727,381.77721091734406,81156
2025-11-07 12:48:00,381.77721091734406,381.96055341717596,381.71270388061356,381.9272822058585,60728
2025-11-07 12:49:00,381.9272822058585,382.05820545469226,381.8742155818821,382.0072912181218,26533
2025-11-07 12:50:00,382.0072912181218,382.1449235744189,382.00087951967106,382.10366008771706,61726
2025-11-07 12:51:00,382.10366008771706,382.15438744606314,382.07471462204563,382.12338277631574,47682
2025-11-07 12:52:00,382.12338277631574,382.23825443558354,382.07156891527256,382.2369676828353,76113
2025-11-07 12:53:00,382.2369676828353,382.2826778270203,382.2196424281582,382.25786364491563,96257
2025-11-07 12:54:00,382.25786364491563,382.4353634153723,382.2516575662433,382.4274668425327,119270
2025-11-07 12:55:00,382.4274668425327,382.46908647407554,382.393733878815,382.4299011833796,58359
2025-11-07 12:56:00,382.4299011833796,382.46021339194675,382.42136350295607,382.4510487110554,21156
2025-11-07 12:57:00,382.4510487110554,382.51497914258425,382.35818062866696,382.5069302126756,22420
2025-11-07 12:58:00,382.5069302126756,382.644516311694,382.4779628012883,382.6119566969202,90853
2025-11-07 12:59:00,382.6119566969202,382.71691494051004,382.5840786345887,382.67803939852627,47097
2025-11-07 13:00:00,382.67803939852627,382.87808264935336,382.67217198062724,382.8034376434657,81980
2025-11-07 13:01:00,382.8034376434657,382.8218136004664,382.775600275149,382.8204633087534,67450
2025-11-07 13:02:00,382.8204633087534,382.86888916990637,382.80854975170496,382.8472472925954,12599
2025-11-07 13:03:00,382.8472472925954,382.87337137681726,382.7657771465816,382.78992597573625,42580
2025-11-07 13:04:00,382.78992597573625,382.80196860221406,382.6639017299664,382.72246537140796,47487
2025-11-07 13:05:00,382.72246537140796,382.80103774251694,382.7211490435946,382.7915236465686,35280
2025-11-07 13:06:00,382.7915236465686,382.81415993075694,382.77338982434344,382.78063456914145,87166
2025-11-07 13:07:00,382.78063456914145,382.79832338638056,382.75986834046796,382.7884439237693,18177
2025-11-07 13:08:00,382.7884439237693,382.8239700451688,382.6788700395027,382.7212118532353,51003
2025-11-07 13:09:00,382.7212118532353,382.7233871201307,382.52837716312115,382.5926337028064,28165
2025-11-07 13:10:00,382.5926337028064,382.61055133908553,382.47277108356684,382.538435361303,40480
2025-11-07 13:11:00,382.538435361303,382.73176385562357,382.51318362140137,382.66359099254447,84525
2025-11-07 13:12:00,382.66359099254447,382.7003685399069,382.5436562913683,382.6076697689035,40255
2025-11-07 13:13:00,382.6076697689035,382.74976877943936,382.5646733478701,382.670453862647,22935
2025-11-07 13:14:00,382.670453862647,382.79782793198444,382.6558446069367,382.7694324434143,28540
2025-11-07 13:15:00,382.7694324434143,382.82244272142884,382.6994789085392,382.8110433373091,96998
2025-11-07 13:16:00,382.8110433373091,382.8130343674361,382.62787831271635,382.6553691637161,53488
2025-11-07 13:17:00,382.6553691637161,382.69679506692586,382.5711366202159,382.615067767968,39272
2025-11-07 13:18:00,382.615067767968,382.7265532098818,382.61095369943536,382.68173662213326,55311
2025-11-07 13:19:00,382.68173662213326,382.6957646060598,382.6674004910255,382.68289410133457,55900
2025-11-07 13:20:00,382.68289410133457,382.6942867061337,382.6146189787916,382.6461435641058,72580
2025-11-07 13:21:00,382.6461435641058,382.7201040678008,382.6370913466306,382.6729954154962,21628
2025-11-07 13:22:00,382.6729954154962,382.6870100672674,382.61146392147,382.64123001266586,79838
2025-11-07 13:23:00,382.64123001266586,382.6666310041647,382.5956188038073,382.6048419994217,54830
2025-11-07 13:24:00,382.6048419994217,382.627484599545,382.5234527247016,382.571629346831,95814
2025-11-07 13:25:00,382.571629346831,382.57207520490664,382.50398174055243,382.551820210971,50955
2025-11-07 13:26:00,382.551820210971,382.56406485018675,382.52875170020593,382.5477727496842,68507
2025-11-07 13:27:00,382.5477727496842,382.6033029857063,382.44981891900727,382.4532923534358,58544
2025-11-07 13:28:00,382.4532923534358,382.49578101842536,382.4386314786426,382.49084047962083,10799
2025-11-07 13:29:00,382.49084047962083,382.5851421485242,382.48550516531486,382.51508919992494,53558
2025-11-07 13:30:00,382.51508919992494,382.55699077692844,382.2941314720582,382.3247278897206,42816
2025-11-07 13:31:00,382.3247278897206,382.37399911702073,382.27586426214765,382.3440512462243,28631
2025-11-07 13:32:00,382.3440512462243,382.43191059420394,382.33948616966603,382.345952840319,72110
2025-11-07 13:33:00,382.345952840319,382.3750176533817,382.34538099832724,382.3641559128007,10526
2025-11-07 13:34:00,382.3641559128007,382.38060303833026,382.2734459743737,382.29288691784126,74555
2025-11-07 13:35:00,382.29288691784126,382.3031288978402,382.0414239336745,382.0590545788877,103466
2025-11-07 13:36:00,382.0590545788877,382.07068192238376,381.97243609373027,381.98174925656264,90123
2025-11-07 13:37:00,381.98174925656264,381.99988015955233,381.8831167523383,381.90262654114844,11238
2025-11-07 13:38:00,381.90262654114844,381.9812694327422,381.89208671061533,381.9734427641275,60374
2025-11-07 13:39:00,381.9734427641275,381.986144129952,381.93190076547575,381.94512955052494,83662
2025-11-07 13:40:00,381.94512955052494,381.97364954216505,381.80770367497155,381.822995198909,18262
2025-11-07 13:41:00,381.822995198909,381.98756650459285,381.76776078172844,381.9263849581259,50000
2025-11-07 13:42:00,381.9263849581259,381.9888987400188,381.69415578889084,381.79049578441527,69801
2025-11-07 13:43:00,381.79049578441527,381.8029009876751,381.75291066055354,381.75954746638917,36825
2025-11-07 13:44:00,381.75954746638917,381.8791347225228,381.6992947244122,381.835446696406,68415
2025-11-07 13:45:00,381.835446696406,381.9614426160336,381.79945766973236,381.90099071615344,88488
2025-11-07 13:46:00,381.90099071615344,381.9192298804877,381.74597286868476,381.7809921746682,55702
2025-11-07 13:47:00,381.7809921746682,381.8269675955822,381.77268945045654,381.79248951301685,74649
2025-11-07 13:48:00,381.79248951301685,381.90634909071116,381.755410213224,381.8999910063972,54470
2025-11-07 13:49:00,381.8999910063972,382.0049677120672,381.89082401970506,381.96178031681706,41147
2025-11-07 13:50:00,381.96178031681706,381.9672863184933,381.79587377246963,381.8010948659355,151230
2025-11-07 13:51:00,381.8010948659355,381.8018082280979,381.6954147045288,381.7028660873006,10947
2025-11-07 13:52:00,381.7028660873006,381.7470277102582,381.6866440078745,381.7467710301376,29439
2025-11-07 13:53:00,381.7467710301376,381.7500709893638,381.64161653299044,381.6673748096618,80854
2025-11-07 13:54:00,381.6673748096618,381.7573917685338,381.63535034108185,381.7098642136541,99523
2025-11-07 13:55:00,381.7098642136541,381.8015481790257,381.6529449210843,381.76390822821315,72293
2025-11-07 13:56:00,381.76390822821315,381.8794659013763,381.699768620363,381.779137860583,34122
2025-11-07 13:57:00,381.779137860583,381.83942596323345,381.7557100439224,381.7624562944107,96314
2025-11-07 13:58:00,381.7624562944107,381.7923857663357,381.68958948259905,381.6975997131792,27528
2025-11-07 13:59:00,381.6975997131792,381.85637136635467,381.6408772479702,381.83549885007835,71321
2025-11-07 14:00:00,381.83549885007835,381.9157653476453,381.80246807746107,381.901723542169,25063
2025-11-07 14:01:00,381.901723542169,382.10847767561546,381.88249730682134,381.96495681359403,87990
2025-11-07 14:02:00,381.96495681359403,382.00358637944294,381.8603284281491,381.89181377377764,59151
2025-11-07 14:03:00,381.89181377377764,381.92839625378656,381.8078424359226,381.8456701329319,45191
2025-11-07 14:04:00,381.8456701329319,381.9071284821063,381.8263114606805,381.8619580124052,63424
2025-11-07 14:05:00,381.8619580124052,381.8956702905939,381.74617535452234,381.808364782607,59738
2025-11-07 14:06:00,381.808364782607,381.82523462420266,381.7312559606236,381.7933665471025,61714
2025-11-07 14:07:00,381.7933665471025,381.8182939117972,381.6848814452579,381.73613751676083,40268
2025-11-07 14:08:00,381.73613751676083,381.8025909613209,381.7310354032877,381.8016110583994,81982
2025-11-07 14:09:00,381.8016110583994,381.85341103245094,381.68925566242035,381.68946407927933,65812
2025-11-07 14:10:00,381.68946407927933,381.75763170196836,381.62418562375666,381.72633899556973,55534
2025-11-07 14:11:00,381.72633899556973,381.762759935382,381.5492322992601,381.56706450124585,146404
2025-11-07 14:12:00,381.56706450124585,381.60502397535106,381.4992784261548,381.5078918546859,79563
2025-11-07 14:13:00,381.5078918546859,381.5199528157891,381.424995256767,381.4324780261316,24620
2025-11-07 14:14:00,381.4324780261316,381.5088034383904,381.4121849626609,381.48972312760253,98456
2025-11-07 14:15:00,381.48972312760253,381.49020252987907,381.44655493901996,381.46180504062437,95683
2025-11-07 14:16:00,381.46180504062437,381.5637664234387,381.3873076651531,381.5507943175069,37563
2025-11-07 14:17:00,381.5507943175069,381.5559376765201,381.4947290587346,381.4954286475937,53835
2025-11-07 14:18:00,381.4954286475937,381.5158637483719,381.44474405116006,381.48647034902217,91583
2025-11-07 14:19:00,381.48647034902217,381.5824517542137,381.4700079306636,381.5166212053924,42161
2025-11-07 14:20:00,381.5166212053924,381.54641154964224,381.4558087786789,381.500344870471,79843
2025-11-07 14:21:00,381.500344870471,381.6348136263349,381.46198276577894,381.63125290589664,38604
2025-11-07 14:22:00,381.63125290589664,381.90613000767667,381.6266515604486,381.8653838407239,93642
2025-11-07 14:23:00,381.8653838407239,381.89513270999873,381.8407380168366,381.8488045544166,17313
2025-11-07 14:24:00,381.8488045544166,381.9098237947512,381.8087714542214,381.8940946692378,52294
2025-11-07 14:25:00,381.8940946692378,381.92626144525775,381.86450382668187,381.8675530067671,36297
2025-11-07 14:26:00,381.8675530067671,381.88667140506857,381.8556532708488,381.85902932995026,70483
2025-11-07 14:27:00,381.85902932995026,382.03479745808403,381.83618458244945,381.96896875715083,20834
2025-11-07 14:28:00,381.96896875715083,382.07611541896375,381.93958649880864,382.03249783254176,66971
2025-11-07 14:29:00,382.03249783254176,382.1928647064385,381.9612011729357,382.1717812394212,39098
2025-11-07 14:30:00,382.1717812394212,382.18994602831964,382.1402123244472,382.1518865659138,16023
2025-11-07 14:31:00,382.1518865659138,382.2171093818549,382.0975423321638,382.1956237831606,82613
2025-11-07 14:32:00,382.1956237831606,382.2705550969542,382.11964723437245,382.25028019905227,35757
2025-11-07 14:33:00,382.25028019905227,382.32671050862234,382.2256021943944,382.2667790475556,13846
2025-11-07 14:34:00,382.2667790475556,382.384619442832,382.16875589968436,382.35882618737264,59962
2025-11-07 14:35:00,382.35882618737264,382.4026909988421,382.3370755181036,382.40243760291037,89049
2025-11-07 14:36:00,382.40243760291037,382.44706954108995,382.3385651529789,382.4469849166647,62204
2025-11-07 14:37:00,382.4469849166647,382.5073626108193,382.43478848949536,382.4767654425088,29290
2025-11-07 14:38:00,382.4767654425088,382.6962923957141,382.476027611156,382.6410417490027,186976
2025-11-07 14:39:00,382.6410417490027,382.7633920393584,382.6121938460609,382.7430517217438,46589
2025-11-07 14:40:00,382.7430517217438,382.81182874246565,382.735370293548,382.8005761513955,63952
2025-11-07 14:41:00,382.8005761513955,382.9080951965493,382.7462618183096,382.8254825413479,66764
2025-11-07 14:42:00,382.8254825413479,382.86063194691127,382.720149417318,382.76390210229823,91120
2025-11-07 14:43:00,382.76390210229823,382.8529107915208,382.74993099528416,382.75901433496915,34886
2025-11-07 14:44:00,382.75901433496915,382.8513989477749,382.72508241144095,382.79943054843187,97508
2025-11-07 14:45:00,382.79943054843187,382.91668927583436,382.7176089139729,382.8892339227763,32036
2025-11-07 14:46:00,382.8892339227763,382.93109311037273,382.8639095734723,382.8694997153832,59665
2025-11-07 14:47:00,382.8694997153832,382.90456093421386,382.85804426890746,382.8928708643847,85948
2025-11-07 14:48:00,382.8928708643847,382.9800307036072,382.87530332180046,382.8834059915166,39126
2025-11-07 14:49:00,382.8834059915166,383.01512741790356,382.8605708287831,382.9641686678721,15207
2025-11-07 14:50:00,382.9641686678721,383.0451739555045,382.9562246198191,383.00476392999616,27875
2025-11-07 14:51:00,383.00476392999616,383.022849409113,382.99207730666603,383.01338240558897,35489
2025-11-07 14:52:00,383.01338240558897,383.1354676060126,382.96435777644126,383.0730742829639,58005
2025-11-07 14:53:00,383.0730742829639,383.2943030963585,382.9991484996599,383.2303217613617,103966
2025-11-07 14:54:00,383.2303217613617,383.23158204107045,383.1679500017915,383.18542610324386,31734
2025-11-07 14:55:00,383.18542610324386,383.2018213661298,383.1718657253505,383.1774863710742,40875
2025-11-07 14:56:00,383.1774863710742,383.24828477334836,382.9452905212551,383.0213805576516,46434
2025-11-07 14:57:00,383.0213805576516,383.0298497718492,382.84735595630906,382.8530672301848,110760
2025-11-07 14:58:00,382.8530672301848,382.87849067886503,382.82964837140014,382.87336240095584,77916
2025-11-07 14:59:00,382.87336240095584,382.9105492371647,382.7774319316162,382.8237829114942,71289
2025-11-07 15:00:00,382.8237829114942,382.8390674054496,382.7018313810344,382.73654063015607,64112
2025-11-07 15:01:00,382.73654063015607,382.7465371169356,382.6391930047783,382.6694906808537,28913
2025-11-07 15:02:00,382.6694906808537,382.67867450009106,382.56705570145226,382.5874537773345,64288
2025-11-07 15:03:00,382.5874537773345,382.6122081726809,382.57466729388256,382.57543718498124,65214
2025-11-07 15:04:00,382.57543718498124,382.63052609081495,382.3495631084239,382.4239082064865,55420
2025-11-07 15:05:00,382.4239082064865,382.46974365089324,382.39292359895825,382.3956169959697,82082
2025-11-07 15:06:00,382.3956169959697,382.45605316559596,382.3065355827885,382.3520292059145,69870
2025-11-07 15:07:00,382.3520292059145,382.3927865450444,382.32587196398106,382.326553738423,28639
2025-11-07 15:08:00,382.326553738423,382.38112202975526,382.26897803479824,382.3676589553217,70639
2025-11-07 15:09:00,382.3676589553217,382.46933016863755,382.3565918514582,382.4457900240853,87391
2025-11-07 15:10:00,382.4457900240853,382.5417785315094,382.4436220353813,382.4846614190554,37924
2025-11-07 15:11:00,382.4846614190554,382.5160600881912,382.37891522534414,382.42322061712997,82575
2025-11-07 15:12:00,382.42322061712997,382.45321955171227,382.38169021132836,382.38943377619063,25029
2025-11-07 15:13:00,382.38943377619063,382.4003131496086,382.1912985165493,382.2877672046244,12632
2025-11-07 15:14:00,382.2877672046244,382.2949077141707,382.2151936450066,382.2647584283799,40283
2025-11-07 15:15:00,382.2647584283799,382.35646763538887,382.2631598220878,382.35213118111494,10975
2025-11-07 15:16:00,382.35213118111494,382.36075104713774,382.285479932543,382.29884153996016,68649
2025-11-07 15:17:00,382.29884153996016,382.3649836693721,382.20794671107365,382.20928953976,22427
2025-11-07 15:18:00,382.20928953976,382.24642041521696,382.197569514686,382.24532821245475,86150
2025-11-07 15:19:00,382.24532821245475,382.3084650901174,382.20898604718866,382.30054779179835,93577
2025-11-07 15:20:00,382.30054779179835,382.353485051987,382.2782705667383,382.29389758984485,93744
2025-11-07 15:21:00,382.29389758984485,382.30947948176345,382.24238014774494,382.26575630280064,19680
2025-11-07 15:22:00,382.26575630280064,382.3430620338372,382.2314620305113,382.32596647169964,58436
2025-11-07 15:23:00,382.32596647169964,382.42838147733835,382.30693695718173,382.3794976657443,67602
2025-11-07 15:24:00,382.3794976657443,382.4625698253308,382.33846457230385,382.3390154906578,10393
2025-11-07 15:25:00,382.3390154906578,382.3568762071153,382.2658753898992,382.27161856108756,96290
2025-11-07 15:26:00,382.27161856108756,382.29139277298896,382.2465508869367,382.25108130243467,96113
2025-11-07 15:27:00,382.25108130243467,382.26580514115403,382.00619498514624,382.0555951715417,196424
2025-11-07 15:28:00,382.0555951715417,382.2231719805218,381.9660383257161,382.15900653562727,50576
2025-11-07 15:29:00,382.15900653562727,382.1945258944178,382.11057136109986,382.19380668012906,86213
2025-11-07 15:30:00,382.19380668012906,382.2355600938163,382.0462115025896,382.0920814408721,88579
2025-11-07 15:31:00,382.0920814408721,382.18805341914765,382.05176658743136,382.1702613301957,49720
2025-11-07 15:32:00,382.1702613301957,382.19334555611397,382.0515999092365,382.0599748238773,58865
2025-11-07 15:33:00,382.0599748238773,382.1073615816072,381.9134958871554,381.96564759479287,58957
2025-11-07 15:34:00,381.96564759479287,381.994653130232,381.91178000661284,381.9418598938947,97832
2025-11-07 15:35:00,381.9418598938947,381.99767787487735,381.8052256818597,381.8175906048803,98304
2025-11-07 15:36:00,381.8175906048803,381.85747781065146,381.7436112054773,381.76097658846606,29112
2025-11-07 15:37:00,381.76097658846606,381.86688999256324,381.68474003291664,381.81333254170363,94879
2025-11-07 15:38:00,381.81333254170363,381.8441531124937,381.7433169296789,381.74552594441724,29623
2025-11-07 15:39:00,381.74552594441724,381.7553389792247,381.68189764270045,381.7126599286436,69893
2025-11-07 15:40:00,381.7126599286436,381.7204560467011,381.63981177552193,381.6672832903985,99125
2025-11-07 15:41:00,381.6672832903985,381.694083696492,381.5889564910864,381.61636039203086,93959
2025-11-07 15:42:00,381.61636039203086,381.6220799829964,381.5101482259707,381.55258803226116,24312
2025-11-07 15:43:00,381.55258803226116,381.63104681916974,381.5228183918389,381.6259706761415,79519
2025-11-07 15:44:00,381.6259706761415,381.64473673791383,381.5198386920598,381.548965876067,18002
2025-11-07 15:45:00,381.548965876067,381.6340981484269,381.5408946867175,381.59488267761293,88538
2025-11-07 15:46:00,381.59488267761293,381.61536162517064,381.5576253460686,381.5887180617953,79269
2025-11-07 15:47:00,381.5887180617953,381.6004097656195,381.5380194730198,381.57231239835727,68542
2025-11-07 15:48:00,381.57231239835727,381.59253320459067,381.43434950878805,381.48777047520167,22460
2025-11-07 15:49:00,381.48777047520167,381.4977087670003,381.3672390009405,381.42276297680576,80886
2025-11-07 15:50:00,381.42276297680576,381.45492861298567,381.34993820133485,381.38423865186377,87081
2025-11-07 15:51:00,381.38423865186377,381.4026029495643,381.1672074822494,381.18150169892823,182468
2025-11-07 15:52:00,381.18150169892823,381.1857324947755,381.12731907685185,381.14671640551967,31553
2025-11-07 15:53:00,381.14671640551967,381.1966602555478,381.11343171950523,381.1495197385428,48795
2025-11-07 15:54:00,381.1495197385428,381.17465637544484,381.09600277291963,381.10249998672197,33459
2025-11-07 15:55:00,381.10249998672197,381.1043655526793,381.0098254002984,381.02092984916663,42527
2025-11-07 15:56:00,381.02092984916663,381.0602274051263,380.97412719029563,381.0582762377363,66915
2025-11-07 15:57:00,381.0582762377363,381.0637697000964,381.0159345232396,381.0160579761926,98249
2025-11-07 15:58:00,381.0160579761926,381.02004155198546,380.9418261115863,380.994948151491,58967
2025-11-07 15:59:00,380.994948151491,381.10034846992585,380.9660119400203,381.0714537637476,51912
2025-11-07 16:00:00,381.0714537637476,381.10116867959425,381.0437236048635,381.0540587669767,13825
