Datetime,Open,High,Low,Close,Volume,Dividends,Stock Splits,Capital Gains
2024-11-08 09:30:00-05:00,596.1699829101562,597.5798950195312,596.1649780273438,597.3350219726562,6647628,0.0,0.0,0.0
2024-11-08 10:30:00-05:00,597.3300170898438,598.0800170898438,597.22998046875,597.9899291992188,4291137,0.0,0.0,0.0
2024-11-08 11:30:00-05:00,597.97998046875,598.219970703125,597.4400024414062,597.6400146484375,4149684,0.0,0.0,0.0
2024-11-08 12:30:00-05:00,597.6699829101562,598.3499755859375,597.6099853515625,598.1749877929688,2590616,0.0,0.0,0.0
2024-11-08 13:30:00-05:00,598.1599731445312,599.25,598.1400146484375,599.22998046875,4147990,0.0,0.0,0.0
2024-11-08 14:30:00-05:00,599.27001953125,599.6400146484375,598.239990234375,598.25,5752043,0.0,0.0,0.0
2024-11-08 15:30:00-05:00,598.280029296875,598.3123168945312,597.6199951171875,598.239990234375,10548855,0.0,0.0,0.0
2024-11-11 09:30:00-05:00,599.989990234375,600.1699829101562,598.530029296875,598.8699951171875,7391401,0.0,0.0,0.0
2024-11-11 10:30:00-05:00,598.8800048828125,599.9500122070312,598.8800048828125,599.0900268554688,3623554,0.0,0.0,0.0
2024-11-11 11:30:00-05:00,599.0999755859375,599.5599975585938,598.6849975585938,598.80908203125,1977105,0.0,0.0,0.0
2024-11-11 12:30:00-05:00,598.7999877929688,599.030029296875,597.0,597.8499755859375,4612077,0.0,0.0,0.0
2024-11-11 13:30:00-05:00,597.8499755859375,598.6400146484375,597.5701293945312,598.1436767578125,2244888,0.0,0.0,0.0
2024-11-11 14:30:00-05:00,598.1599731445312,598.5888061523438,598.010009765625,598.2799072265625,3052366,0.0,0.0,0.0
2024-11-11 15:30:00-05:00,598.27001953125,598.8350219726562,597.97998046875,598.719970703125,7283055,0.0,0.0,0.0
2024-11-12 09:30:00-05:00,598.6799926757812,599.2899780273438,597.7899780273438,597.9534301757812,6625161,0.0,0.0,0.0
2024-11-12 10:30:00-05:00,597.9650268554688,598.3798828125,596.97998046875,597.1799926757812,3120433,0.0,0.0,0.0
2024-11-12 11:30:00-05:00,597.1798706054688,597.3499145507812,596.0399780273438,596.4924926757812,3059145,0.0,0.0,0.0
2024-11-12 12:30:00-05:00,596.489990234375,596.6699829101562,594.4500122070312,595.8234252929688,5111232,0.0,0.0,0.0
2024-11-12 13:30:00-05:00,595.8099975585938,598.280029296875,595.7999877929688,597.97998046875,3921707,0.0,0.0,0.0
2024-11-12 14:30:00-05:00,597.97998046875,598.4000244140625,597.1799926757812,597.3900146484375,5016605,0.0,0.0,0.0
2024-11-12 15:30:00-05:00,597.3900146484375,597.5700073242188,596.510009765625,596.8699951171875,6685041,0.0,0.0,0.0
2024-11-13 09:30:00-05:00,597.3699951171875,597.719970703125,594.9600219726562,596.3200073242188,7383708,0.0,0.0,0.0
2024-11-13 10:30:00-05:00,596.3499755859375,598.1400146484375,596.0499877929688,597.97998046875,3493972,0.0,0.0,0.0
2024-11-13 11:30:00-05:00,597.969970703125,599.0598754882812,597.219970703125,598.4600219726562,3495807,0.0,0.0,0.0
2024-11-13 12:30:00-05:00,598.4500122070312,599.22998046875,598.2899780273438,598.760009765625,3478074,0.0,0.0,0.0
2024-11-13 13:30:00-05:00,598.7550048828125,599.1500244140625,597.7999877929688,597.9425048828125,2964581,0.0,0.0,0.0
2024-11-13 14:30:00-05:00,597.9199829101562,598.1400146484375,596.6849975585938,597.5900268554688,5928055,0.0,0.0,0.0
2024-11-13 15:30:00-05:00,597.5700073242188,598.5399780273438,596.47998046875,597.1699829101562,13490464,0.0,0.0,0.0
2024-11-14 09:30:00-05:00,597.3200073242188,597.8099975585938,595.1248168945312,596.4199829101562,6566680,0.0,0.0,0.0
2024-11-14 10:30:00-05:00,596.4099731445312,596.9400024414062,595.8599853515625,596.4600219726562,2730235,0.0,0.0,0.0
2024-11-14 11:30:00-05:00,596.489990234375,596.9299926757812,594.7000122070312,594.8298950195312,3115376,0.0,0.0,0.0
2024-11-14 12:30:00-05:00,594.8200073242188,595.7200927734375,593.75,595.139892578125,3520122,0.0,0.0,0.0
2024-11-14 13:30:00-05:00,595.1199951171875,595.3099975585938,593.77001953125,595.1500244140625,2937077,0.0,0.0,0.0
2024-11-14 14:30:00-05:00,595.1300048828125,595.7899780273438,593.02001953125,594.1400146484375,5064339,0.0,0.0,0.0
2024-11-14 15:30:00-05:00,594.1500244140625,594.3699951171875,592.6500244140625,593.3699951171875,8718052,0.0,0.0,0.0
2024-11-15 09:30:00-05:00,589.719970703125,590.2000122070312,586.6699829101562,586.8150024414062,12285260,0.0,0.0,0.0
2024-11-15 10:30:00-05:00,586.8200073242188,587.2894287109375,586.0399780273438,587.239990234375,13822178,0.0,0.0,0.0
2024-11-15 11:30:00-05:00,587.22998046875,587.3800048828125,585.216796875,585.4671020507812,6892212,0.0,0.0,0.0
2024-11-15 12:30:00-05:00,585.469970703125,585.8099975585938,584.6400146484375,585.4299926757812,5443749,0.0,0.0,0.0
2024-11-15 13:30:00-05:00,585.3800048828125,585.3800048828125,583.8599853515625,584.0900268554688,7623382,0.0,0.0,0.0
2024-11-15 14:30:00-05:00,584.1099853515625,586.2299194335938,584.030029296875,585.3099975585938,6377211,0.0,0.0,0.0
2024-11-15 15:30:00-05:00,585.3099975585938,586.1900024414062,584.72998046875,585.719970703125,9279457,0.0,0.0,0.0
2024-11-18 09:30:00-05:00,586.219970703125,587.3900146484375,585.3400268554688,587.3599853515625,5730154,0.0,0.0,0.0
2024-11-18 10:30:00-05:00,587.3699951171875,589.1400146484375,587.3037719726562,588.6500244140625,4079522,0.0,0.0,0.0
2024-11-18 11:30:00-05:00,588.6500244140625,589.489990234375,587.8300170898438,588.3699951171875,3370793,0.0,0.0,0.0
2024-11-18 12:30:00-05:00,588.3400268554688,588.6799926757812,587.75,588.1400146484375,2725350,0.0,0.0,0.0
2024-11-18 13:30:00-05:00,588.1400146484375,588.4459838867188,587.02001953125,587.280029296875,2857934,0.0,0.0,0.0
2024-11-18 14:30:00-05:00,587.280029296875,588.4099731445312,587.1099853515625,588.39501953125,2717875,0.0,0.0,0.0
2024-11-18 15:30:00-05:00,588.3800048828125,588.3900146484375,587.5142822265625,588.1500244140625,8855884,0.0,0.0,0.0
2024-11-19 09:30:00-05:00,584.7100219726562,586.47998046875,584.030029296875,586.4600219726562,8524394,0.0,0.0,0.0
2024-11-19 10:30:00-05:00,586.4500122070312,589.010009765625,586.0900268554688,588.89990234375,4412844,0.0,0.0,0.0
2024-11-19 11:30:00-05:00,588.8900146484375,589.239990234375,588.030029296875,588.97998046875,3043412,0.0,0.0,0.0
2024-11-19 12:30:00-05:00,588.969970703125,589.6300048828125,588.760009765625,589.5507202148438,3925160,0.0,0.0,0.0
2024-11-19 13:30:00-05:00,589.5599975585938,591.0449829101562,589.4000244140625,590.1300048828125,5450771,0.0,0.0,0.0
2024-11-19 14:30:00-05:00,590.1400146484375,590.3599853515625,589.0900268554688,589.8800048828125,6312238,0.0,0.0,0.0
2024-11-19 15:30:00-05:00,589.8800048828125,590.5999755859375,589.6799926757812,590.280029296875,6088297,0.0,0.0,0.0
2024-11-20 09:30:00-05:00,590.3800048828125,590.530029296875,584.6300048828125,585.7139282226562,9235542,0.0,0.0,0.0
2024-11-20 10:30:00-05:00,585.719970703125,587.6859741210938,585.6199951171875,585.8699951171875,7665516,0.0,0.0,0.0
2024-11-20 11:30:00-05:00,585.9000244140625,588.7999877929688,585.5399780273438,587.2050170898438,4253187,0.0,0.0,0.0
2024-11-20 12:30:00-05:00,587.2000122070312,588.2899780273438,586.5399780273438,587.5999755859375,2951747,0.0,0.0,0.0
2024-11-20 13:30:00-05:00,587.6021728515625,587.6021728515625,586.1500244140625,586.619873046875,2680996,0.0,0.0,0.0
2024-11-20 14:30:00-05:00,586.6099853515625,588.52001953125,586.52001953125,588.47998046875,4795676,0.0,0.0,0.0
2024-11-20 15:30:00-05:00,588.47998046875,590.7899780273438,588.47998046875,590.47998046875,9327426,0.0,0.0,0.0
2024-11-21 09:30:00-05:00,593.4000244140625,593.4500122070312,587.5399780273438,587.7391967773438,10426898,0.0,0.0,0.0
2024-11-21 10:30:00-05:00,587.6900024414062,592.75,587.4500122070312,592.7249755859375,5418336,0.0,0.0,0.0
2024-11-21 11:30:00-05:00,592.75,593.280029296875,591.0800170898438,593.0,3958697,0.0,0.0,0.0
2024-11-21 12:30:00-05:00,593.010009765625,594.6799926757812,592.880126953125,594.4299926757812,3530532,0.0,0.0,0.0
2024-11-21 13:30:00-05:00,594.4500122070312,594.7999877929688,593.52001953125,594.4199829101562,4282940,0.0,0.0,0.0
2024-11-21 14:30:00-05:00,594.4299926757812,595.1199951171875,593.8599853515625,594.9000244140625,5360488,0.0,0.0,0.0
2024-11-21 15:30:00-05:00,594.9000244140625,595.0,593.5599975585938,593.6099853515625,7259012,0.0,0.0,0.0
2024-11-22 09:30:00-05:00,593.6599731445312,596.1309814453125,593.1525268554688,593.6699829101562,8465340,0.0,0.0,0.0
2024-11-22 10:30:00-05:00,593.780029296875,595.8200073242188,593.590087890625,594.5900268554688,4334292,0.0,0.0,0.0
2024-11-22 11:30:00-05:00,594.5700073242188,595.8800048828125,593.9199829101562,595.6099853515625,2694631,0.0,0.0,0.0
2024-11-22 12:30:00-05:00,595.6099853515625,596.1500244140625,594.6599731445312,595.52001953125,2381164,0.0,0.0,0.0
2024-11-22 13:30:00-05:00,595.52001953125,595.969970703125,594.1500244140625,594.989990234375,3638643,0.0,0.0,0.0
2024-11-22 14:30:00-05:00,594.989990234375,595.6300048828125,594.1699829101562,594.77001953125,3555087,0.0,0.0,0.0
2024-11-22 15:30:00-05:00,594.75830078125,596.0999755859375,594.6699829101562,595.489990234375,4804386,0.0,0.0,0.0
2024-11-25 09:30:00-05:00,599.52001953125,600.8599853515625,597.5499877929688,599.1099853515625,12287190,0.0,0.0,0.0
2024-11-25 10:30:00-05:00,599.0900268554688,599.260009765625,597.5999755859375,597.989990234375,4340166,0.0,0.0,0.0
2024-11-25 11:30:00-05:00,597.969970703125,598.3800048828125,595.75,596.0399780273438,4236635,0.0,0.0,0.0
2024-11-25 12:30:00-05:00,596.0399780273438,597.4400024414062,595.2000122070312,597.1503295898438,3470148,0.0,0.0,0.0
2024-11-25 13:30:00-05:00,597.1799926757812,597.6099853515625,596.489990234375,596.989990234375,2270237,0.0,0.0,0.0
2024-11-25 14:30:00-05:00,596.7100830078125,597.4500122070312,596.6599731445312,597.1400146484375,2618835,0.0,0.0,0.0
2024-11-25 15:30:00-05:00,597.1099853515625,597.7449951171875,596.8499755859375,597.4500122070312,6562304,0.0,0.0,0.0
2024-11-26 09:30:00-05:00,598.7999877929688,599.6099853515625,598.0700073242188,598.8150024414062,7503547,0.0,0.0,0.0
2024-11-26 10:30:00-05:00,598.7999877929688,599.5999755859375,598.219970703125,599.5599975585938,3068458,0.0,0.0,0.0
2024-11-26 11:30:00-05:00,599.5650024414062,599.8699951171875,599.0700073242188,599.3350219726562,2822299,0.0,0.0,0.0
2024-11-26 12:30:00-05:00,599.3499755859375,600.139892578125,599.2999877929688,599.8701171875,2142058,0.0,0.0,0.0
2024-11-26 13:30:00-05:00,599.8599853515625,600.4099731445312,599.219970703125,599.6801147460938,2987045,0.0,0.0,0.0
2024-11-26 14:30:00-05:00,599.6900024414062,600.4500122070312,599.5,600.3715209960938,4624304,0.0,0.0,0.0
2024-11-26 15:30:00-05:00,600.3699951171875,601.3300170898438,600.260009765625,600.72998046875,10760984,0.0,0.0,0.0
2024-11-27 09:30:00-05:00,600.4600219726562,600.8499755859375,599.22998046875,599.3499755859375,6282609,0.0,0.0,0.0
2024-11-27 10:30:00-05:00,599.3699951171875,599.5900268554688,598.25,598.4598999023438,4307773,0.0,0.0,0.0
2024-11-27 11:30:00-05:00,598.4299926757812,599.1500244140625,597.280029296875,598.219970703125,5448310,0.0,0.0,0.0
2024-11-27 12:30:00-05:00,598.219970703125,598.8599853515625,597.77001953125,598.477783203125,2285273,0.0,0.0,0.0
2024-11-27 13:30:00-05:00,598.4600219726562,599.1199951171875,598.3599853515625,598.7100219726562,2893063,0.0,0.0,0.0
2024-11-27 14:30:00-05:00,598.7100219726562,599.0999755859375,598.3099975585938,598.5499877929688,3623104,0.0,0.0,0.0
2024-11-27 15:30:00-05:00,598.5449829101562,598.97998046875,598.0,598.7899780273438,4372415,0.0,0.0,0.0
2024-11-29 09:30:00-05:00,599.6599731445312,601.739990234375,599.3804931640625,601.389892578125,5371022,0.0,0.0,0.0
2024-11-29 10:30:00-05:00,601.510009765625,602.3897094726562,601.4099731445312,602.3300170898438,3246544,0.0,0.0,0.0
2024-11-29 11:30:00-05:00,602.3499755859375,603.260009765625,602.0599975585938,602.8250122070312,4842724,0.0,0.0,0.0
2024-12-02 09:30:00-05:00,602.969970703125,603.6798706054688,602.469970703125,603.2249755859375,7003062,0.0,0.0,0.0
2024-12-02 10:30:00-05:00,603.219970703125,603.5700073242188,602.469970703125,603.280029296875,2742346,0.0,0.0,0.0
2024-12-02 11:30:00-05:00,603.2650146484375,603.9600219726562,603.1903076171875,603.469970703125,2613542,0.0,0.0,0.0
2024-12-02 12:30:00-05:00,603.489990234375,603.8798828125,603.4000244140625,603.6699829101562,2297849,0.0,0.0,0.0
2024-12-02 13:30:00-05:00,603.67578125,603.8300170898438,603.0499877929688,603.4000244140625,2856373,0.0,0.0,0.0
2024-12-02 14:30:00-05:00,603.4100952148438,604.3200073242188,603.3900146484375,604.260009765625,3815615,0.0,0.0,0.0
2024-12-02 15:30:00-05:00,604.1199951171875,604.280029296875,603.4500122070312,603.6699829101562,5147465,0.0,0.0,0.0
2024-12-03 09:30:00-05:00,603.3900146484375,603.719970703125,602.4400024414062,602.4600219726562,4277390,0.0,0.0,0.0
2024-12-03 10:30:00-05:00,602.47998046875,603.4598999023438,602.3410034179688,603.4199829101562,2876603,0.0,0.0,0.0
2024-12-03 11:30:00-05:00,603.4000244140625,603.5,602.3699951171875,603.0050048828125,2238843,0.0,0.0,0.0
2024-12-03 12:30:00-05:00,602.9949951171875,603.8499755859375,602.9400024414062,603.5700073242188,2408282,0.0,0.0,0.0
2024-12-03 13:30:00-05:00,603.5499877929688,603.760009765625,603.1699829101562,603.619873046875,3815128,0.0,0.0,0.0
2024-12-03 14:30:00-05:00,603.5999755859375,604.1599731445312,603.5999755859375,603.9450073242188,3210131,0.0,0.0,0.0
2024-12-03 15:30:00-05:00,603.9400024414062,604.1400146484375,603.489990234375,603.8499755859375,3985090,0.0,0.0,0.0
2024-12-04 09:30:00-05:00,605.6300048828125,606.2100219726562,604.9500122070312,605.6300048828125,6731828,0.0,0.0,0.0
2024-12-04 10:30:00-05:00,605.6599731445312,606.5,605.5399780273438,606.3300170898438,4477440,0.0,0.0,0.0
2024-12-04 11:30:00-05:00,606.3206787109375,606.489990234375,606.02001953125,606.3499755859375,2075568,0.0,0.0,0.0
2024-12-04 12:30:00-05:00,606.3499755859375,606.5399780273438,605.8400268554688,605.869873046875,1768813,0.0,0.0,0.0
2024-12-04 13:30:00-05:00,605.8599853515625,606.8599853515625,605.2000122070312,606.7800903320312,3128888,0.0,0.0,0.0
2024-12-04 14:30:00-05:00,606.780029296875,607.52001953125,606.6699829101562,607.3099975585938,4825740,0.0,0.0,0.0
2024-12-04 15:30:00-05:00,607.3099975585938,607.9099731445312,607.1799926757812,607.5800170898438,9853074,0.0,0.0,0.0
2024-12-05 09:30:00-05:00,607.6599731445312,608.2000122070312,607.1099853515625,607.1099853515625,3874421,0.0,0.0,0.0
2024-12-05 10:30:00-05:00,607.1038818359375,607.7100219726562,606.7999877929688,607.6300048828125,2594162,0.0,0.0,0.0
2024-12-05 11:30:00-05:00,607.5900268554688,608.1699829101562,607.3300170898438,608.0499877929688,2237567,0.0,0.0,0.0
2024-12-05 12:30:00-05:00,608.0449829101562,608.47998046875,606.8599853515625,607.2899780273438,2255538,0.0,0.0,0.0
2024-12-05 13:30:00-05:00,607.3200073242188,607.8900146484375,606.9099731445312,607.0999755859375,3305469,0.0,0.0,0.0
2024-12-05 14:30:00-05:00,607.0999145507812,607.5,606.6199951171875,606.7449951171875,2798712,0.0,0.0,0.0
2024-12-05 15:30:00-05:00,606.75,607.385009765625,606.3049926757812,606.6099853515625,7907075,0.0,0.0,0.0
2024-12-06 09:30:00-05:00,607.4400024414062,609.0700073242188,607.3400268554688,608.8800048828125,5053995,0.0,0.0,0.0
2024-12-06 10:30:00-05:00,608.8800048828125,608.9769897460938,607.5599975585938,608.0,4270210,0.0,0.0,0.0
2024-12-06 11:30:00-05:00,607.989990234375,608.2899780273438,607.3200073242188,607.6998901367188,2667723,0.0,0.0,0.0
2024-12-06 12:30:00-05:00,607.7000122070312,608.3900146484375,607.1599731445312,608.0650024414062,1752852,0.0,0.0,0.0
2024-12-06 13:30:00-05:00,608.0650024414062,608.0662841796875,607.030029296875,607.125,2813995,0.0,0.0,0.0
2024-12-06 14:30:00-05:00,607.1300048828125,607.7498779296875,607.02001953125,607.614990234375,3577317,0.0,0.0,0.0
2024-12-06 15:30:00-05:00,607.6199951171875,608.1199951171875,607.4500122070312,607.8900146484375,4661615,0.0,0.0,0.0
2024-12-09 09:30:00-05:00,607.6900024414062,607.8599853515625,606.1799926757812,606.3775024414062,4813215,0.0,0.0,0.0
2024-12-09 10:30:00-05:00,606.369873046875,606.6400146484375,604.6099853515625,605.7849731445312,5009899,0.0,0.0,0.0
2024-12-09 11:30:00-05:00,605.780029296875,606.125,605.273193359375,605.6099853515625,2086032,0.0,0.0,0.0
2024-12-09 12:30:00-05:00,605.5800170898438,606.0399780273438,605.0399780273438,605.7249755859375,1519429,0.0,0.0,0.0
2024-12-09 13:30:00-05:00,605.719970703125,606.4299926757812,605.239990234375,605.3699951171875,2242393,0.0,0.0,0.0
2024-12-09 14:30:00-05:00,605.3699951171875,605.4400024414062,604.3200073242188,604.4600219726562,4468028,0.0,0.0,0.0
2024-12-09 15:30:00-05:00,604.52001953125,604.7899780273438,604.0800170898438,604.6300048828125,9261807,0.0,0.0,0.0
2024-12-10 09:30:00-05:00,605.3699951171875,605.510009765625,604.273681640625,605.119873046875,4713731,0.0,0.0,0.0
2024-12-10 10:30:00-05:00,605.119873046875,605.7999877929688,604.5800170898438,604.6599731445312,2920019,0.0,0.0,0.0
2024-12-10 11:30:00-05:00,604.6500244140625,604.780029296875,604.1799926757812,604.52001953125,2446474,0.0,0.0,0.0
2024-12-10 12:30:00-05:00,604.5,605.02001953125,604.0800170898438,604.3499755859375,2354957,0.0,0.0,0.0
2024-12-10 13:30:00-05:00,604.3699951171875,604.6199951171875,603.5800170898438,604.02001953125,3058978,0.0,0.0,0.0
2024-12-10 14:30:00-05:00,604.02001953125,604.0399780273438,602.6599731445312,602.7318725585938,6375077,0.0,0.0,0.0
2024-12-10 15:30:00-05:00,602.739990234375,602.9199829101562,602.1300048828125,602.8699951171875,8230106,0.0,0.0,0.0
2024-12-11 09:30:00-05:00,605.780029296875,607.25,605.5,606.5349731445312,6758534,0.0,0.0,0.0
2024-12-11 10:30:00-05:00,606.5599975585938,607.52001953125,606.4816284179688,607.47998046875,2513936,0.0,0.0,0.0
2024-12-11 11:30:00-05:00,607.47998046875,608.1900024414062,607.3599853515625,607.719970703125,2666780,0.0,0.0,0.0
2024-12-11 12:30:00-05:00,607.75,608.4349975585938,607.6099853515625,608.3200073242188,1993876,0.0,0.0,0.0
2024-12-11 13:30:00-05:00,608.3099975585938,608.4000244140625,607.5599975585938,607.9299926757812,2116165,0.0,0.0,0.0
2024-12-11 14:30:00-05:00,607.9199829101562,608.216796875,607.7100219726562,608.0700073242188,2718006,0.0,0.0,0.0
2024-12-11 15:30:00-05:00,608.0650024414062,608.0650024414062,607.3099975585938,607.5,3811602,0.0,0.0,0.0
2024-12-12 09:30:00-05:00,606.5800170898438,606.6599731445312,605.1300048828125,606.5626220703125,5594003,0.0,0.0,0.0
2024-12-12 10:30:00-05:00,606.5599975585938,607.1599731445312,606.3200073242188,606.864990234375,2183492,0.0,0.0,0.0
2024-12-12 11:30:00-05:00,606.8800048828125,606.9099731445312,605.77001953125,606.4979248046875,2239719,0.0,0.0,0.0
2024-12-12 12:30:00-05:00,606.489990234375,606.9500122070312,605.8699951171875,606.5167236328125,1753086,0.0,0.0,0.0
2024-12-12 13:30:00-05:00,606.510009765625,606.5499877929688,604.8300170898438,604.9299926757812,2929159,0.0,0.0,0.0
2024-12-12 14:30:00-05:00,604.9400024414062,605.4400024414062,604.75,604.8800048828125,3016670,0.0,0.0,0.0
2024-12-12 15:30:00-05:00,604.9000244140625,605.3499755859375,604.3400268554688,604.3699951171875,6557089,0.0,0.0,0.0
2024-12-13 09:30:00-05:00,606.4000244140625,607.1300048828125,604.9199829101562,605.010009765625,6315817,0.0,0.0,0.0
2024-12-13 10:30:00-05:00,605.010009765625,605.2673950195312,603.030029296875,603.6798706054688,4285013,0.0,0.0,0.0
2024-12-13 11:30:00-05:00,603.6624755859375,604.6599731445312,603.1199951171875,603.23681640625,3546076,0.0,0.0,0.0
2024-12-13 12:30:00-05:00,603.239990234375,604.0700073242188,602.8099975585938,603.9788208007812,3086676,0.0,0.0,0.0
2024-12-13 13:30:00-05:00,603.969970703125,604.5286254882812,603.6799926757812,604.3800048828125,3509093,0.0,0.0,0.0
2024-12-13 14:30:00-05:00,604.4000244140625,604.6300048828125,603.77001953125,604.27001953125,3231704,0.0,0.0,0.0
2024-12-13 15:30:00-05:00,604.260009765625,604.7000122070312,604.0999755859375,604.260009765625,4245131,0.0,0.0,0.0
2024-12-16 09:30:00-05:00,606.0,606.6771850585938,605.2100219726562,606.4600219726562,6002002,0.0,0.0,0.0
2024-12-16 10:30:00-05:00,606.4500122070312,607.1099853515625,606.3599853515625,606.719970703125,3298921,0.0,0.0,0.0
2024-12-16 11:30:00-05:00,606.72998046875,607.030029296875,606.4000244140625,606.9500122070312,2183495,0.0,0.0,0.0
2024-12-16 12:30:00-05:00,606.9500122070312,607.719970703125,606.8599853515625,607.719970703125,3244392,0.0,0.0,0.0
2024-12-16 13:30:00-05:00,607.7100219726562,607.7794799804688,607.3200073242188,607.3499755859375,2755892,0.0,0.0,0.0
2024-12-16 14:30:00-05:00,607.3400268554688,607.7750244140625,607.2899780273438,607.5900268554688,4298382,0.0,0.0,0.0
2024-12-16 15:30:00-05:00,607.5800170898438,607.5809936523438,606.0549926757812,606.77001953125,10458577,0.0,0.0,0.0
2024-12-17 09:30:00-05:00,604.1900024414062,604.8599853515625,603.1599731445312,603.219970703125,7817132,0.0,0.0,0.0
2024-12-17 10:30:00-05:00,603.2000122070312,605.1099853515625,603.1649780273438,604.3900146484375,4605315,0.0,0.0,0.0
2024-12-17 11:30:00-05:00,604.3599853515625,605.1699829101562,604.260009765625,604.5399780273438,3035249,0.0,0.0,0.0
2024-12-17 12:30:00-05:00,604.5499877929688,604.969970703125,604.02001953125,604.2150268554688,4649041,0.0,0.0,0.0
2024-12-17 13:30:00-05:00,604.219970703125,604.4400024414062,603.6099853515625,603.6749877929688,3845299,0.0,0.0,0.0
2024-12-17 14:30:00-05:00,603.6798706054688,603.72998046875,602.885009765625,603.0900268554688,6084059,0.0,0.0,0.0
2024-12-17 15:30:00-05:00,603.0900268554688,604.739990234375,602.9600219726562,604.239990234375,7716006,0.0,0.0,0.0
2024-12-18 09:30:00-05:00,603.97998046875,605.419921875,603.469970703125,605.4000244140625,6250631,0.0,0.0,0.0
2024-12-18 10:30:00-05:00,605.3800048828125,606.405029296875,604.6300048828125,605.6300048828125,5651968,0.0,0.0,0.0
2024-12-18 11:30:00-05:00,605.6199951171875,606.3099975585938,605.4099731445312,605.6799926757812,4916439,0.0,0.0,0.0
2024-12-18 12:30:00-05:00,605.6799926757812,605.9400024414062,605.2000122070312,605.2125244140625,2971252,0.0,0.0,0.0
2024-12-18 13:30:00-05:00,605.2100219726562,605.6699829101562,600.030029296875,600.0800170898438,12086251,0.0,0.0,0.0
2024-12-18 14:30:00-05:00,600.0999755859375,601.25,592.9199829101562,593.1400146484375,17481891,0.0,0.0,0.0
2024-12-18 15:30:00-05:00,593.1300048828125,593.9000244140625,585.8900146484375,586.2999877929688,29069208,0.0,0.0,0.0
2024-12-19 09:30:00-05:00,591.3599853515625,593.0,588.6500244140625,588.7000122070312,15038359,0.0,0.0,0.0
2024-12-19 10:30:00-05:00,588.6699829101562,590.9600219726562,587.7899780273438,590.7899780273438,11414371,0.0,0.0,0.0
2024-12-19 11:30:00-05:00,590.77001953125,591.4000244140625,587.8499755859375,588.010009765625,7500682,0.0,0.0,0.0
2024-12-19 12:30:00-05:00,588.010009765625,589.72998046875,587.280029296875,589.6300048828125,6418617,0.0,0.0,0.0
2024-12-19 13:30:00-05:00,589.5839233398438,591.260009765625,588.8099975585938,589.22998046875,6506436,0.0,0.0,0.0
2024-12-19 14:30:00-05:00,589.25,589.4299926757812,587.4099731445312,588.6099853515625,9544383,0.0,0.0,0.0
2024-12-19 15:30:00-05:00,588.6300048828125,589.219970703125,585.8499755859375,586.1199951171875,14096538,0.0,0.0,0.0
2024-12-20 09:30:00-05:00,581.77001953125,587.0900268554688,580.9099731445312,586.9749755859375,19631672,1.966,0.0,0.0
2024-12-20 10:30:00-05:00,586.969970703125,592.3400268554688,586.9199829101562,592.3386840820312,19282839,0.0,0.0,0.0
2024-12-20 11:30:00-05:00,592.3400268554688,595.75,592.25,595.6099853515625,9488606,0.0,0.0,0.0
2024-12-20 12:30:00-05:00,595.6199951171875,595.6300048828125,592.1500244140625,592.168701171875,9895470,0.0,0.0,0.0
2024-12-20 13:30:00-05:00,592.1699829101562,593.4000244140625,591.6199951171875,593.280029296875,8974730,0.0,0.0,0.0
2024-12-20 14:30:00-05:00,593.219970703125,593.9400024414062,591.5599975585938,591.77001953125,7446656,0.0,0.0,0.0
2024-12-20 15:30:00-05:00,591.7899780273438,592.3800048828125,589.469970703125,590.9099731445312,23033047,0.0,0.0,0.0
2024-12-23 09:30:00-05:00,590.8900146484375,591.77001953125,587.6610107421875,589.2999877929688,8622697,0.0,0.0,0.0
2024-12-23 10:30:00-05:00,589.2999877929688,590.8400268554688,588.7100219726562,590.6569213867188,3438805,0.0,0.0,0.0
2024-12-23 11:30:00-05:00,590.6699829101562,593.1199951171875,590.1799926757812,592.1300048828125,4356062,0.0,0.0,0.0
2024-12-23 12:30:00-05:00,592.1300048828125,593.4000244140625,591.7000732421875,593.2996826171875,3336170,0.0,0.0,0.0
2024-12-23 13:30:00-05:00,593.27001953125,594.3099975585938,593.25,593.8599853515625,3683493,0.0,0.0,0.0
2024-12-23 14:30:00-05:00,593.8900146484375,594.030029296875,592.25,593.3049926757812,5432141,0.0,0.0,0.0
2024-12-23 15:30:00-05:00,593.3150024414062,595.2999877929688,593.2694091796875,594.780029296875,10935737,0.0,0.0,0.0
2024-12-24 09:30:00-05:00,596.0599975585938,598.3400268554688,595.469970703125,598.2000122070312,6131929,0.0,0.0,0.0
2024-12-24 10:30:00-05:00,598.22998046875,599.3701171875,598.1599731445312,599.25,4658145,0.0,0.0,0.0
2024-12-24 11:30:00-05:00,599.239990234375,600.3300170898438,598.8400268554688,600.1600952148438,4262625,0.0,0.0,0.0
2024-12-26 09:30:00-05:00,599.5,600.4000244140625,598.08251953125,600.2899780273438,5803845,0.0,0.0,0.0
2024-12-26 10:30:00-05:00,600.2849731445312,601.2785034179688,599.7899780273438,600.8300170898438,3073789,0.0,0.0,0.0
2024-12-26 11:30:00-05:00,600.8400268554688,602.47998046875,600.7999877929688,601.510009765625,2775029,0.0,0.0,0.0
2024-12-26 12:30:00-05:00,601.510009765625,602.0499877929688,600.3499755859375,601.6699829101562,2805863,0.0,0.0,0.0
2024-12-26 13:30:00-05:00,601.6799926757812,601.77001953125,600.6599731445312,600.9000244140625,2789873,0.0,0.0,0.0
2024-12-26 14:30:00-05:00,600.969970703125,602.0999755859375,600.8402709960938,601.7899780273438,3459748,0.0,0.0,0.0
2024-12-26 15:30:00-05:00,601.7899780273438,602.0250244140625,601.0599975585938,601.22998046875,4421566,0.0,0.0,0.0
2024-12-27 09:30:00-05:00,597.5399780273438,597.776123046875,592.7899780273438,593.2100219726562,10316838,0.0,0.0,0.0
2024-12-27 10:30:00-05:00,593.1699829101562,594.5700073242188,592.25,594.5189819335938,6943872,0.0,0.0,0.0
2024-12-27 11:30:00-05:00,594.4901123046875,594.6798706054688,590.7999877929688,591.530029296875,6677205,0.0,0.0,0.0
2024-12-27 12:30:00-05:00,591.760009765625,592.9500122070312,590.7647094726562,592.5399780273438,7774992,0.0,0.0,0.0
2024-12-27 13:30:00-05:00,592.526611328125,594.6400146484375,592.3300170898438,593.969970703125,4013700,0.0,0.0,0.0
2024-12-27 14:30:00-05:00,593.969970703125,595.530029296875,593.1801147460938,593.6500244140625,4660844,0.0,0.0,0.0
2024-12-27 15:30:00-05:00,593.6599731445312,595.4000244140625,592.5399780273438,594.989990234375,12098123,0.0,0.0,0.0
2024-12-30 09:30:00-05:00,587.8900146484375,588.010009765625,584.4099731445312,584.77001953125,12115034,0.0,0.0,0.0
2024-12-30 10:30:00-05:00,584.760009765625,588.4650268554688,584.75,587.989990234375,9202513,0.0,0.0,0.0
2024-12-30 11:30:00-05:00,587.969970703125,590.5499267578125,587.9301147460938,590.4400024414062,4244414,0.0,0.0,0.0
2024-12-30 12:30:00-05:00,590.4500122070312,591.739990234375,589.6500244140625,590.5900268554688,3123190,0.0,0.0,0.0
2024-12-30 13:30:00-05:00,590.510009765625,591.530029296875,589.4199829101562,590.3400268554688,5645980,0.0,0.0,0.0
2024-12-30 14:30:00-05:00,590.3400268554688,591.2100219726562,589.5599975585938,589.5900268554688,4534648,0.0,0.0,0.0
2024-12-30 15:30:00-05:00,589.5900268554688,590.6400146484375,588.0700073242188,588.260009765625,6595813,0.0,0.0,0.0
2024-12-31 09:30:00-05:00,590.239990234375,590.639892578125,588.1701049804688,589.6099853515625,6950749,0.0,0.0,0.0
2024-12-31 10:30:00-05:00,589.6099853515625,590.0599975585938,586.8200073242188,586.9500122070312,3571992,0.0,0.0,0.0
2024-12-31 11:30:00-05:00,586.9498901367188,587.8400268554688,585.739990234375,585.888671875,3756070,0.0,0.0,0.0
2024-12-31 12:30:00-05:00,585.8599853515625,587.5798950195312,584.7899780273438,585.010009765625,5608244,0.0,0.0,0.0
2024-12-31 13:30:00-05:00,585.0150146484375,586.5598754882812,584.5800170898438,584.9400024414062,4971522,0.0,0.0,0.0
2024-12-31 14:30:00-05:00,584.9199829101562,587.2999877929688,584.4199829101562,587.2301025390625,6727803,0.0,0.0,0.0
2024-12-31 15:30:00-05:00,587.22998046875,587.4998779296875,584.969970703125,586.010009765625,12566205,0.0,0.0,0.0
2025-01-02 09:30:00-05:00,589.4500122070312,591.1300048828125,586.1900024414062,587.8300170898438,10951663,0.0,0.0,0.0
2025-01-02 10:30:00-05:00,587.8099975585938,588.780029296875,585.2000122070312,587.5300903320312,5105750,0.0,0.0,0.0
2025-01-02 11:30:00-05:00,587.469970703125,588.77001953125,584.2100219726562,584.489990234375,3517779,0.0,0.0,0.0
2025-01-02 12:30:00-05:00,584.469970703125,584.4733276367188,581.0900268554688,582.3599853515625,8459869,0.0,0.0,0.0
2025-01-02 13:30:00-05:00,582.3250122070312,583.5050048828125,580.5,583.280029296875,6223597,0.0,0.0,0.0
2025-01-02 14:30:00-05:00,583.2650146484375,584.8099975585938,582.02001953125,584.469970703125,4679389,0.0,0.0,0.0
2025-01-02 15:30:00-05:00,584.47998046875,585.3699951171875,583.5501708984375,584.5700073242188,5791461,0.0,0.0,0.0
2025-01-03 09:30:00-05:00,587.530029296875,589.5449829101562,586.4299926757812,588.219970703125,9304664,0.0,0.0,0.0
2025-01-03 10:30:00-05:00,588.239990234375,589.8499755859375,587.5499877929688,589.6300048828125,3540939,0.0,0.0,0.0
2025-01-03 11:30:00-05:00,589.5999755859375,591.010009765625,589.5549926757812,590.14501953125,3213495,0.0,0.0,0.0
2025-01-03 12:30:00-05:00,590.1500244140625,591.5,589.9000244140625,591.4949951171875,3211923,0.0,0.0,0.0
2025-01-03 13:30:00-05:00,591.5,592.2000122070312,591.0499877929688,592.0999755859375,3161826,0.0,0.0,0.0
2025-01-03 14:30:00-05:00,592.0800170898438,592.5999755859375,591.4299926757812,591.9299926757812,3775669,0.0,0.0,0.0
2025-01-03 15:30:00-05:00,591.9299926757812,592.2100219726562,591.0499877929688,591.8599853515625,7074389,0.0,0.0,0.0
2025-01-06 09:30:00-05:00,596.27001953125,599.0,595.9000244140625,598.8900146484375,10454522,0.0,0.0,0.0
2025-01-06 10:30:00-05:00,598.9099731445312,599.510009765625,598.0700073242188,599.5089721679688,5070586,0.0,0.0,0.0
2025-01-06 11:30:00-05:00,599.5,599.7000122070312,598.3699951171875,598.5700073242188,3142058,0.0,0.0,0.0
2025-01-06 12:30:00-05:00,598.530029296875,598.739990234375,596.5800170898438,597.3900146484375,4129019,0.0,0.0,0.0
2025-01-06 13:30:00-05:00,597.3699951171875,597.4298706054688,594.8800048828125,595.3499755859375,4467432,0.0,0.0,0.0
2025-01-06 14:30:00-05:00,595.3699951171875,595.5800170898438,594.0399780273438,595.0549926757812,5716723,0.0,0.0,0.0
2025-01-06 15:30:00-05:00,595.0549926757812,595.5,593.5999755859375,595.4000244140625,8009019,0.0,0.0,0.0
2025-01-07 09:30:00-05:00,597.4199829101562,597.75,592.0800170898438,593.5999755859375,9531785,0.0,0.0,0.0
2025-01-07 10:30:00-05:00,593.6099853515625,593.75,590.27001953125,593.1099853515625,7309605,0.0,0.0,0.0
2025-01-07 11:30:00-05:00,593.02001953125,593.260009765625,590.2125244140625,590.6199951171875,4219424,0.0,0.0,0.0
2025-01-07 12:30:00-05:00,590.6500244140625,592.3970947265625,589.6400146484375,592.280029296875,3357008,0.0,0.0,0.0
2025-01-07 13:30:00-05:00,592.280029296875,592.280029296875,590.5499877929688,591.1099853515625,3594071,0.0,0.0,0.0
2025-01-07 14:30:00-05:00,591.0700073242188,591.0999755859375,587.6900024414062,587.8300170898438,5890935,0.0,0.0,0.0
2025-01-07 15:30:00-05:00,587.8200073242188,588.8502197265625,586.780029296875,588.719970703125,11654859,0.0,0.0,0.0
2025-01-08 09:30:00-05:00,588.7000122070312,588.77001953125,586.0999755859375,586.4749755859375,9870599,0.0,0.0,0.0
2025-01-08 10:30:00-05:00,586.469970703125,588.719970703125,586.3800048828125,588.1099853515625,3913519,0.0,0.0,0.0
2025-01-08 11:30:00-05:00,588.1199951171875,589.9400024414062,585.3800048828125,585.6300048828125,4361539,0.0,0.0,0.0
2025-01-08 12:30:00-05:00,585.6400146484375,589.5700073242188,585.1950073242188,589.1099853515625,4732025,0.0,0.0,0.0
2025-01-08 13:30:00-05:00,589.1199951171875,590.5798950195312,586.9600219726562,590.2716064453125,5551392,0.0,0.0,0.0
2025-01-08 14:30:00-05:00,590.280029296875,590.280029296875,587.8800048828125,589.0900268554688,3925037,0.0,0.0,0.0
2025-01-08 15:30:00-05:00,589.10498046875,589.7899780273438,588.22998046875,589.4199829101562,7883359,0.0,0.0,0.0
2025-01-10 09:30:00-05:00,585.8800048828125,585.9500122070312,579.1500244140625,581.8900146484375,18574871,0.0,0.0,0.0
2025-01-10 10:30:00-05:00,581.9000244140625,583.2288208007812,579.6900024414062,579.8599853515625,8238522,0.0,0.0,0.0
2025-01-10 11:30:00-05:00,579.8699951171875,580.8099975585938,578.5499877929688,580.0,6304597,0.0,0.0,0.0
2025-01-10 12:30:00-05:00,579.97998046875,583.75,579.9000244140625,583.239990234375,5835457,0.0,0.0,0.0
2025-01-10 13:30:00-05:00,583.239990234375,584.5,581.5800170898438,582.5999755859375,6052200,0.0,0.0,0.0
2025-01-10 14:30:00-05:00,582.6099853515625,582.6199951171875,579.969970703125,580.344970703125,7098364,0.0,0.0,0.0
2025-01-10 15:30:00-05:00,580.3300170898438,581.094970703125,579.7000122070312,580.530029296875,8974376,0.0,0.0,0.0
2025-01-13 09:30:00-05:00,575.77001953125,578.6199951171875,575.489990234375,576.02001953125,10234487,0.0,0.0,0.0
2025-01-13 10:30:00-05:00,576.072998046875,579.1799926757812,576.030029296875,576.989990234375,4988325,0.0,0.0,0.0
2025-01-13 11:30:00-05:00,576.969970703125,578.530029296875,575.77001953125,578.22998046875,4259359,0.0,0.0,0.0
2025-01-13 12:30:00-05:00,578.2000122070312,579.75,577.5999755859375,579.719970703125,3520069,0.0,0.0,0.0
2025-01-13 13:30:00-05:00,579.6900024414062,580.3599853515625,579.0900268554688,580.3099975585938,4323353,0.0,0.0,0.0
2025-01-13 14:30:00-05:00,580.2899780273438,581.0,579.5700073242188,580.0999755859375,5247105,0.0,0.0,0.0
2025-01-13 15:30:00-05:00,580.0999755859375,581.75,579.8699951171875,581.5399780273438,5872260,0.0,0.0,0.0
2025-01-14 09:30:00-05:00,584.3599853515625,585.0,581.969970703125,583.1500244140625,10073998,0.0,0.0,0.0
2025-01-14 10:30:00-05:00,583.1751708984375,583.5590209960938,580.1799926757812,580.8599853515625,5105485,0.0,0.0,0.0
2025-01-14 11:30:00-05:00,580.8300170898438,581.2999877929688,578.5700073242188,579.719970703125,5171613,0.0,0.0,0.0
2025-01-14 12:30:00-05:00,579.7100219726562,582.2369995117188,578.3499755859375,582.02001953125,4224093,0.0,0.0,0.0
2025-01-14 13:30:00-05:00,582.02001953125,583.8099975585938,581.7899780273438,583.0399780273438,5136583,0.0,0.0,0.0
2025-01-14 14:30:00-05:00,583.0399780273438,583.739990234375,578.9000244140625,580.489990234375,5815486,0.0,0.0,0.0
2025-01-14 15:30:00-05:00,580.469970703125,582.2899780273438,579.5800170898438,582.1900024414062,7537574,0.0,0.0,0.0
2025-01-15 09:30:00-05:00,590.3250122070312,592.969970703125,589.1950073242188,592.3300170898438,14512387,0.0,0.0,0.0
2025-01-15 10:30:00-05:00,592.3400268554688,592.530029296875,590.7100219726562,591.0200805664062,4694971,0.0,0.0,0.0
2025-01-15 11:30:00-05:00,591.02001953125,591.3800048828125,589.5,591.1199951171875,4001330,0.0,0.0,0.0
2025-01-15 12:30:00-05:00,591.1199951171875,592.27001953125,590.8900146484375,592.27001953125,2652355,0.0,0.0,0.0
2025-01-15 13:30:00-05:00,592.2550048828125,593.1400146484375,591.97998046875,593.0999755859375,3105598,0.0,0.0,0.0
2025-01-15 14:30:00-05:00,593.2100219726562,593.9400024414062,593.02001953125,593.6900024414062,6365535,0.0,0.0,0.0
2025-01-15 15:30:00-05:00,593.6799926757812,593.8400268554688,592.6799926757812,592.760009765625,10587094,0.0,0.0,0.0
2025-01-16 09:30:00-05:00,594.1749877929688,594.2999877929688,591.3200073242188,592.2827758789062,7680042,0.0,0.0,0.0
2025-01-16 10:30:00-05:00,592.27001953125,594.3499755859375,591.780029296875,593.360107421875,4177934,0.0,0.0,0.0
2025-01-16 11:30:00-05:00,593.3400268554688,593.8099975585938,591.8200073242188,593.780029296875,2835661,0.0,0.0,0.0
2025-01-16 12:30:00-05:00,593.780029296875,593.7999877929688,592.1099853515625,592.260009765625,1960963,0.0,0.0,0.0
2025-01-16 13:30:00-05:00,592.260009765625,592.6126098632812,590.9299926757812,592.4650268554688,4403042,0.0,0.0,0.0
2025-01-16 14:30:00-05:00,592.469970703125,593.3300170898438,591.9400024414062,592.2899780273438,4513508,0.0,0.0,0.0
2025-01-16 15:30:00-05:00,592.2899780273438,593.2000122070312,591.47998046875,591.7000122070312,6724604,0.0,0.0,0.0
2025-01-17 09:30:00-05:00,596.9600219726562,597.5399780273438,595.6099853515625,596.969970703125,14259852,0.0,0.0,0.0
2025-01-17 10:30:00-05:00,596.989990234375,599.0999755859375,596.780029296875,598.77001953125,11197582,0.0,0.0,0.0
2025-01-17 11:30:00-05:00,598.77001953125,599.0399780273438,597.8200073242188,598.981201171875,3509840,0.0,0.0,0.0
2025-01-17 12:30:00-05:00,599.0,599.3599853515625,598.530029296875,599.030029296875,3740085,0.0,0.0,0.0
2025-01-17 13:30:00-05:00,599.0,599.1099853515625,598.0800170898438,598.447021484375,5257176,0.0,0.0,0.0
2025-01-17 14:30:00-05:00,598.47998046875,598.7100219726562,597.530029296875,598.0999755859375,5170943,0.0,0.0,0.0
2025-01-17 15:30:00-05:00,598.094970703125,598.5900268554688,597.3499755859375,597.5499877929688,7957879,0.0,0.0,0.0
2025-01-21 09:30:00-05:00,600.6699829101562,601.469970703125,598.6699829101562,600.35498046875,8003317,0.0,0.0,0.0
2025-01-21 10:30:00-05:00,600.3300170898438,600.9400024414062,599.4299926757812,600.780029296875,3154412,0.0,0.0,0.0
2025-01-21 11:30:00-05:00,600.77001953125,601.780029296875,600.260009765625,601.5800170898438,2931193,0.0,0.0,0.0
2025-01-21 12:30:00-05:00,601.5800170898438,602.8800048828125,601.54150390625,602.5900268554688,3524912,0.0,0.0,0.0
2025-01-21 13:30:00-05:00,602.5999755859375,602.8200073242188,601.9000244140625,602.3699951171875,3368563,0.0,0.0,0.0
2025-01-21 14:30:00-05:00,602.3800048828125,602.780029296875,601.6699829101562,602.7100219726562,4750964,0.0,0.0,0.0
2025-01-21 15:30:00-05:00,602.719970703125,602.97998046875,602.1500244140625,602.9199829101562,7640203,0.0,0.0,0.0
2025-01-22 09:30:00-05:00,605.9199829101562,607.0399780273438,605.3599853515625,606.7000122070312,8585388,0.0,0.0,0.0
2025-01-22 10:30:00-05:00,606.719970703125,607.239990234375,606.260009765625,607.2374877929688,5887257,0.0,0.0,0.0
2025-01-22 11:30:00-05:00,607.3599853515625,607.8200073242188,607.1950073242188,607.5499877929688,3346931,0.0,0.0,0.0
2025-01-22 12:30:00-05:00,607.5599975585938,607.7000122070312,606.9412231445312,607.0662841796875,2835235,0.0,0.0,0.0
2025-01-22 13:30:00-05:00,607.0800170898438,607.626708984375,606.8300170898438,606.905029296875,2324089,0.0,0.0,0.0
2025-01-22 14:30:00-05:00,606.9099731445312,607.6199951171875,606.7800903320312,607.1199951171875,3100839,0.0,0.0,0.0
2025-01-22 15:30:00-05:00,607.1199951171875,607.3499755859375,606.22998046875,606.3400268554688,8699766,0.0,0.0,0.0
2025-01-23 09:30:00-05:00,605.7999877929688,606.2999877929688,605.52001953125,605.72998046875,4504838,0.0,0.0,0.0
2025-01-23 10:30:00-05:00,605.719970703125,607.5499877929688,605.6500244140625,607.510009765625,4071470,0.0,0.0,0.0
2025-01-23 11:30:00-05:00,607.5,607.8699951171875,606.9400024414062,607.1699829101562,5748200,0.0,0.0,0.0
2025-01-23 12:30:00-05:00,607.1699829101562,608.25,606.9000244140625,607.9849853515625,3158232,0.0,0.0,0.0
2025-01-23 13:30:00-05:00,608.0,608.25,607.3099975585938,607.6599731445312,2240639,0.0,0.0,0.0
2025-01-23 14:30:00-05:00,607.6699829101562,608.27001953125,607.5999755859375,608.094970703125,3238089,0.0,0.0,0.0
2025-01-23 15:30:00-05:00,608.0900268554688,609.739990234375,607.6900024414062,609.7100219726562,6680471,0.0,0.0,0.0
2025-01-24 09:30:00-05:00,609.8099975585938,610.780029296875,609.25,609.3499755859375,5714331,0.0,0.0,0.0
2025-01-24 10:30:00-05:00,609.3499755859375,609.8897705078125,609.0599975585938,609.8897705078125,3394899,0.0,0.0,0.0
2025-01-24 11:30:00-05:00,609.8300170898438,610.3250122070312,609.2999877929688,609.4299926757812,2331193,0.0,0.0,0.0
2025-01-24 12:30:00-05:00,609.4249877929688,609.6199951171875,608.0800170898438,608.4450073242188,3126556,0.0,0.0,0.0
2025-01-24 13:30:00-05:00,608.4299926757812,608.739990234375,606.9299926757812,607.4299926757812,3345671,0.0,0.0,0.0
2025-01-24 14:30:00-05:00,607.4000244140625,607.9199829101562,606.9400024414062,607.0700073242188,4125498,0.0,0.0,0.0
2025-01-24 15:30:00-05:00,607.0800170898438,608.1500244140625,606.7999877929688,607.9299926757812,6412263,0.0,0.0,0.0
2025-01-27 09:30:00-05:00,596.469970703125,599.2100219726562,596.3900146484375,599.0,19726133,0.0,0.0,0.0
2025-01-27 10:30:00-05:00,598.989990234375,599.6900024414062,596.2899780273438,596.510009765625,7647264,0.0,0.0,0.0
2025-01-27 11:30:00-05:00,596.5,598.0399780273438,596.2000122070312,597.6500244140625,5497701,0.0,0.0,0.0
2025-01-27 12:30:00-05:00,597.6417846679688,598.2100219726562,596.030029296875,596.125,4033350,0.0,0.0,0.0
2025-01-27 13:30:00-05:00,596.1099853515625,599.1199951171875,596.0700073242188,599.010009765625,4838647,0.0,0.0,0.0
2025-01-27 14:30:00-05:00,598.9849853515625,598.989990234375,596.27001953125,597.4400024414062,7700993,0.0,0.0,0.0
2025-01-27 15:30:00-05:00,597.4600219726562,599.5700073242188,597.1500244140625,599.4099731445312,10318651,0.0,0.0,0.0
2025-01-28 09:30:00-05:00,600.6199951171875,602.7899780273438,597.25,602.4600219726562,8905366,0.0,0.0,0.0
2025-01-28 10:30:00-05:00,602.489990234375,603.5700073242188,601.030029296875,601.4199829101562,6736372,0.0,0.0,0.0
2025-01-28 11:30:00-05:00,601.3400268554688,603.9199829101562,600.9500122070312,603.7200927734375,4072209,0.0,0.0,0.0
2025-01-28 12:30:00-05:00,603.72998046875,604.7899780273438,603.2899780273438,604.1798706054688,3259145,0.0,0.0,0.0
2025-01-28 13:30:00-05:00,604.3599853515625,604.4600219726562,603.22998046875,604.0399780273438,3277316,0.0,0.0,0.0
2025-01-28 14:30:00-05:00,604.0599975585938,605.3699951171875,604.0599975585938,605.0900268554688,3854959,0.0,0.0,0.0
2025-01-28 15:30:00-05:00,605.0700073242188,605.22998046875,604.3599853515625,604.489990234375,7053000,0.0,0.0,0.0
2025-01-29 09:30:00-05:00,603.719970703125,604.1300048828125,602.4451293945312,602.97998046875,4791744,0.0,0.0,0.0
2025-01-29 10:30:00-05:00,603.010009765625,603.5,602.2100219726562,602.4600219726562,2431254,0.0,0.0,0.0
2025-01-29 11:30:00-05:00,602.5,603.4600219726562,601.9299926757812,603.0549926757812,1873916,0.0,0.0,0.0
2025-01-29 12:30:00-05:00,603.0599975585938,603.3200073242188,599.6599731445312,602.3099975585938,3173554,0.0,0.0,0.0
2025-01-29 13:30:00-05:00,602.3300170898438,602.6300048828125,599.219970703125,599.4000244140625,4716556,0.0,0.0,0.0
2025-01-29 14:30:00-05:00,599.3900146484375,603.6801147460938,599.25,603.3499755859375,7629907,0.0,0.0,0.0
2025-01-29 15:30:00-05:00,603.3599853515625,603.6599731445312,600.739990234375,601.7999877929688,4985361,0.0,0.0,0.0
2025-01-30 09:30:00-05:00,603.9600219726562,605.97998046875,602.4099731445312,602.6300048828125,6657927,0.0,0.0,0.0
2025-01-30 10:30:00-05:00,602.3300170898438,603.8800048828125,600.7150268554688,602.9600219726562,4146303,0.0,0.0,0.0
2025-01-30 11:30:00-05:00,602.9400024414062,604.3400268554688,602.0800170898438,602.3699951171875,2925860,0.0,0.0,0.0
2025-01-30 12:30:00-05:00,602.3900146484375,604.3099975585938,602.1900024414062,604.0,2034099,0.0,0.0,0.0
2025-01-30 13:30:00-05:00,603.9849853515625,605.219970703125,603.9400024414062,604.9567260742188,2577943,0.0,0.0,0.0
2025-01-30 14:30:00-05:00,604.9500122070312,606.5999755859375,604.5900268554688,606.3099975585938,3805957,0.0,0.0,0.0
2025-01-30 15:30:00-05:00,606.2899780273438,606.3200073242188,601.8200073242188,604.969970703125,11089496,0.0,0.0,0.0
2025-01-31 09:30:00-05:00,607.5,609.02001953125,607.0599975585938,608.9598999023438,6898171,0.0,0.0,0.0
2025-01-31 10:30:00-05:00,608.9600219726562,609.9600219726562,608.8499755859375,609.0900268554688,4039791,0.0,0.0,0.0
2025-01-31 11:30:00-05:00,609.0900268554688,609.5499877929688,608.010009765625,609.5499877929688,3769483,0.0,0.0,0.0
2025-01-31 12:30:00-05:00,609.5449829101562,609.72998046875,606.6900024414062,606.8483276367188,4465678,0.0,0.0,0.0
2025-01-31 13:30:00-05:00,606.8200073242188,607.030029296875,603.2999877929688,604.530029296875,10174398,0.0,0.0,0.0
2025-01-31 14:30:00-05:00,604.52001953125,605.1300048828125,601.3699951171875,601.6688842773438,10985684,0.0,0.0,0.0
2025-01-31 15:30:00-05:00,601.6699829101562,603.27001953125,601.0499877929688,601.7999877929688,11871932,0.0,0.0,0.0
2025-02-03 09:30:00-05:00,592.8599853515625,596.5999755859375,590.489990234375,596.3800048828125,19402094,0.0,0.0,0.0
2025-02-03 10:30:00-05:00,596.3800048828125,599.25,592.4400024414062,597.8699951171875,9366779,0.0,0.0,0.0
2025-02-03 11:30:00-05:00,597.8699951171875,599.010009765625,596.6900024414062,597.4000244140625,5408068,0.0,0.0,0.0
2025-02-03 12:30:00-05:00,597.3900146484375,598.260009765625,595.969970703125,597.7949829101562,5810092,0.0,0.0,0.0
2025-02-03 13:30:00-05:00,597.8699951171875,600.0,597.4201049804688,599.47998046875,4564312,0.0,0.0,0.0
2025-02-03 14:30:00-05:00,599.4849853515625,600.2899780273438,598.4000244140625,598.5499877929688,3962304,0.0,0.0,0.0
2025-02-03 15:30:00-05:00,598.5599975585938,599.0499877929688,597.3900146484375,597.6400146484375,8486528,0.0,0.0,0.0
2025-02-04 09:30:00-05:00,597.8300170898438,601.1400146484375,597.280029296875,600.52001953125,7413522,0.0,0.0,0.0
2025-02-04 10:30:00-05:00,600.5499877929688,602.010009765625,600.1099853515625,601.97998046875,3564922,0.0,0.0,0.0
2025-02-04 11:30:00-05:00,601.9600219726562,602.0900268554688,599.6699829101562,599.760009765625,3341333,0.0,0.0,0.0
2025-02-04 12:30:00-05:00,599.8200073242188,601.25,599.4053955078125,601.1300048828125,2218431,0.0,0.0,0.0
2025-02-04 13:30:00-05:00,601.1199951171875,602.1400146484375,600.5700073242188,601.8599853515625,1799468,0.0,0.0,0.0
2025-02-04 14:30:00-05:00,601.8800048828125,602.2999877929688,600.8400268554688,601.0850219726562,4026630,0.0,0.0,0.0
2025-02-04 15:30:00-05:00,601.0850219726562,602.27001953125,600.969970703125,601.7550048828125,5775005,0.0,0.0,0.0
2025-02-05 09:30:00-05:00,600.6400146484375,601.0999755859375,598.5800170898438,600.6300048828125,6421276,0.0,0.0,0.0
2025-02-05 10:30:00-05:00,600.6199951171875,601.4000244140625,599.77001953125,601.27001953125,2769162,0.0,0.0,0.0
2025-02-05 11:30:00-05:00,601.239990234375,603.1699829101562,601.125,602.489990234375,4233551,0.0,0.0,0.0
2025-02-05 12:30:00-05:00,602.5,602.9000244140625,602.2100219726562,602.5659790039062,1422477,0.0,0.0,0.0
2025-02-05 13:30:00-05:00,602.5599975585938,603.635009765625,602.3900146484375,603.27001953125,1921265,0.0,0.0,0.0
2025-02-05 14:30:00-05:00,603.2899780273438,603.969970703125,602.8800048828125,603.72998046875,3207870,0.0,0.0,0.0
2025-02-05 15:30:00-05:00,603.719970703125,604.3699951171875,602.9099731445312,604.1500244140625,5066503,0.0,0.0,0.0
2025-02-06 09:30:00-05:00,605.989990234375,606.0999755859375,604.8300170898438,604.9400024414062,5220066,0.0,0.0,0.0
2025-02-06 10:30:00-05:00,604.9400024414062,605.75,604.1599731445312,605.530029296875,2859219,0.0,0.0,0.0
2025-02-06 11:30:00-05:00,605.5499877929688,605.6300048828125,604.75,605.1400146484375,2002284,0.0,0.0,0.0
2025-02-06 12:30:00-05:00,605.1400146484375,605.989990234375,604.8599853515625,605.5900268554688,1936333,0.0,0.0,0.0
2025-02-06 13:30:00-05:00,605.5800170898438,605.7899780273438,604.3599853515625,604.5599975585938,2839418,0.0,0.0,0.0
2025-02-06 14:30:00-05:00,604.5800170898438,604.8200073242188,602.6300048828125,604.7650146484375,5268618,0.0,0.0,0.0
2025-02-06 15:30:00-05:00,604.77001953125,606.4525146484375,604.5800170898438,606.3400268554688,6605760,0.0,0.0,0.0
2025-02-07 09:30:00-05:00,606.8900146484375,608.1300048828125,603.77001953125,604.5830078125,9511824,0.0,0.0,0.0
2025-02-07 10:30:00-05:00,604.5,605.5399780273438,601.1799926757812,602.0004272460938,10254527,0.0,0.0,0.0
2025-02-07 11:30:00-05:00,602.0499877929688,602.9099731445312,600.6400146484375,601.7000122070312,8443554,0.0,0.0,0.0
2025-02-07 12:30:00-05:00,601.6099853515625,603.75,601.2999877929688,603.3142700195312,2472669,0.0,0.0,0.0
2025-02-07 13:30:00-05:00,603.3300170898438,603.6500244140625,600.4199829101562,600.5892944335938,3499707,0.0,0.0,0.0
2025-02-07 14:30:00-05:00,600.6090698242188,601.5999755859375,600.0499877929688,600.4000244140625,3536559,0.0,0.0,0.0
2025-02-07 15:30:00-05:00,600.3900146484375,601.260009765625,600.3699951171875,600.77001953125,7304928,0.0,0.0,0.0
2025-02-10 09:30:00-05:00,604.030029296875,604.7899780273438,602.739990234375,604.72998046875,6518758,0.0,0.0,0.0
2025-02-10 10:30:00-05:00,604.739990234375,605.3300170898438,604.0499877929688,604.3099975585938,3340580,0.0,0.0,0.0
2025-02-10 11:30:00-05:00,604.3198852539062,604.489990234375,603.2108154296875,603.6286010742188,2268410,0.0,0.0,0.0
2025-02-10 12:30:00-05:00,603.6500244140625,604.989990234375,603.6400146484375,604.6799926757812,1584659,0.0,0.0,0.0
2025-02-10 13:30:00-05:00,604.6801147460938,605.4998779296875,604.5599975585938,605.1900024414062,1947261,0.0,0.0,0.0
2025-02-10 14:30:00-05:00,605.239990234375,605.3699951171875,604.719970703125,604.8900146484375,2722364,0.0,0.0,0.0
2025-02-10 15:30:00-05:00,604.8800048828125,605.030029296875,604.24462890625,604.7899780273438,4621939,0.0,0.0,0.0
2025-02-11 09:30:00-05:00,602.5499877929688,604.260009765625,602.4299926757812,604.1500244140625,4597937,0.0,0.0,0.0
2025-02-11 10:30:00-05:00,604.1599731445312,605.219970703125,604.0,604.5800170898438,3045094,0.0,0.0,0.0
2025-02-11 11:30:00-05:00,604.6199951171875,604.8900146484375,603.0999755859375,604.3200073242188,4016033,0.0,0.0,0.0
2025-02-11 12:30:00-05:00,604.3400268554688,604.4299926757812,603.5,603.9691772460938,1783848,0.0,0.0,0.0
2025-02-11 13:30:00-05:00,603.97998046875,605.2999877929688,603.9500122070312,604.7216186523438,2792435,0.0,0.0,0.0
2025-02-11 14:30:00-05:00,604.719970703125,605.8599853515625,604.7100219726562,605.27001953125,3820622,0.0,0.0,0.0
2025-02-11 15:30:00-05:00,605.280029296875,605.5800170898438,604.6099853515625,605.2100219726562,5206725,0.0,0.0,0.0
2025-02-12 09:30:00-05:00,599.2000122070312,602.3599853515625,598.510009765625,601.4349975585938,18533540,0.0,0.0,0.0
2025-02-12 10:30:00-05:00,601.4439697265625,603.3200073242188,600.1699829101562,600.659912109375,3948328,0.0,0.0,0.0
2025-02-12 11:30:00-05:00,600.6300048828125,603.989990234375,600.5999755859375,603.7899780273438,4270148,0.0,0.0,0.0
2025-02-12 12:30:00-05:00,603.780029296875,604.5499877929688,603.0900268554688,603.5700073242188,2558860,0.0,0.0,0.0
2025-02-12 13:30:00-05:00,603.5899047851562,603.7598876953125,602.530029296875,603.0800170898438,2782930,0.0,0.0,0.0
2025-02-12 14:30:00-05:00,603.113525390625,604.22998046875,603.0599975585938,603.3200073242188,4147162,0.0,0.0,0.0
2025-02-12 15:30:00-05:00,603.3250122070312,603.5900268554688,602.5700073242188,603.3599853515625,4583717,0.0,0.0,0.0
2025-02-13 09:30:00-05:00,604.47998046875,606.419921875,603.2000122070312,606.0800170898438,7644302,0.0,0.0,0.0
2025-02-13 10:30:00-05:00,606.0848999023438,607.489990234375,606.0,606.6900024414062,3563588,0.0,0.0,0.0
2025-02-13 11:30:00-05:00,606.7000122070312,606.9600219726562,605.719970703125,606.5399780273438,2320305,0.0,0.0,0.0
2025-02-13 12:30:00-05:00,606.3200073242188,606.969970703125,604.989990234375,606.2000122070312,2449362,0.0,0.0,0.0
2025-02-13 13:30:00-05:00,606.2000122070312,608.4099731445312,605.3099975585938,608.280029296875,5699770,0.0,0.0,0.0
2025-02-13 14:30:00-05:00,608.280029296875,609.7100219726562,608.1422119140625,609.5798950195312,5920998,0.0,0.0,0.0
2025-02-13 15:30:00-05:00,609.5700073242188,609.9400024414062,609.0900268554688,609.6900024414062,8181588,0.0,0.0,0.0
2025-02-14 09:30:00-05:00,609.9400024414062,610.969970703125,609.760009765625,610.239990234375,5214577,0.0,0.0,0.0
2025-02-14 10:30:00-05:00,610.239990234375,610.8499755859375,609.4000244140625,609.989990234375,3910433,0.0,0.0,0.0
2025-02-14 11:30:00-05:00,610.010009765625,610.2949829101562,609.27001953125,609.3201293945312,2764489,0.0,0.0,0.0
2025-02-14 12:30:00-05:00,609.3499755859375,610.0900268554688,609.0700073242188,609.9298706054688,1443250,0.0,0.0,0.0
2025-02-14 13:30:00-05:00,609.9299926757812,610.7506713867188,609.8800048828125,610.1300048828125,2059667,0.0,0.0,0.0
2025-02-14 14:30:00-05:00,610.1500244140625,610.3024291992188,609.5900268554688,609.6699829101562,2430485,0.0,0.0,0.0
2025-02-14 15:30:00-05:00,609.6599731445312,610.2899780273438,609.5449829101562,609.7000122070312,5528441,0.0,0.0,0.0
2025-02-18 09:30:00-05:00,610.8800048828125,611.0,609.3300170898438,609.6300048828125,5264887,0.0,0.0,0.0
2025-02-18 10:30:00-05:00,609.6400146484375,610.739990234375,609.4000244140625,610.4099731445312,2687081,0.0,0.0,0.0
2025-02-18 11:30:00-05:00,610.2899169921875,610.85498046875,609.780029296875,610.0349731445312,1777532,0.0,0.0,0.0
2025-02-18 12:30:00-05:00,610.0402221679688,610.65869140625,609.52001953125,609.8900146484375,2178303,0.0,0.0,0.0
2025-02-18 13:30:00-05:00,609.8800048828125,609.9299926757812,608.3800048828125,609.218994140625,3558413,0.0,0.0,0.0
2025-02-18 14:30:00-05:00,609.219970703125,610.0399780273438,609.1099853515625,609.780029296875,3079536,0.0,0.0,0.0
2025-02-18 15:30:00-05:00,609.77001953125,611.3800048828125,609.6300048828125,611.3499755859375,5116020,0.0,0.0,0.0
2025-02-19 09:30:00-05:00,610.0800170898438,610.27001953125,609.5599975585938,610.0599975585938,5311794,0.0,0.0,0.0
2025-02-19 10:30:00-05:00,610.0599975585938,611.260009765625,609.8200073242188,611.1799926757812,4571568,0.0,0.0,0.0
2025-02-19 11:30:00-05:00,611.1699829101562,611.9600219726562,610.97998046875,611.0499877929688,2328817,0.0,0.0,0.0
2025-02-19 12:30:00-05:00,611.0599975585938,611.8200073242188,610.6500244140625,611.6599731445312,2127131,0.0,0.0,0.0
2025-02-19 13:30:00-05:00,611.6699829101562,613.0800170898438,611.4000244140625,612.8201293945312,3339899,0.0,0.0,0.0
2025-02-19 14:30:00-05:00,612.8200073242188,613.22998046875,611.7999877929688,612.0999145507812,3320047,0.0,0.0,0.0
2025-02-19 15:30:00-05:00,612.1099853515625,613.0599975585938,612.0800170898438,612.9000244140625,5357638,0.0,0.0,0.0
2025-02-20 09:30:00-05:00,611.5399780273438,611.6840209960938,607.02001953125,609.1099853515625,8415478,0.0,0.0,0.0
2025-02-20 10:30:00-05:00,609.0999755859375,609.52001953125,607.0800170898438,608.260009765625,3929095,0.0,0.0,0.0
2025-02-20 11:30:00-05:00,608.2550048828125,608.9398803710938,607.0999755859375,608.7899780273438,3687346,0.0,0.0,0.0
2025-02-20 12:30:00-05:00,608.8302001953125,609.0999145507812,607.6400146484375,607.9600219726562,3137587,0.0,0.0,0.0
2025-02-20 13:30:00-05:00,607.9400024414062,609.489990234375,607.8200073242188,609.1699829101562,3605349,0.0,0.0,0.0
2025-02-20 14:30:00-05:00,609.1599731445312,610.0999755859375,608.719970703125,609.8400268554688,4057034,0.0,0.0,0.0
2025-02-20 15:30:00-05:00,609.8400268554688,610.7000122070312,609.4625244140625,610.3900146484375,5353026,0.0,0.0,0.0
2025-02-21 09:30:00-05:00,610.1599731445312,610.2999877929688,606.52001953125,606.760009765625,9803609,0.0,0.0,0.0
2025-02-21 10:30:00-05:00,606.75,607.47998046875,605.7659912109375,606.9400024414062,8591958,0.0,0.0,0.0
2025-02-21 11:30:00-05:00,606.9500122070312,607.5,605.1599731445312,605.7199096679688,5485973,0.0,0.0,0.0
2025-02-21 12:30:00-05:00,605.7550048828125,605.7899780273438,602.10009765625,602.1599731445312,9010299,0.0,0.0,0.0
2025-02-21 13:30:00-05:00,602.14501953125,603.2249755859375,599.6500244140625,599.9099731445312,8451982,0.0,0.0,0.0
2025-02-21 14:30:00-05:00,599.909912109375,600.6599731445312,599.469970703125,600.5599975585938,9297221,0.0,0.0,0.0
2025-02-21 15:30:00-05:00,600.5800170898438,600.9099731445312,599.5,600.0,10643776,0.0,0.0,0.0
2025-02-24 09:30:00-05:00,602.02001953125,603.030029296875,596.489990234375,597.9500122070312,12094000,0.0,0.0,0.0
2025-02-24 10:30:00-05:00,597.9299926757812,600.3800048828125,596.75,600.09619140625,5350735,0.0,0.0,0.0
2025-02-24 11:30:00-05:00,600.1300048828125,601.5800170898438,599.4019165039062,601.0399780273438,3482708,0.0,0.0,0.0
2025-02-24 12:30:00-05:00,600.969970703125,601.8499755859375,600.530029296875,601.4099731445312,2462190,0.0,0.0,0.0
2025-02-24 13:30:00-05:00,601.3900146484375,601.61328125,599.8400268554688,600.0700073242188,2795050,0.0,0.0,0.0
2025-02-24 14:30:00-05:00,600.0599975585938,600.6599731445312,598.9000244140625,599.0999755859375,5225686,0.0,0.0,0.0
2025-02-24 15:30:00-05:00,599.1099853515625,599.719970703125,596.6400146484375,597.1900024414062,10437558,0.0,0.0,0.0
2025-02-25 09:30:00-05:00,597.1500244140625,597.8900146484375,590.6699829101562,590.8499755859375,13879399,0.0,0.0,0.0
2025-02-25 10:30:00-05:00,590.75,593.4400024414062,590.5032958984375,590.8699951171875,9356406,0.0,0.0,0.0
2025-02-25 11:30:00-05:00,590.8499755859375,593.7999877929688,589.5599975585938,593.6799926757812,5524653,0.0,0.0,0.0
2025-02-25 12:30:00-05:00,593.6699829101562,596.1799926757812,593.4600219726562,593.7000122070312,4957928,0.0,0.0,0.0
2025-02-25 13:30:00-05:00,593.7050170898438,595.8699951171875,593.010009765625,593.0700073242188,4278380,0.0,0.0,0.0
2025-02-25 14:30:00-05:00,593.3599853515625,596.6400146484375,593.02001953125,595.8900146484375,6760481,0.0,0.0,0.0
2025-02-25 15:30:00-05:00,595.9000244140625,596.02001953125,593.5700073242188,594.2100219726562,7168919,0.0,0.0,0.0
2025-02-26 09:30:00-05:00,595.9299926757812,599.280029296875,595.0999755859375,597.9400024414062,8860755,0.0,0.0,0.0
2025-02-26 10:30:00-05:00,597.9749755859375,599.5800170898438,597.9500122070312,598.6500244140625,3650899,0.0,0.0,0.0
2025-02-26 11:30:00-05:00,598.6799926757812,599.4299926757812,597.6799926757812,598.5999755859375,3439355,0.0,0.0,0.0
2025-02-26 12:30:00-05:00,598.67431640625,599.010009765625,593.8499755859375,593.9249877929688,5114375,0.0,0.0,0.0
2025-02-26 13:30:00-05:00,593.864990234375,594.5900268554688,591.8555908203125,593.3889770507812,5992615,0.0,0.0,0.0
2025-02-26 14:30:00-05:00,593.3499755859375,594.6400146484375,592.4600219726562,593.5900268554688,4549029,0.0,0.0,0.0
2025-02-26 15:30:00-05:00,593.510986328125,595.2899780273438,593.1400146484375,594.4299926757812,6319956,0.0,0.0,0.0
2025-02-27 09:30:00-05:00,596.8499755859375,597.9199829101562,590.52001953125,595.4500122070312,15088225,0.0,0.0,0.0
2025-02-27 10:30:00-05:00,595.4500122070312,596.239990234375,593.219970703125,594.1212768554688,5194424,0.0,0.0,0.0
2025-02-27 11:30:00-05:00,594.1300048828125,594.9589233398438,591.4000244140625,593.9500122070312,4775184,0.0,0.0,0.0
2025-02-27 12:30:00-05:00,593.9600219726562,595.1599731445312,592.3699951171875,594.5900268554688,4070264,0.0,0.0,0.0
2025-02-27 13:30:00-05:00,594.6300048828125,594.9500122070312,590.6799926757812,590.7697143554688,3846817,0.0,0.0,0.0
2025-02-27 14:30:00-05:00,590.781982421875,590.7999877929688,586.239990234375,586.3099975585938,11600098,0.0,0.0,0.0
2025-02-27 15:30:00-05:00,586.3629760742188,587.5700073242188,584.6500244140625,585.0399780273438,15219445,0.0,0.0,0.0
2025-02-28 09:30:00-05:00,585.5599975585938,588.3800048828125,583.27001953125,588.3599853515625,15117569,0.0,0.0,0.0
2025-02-28 10:30:00-05:00,588.3599853515625,589.030029296875,586.0599975585938,586.0599975585938,6221129,0.0,0.0,0.0
2025-02-28 11:30:00-05:00,586.0700073242188,588.3400268554688,585.8300170898438,587.0250244140625,4068935,0.0,0.0,0.0
2025-02-28 12:30:00-05:00,587.0750122070312,587.1799926757812,582.4400024414062,584.719970703125,10920815,0.0,0.0,0.0
2025-02-28 13:30:00-05:00,584.6900024414062,586.52001953125,583.531005859375,585.6699829101562,6524415,0.0,0.0,0.0
2025-02-28 14:30:00-05:00,585.669921875,589.6799926757812,585.25,589.614990234375,8723241,0.0,0.0,0.0
2025-02-28 15:30:00-05:00,589.6300048828125,594.719970703125,587.9299926757812,594.0700073242188,20419239,0.0,0.0,0.0
2025-03-03 09:30:00-05:00,596.1799926757812,597.3400268554688,590.7100219726562,594.114990234375,12420202,0.0,0.0,0.0
2025-03-03 10:30:00-05:00,594.0900268554688,595.125,592.219970703125,592.4000244140625,5858061,0.0,0.0,0.0
2025-03-03 11:30:00-05:00,592.4299926757812,594.1500244140625,591.1699829101562,593.8099975585938,3921893,0.0,0.0,0.0
2025-03-03 12:30:00-05:00,593.7999877929688,594.219970703125,587.8699951171875,588.0902709960938,4977410,0.0,0.0,0.0
2025-03-03 13:30:00-05:00,588.114990234375,590.22998046875,587.47998046875,588.4949951171875,6869116,0.0,0.0,0.0
2025-03-03 14:30:00-05:00,588.489990234375,590.6500244140625,580.8300170898438,581.2100219726562,15861758,0.0,0.0,0.0
2025-03-03 15:30:00-05:00,581.1900024414062,584.1099853515625,579.9000244140625,583.969970703125,14072787,0.0,0.0,0.0
2025-03-04 09:30:00-05:00,579.4400024414062,580.2100219726562,572.25,574.510009765625,22625018,0.0,0.0,0.0
2025-03-04 10:30:00-05:00,574.52001953125,576.0999755859375,572.2999877929688,572.9600830078125,12480256,0.0,0.0,0.0
2025-03-04 11:30:00-05:00,572.989990234375,578.5700073242188,572.9199829101562,577.8599853515625,9243884,0.0,0.0,0.0
2025-03-04 12:30:00-05:00,577.8499755859375,580.069580078125,575.9299926757812,577.5399780273438,8341571,0.0,0.0,0.0
2025-03-04 13:30:00-05:00,577.47998046875,582.9290161132812,576.969970703125,581.4000244140625,8597223,0.0,0.0,0.0
2025-03-04 14:30:00-05:00,581.4199829101562,585.3900146484375,580.7999877929688,583.8400268554688,9865622,0.0,0.0,0.0
2025-03-04 15:30:00-05:00,582.8599853515625,584.030029296875,574.6900024414062,576.8800048828125,20058176,0.0,0.0,0.0
2025-03-05 09:30:00-05:00,576.6900024414062,579.6400146484375,575.0,575.8914794921875,15257741,0.0,0.0,0.0
2025-03-05 10:30:00-05:00,575.9199829101562,578.3499755859375,573.7999877929688,574.8499755859375,6353737,0.0,0.0,0.0
2025-03-05 11:30:00-05:00,574.8400268554688,578.7899780273438,573.0795288085938,578.7000122070312,8194349,0.0,0.0,0.0
2025-03-05 12:30:00-05:00,578.6900024414062,581.1599731445312,577.739990234375,579.22998046875,7608064,0.0,0.0,0.0
2025-03-05 13:30:00-05:00,579.27001953125,584.3400268554688,577.9099731445312,582.7999877929688,9837523,0.0,0.0,0.0
2025-03-05 14:30:00-05:00,582.7999877929688,584.8800048828125,581.97998046875,584.1300048828125,7027388,0.0,0.0,0.0
2025-03-05 15:30:00-05:00,584.0999755859375,584.1599731445312,581.3900146484375,583.030029296875,9582648,0.0,0.0,0.0
2025-03-06 09:30:00-05:00,575.47998046875,578.7100219726562,573.4500122070312,578.4609985351562,14413449,0.0,0.0,0.0
2025-03-06 10:30:00-05:00,578.4600219726562,580.173583984375,577.1099853515625,578.489990234375,6153196,0.0,0.0,0.0
2025-03-06 11:30:00-05:00,578.469970703125,580.0700073242188,572.0,572.5499877929688,9432081,0.0,0.0,0.0
2025-03-06 12:30:00-05:00,572.5599975585938,574.1599731445312,571.0399780273438,572.530029296875,8178039,0.0,0.0,0.0
2025-03-06 13:30:00-05:00,572.8099975585938,573.1500244140625,570.1199951171875,570.6387939453125,7575935,0.0,0.0,0.0
2025-03-06 14:30:00-05:00,570.5999755859375,574.9299926757812,570.1199951171875,572.989990234375,11729220,0.0,0.0,0.0
2025-03-06 15:30:00-05:00,573.0131225585938,574.27001953125,571.5700073242188,572.8200073242188,9935019,0.0,0.0,0.0
2025-03-07 09:30:00-05:00,570.9000244140625,576.06787109375,570.7999877929688,572.3599853515625,13963709,0.0,0.0,0.0
2025-03-07 10:30:00-05:00,572.3499755859375,573.0,567.3699951171875,567.6300048828125,12712960,0.0,0.0,0.0
2025-03-07 11:30:00-05:00,567.4000244140625,568.6694946289062,565.6300048828125,568.0800170898438,11840865,0.0,0.0,0.0
2025-03-07 12:30:00-05:00,568.0599975585938,574.2899780273438,567.4400024414062,572.6268920898438,10904804,0.0,0.0,0.0
2025-03-07 13:30:00-05:00,572.6599731445312,577.3099975585938,572.2899780273438,576.5750122070312,9110239,0.0,0.0,0.0
2025-03-07 14:30:00-05:00,576.6599731445312,577.1400146484375,574.6199951171875,575.9796142578125,7150535,0.0,0.0,0.0
2025-03-07 15:30:00-05:00,575.9400024414062,577.3900146484375,572.8099975585938,575.8599853515625,9123780,0.0,0.0,0.0
2025-03-10 09:30:00-04:00,567.5900268554688,569.5399780273438,565.173095703125,565.5150146484375,13921223,0.0,0.0,0.0
2025-03-10 10:30:00-04:00,565.530029296875,566.0499877929688,563.0599975585938,565.1300048828125,12764160,0.0,0.0,0.0
2025-03-10 11:30:00-04:00,565.125,566.6199951171875,562.4500122070312,563.77001953125,9541096,0.0,0.0,0.0
2025-03-10 12:30:00-04:00,563.780029296875,565.1099853515625,561.0999755859375,561.8400268554688,6376729,0.0,0.0,0.0
2025-03-10 13:30:00-04:00,561.8800048828125,561.969970703125,559.4199829101562,559.8200073242188,9891068,0.0,0.0,0.0
2025-03-10 14:30:00-04:00,559.8200073242188,561.2899780273438,555.5900268554688,559.6699829101562,14945004,0.0,0.0,0.0
2025-03-10 15:30:00-04:00,559.719970703125,562.22998046875,559.0599975585938,560.75,15153133,0.0,0.0,0.0
2025-03-11 09:30:00-04:00,559.4000244140625,562.1199951171875,555.6500244140625,555.9857788085938,16719508,0.0,0.0,0.0
2025-03-11 10:30:00-04:00,555.9500122070312,558.8599853515625,554.0499877929688,557.1699829101562,11042337,0.0,0.0,0.0
2025-03-11 11:30:00-04:00,557.469970703125,559.97998046875,554.75,555.8099975585938,6477053,0.0,0.0,0.0
2025-03-11 12:30:00-04:00,555.8499755859375,556.9299926757812,552.0399780273438,552.2000122070312,8660748,0.0,0.0,0.0
2025-03-11 13:30:00-04:00,552.1599731445312,559.3200073242188,552.02001953125,558.4400024414062,9387752,0.0,0.0,0.0
2025-03-11 14:30:00-04:00,558.4099731445312,564.02001953125,557.3400268554688,559.5700073242188,13594188,0.0,0.0,0.0
2025-03-11 15:30:00-04:00,559.3300170898438,560.3200073242188,556.010009765625,556.1199951171875,10711012,0.0,0.0,0.0
2025-03-12 09:30:00-04:00,562.1699829101562,563.1099853515625,557.97998046875,559.010009765625,22055937,0.0,0.0,0.0
2025-03-12 10:30:00-04:00,559.0700073242188,559.27001953125,553.6900024414062,556.9000244140625,9103710,0.0,0.0,0.0
2025-03-12 11:30:00-04:00,556.9400024414062,560.8599853515625,556.5750122070312,560.27001953125,6115976,0.0,0.0,0.0
2025-03-12 12:30:00-04:00,560.3099975585938,561.4600219726562,558.6599731445312,561.4199829101562,5283900,0.0,0.0,0.0
2025-03-12 13:30:00-04:00,561.489990234375,561.780029296875,557.8099975585938,560.2000122070312,4715748,0.0,0.0,0.0
2025-03-12 14:30:00-04:00,560.2100219726562,561.9000244140625,559.030029296875,559.6400146484375,5325725,0.0,0.0,0.0
2025-03-12 15:30:00-04:00,559.6400146484375,560.2899780273438,558.1699829101562,558.9199829101562,8778620,0.0,0.0,0.0
2025-03-13 09:30:00-04:00,558.489990234375,559.10498046875,554.4500122070312,557.114990234375,10489523,0.0,0.0,0.0
2025-03-13 10:30:00-04:00,557.1300048828125,558.3699951171875,554.1400146484375,554.28369140625,5439447,0.0,0.0,0.0
2025-03-13 11:30:00-04:00,554.25,555.1599731445312,552.27001953125,552.5700073242188,7945874,0.0,0.0,0.0
2025-03-13 12:30:00-04:00,552.5900268554688,554.576171875,550.3599853515625,551.1599731445312,7368763,0.0,0.0,0.0
2025-03-13 13:30:00-04:00,551.1099853515625,553.25,549.6799926757812,553.0599975585938,7307538,0.0,0.0,0.0
2025-03-13 14:30:00-04:00,553.0700073242188,554.6199951171875,550.9000244140625,551.469970703125,9084591,0.0,0.0,0.0
2025-03-13 15:30:00-04:00,551.47998046875,552.0599975585938,550.1599731445312,551.52001953125,11161916,0.0,0.0,0.0
2025-03-14 09:30:00-04:00,556.1099853515625,559.6900024414062,555.5,557.0050048828125,12784487,0.0,0.0,0.0
2025-03-14 10:30:00-04:00,556.9949951171875,561.510009765625,556.8800048828125,561.0499877929688,5735503,0.0,0.0,0.0
2025-03-14 11:30:00-04:00,561.0599975585938,562.4299926757812,560.0200805664062,560.219970703125,5833254,0.0,0.0,0.0
2025-03-14 12:30:00-04:00,560.2396850585938,562.7999877929688,560.0499877929688,561.4500122070312,6706421,0.0,0.0,0.0
2025-03-14 13:30:00-04:00,561.4500122070312,561.9500122070312,560.22998046875,560.6900024414062,5798420,0.0,0.0,0.0
2025-03-14 14:30:00-04:00,560.6900024414062,562.75,560.6832275390625,561.7999877929688,6054435,0.0,0.0,0.0
2025-03-14 15:30:00-04:00,561.8099975585938,563.8300170898438,561.3699951171875,562.7899780273438,11882067,0.0,0.0,0.0
2025-03-17 09:30:00-04:00,562.7899780273438,566.3599853515625,562.3499755859375,564.6400146484375,9896291,0.0,0.0,0.0
2025-03-17 10:30:00-04:00,564.6300048828125,565.6900024414062,563.5,564.1500244140625,4628015,0.0,0.0,0.0
2025-03-17 11:30:00-04:00,564.1300048828125,565.27001953125,562.7999877929688,563.8499145507812,3705833,0.0,0.0,0.0
2025-03-17 12:30:00-04:00,563.8400268554688,566.0,563.4503173828125,565.8099975585938,3074926,0.0,0.0,0.0
2025-03-17 13:30:00-04:00,565.8200073242188,568.9089965820312,565.6099853515625,568.6524047851562,6119515,0.0,0.0,0.0
2025-03-17 14:30:00-04:00,568.655029296875,569.7100219726562,568.3800048828125,569.0449829101562,6195616,0.0,0.0,0.0
2025-03-17 15:30:00-04:00,569.239990234375,569.2999877929688,566.8200073242188,567.02001953125,8342110,0.0,0.0,0.0
2025-03-18 09:30:00-04:00,564.7999877929688,565.02001953125,560.1500244140625,561.3060302734375,11673126,0.0,0.0,0.0
2025-03-18 10:30:00-04:00,561.2899780273438,562.0700073242188,559.3400268554688,559.969970703125,5854836,0.0,0.0,0.0
2025-03-18 11:30:00-04:00,559.9400024414062,561.6799926757812,559.0599975585938,561.677978515625,5825731,0.0,0.0,0.0
2025-03-18 12:30:00-04:00,561.6599731445312,561.8099975585938,559.219970703125,560.5599975585938,5421128,0.0,0.0,0.0
2025-03-18 13:30:00-04:00,560.5700073242188,561.5587158203125,559.72998046875,560.47998046875,3913577,0.0,0.0,0.0
2025-03-18 14:30:00-04:00,560.489990234375,562.2150268554688,560.4099731445312,561.1099853515625,6055135,0.0,0.0,0.0
2025-03-18 15:30:00-04:00,561.1199951171875,561.4500122070312,559.8400268554688,561.0599975585938,7981402,0.0,0.0,0.0
2025-03-19 09:30:00-04:00,562.8300170898438,565.3800048828125,561.6300048828125,564.47998046875,6935823,0.0,0.0,0.0
2025-03-19 10:30:00-04:00,564.5,564.869873046875,563.3009033203125,564.5700073242188,5193666,0.0,0.0,0.0
2025-03-19 11:30:00-04:00,564.5700073242188,566.2899780273438,564.3400268554688,565.559814453125,4283273,0.0,0.0,0.0
2025-03-19 12:30:00-04:00,565.3499755859375,565.6500244140625,563.280029296875,563.3499755859375,3223434,0.0,0.0,0.0
2025-03-19 13:30:00-04:00,563.3800048828125,565.8800048828125,562.0,564.594970703125,6164404,0.0,0.0,0.0
2025-03-19 14:30:00-04:00,564.5700073242188,570.9500122070312,564.5700073242188,567.2301025390625,13347746,0.0,0.0,0.0
2025-03-19 15:30:00-04:00,567.2000122070312,569.3800048828125,566.6799926757812,567.02001953125,10896885,0.0,0.0,0.0
2025-03-20 09:30:00-04:00,563.3300170898438,570.0499877929688,562.6011962890625,569.47998046875,11325273,0.0,0.0,0.0
2025-03-20 10:30:00-04:00,569.489990234375,570.5700073242188,568.7000122070312,568.9400024414062,5612563,0.0,0.0,0.0
2025-03-20 11:30:00-04:00,568.9400024414062,569.47998046875,565.9299926757812,566.239990234375,6088300,0.0,0.0,0.0
2025-03-20 12:30:00-04:00,566.22998046875,567.2100219726562,564.7000122070312,564.7493286132812,4836846,0.0,0.0,0.0
2025-03-20 13:30:00-04:00,564.75,566.5,564.0399780273438,564.1199951171875,6153526,0.0,0.0,0.0
2025-03-20 14:30:00-04:00,564.1199951171875,566.3187255859375,563.7703247070312,564.6699829101562,7615044,0.0,0.0,0.0
2025-03-20 15:30:00-04:00,564.6699829101562,566.6799926757812,564.6699829101562,565.6900024414062,9145990,0.0,0.0,0.0
2025-03-21 09:30:00-04:00,559.280029296875,560.4000244140625,558.030029296875,559.8800048828125,15850302,1.696,0.0,0.0
2025-03-21 10:30:00-04:00,559.9000244140625,561.8099975585938,559.0399780273438,559.8300170898438,14326472,0.0,0.0,0.0
2025-03-21 11:30:00-04:00,559.8300170898438,562.6900024414062,558.760009765625,562.3626098632812,7309201,0.0,0.0,0.0
2025-03-21 12:30:00-04:00,562.3800048828125,563.6849975585938,561.760009765625,562.0700073242188,4554857,0.0,0.0,0.0
2025-03-21 13:30:00-04:00,562.0999755859375,563.9299926757812,561.52001953125,562.1099853515625,5352097,0.0,0.0,0.0
2025-03-21 14:30:00-04:00,562.1199951171875,563.2899780273438,561.47998046875,561.989990234375,5053010,0.0,0.0,0.0
2025-03-21 15:30:00-04:00,561.969970703125,564.8900146484375,561.7301025390625,564.1900024414062,12998348,0.0,0.0,0.0
2025-03-24 09:30:00-04:00,570.7999877929688,573.3400268554688,570.2000122070312,573.1300048828125,11935239,0.0,0.0,0.0
2025-03-24 10:30:00-04:00,573.1500244140625,573.989990234375,572.6799926757812,573.7100219726562,5127177,0.0,0.0,0.0
2025-03-24 11:30:00-04:00,573.719970703125,574.3900146484375,573.1400146484375,573.25,4519475,0.0,0.0,0.0
2025-03-24 12:30:00-04:00,573.260009765625,573.5800170898438,572.4500122070312,573.0499877929688,4215444,0.0,0.0,0.0
2025-03-24 13:30:00-04:00,573.0499877929688,573.375,572.0499877929688,572.405029296875,4375282,0.0,0.0,0.0
2025-03-24 14:30:00-04:00,572.4000244140625,574.2100219726562,572.07470703125,573.9500122070312,7088584,0.0,0.0,0.0
2025-03-24 15:30:00-04:00,573.8599853515625,575.1500244140625,573.8400268554688,574.02001953125,9435043,0.0,0.0,0.0
2025-03-25 09:30:00-04:00,575.2999877929688,575.8099975585938,573.9400024414062,575.7999877929688,7718246,0.0,0.0,0.0
2025-03-25 10:30:00-04:00,575.7999877929688,576.4099731445312,575.3699951171875,575.6900024414062,4948275,0.0,0.0,0.0
2025-03-25 11:30:00-04:00,575.7000122070312,575.760009765625,574.4000244140625,574.5399169921875,3396117,0.0,0.0,0.0
2025-03-25 12:30:00-04:00,574.530029296875,575.5399780273438,574.02001953125,574.1799926757812,2861597,0.0,0.0,0.0
2025-03-25 13:30:00-04:00,574.1900024414062,574.9498901367188,573.7999877929688,574.4099731445312,3931548,0.0,0.0,0.0
2025-03-25 14:30:00-04:00,574.4199829101562,574.6099853515625,573.6900024414062,574.1099853515625,4503362,0.0,0.0,0.0
2025-03-25 15:30:00-04:00,574.1099853515625,575.5999755859375,573.8699951171875,575.3499755859375,5892220,0.0,0.0,0.0
2025-03-26 09:30:00-04:00,575.1900024414062,576.3300170898438,572.4860229492188,573.375,7808006,0.0,0.0,0.0
2025-03-26 10:30:00-04:00,573.3699951171875,573.8400268554688,571.9500122070312,572.3400268554688,4534365,0.0,0.0,0.0
2025-03-26 11:30:00-04:00,572.3150024414062,572.7899780273438,570.1199951171875,571.0700073242188,5202833,0.0,0.0,0.0
2025-03-26 12:30:00-04:00,571.0700073242188,571.3900146484375,568.780029296875,568.9500122070312,4498548,0.0,0.0,0.0
2025-03-26 13:30:00-04:00,568.9650268554688,569.489990234375,567.9400024414062,569.2406005859375,5255436,0.0,0.0,0.0
2025-03-26 14:30:00-04:00,569.219970703125,569.47998046875,567.1900024414062,567.7000122070312,6319356,0.0,0.0,0.0
2025-03-26 15:30:00-04:00,567.7100219726562,569.5800170898438,567.6099853515625,568.75,9513866,0.0,0.0,0.0
2025-03-27 09:30:00-04:00,567.1799926757812,569.5800170898438,564.9400024414062,569.52001953125,9806384,0.0,0.0,0.0
2025-03-27 10:30:00-04:00,569.52001953125,570.9000244140625,569.25,569.8599853515625,4894428,0.0,0.0,0.0
2025-03-27 11:30:00-04:00,569.8800048828125,569.9102172851562,567.7899780273438,568.64501953125,4060587,0.0,0.0,0.0
2025-03-27 12:30:00-04:00,568.6500244140625,569.2999877929688,566.3800048828125,566.760009765625,3832902,0.0,0.0,0.0
2025-03-27 13:30:00-04:00,566.7899780273438,568.6799926757812,566.4229736328125,567.9600219726562,3318052,0.0,0.0,0.0
2025-03-27 14:30:00-04:00,568.2000122070312,570.030029296875,567.4199829101562,569.780029296875,4848641,0.0,0.0,0.0
2025-03-27 15:30:00-04:00,569.760009765625,569.8099975585938,566.719970703125,567.02001953125,7886197,0.0,0.0,0.0
2025-03-28 09:30:00-04:00,565.530029296875,566.2675170898438,559.489990234375,559.5700073242188,12922108,0.0,0.0,0.0
2025-03-28 10:30:00-04:00,559.5650024414062,560.1500244140625,557.77001953125,558.9400024414062,10464051,0.0,0.0,0.0
2025-03-28 11:30:00-04:00,558.9400024414062,559.7999877929688,556.6309814453125,556.8400268554688,5581413,0.0,0.0,0.0
2025-03-28 12:30:00-04:00,556.844970703125,557.5786743164062,555.25,555.3900146484375,6240584,0.0,0.0,0.0
2025-03-28 13:30:00-04:00,555.360107421875,556.969970703125,555.219970703125,555.989990234375,5582015,0.0,0.0,0.0
2025-03-28 14:30:00-04:00,555.9400024414062,556.719970703125,555.3099975585938,555.77001953125,6349082,0.0,0.0,0.0
2025-03-28 15:30:00-04:00,555.780029296875,556.5,555.0700073242188,555.8200073242188,12590136,0.0,0.0,0.0
2025-03-31 09:30:00-04:00,549.8300170898438,551.5900268554688,546.8699951171875,549.510009765625,14543912,0.0,0.0,0.0
2025-03-31 10:30:00-04:00,549.5499877929688,553.469970703125,549.489990234375,552.530029296875,7567469,0.0,0.0,0.0
2025-03-31 11:30:00-04:00,552.510009765625,554.5900268554688,551.9149780273438,554.5549926757812,5492250,0.0,0.0,0.0
2025-03-31 12:30:00-04:00,554.5499877929688,555.1599731445312,552.8200073242188,553.6400146484375,4460280,0.0,0.0,0.0
2025-03-31 13:30:00-04:00,553.6303100585938,556.9600219726562,552.7100219726562,556.9500122070312,7991520,0.0,0.0,0.0
2025-03-31 14:30:00-04:00,556.9299926757812,559.1900024414062,556.260009765625,557.4099731445312,12744082,0.0,0.0,0.0
2025-03-31 15:30:00-04:00,557.2999877929688,560.711181640625,557.1300048828125,559.217529296875,18177869,0.0,0.0,0.0
2025-04-01 09:30:00-04:00,557.4500122070312,558.5800170898438,553.6799926757812,555.1400146484375,10677559,0.0,0.0,0.0
2025-04-01 10:30:00-04:00,555.135009765625,561.87939453125,555.030029296875,560.7990112304688,9160334,0.0,0.0,0.0
2025-04-01 11:30:00-04:00,560.8200073242188,562.9400024414062,560.2000122070312,560.75,5017355,0.0,0.0,0.0
2025-04-01 12:30:00-04:00,560.760009765625,561.3800048828125,559.1799926757812,559.4199829101562,5087873,0.0,0.0,0.0
2025-04-01 13:30:00-04:00,559.3300170898438,560.3599853515625,556.4293212890625,556.6895141601562,5255171,0.0,0.0,0.0
2025-04-01 14:30:00-04:00,556.6749877929688,558.9949951171875,556.1500244140625,558.4293212890625,5055328,0.0,0.0,0.0
2025-04-01 15:30:00-04:00,558.4299926757812,561.52001953125,558.1713256835938,561.0499877929688,7822961,0.0,0.0,0.0
2025-04-02 09:30:00-04:00,555.0499877929688,560.9161987304688,555.0,560.8599853515625,11110187,0.0,0.0,0.0
2025-04-02 10:30:00-04:00,560.844970703125,563.75,560.3400268554688,563.3099975585938,4928412,0.0,0.0,0.0
2025-04-02 11:30:00-04:00,563.3300170898438,564.280029296875,561.1021728515625,564.280029296875,5175571,0.0,0.0,0.0
2025-04-02 12:30:00-04:00,564.2899780273438,567.4199829101562,563.5700073242188,566.076904296875,6932730,0.0,0.0,0.0
2025-04-02 13:30:00-04:00,566.030029296875,566.098876953125,561.0999755859375,561.0999755859375,6016884,0.0,0.0,0.0
2025-04-02 14:30:00-04:00,561.1099853515625,563.7849731445312,560.9600219726562,563.2000122070312,5155014,0.0,0.0,0.0
2025-04-02 15:30:00-04:00,563.1799926757812,565.655029296875,562.6500244140625,564.6599731445312,9980231,0.0,0.0,0.0
2025-04-03 09:30:00-04:00,545.1099853515625,547.969970703125,541.5700073242188,543.0700073242188,29004649,0.0,0.0,0.0
2025-04-03 10:30:00-04:00,543.0399780273438,543.9000244140625,539.5800170898438,541.72998046875,16552108,0.0,0.0,0.0
2025-04-03 11:30:00-04:00,541.780029296875,545.9600219726562,541.6400146484375,545.9199829101562,11059829,0.0,0.0,0.0
2025-04-03 12:30:00-04:00,545.9400024414062,546.3599853515625,541.9199829101562,542.260009765625,8382232,0.0,0.0,0.0
2025-04-03 13:30:00-04:00,542.239990234375,543.7899780273438,540.364990234375,540.7899780273438,7946313,0.0,0.0,0.0
2025-04-03 14:30:00-04:00,540.77001953125,542.3499755859375,538.5499877929688,539.030029296875,12979802,0.0,0.0,0.0
2025-04-03 15:30:00-04:00,539.0399780273438,539.6300048828125,537.5599975585938,537.6400146484375,20407737,0.0,0.0,0.0
2025-04-04 09:30:00-04:00,524.72998046875,525.8699951171875,516.239990234375,516.2899780273438,42365546,0.0,0.0,0.0
2025-04-04 10:30:00-04:00,516.260009765625,522.5900268554688,510.04998779296875,516.3499755859375,35813214,0.0,0.0,0.0
2025-04-04 11:30:00-04:00,516.4000244140625,518.3499755859375,511.8599853515625,512.3900146484375,15755943,0.0,0.0,0.0
2025-04-04 12:30:00-04:00,512.3400268554688,514.3599853515625,508.5799865722656,511.1600036621094,16611385,0.0,0.0,0.0
2025-04-04 13:30:00-04:00,511.1600036621094,515.8200073242188,508.55999755859375,508.79998779296875,18303026,0.0,0.0,0.0
2025-04-04 14:30:00-04:00,508.9100036621094,512.0399780273438,505.5199890136719,510.5199890136719,24417626,0.0,0.0,0.0
2025-04-04 15:30:00-04:00,510.5299987792969,513.919677734375,505.05999755859375,505.510009765625,30876759,0.0,0.0,0.0
2025-04-07 09:30:00-04:00,489.19000244140625,523.1699829101562,481.79998779296875,498.17999267578125,92264010,0.0,0.0,0.0
2025-04-07 10:30:00-04:00,498.19000244140625,509.7699890136719,492.6600036621094,493.7900085449219,47911914,0.0,0.0,0.0
2025-04-07 11:30:00-04:00,493.75,503.9800109863281,493.7300109863281,499.55999755859375,19441560,0.0,0.0,0.0
2025-04-07 12:30:00-04:00,499.55999755859375,505.94000244140625,494.70001220703125,505.6199951171875,18233685,0.0,0.0,0.0
2025-04-07 13:30:00-04:00,505.6199951171875,510.4700012207031,502.1600036621094,505.19000244140625,18390363,0.0,0.0,0.0
2025-04-07 14:30:00-04:00,505.1499938964844,508.3399963378906,500.1400146484375,500.6050109863281,17570375,0.0,0.0,0.0
2025-04-07 15:30:00-04:00,500.6050109863281,506.6400146484375,500.55999755859375,504.5400085449219,20887500,0.0,0.0,0.0
2025-04-08 09:30:00-04:00,521.8599853515625,524.9500122070312,517.7899780273438,523.3699951171875,32395682,0.0,0.0,0.0
2025-04-08 10:30:00-04:00,523.3599853515625,524.2100219726562,514.0999755859375,514.1599731445312,15639923,0.0,0.0,0.0
2025-04-08 11:30:00-04:00,514.1900024414062,518.5250244140625,511.79998779296875,513.9600219726562,12623527,0.0,0.0,0.0
2025-04-08 12:30:00-04:00,514.1300048828125,514.5999755859375,502.25,502.45001220703125,25291752,0.0,0.0,0.0
2025-04-08 13:30:00-04:00,502.3699951171875,509.1099853515625,502.0299987792969,502.4100036621094,15525802,0.0,0.0,0.0
2025-04-08 14:30:00-04:00,502.44000244140625,507.82000732421875,494.489990234375,497.510009765625,20869345,0.0,0.0,0.0
2025-04-08 15:30:00-04:00,497.5299987792969,497.5899963378906,489.1600036621094,496.739990234375,28407590,0.0,0.0,0.0
2025-04-09 09:30:00-04:00,493.44000244140625,503.6700134277344,493.42999267578125,498.9700012207031,36291097,0.0,0.0,0.0
2025-04-09 10:30:00-04:00,499.07000732421875,501.6700134277344,493.04998779296875,498.2799987792969,14350835,0.0,0.0,0.0
2025-04-09 11:30:00-04:00,498.2900085449219,500.54998779296875,494.7699890136719,499.260009765625,9459825,0.0,0.0,0.0
2025-04-09 12:30:00-04:00,499.19000244140625,533.4000244140625,498.6499938964844,523.9600219726562,42313803,0.0,0.0,0.0
2025-04-09 13:30:00-04:00,524.02001953125,539.7100219726562,522.9500122070312,538.1500244140625,48124914,0.0,0.0,0.0
2025-04-09 14:30:00-04:00,538.1599731445312,541.780029296875,529.6799926757812,540.489990234375,28925228,0.0,0.0,0.0
2025-04-09 15:30:00-04:00,540.4500122070312,546.3300170898438,539.5399780273438,542.8400268554688,30528201,0.0,0.0,0.0
2025-04-10 09:30:00-04:00,532.1699829101562,533.4949951171875,526.340087890625,528.1099853515625,30002994,0.0,0.0,0.0
2025-04-10 10:30:00-04:00,528.1199951171875,531.9600219726562,523.7100219726562,523.710205078125,14268723,0.0,0.0,0.0
2025-04-10 11:30:00-04:00,523.719970703125,524.27001953125,509.32000732421875,511.8599853515625,24992857,0.0,0.0,0.0
2025-04-10 12:30:00-04:00,511.81500244140625,524.7000122070312,511.5126953125,519.3200073242188,24306141,0.0,0.0,0.0
2025-04-10 13:30:00-04:00,519.2100219726562,528.760009765625,518.3200073242188,528.3900146484375,17647611,0.0,0.0,0.0
2025-04-10 14:30:00-04:00,528.3900146484375,529.7100219726562,522.3699951171875,522.4299926757812,15841554,0.0,0.0,0.0
2025-04-10 15:30:00-04:00,522.469970703125,526.52001953125,518.2000122070312,524.7100219726562,21618301,0.0,0.0,0.0
2025-04-11 09:30:00-04:00,523.010009765625,528.8400268554688,520.0700073242188,520.6900024414062,23549599,0.0,0.0,0.0
2025-04-11 10:30:00-04:00,520.7999877929688,527.4199829101562,520.0900268554688,523.0800170898438,10856787,0.0,0.0,0.0
2025-04-11 11:30:00-04:00,523.030029296875,528.6699829101562,522.4199829101562,527.3900146484375,6510151,0.0,0.0,0.0
2025-04-11 12:30:00-04:00,527.5349731445312,533.0900268554688,527.447509765625,529.8300170898438,9028032,0.0,0.0,0.0
2025-04-11 13:30:00-04:00,529.8400268554688,536.4299926757812,528.8400268554688,533.1500244140625,12079094,0.0,0.0,0.0
2025-04-11 14:30:00-04:00,533.1699829101562,535.6799926757812,531.969970703125,534.739990234375,8419270,0.0,0.0,0.0
2025-04-11 15:30:00-04:00,534.239990234375,535.4500122070312,533.47998046875,533.969970703125,14411198,0.0,0.0,0.0
2025-04-14 09:30:00-04:00,544.0499877929688,544.280029296875,539.2100219726562,542.1199951171875,15299938,0.0,0.0,0.0
2025-04-14 10:30:00-04:00,542.1400146484375,543.8499755859375,538.4299926757812,538.52001953125,7367485,0.0,0.0,0.0
2025-04-14 11:30:00-04:00,538.6400146484375,539.9299926757812,533.8599853515625,535.8499755859375,11263483,0.0,0.0,0.0
2025-04-14 12:30:00-04:00,536.1900024414062,539.22998046875,535.2899780273438,537.2999877929688,6740197,0.0,0.0,0.0
2025-04-14 13:30:00-04:00,537.260009765625,540.510009765625,536.489990234375,540.3800048828125,4787723,0.0,0.0,0.0
2025-04-14 14:30:00-04:00,540.3800048828125,542.5800170898438,540.0499877929688,541.3300170898438,6841970,0.0,0.0,0.0
2025-04-14 15:30:00-04:00,541.3200073242188,542.1500244140625,538.3599853515625,538.97998046875,10593214,0.0,0.0,0.0
2025-04-15 09:30:00-04:00,539.6749877929688,543.22998046875,538.1400146484375,539.4000244140625,13251297,0.0,0.0,0.0
2025-04-15 10:30:00-04:00,539.4000244140625,542.030029296875,539.0800170898438,540.1701049804688,6975391,0.0,0.0,0.0
2025-04-15 11:30:00-04:00,540.219970703125,541.6199951171875,539.4400024414062,540.97998046875,4160619,0.0,0.0,0.0
2025-04-15 12:30:00-04:00,541.0,541.43017578125,537.3699951171875,537.760009765625,4615591,0.0,0.0,0.0
2025-04-15 13:30:00-04:00,537.77001953125,539.2457275390625,536.8099975585938,537.5,5182402,0.0,0.0,0.0
2025-04-15 14:30:00-04:00,537.5800170898438,539.2899780273438,537.5499877929688,538.3433837890625,7834007,0.0,0.0,0.0
2025-04-15 15:30:00-04:00,538.3599853515625,538.72998046875,537.1400146484375,537.72998046875,7978727,0.0,0.0,0.0
2025-04-16 09:30:00-04:00,531.6799926757812,533.8599853515625,529.6500244140625,531.77001953125,11980414,0.0,0.0,0.0
2025-04-16 10:30:00-04:00,531.760009765625,535.1099853515625,531.3049926757812,534.6400146484375,7002305,0.0,0.0,0.0
2025-04-16 11:30:00-04:00,534.6599731445312,534.72998046875,530.7650146484375,531.5050048828125,6164417,0.0,0.0,0.0
2025-04-16 12:30:00-04:00,531.5,532.1199951171875,530.219970703125,531.5294799804688,5092151,0.0,0.0,0.0
2025-04-16 13:30:00-04:00,531.5499877929688,531.6199951171875,523.9400024414062,526.0,13272632,0.0,0.0,0.0
2025-04-16 14:30:00-04:00,526.0,526.1796875,520.2899780273438,520.6649780273438,11474421,0.0,0.0,0.0
2025-04-16 15:30:00-04:00,520.6900024414062,526.1699829101562,520.6900024414062,525.719970703125,13824406,0.0,0.0,0.0
2025-04-17 09:30:00-04:00,527.6400146484375,529.3099975585938,525.1600952148438,525.280029296875,13289315,0.0,0.0,0.0
2025-04-17 10:30:00-04:00,525.280029296875,528.8499755859375,523.9099731445312,526.7100219726562,13668147,0.0,0.0,0.0
2025-04-17 11:30:00-04:00,526.7100219726562,529.8699951171875,526.219970703125,529.4500122070312,8473718,0.0,0.0,0.0
2025-04-17 12:30:00-04:00,529.4500122070312,530.4099731445312,527.6099853515625,527.6799926757812,5332592,0.0,0.0,0.0
2025-04-17 13:30:00-04:00,527.6900024414062,531.1649780273438,527.6699829101562,530.02001953125,8628170,0.0,0.0,0.0
2025-04-17 14:30:00-04:00,530.02001953125,530.9199829101562,526.6300048828125,527.3099975585938,7770089,0.0,0.0,0.0
2025-04-17 15:30:00-04:00,527.3599853515625,528.510009765625,525.7100219726562,526.3900146484375,11827981,0.0,0.0,0.0
2025-04-21 09:30:00-04:00,521.5496215820312,521.6199951171875,515.1900024414062,515.6300048828125,10143236,0.0,0.0,0.0
2025-04-21 10:30:00-04:00,515.6400146484375,516.8599853515625,512.7899780273438,513.1099853515625,7214382,0.0,0.0,0.0
2025-04-21 11:30:00-04:00,513.1099853515625,513.3599853515625,510.79998779296875,511.6600036621094,7379820,0.0,0.0,0.0
2025-04-21 12:30:00-04:00,511.6600036621094,513.25,509.5408935546875,509.9612121582031,8162306,0.0,0.0,0.0
2025-04-21 13:30:00-04:00,509.95001220703125,510.510009765625,508.4599914550781,509.9100036621094,6279346,0.0,0.0,0.0
2025-04-21 14:30:00-04:00,509.8999938964844,511.1700134277344,508.69000244140625,510.364990234375,10260524,0.0,0.0,0.0
2025-04-21 15:30:00-04:00,510.3599853515625,514.8699951171875,510.3599853515625,513.969970703125,12839723,0.0,0.0,0.0
2025-04-22 09:30:00-04:00,520.1400146484375,523.4400024414062,519.1925048828125,523.0599975585938,10672175,0.0,0.0,0.0
2025-04-22 10:30:00-04:00,523.0700073242188,525.8137817382812,522.260009765625,524.9400024414062,6943018,0.0,0.0,0.0
2025-04-22 11:30:00-04:00,524.9500122070312,529.3049926757812,523.760009765625,528.7999877929688,10602089,0.0,0.0,0.0
2025-04-22 12:30:00-04:00,528.7899780273438,529.1099853515625,522.3300170898438,522.6500244140625,11379772,0.0,0.0,0.0
2025-04-22 13:30:00-04:00,522.5700073242188,525.6699829101562,521.760009765625,525.3900146484375,7422148,0.0,0.0,0.0
2025-04-22 14:30:00-04:00,525.3900146484375,527.22998046875,524.25,524.6900024414062,6653271,0.0,0.0,0.0
2025-04-22 15:30:00-04:00,524.6699829101562,527.5,524.2100219726562,526.969970703125,10594115,0.0,0.0,0.0
2025-04-23 09:30:00-04:00,540.4299926757812,545.4000244140625,539.5999755859375,543.8800048828125,26408712,0.0,0.0,0.0
2025-04-23 10:30:00-04:00,543.8200073242188,545.2000122070312,537.6699829101562,538.5900268554688,11096086,0.0,0.0,0.0
2025-04-23 11:30:00-04:00,538.5999755859375,539.510009765625,534.0,536.2999877929688,9860877,0.0,0.0,0.0
2025-04-23 12:30:00-04:00,536.2999877929688,539.5900268554688,535.7899780273438,538.2000122070312,6905212,0.0,0.0,0.0
2025-04-23 13:30:00-04:00,538.2100219726562,538.989990234375,536.260009765625,536.5700073242188,7003154,0.0,0.0,0.0
2025-04-23 14:30:00-04:00,536.5700073242188,537.72998046875,534.0999755859375,534.6300048828125,7442804,0.0,0.0,0.0
2025-04-23 15:30:00-04:00,534.7100219726562,537.1699829101562,533.8800048828125,535.3800048828125,12899201,0.0,0.0,0.0
2025-04-24 09:30:00-04:00,536.7150268554688,542.3300170898438,535.4503784179688,542.2341918945312,11823494,0.0,0.0,0.0
2025-04-24 10:30:00-04:00,542.22998046875,543.8699951171875,540.989990234375,542.47998046875,8605841,0.0,0.0,0.0
2025-04-24 11:30:00-04:00,542.510009765625,544.969970703125,541.8900146484375,544.4400024414062,5649295,0.0,0.0,0.0
2025-04-24 12:30:00-04:00,544.4400024414062,545.847900390625,544.030029296875,544.97998046875,5198085,0.0,0.0,0.0
2025-04-24 13:30:00-04:00,545.5,546.3300170898438,544.3699951171875,545.510009765625,5310413,0.0,0.0,0.0
2025-04-24 14:30:00-04:00,545.510009765625,546.9000244140625,544.280029296875,544.8699951171875,6956390,0.0,0.0,0.0
2025-04-24 15:30:00-04:00,545.0999755859375,547.4299926757812,544.75,546.530029296875,10593515,0.0,0.0,0.0
2025-04-25 09:30:00-04:00,546.6500244140625,548.1141967773438,543.8900146484375,544.5599975585938,13256636,0.0,0.0,0.0
2025-04-25 10:30:00-04:00,544.5999755859375,547.5,543.6900024414062,546.4600219726562,5815360,0.0,0.0,0.0
2025-04-25 11:30:00-04:00,546.4940185546875,548.544189453125,545.7000122070312,548.3300170898438,4107672,0.0,0.0,0.0
2025-04-25 12:30:00-04:00,548.3499755859375,551.0499877929688,547.97998046875,550.9744262695312,5682786,0.0,0.0,0.0
2025-04-25 13:30:00-04:00,550.9600219726562,550.989990234375,546.760009765625,549.739990234375,8913874,0.0,0.0,0.0
2025-04-25 14:30:00-04:00,549.75,550.75,549.3049926757812,549.64501953125,6007432,0.0,0.0,0.0
2025-04-25 15:30:00-04:00,549.6300048828125,550.9099731445312,548.760009765625,550.530029296875,8236078,0.0,0.0,0.0
2025-04-28 09:30:00-04:00,551.3900146484375,553.5499877929688,549.6599731445312,550.9400024414062,10374700,0.0,0.0,0.0
2025-04-28 10:30:00-04:00,550.9500122070312,551.8800048828125,547.030029296875,547.2100219726562,5731283,0.0,0.0,0.0
2025-04-28 11:30:00-04:00,547.2000122070312,548.5413208007812,545.7000122070312,546.02001953125,4964181,0.0,0.0,0.0
2025-04-28 12:30:00-04:00,546.030029296875,547.4500122070312,545.1799926757812,545.3699951171875,4294425,0.0,0.0,0.0
2025-04-28 13:30:00-04:00,545.344970703125,548.8300170898438,545.02001953125,548.5900268554688,4038625,0.0,0.0,0.0
2025-04-28 14:30:00-04:00,548.5599975585938,550.8400268554688,547.969970703125,550.5924072265625,4835838,0.0,0.0,0.0
2025-04-28 15:30:00-04:00,550.52001953125,552.280029296875,550.010009765625,550.9400024414062,6817382,0.0,0.0,0.0
2025-04-29 09:30:00-04:00,548.9099731445312,552.7999877929688,548.5499877929688,549.9199829101562,10388140,0.0,0.0,0.0
2025-04-29 10:30:00-04:00,549.89501953125,553.2918090820312,549.8200073242188,552.2398071289062,4407630,0.0,0.0,0.0
2025-04-29 11:30:00-04:00,552.239990234375,553.4500122070312,550.8720092773438,552.8900146484375,3642300,0.0,0.0,0.0
2025-04-29 12:30:00-04:00,552.89501953125,553.1898803710938,550.510009765625,552.6300048828125,4250907,0.0,0.0,0.0
2025-04-29 13:30:00-04:00,552.6458740234375,555.440673828125,552.5399780273438,554.9099731445312,6471812,0.0,0.0,0.0
2025-04-29 14:30:00-04:00,554.9000244140625,555.27001953125,554.1199951171875,554.5999755859375,5260271,0.0,0.0,0.0
2025-04-29 15:30:00-04:00,554.6300048828125,555.4500122070312,553.8200073242188,554.1400146484375,7761198,0.0,0.0,0.0
2025-04-30 09:30:00-04:00,547.5700073242188,547.5800170898438,541.52001953125,546.3099975585938,17806645,0.0,0.0,0.0
2025-04-30 10:30:00-04:00,546.3099975585938,549.7449951171875,545.3099975585938,549.010009765625,8289839,0.0,0.0,0.0
2025-04-30 11:30:00-04:00,549.0050048828125,550.239990234375,547.780029296875,548.0900268554688,6305108,0.0,0.0,0.0
2025-04-30 12:30:00-04:00,548.0900268554688,550.1500244140625,547.1400146484375,550.030029296875,4347912,0.0,0.0,0.0
2025-04-30 13:30:00-04:00,550.0,553.0999755859375,549.75,550.47998046875,7780712,0.0,0.0,0.0
2025-04-30 14:30:00-04:00,550.6099853515625,551.1099853515625,549.1099853515625,549.7899780273438,7643665,0.0,0.0,0.0
2025-04-30 15:30:00-04:00,549.8200073242188,556.52001953125,549.3800048828125,554.3499755859375,23351483,0.0,0.0,0.0
2025-05-01 09:30:00-04:00,560.3200073242188,562.2100219726562,558.6500244140625,562.0317993164062,14801452,0.0,0.0,0.0
2025-05-01 10:30:00-04:00,562.0499877929688,564.0698852539062,561.1701049804688,563.260009765625,8500612,0.0,0.0,0.0
2025-05-01 11:30:00-04:00,563.260009765625,563.4400024414062,559.0599975585938,560.3099975585938,6560534,0.0,0.0,0.0
2025-05-01 12:30:00-04:00,560.3099975585938,561.9462280273438,559.2000122070312,561.3400268554688,4561612,0.0,0.0,0.0
2025-05-01 13:30:00-04:00,561.3499755859375,562.3499755859375,559.8931884765625,561.8900146484375,3919570,0.0,0.0,0.0
2025-05-01 14:30:00-04:00,561.9000244140625,562.6900024414062,560.85498046875,562.030029296875,5567524,0.0,0.0,0.0
2025-05-01 15:30:00-04:00,562.02001953125,562.489990234375,557.8599853515625,558.4600219726562,9892493,0.0,0.0,0.0
2025-05-02 09:30:00-04:00,564.739990234375,566.3200073242188,562.5900268554688,566.2999877929688,14715839,0.0,0.0,0.0
2025-05-02 10:30:00-04:00,566.2999877929688,566.3099975585938,564.510009765625,564.6500244140625,5370961,0.0,0.0,0.0
2025-05-02 11:30:00-04:00,564.6699829101562,567.9400024414062,564.4600219726562,567.1799926757812,6821035,0.0,0.0,0.0
2025-05-02 12:30:00-04:00,567.2000122070312,568.07958984375,566.3599853515625,566.780029296875,4182630,0.0,0.0,0.0
2025-05-02 13:30:00-04:00,566.780029296875,567.9588012695312,566.5,567.6500244140625,3377235,0.0,0.0,0.0
2025-05-02 14:30:00-04:00,567.8150024414062,568.3800048828125,566.1500244140625,567.6699829101562,7343588,0.0,0.0,0.0
2025-05-02 15:30:00-04:00,567.6400146484375,567.8300170898438,566.02001953125,566.6199951171875,10188304,0.0,0.0,0.0
2025-05-05 09:30:00-04:00,562.5700073242188,564.2891235351562,561.7000122070312,563.6900024414062,8989771,0.0,0.0,0.0
2025-05-05 10:30:00-04:00,563.6900024414062,565.3099975585938,562.9199829101562,564.8048706054688,5761443,0.0,0.0,0.0
2025-05-05 11:30:00-04:00,564.8090209960938,565.89990234375,563.8400268554688,565.7100219726562,3571280,0.0,0.0,0.0
2025-05-05 12:30:00-04:00,565.7000122070312,565.9598999023438,564.8400268554688,565.1599731445312,2985650,0.0,0.0,0.0
2025-05-05 13:30:00-04:00,565.1500244140625,566.3800048828125,565.0800170898438,566.1500244140625,2558293,0.0,0.0,0.0
2025-05-05 14:30:00-04:00,566.1300048828125,566.6500244140625,564.5599975585938,564.77001953125,5293379,0.0,0.0,0.0
2025-05-05 15:30:00-04:00,564.760009765625,565.3699951171875,563.0900268554688,563.530029296875,5955041,0.0,0.0,0.0
2025-05-06 09:30:00-04:00,557.9299926757812,560.9000244140625,556.9749755859375,560.6199951171875,9887290,0.0,0.0,0.0
2025-05-06 10:30:00-04:00,560.5900268554688,561.8200073242188,560.3397827148438,561.6500244140625,4261624,0.0,0.0,0.0
2025-05-06 11:30:00-04:00,561.4151000976562,563.3475952148438,560.1400146484375,560.589599609375,6042282,0.0,0.0,0.0
2025-05-06 12:30:00-04:00,560.5499877929688,561.4600219726562,559.1204223632812,559.719970703125,3714651,0.0,0.0,0.0
2025-05-06 13:30:00-04:00,559.6798706054688,560.510009765625,558.3200073242188,560.489990234375,4315157,0.0,0.0,0.0
2025-05-06 14:30:00-04:00,560.4614868164062,561.119873046875,559.8701171875,560.7849731445312,4940177,0.0,0.0,0.0
2025-05-06 15:30:00-04:00,560.7999877929688,561.4000244140625,558.719970703125,558.7999877929688,8578253,0.0,0.0,0.0
2025-05-07 09:30:00-04:00,559.6799926757812,561.9600219726562,559.5202026367188,561.8200073242188,7390135,0.0,0.0,0.0
2025-05-07 10:30:00-04:00,561.8049926757812,561.97998046875,558.3800048828125,559.1608276367188,5241625,0.0,0.0,0.0
2025-05-07 11:30:00-04:00,559.0999755859375,560.4000244140625,558.5999755859375,559.1799926757812,3991307,0.0,0.0,0.0
2025-05-07 12:30:00-04:00,559.1900024414062,561.8499755859375,559.0700073242188,561.243408203125,2352959,0.0,0.0,0.0
2025-05-07 13:30:00-04:00,561.25,561.412109375,556.0399780273438,557.97998046875,7360993,0.0,0.0,0.0
2025-05-07 14:30:00-04:00,557.9500122070312,562.6400146484375,557.3101196289062,557.8699951171875,8213874,0.0,0.0,0.0
2025-05-07 15:30:00-04:00,557.8599853515625,563.8200073242188,557.52001953125,561.219970703125,12055361,0.0,0.0,0.0
2025-05-08 09:30:00-04:00,565.239990234375,565.6400146484375,562.3005981445312,564.4299926757812,9829233,0.0,0.0,0.0
2025-05-08 10:30:00-04:00,564.4652709960938,566.719970703125,561.7000122070312,566.2000122070312,9288012,0.0,0.0,0.0
2025-05-08 11:30:00-04:00,566.22998046875,569.7100219726562,565.4299926757812,568.79931640625,9913524,0.0,0.0,0.0
2025-05-08 12:30:00-04:00,568.7999877929688,570.3099975585938,568.7100219726562,569.2000122070312,4731360,0.0,0.0,0.0
2025-05-08 13:30:00-04:00,569.2000122070312,569.3900146484375,567.4199829101562,568.030029296875,4592518,0.0,0.0,0.0
2025-05-08 14:30:00-04:00,568.030029296875,569.3699951171875,567.6300048828125,569.02001953125,8249840,0.0,0.0,0.0
2025-05-08 15:30:00-04:00,569.030029296875,569.1300048828125,564.5399780273438,564.9099731445312,11037567,0.0,0.0,0.0
2025-05-09 09:30:00-04:00,566.47998046875,567.5,563.8300170898438,564.469970703125,7453267,0.0,0.0,0.0
2025-05-09 10:30:00-04:00,564.4699096679688,565.280029296875,562.763671875,564.5499877929688,6007536,0.0,0.0,0.0
2025-05-09 11:30:00-04:00,564.5399780273438,565.6353149414062,563.4401245117188,563.8800048828125,3405028,0.0,0.0,0.0
2025-05-09 12:30:00-04:00,564.1099853515625,564.52001953125,562.8699951171875,563.9600219726562,3575990,0.0,0.0,0.0
2025-05-09 13:30:00-04:00,563.9600219726562,565.35498046875,563.530029296875,564.2999877929688,2776528,0.0,0.0,0.0
2025-05-09 14:30:00-04:00,564.3001098632812,565.8900146484375,564.2449951171875,564.9500122070312,4280933,0.0,0.0,0.0
2025-05-09 15:30:00-04:00,564.9600219726562,565.1699829101562,564.0999755859375,564.280029296875,5969653,0.0,0.0,0.0
2025-05-12 09:30:00-04:00,581.469970703125,581.72998046875,577.8900146484375,578.260009765625,20192543,0.0,0.0,0.0
2025-05-12 10:30:00-04:00,578.27001953125,580.1799926757812,577.0399780273438,578.8499755859375,10340279,0.0,0.0,0.0
2025-05-12 11:30:00-04:00,578.8699951171875,579.8300170898438,577.9774780273438,579.2999877929688,6642432,0.0,0.0,0.0
2025-05-12 12:30:00-04:00,579.27001953125,582.4299926757812,579.2349853515625,581.3198852539062,7166886,0.0,0.0,0.0
2025-05-12 13:30:00-04:00,581.2899780273438,582.1798706054688,581.1599731445312,581.9500122070312,4405927,0.0,0.0,0.0
2025-05-12 14:30:00-04:00,581.97998046875,582.510009765625,581.1403198242188,581.52001953125,7454454,0.0,0.0,0.0
2025-05-12 15:30:00-04:00,581.510009765625,583.0,580.7999877929688,582.8300170898438,13240163,0.0,0.0,0.0
2025-05-13 09:30:00-04:00,583.4099731445312,587.9000244140625,582.8400268554688,586.8200073242188,14905940,0.0,0.0,0.0
2025-05-13 10:30:00-04:00,586.8400268554688,588.0900268554688,586.1099853515625,587.7000122070312,7815170,0.0,0.0,0.0
2025-05-13 11:30:00-04:00,587.6900024414062,588.4400024414062,586.9600219726562,587.6917114257812,8810868,0.0,0.0,0.0
2025-05-13 12:30:00-04:00,587.6599731445312,588.3900146484375,587.2899780273438,588.3300170898438,5181652,0.0,0.0,0.0
2025-05-13 13:30:00-04:00,588.3350219726562,589.0698852539062,587.4600219726562,587.8900146484375,7405702,0.0,0.0,0.0
2025-05-13 14:30:00-04:00,587.9199829101562,588.9600219726562,587.4899291992188,588.4500122070312,6511291,0.0,0.0,0.0
2025-05-13 15:30:00-04:00,588.4400024414062,589.0800170898438,586.72998046875,586.8300170898438,9972272,0.0,0.0,0.0
2025-05-14 09:30:00-04:00,587.8099975585938,588.97998046875,586.3900146484375,587.52001953125,12225116,0.0,0.0,0.0
2025-05-14 10:30:00-04:00,587.489990234375,588.0650024414062,585.7999877929688,587.8599853515625,7225800,0.0,0.0,0.0
2025-05-14 11:30:00-04:00,587.8599243164062,588.5449829101562,587.6900024414062,587.9149780273438,4932545,0.0,0.0,0.0
2025-05-14 12:30:00-04:00,587.9299926757812,588.5651245117188,585.5349731445312,586.3300170898438,6426228,0.0,0.0,0.0
2025-05-14 13:30:00-04:00,586.3200073242188,587.6950073242188,586.22998046875,586.8599853515625,5034721,0.0,0.0,0.0
2025-05-14 14:30:00-04:00,586.8699951171875,588.219970703125,586.47021484375,587.0050048828125,7316231,0.0,0.0,0.0
2025-05-14 15:30:00-04:00,587.0,588.1400146484375,586.3900146484375,587.5499877929688,13249757,0.0,0.0,0.0
2025-05-15 09:30:00-04:00,585.5599975585938,587.1300048828125,585.096923828125,585.8900146484375,12838541,0.0,0.0,0.0
2025-05-15 10:30:00-04:00,585.8699951171875,588.9099731445312,585.3099975585938,588.3499755859375,10295385,0.0,0.0,0.0
2025-05-15 11:30:00-04:00,588.3699951171875,590.0999755859375,588.0648803710938,589.1699829101562,8985981,0.0,0.0,0.0
2025-05-15 12:30:00-04:00,589.1599731445312,590.969970703125,588.8300170898438,590.6849975585938,6042278,0.0,0.0,0.0
2025-05-15 13:30:00-04:00,590.6799926757812,590.6900024414062,588.6900024414062,589.5098876953125,6607011,0.0,0.0,0.0
2025-05-15 14:30:00-04:00,589.5,590.3300170898438,588.3049926757812,588.77001953125,7729197,0.0,0.0,0.0
2025-05-15 15:30:00-04:00,588.75,590.4400024414062,588.739990234375,590.4000244140625,11694962,0.0,0.0,0.0
2025-05-16 09:30:00-04:00,591.25,591.6300048828125,590.010009765625,590.8900146484375,12294904,0.0,0.0,0.0
2025-05-16 10:30:00-04:00,590.8900146484375,591.0800170898438,589.280029296875,590.9000244140625,11485692,0.0,0.0,0.0
2025-05-16 11:30:00-04:00,590.8900146484375,592.280029296875,590.8800048828125,592.0599975585938,6578894,0.0,0.0,0.0
2025-05-16 12:30:00-04:00,592.0700073242188,593.2899780273438,591.7799072265625,593.0900268554688,6501256,0.0,0.0,0.0
2025-05-16 13:30:00-04:00,593.0999755859375,593.47998046875,592.5800170898438,593.260009765625,6071507,0.0,0.0,0.0
2025-05-16 14:30:00-04:00,593.260009765625,594.3493041992188,593.0507202148438,593.85498046875,7621600,0.0,0.0,0.0
2025-05-16 15:30:00-04:00,593.8499755859375,594.5,593.1900024414062,594.2999877929688,10461275,0.0,0.0,0.0
2025-05-19 09:30:00-04:00,589.0,593.2999877929688,588.469970703125,592.25,17358545,0.0,0.0,0.0
2025-05-19 10:30:00-04:00,591.8300170898438,592.9099731445312,591.6099853515625,592.3565063476562,6361965,0.0,0.0,0.0
2025-05-19 11:30:00-04:00,592.3499755859375,594.1400146484375,588.510009765625,593.9622192382812,5228334,0.0,0.0,0.0
2025-05-19 12:30:00-04:00,593.97998046875,595.5399780273438,593.5700073242188,595.1099853515625,9582528,0.0,0.0,0.0
2025-05-19 13:30:00-04:00,595.1099853515625,595.4766235351562,588.5499877929688,593.75,6559021,0.0,0.0,0.0
2025-05-19 14:30:00-04:00,593.7899780273438,594.6599731445312,593.1599731445312,593.5449829101562,7597408,0.0,0.0,0.0
2025-05-19 15:30:00-04:00,593.5599975585938,595.25,593.5150146484375,594.9400024414062,9470635,0.0,0.0,0.0
2025-05-20 09:30:00-04:00,593.0900268554688,593.6300048828125,592.0399780273438,592.9000244140625,9716938,0.0,0.0,0.0
2025-05-20 10:30:00-04:00,592.8800048828125,594.0499877929688,592.489990234375,593.4400024414062,5311163,0.0,0.0,0.0
2025-05-20 11:30:00-04:00,593.4400024414062,593.5399780273438,592.2349853515625,592.6799926757812,4567232,0.0,0.0,0.0
2025-05-20 12:30:00-04:00,592.6900024414062,593.7999877929688,592.6300048828125,593.4600219726562,5071793,0.0,0.0,0.0
2025-05-20 13:30:00-04:00,593.4500122070312,593.530029296875,590.6201171875,590.8099975585938,7325785,0.0,0.0,0.0
2025-05-20 14:30:00-04:00,590.8099975585938,591.6500244140625,589.6599731445312,591.3200073242188,11976634,0.0,0.0,0.0
2025-05-20 15:30:00-04:00,591.3200073242188,592.9650268554688,591.3200073242188,592.8300170898438,9607626,0.0,0.0,0.0
2025-05-21 09:30:00-04:00,588.4400024414062,591.4199829101562,588.4199829101562,589.6199951171875,14010305,0.0,0.0,0.0
2025-05-21 10:30:00-04:00,589.6300048828125,592.239990234375,588.8699951171875,591.7899780273438,8605492,0.0,0.0,0.0
2025-05-21 11:30:00-04:00,591.77001953125,592.2949829101562,591.25,591.7896728515625,5629600,0.0,0.0,0.0
2025-05-21 12:30:00-04:00,591.7999877929688,592.5800170898438,584.5499877929688,584.6900024414062,13406451,0.0,0.0,0.0
2025-05-21 13:30:00-04:00,584.260009765625,587.760009765625,584.1500244140625,585.260009765625,15629094,0.0,0.0,0.0
2025-05-21 14:30:00-04:00,585.280029296875,586.280029296875,581.8200073242188,582.25,13870481,0.0,0.0,0.0
2025-05-21 15:30:00-04:00,582.5250244140625,584.6199951171875,582.260009765625,582.969970703125,14454245,0.0,0.0,0.0
2025-05-22 09:30:00-04:00,582.7999877929688,585.1699829101562,581.405029296875,582.8400268554688,15316618,0.0,0.0,0.0
2025-05-22 10:30:00-04:00,582.8400268554688,583.8400268554688,581.510009765625,582.5499877929688,8877645,0.0,0.0,0.0
2025-05-22 11:30:00-04:00,582.5399780273438,585.6099853515625,582.4199829101562,584.3250122070312,7103770,0.0,0.0,0.0
2025-05-22 12:30:00-04:00,584.3200073242188,584.8699951171875,582.6300048828125,584.6699829101562,6282663,0.0,0.0,0.0
2025-05-22 13:30:00-04:00,584.6799926757812,586.0,584.3099975585938,585.5700073242188,7282587,0.0,0.0,0.0
2025-05-22 14:30:00-04:00,585.5800170898438,586.6199951171875,584.8900146484375,586.510009765625,8345299,0.0,0.0,0.0
2025-05-22 15:30:00-04:00,586.5,586.5665283203125,582.5800170898438,583.030029296875,13429428,0.0,0.0,0.0
2025-05-23 09:30:00-04:00,576.3300170898438,578.8699951171875,575.5999755859375,577.719970703125,24533949,0.0,0.0,0.0
2025-05-23 10:30:00-04:00,577.7100219726562,578.9498901367188,576.8093872070312,578.47998046875,7673773,0.0,0.0,0.0
2025-05-23 11:30:00-04:00,578.489990234375,579.72998046875,577.52001953125,578.6599731445312,6690933,0.0,0.0,0.0
2025-05-23 12:30:00-04:00,578.6500244140625,581.1599731445312,577.9508056640625,581.0900268554688,6415373,0.0,0.0,0.0
2025-05-23 13:30:00-04:00,581.0700073242188,581.8101196289062,579.989990234375,580.7650146484375,6718603,0.0,0.0,0.0
2025-05-23 14:30:00-04:00,580.739990234375,581.530029296875,579.3800048828125,579.9000244140625,7048290,0.0,0.0,0.0
2025-05-23 15:30:00-04:00,579.8800048828125,581.030029296875,578.489990234375,579.1699829101562,10593820,0.0,0.0,0.0
2025-05-27 09:30:00-04:00,586.0700073242188,588.25,584.3699951171875,587.8699951171875,18223546,0.0,0.0,0.0
2025-05-27 10:30:00-04:00,587.8699951171875,589.010009765625,587.625,588.8099975585938,8361786,0.0,0.0,0.0
2025-05-27 11:30:00-04:00,588.7999877929688,589.6199951171875,588.4749755859375,589.3699951171875,6836693,0.0,0.0,0.0
2025-05-27 12:30:00-04:00,589.469970703125,590.6699829101562,578.4299926757812,590.1701049804688,6681452,0.0,0.0,0.0
2025-05-27 13:30:00-04:00,590.1799926757812,591.3099975585938,590.0,590.6699829101562,6364063,0.0,0.0,0.0
2025-05-27 14:30:00-04:00,590.6699829101562,590.9393920898438,590.1749877929688,590.2949829101562,8632814,0.0,0.0,0.0
2025-05-27 15:30:00-04:00,590.219970703125,591.0599975585938,589.8800048828125,591.0499877929688,12579225,0.0,0.0,0.0
2025-05-28 09:30:00-04:00,591.5599975585938,592.768798828125,589.9500122070312,590.219970703125,12679997,0.0,0.0,0.0
2025-05-28 10:30:00-04:00,590.22998046875,590.3300170898438,589.1300048828125,589.4000244140625,7356410,0.0,0.0,0.0
2025-05-28 11:30:00-04:00,589.3900146484375,589.97998046875,588.969970703125,589.875,5233224,0.0,0.0,0.0
2025-05-28 12:30:00-04:00,589.8599853515625,590.614990234375,589.635009765625,590.2899169921875,4625163,0.0,0.0,0.0
2025-05-28 13:30:00-04:00,590.27001953125,590.4400024414062,589.4299926757812,590.114990234375,4911145,0.0,0.0,0.0
2025-05-28 14:30:00-04:00,590.219970703125,590.7899780273438,587.9199829101562,589.5150146484375,11231806,0.0,0.0,0.0
2025-05-28 15:30:00-04:00,589.510009765625,589.64501953125,586.9849853515625,587.7100219726562,12622870,0.0,0.0,0.0
2025-05-29 09:30:00-04:00,593.0599975585938,593.2000122070312,588.5,590.0999755859375,17336183,0.0,0.0,0.0
2025-05-29 10:30:00-04:00,589.969970703125,591.0900268554688,589.2899780273438,590.719970703125,6635719,0.0,0.0,0.0
2025-05-29 11:30:00-04:00,590.7100219726562,590.8049926757812,586.0700073242188,588.989990234375,9834735,0.0,0.0,0.0
2025-05-29 12:30:00-04:00,588.989990234375,590.4500122070312,588.9000854492188,589.3200073242188,5342792,0.0,0.0,0.0
2025-05-29 13:30:00-04:00,589.3300170898438,589.8099975585938,587.6099853515625,588.030029296875,6437664,0.0,0.0,0.0
2025-05-29 14:30:00-04:00,588.010009765625,589.72998046875,588.010009765625,588.8900146484375,8098920,0.0,0.0,0.0
2025-05-29 15:30:00-04:00,588.8900146484375,590.6649780273438,588.8800048828125,589.989990234375,10398928,0.0,0.0,0.0
2025-05-30 09:30:00-04:00,588.9299926757812,589.8599853515625,586.4000244140625,589.5999755859375,13366690,0.0,0.0,0.0
2025-05-30 10:30:00-04:00,589.5900268554688,589.9199829101562,588.0399780273438,589.1254272460938,5424046,0.0,0.0,0.0
2025-05-30 11:30:00-04:00,589.1300048828125,589.3699951171875,584.6799926757812,585.0999755859375,9174432,0.0,0.0,0.0
2025-05-30 12:30:00-04:00,585.0850219726562,586.0599975585938,583.2349853515625,585.89501953125,13762180,0.0,0.0,0.0
2025-05-30 13:30:00-04:00,585.8900146484375,588.719970703125,585.5399780273438,588.260009765625,9393426,0.0,0.0,0.0
2025-05-30 14:30:00-04:00,588.27001953125,590.9500122070312,587.760009765625,590.6400146484375,8100110,0.0,0.0,0.0
2025-05-30 15:30:00-04:00,590.6500244140625,591.1298828125,589.239990234375,589.4600219726562,20325887,0.0,0.0,0.0
2025-06-02 09:30:00-04:00,587.760009765625,589.739990234375,585.0599975585938,588.5900268554688,16379196,0.0,0.0,0.0
2025-06-02 10:30:00-04:00,588.5800170898438,589.6799926757812,588.1199951171875,588.5399780273438,8079729,0.0,0.0,0.0
2025-06-02 11:30:00-04:00,588.5700073242188,590.0599975585938,588.1300048828125,589.4099731445312,4547941,0.0,0.0,0.0
2025-06-02 12:30:00-04:00,589.3699951171875,590.6099853515625,589.0399780273438,589.8599853515625,3847517,0.0,0.0,0.0
2025-06-02 13:30:00-04:00,590.1599731445312,591.7000122070312,589.5,591.5050048828125,5499621,0.0,0.0,0.0
2025-06-02 14:30:00-04:00,591.5,592.719970703125,591.1749877929688,592.4000244140625,7791123,0.0,0.0,0.0
2025-06-02 15:30:00-04:00,592.3900146484375,592.7899780273438,591.6500244140625,592.6199951171875,9570359,0.0,0.0,0.0
2025-06-03 09:30:00-04:00,592.3400268554688,593.9000244140625,591.8499755859375,593.89501953125,11007769,0.0,0.0,0.0
2025-06-03 10:30:00-04:00,593.8900146484375,595.1599731445312,593.1699829101562,594.969970703125,7257062,0.0,0.0,0.0
2025-06-03 11:30:00-04:00,594.9600219726562,596.2501220703125,594.8300170898438,596.0750122070312,7305868,0.0,0.0,0.0
2025-06-03 12:30:00-04:00,596.0800170898438,597.0800170898438,596.02001953125,596.75,6207966,0.0,0.0,0.0
2025-06-03 13:30:00-04:00,596.77001953125,596.969970703125,594.8001098632812,596.1500244140625,8620498,0.0,0.0,0.0
2025-06-03 14:30:00-04:00,596.3200073242188,596.510009765625,595.780029296875,596.260009765625,7465413,0.0,0.0,0.0
2025-06-03 15:30:00-04:00,596.2550048828125,596.5,595.22998046875,596.1099853515625,10050862,0.0,0.0,0.0
2025-06-04 09:30:00-04:00,596.9600219726562,597.9500122070312,595.489990234375,597.5850219726562,14168810,0.0,0.0,0.0
2025-06-04 10:30:00-04:00,597.5800170898438,597.875,596.7100219726562,596.989990234375,6692843,0.0,0.0,0.0
2025-06-04 11:30:00-04:00,596.989990234375,597.4099731445312,595.7908935546875,595.9249877929688,6308546,0.0,0.0,0.0
2025-06-04 12:30:00-04:00,595.9099731445312,597.4299926757812,595.8699951171875,597.3150024414062,4931733,0.0,0.0,0.0
2025-06-04 13:30:00-04:00,597.3099975585938,597.9299926757812,597.0499877929688,597.5900268554688,4968161,0.0,0.0,0.0
2025-06-04 14:30:00-04:00,597.5900268554688,597.6799926757812,596.7100219726562,597.030029296875,6026430,0.0,0.0,0.0
2025-06-04 15:30:00-04:00,597.030029296875,597.2449951171875,595.8900146484375,595.8900146484375,10216803,0.0,0.0,0.0
2025-06-05 09:30:00-04:00,597.6300048828125,597.905029296875,593.9099731445312,596.1649780273438,14363183,0.0,0.0,0.0
2025-06-05 10:30:00-04:00,596.1599731445312,598.7349853515625,594.3200073242188,598.6600952148438,14635224,0.0,0.0,0.0
2025-06-05 11:30:00-04:00,598.6500244140625,599.0,597.030029296875,597.8900146484375,6798369,0.0,0.0,0.0
2025-06-05 12:30:00-04:00,597.9000244140625,598.02001953125,594.260009765625,596.469970703125,9975644,0.0,0.0,0.0
2025-06-05 13:30:00-04:00,596.4500122070312,596.9796752929688,593.0599975585938,595.219970703125,8970315,0.0,0.0,0.0
2025-06-05 14:30:00-04:00,595.3200073242188,596.1199951171875,591.0499877929688,592.4600219726562,14635948,0.0,0.0,0.0
2025-06-05 15:30:00-04:00,592.469970703125,594.77001953125,592.2000122070312,593.0,14761203,0.0,0.0,0.0
2025-06-06 09:30:00-04:00,598.469970703125,600.8300170898438,598.4099731445312,599.1799926757812,16926975,0.0,0.0,0.0
2025-06-06 10:30:00-04:00,599.1599731445312,600.3599853515625,597.25,598.510009765625,9169230,0.0,0.0,0.0
2025-06-06 11:30:00-04:00,598.47998046875,599.3900146484375,597.9699096679688,598.5900268554688,5243412,0.0,0.0,0.0
2025-06-06 12:30:00-04:00,598.5800170898438,598.8900146484375,596.8599853515625,598.1900024414062,7491490,0.0,0.0,0.0
2025-06-06 13:30:00-04:00,598.2000122070312,600.1300048828125,598.2000122070312,599.5800170898438,6229814,0.0,0.0,0.0
2025-06-06 14:30:00-04:00,599.5900268554688,600.6400146484375,599.1799926757812,599.3499755859375,7033030,0.0,0.0,0.0
2025-06-06 15:30:00-04:00,599.3400268554688,599.8499755859375,598.9099731445312,599.0399780273438,9340611,0.0,0.0,0.0
2025-06-09 09:30:00-04:00,599.719970703125,599.989990234375,598.5,599.7100219726562,10457164,0.0,0.0,0.0
2025-06-09 10:30:00-04:00,599.7100219726562,600.4000244140625,599.030029296875,599.2150268554688,6704932,0.0,0.0,0.0
2025-06-09 11:30:00-04:00,599.219970703125,600.010009765625,599.1900024414062,599.7899780273438,4409926,0.0,0.0,0.0
2025-06-09 12:30:00-04:00,599.8499755859375,601.1300048828125,599.780029296875,600.8300170898438,5118838,0.0,0.0,0.0
2025-06-09 13:30:00-04:00,600.8300170898438,601.25,600.5599975585938,601.0499877929688,3924411,0.0,0.0,0.0
2025-06-09 14:30:00-04:00,601.02001953125,601.219970703125,600.3300170898438,600.5399780273438,6602124,0.0,0.0,0.0
2025-06-09 15:30:00-04:00,600.4199829101562,600.739990234375,599.4199829101562,599.5700073242188,10817021,0.0,0.0,0.0
2025-06-10 09:30:00-04:00,600.219970703125,601.2698974609375,600.1599731445312,601.1900024414062,9148305,0.0,0.0,0.0
2025-06-10 10:30:00-04:00,601.2000122070312,601.6199951171875,600.8800048828125,601.1749877929688,6353043,0.0,0.0,0.0
2025-06-10 11:30:00-04:00,601.1599731445312,601.97998046875,599.0900268554688,601.8790893554688,8746728,0.0,0.0,0.0
2025-06-10 12:30:00-04:00,601.8800048828125,602.5900268554688,601.719970703125,601.9099731445312,5359264,0.0,0.0,0.0
2025-06-10 13:30:00-04:00,601.8350219726562,602.0087280273438,600.1199951171875,600.9249877929688,7582386,0.0,0.0,0.0
2025-06-10 14:30:00-04:00,600.9199829101562,603.469970703125,600.8499755859375,602.6320190429688,9707123,0.0,0.0,0.0
2025-06-10 15:30:00-04:00,602.6300048828125,603.22998046875,601.6099853515625,603.030029296875,9853401,0.0,0.0,0.0
2025-06-11 09:30:00-04:00,604.1900024414062,604.885009765625,602.25,604.7349853515625,14035912,0.0,0.0,0.0
2025-06-11 10:30:00-04:00,604.739990234375,605.0599975585938,604.0999755859375,604.219970703125,6570940,0.0,0.0,0.0
2025-06-11 11:30:00-04:00,604.2100219726562,604.4400024414062,601.9600219726562,603.219970703125,8740495,0.0,0.0,0.0
2025-06-11 12:30:00-04:00,603.2100219726562,604.4299926757812,602.739990234375,604.3499755859375,6113938,0.0,0.0,0.0
2025-06-11 13:30:00-04:00,604.3499755859375,604.4450073242188,599.27001953125,600.7100219726562,12850785,0.0,0.0,0.0
2025-06-11 14:30:00-04:00,600.72998046875,602.1599731445312,599.8599853515625,600.47998046875,10808731,0.0,0.0,0.0
2025-06-11 15:30:00-04:00,600.469970703125,601.5900268554688,599.72998046875,601.4099731445312,10428465,0.0,0.0,0.0
2025-06-12 09:30:00-04:00,600.010009765625,602.6400146484375,599.52001953125,602.47998046875,12825573,0.0,0.0,0.0
2025-06-12 10:30:00-04:00,602.489990234375,603.6199951171875,601.5399780273438,602.4500122070312,10733664,0.0,0.0,0.0
2025-06-12 11:30:00-04:00,602.5800170898438,603.3200073242188,601.739990234375,603.0045776367188,7522959,0.0,0.0,0.0
2025-06-12 12:30:00-04:00,602.989990234375,603.4199829101562,602.1500244140625,602.97998046875,6264092,0.0,0.0,0.0
2025-06-12 13:30:00-04:00,603.25,603.5604248046875,602.4199829101562,602.8099975585938,5371261,0.0,0.0,0.0
2025-06-12 14:30:00-04:00,602.8400268554688,603.5700073242188,602.4600219726562,603.2946166992188,6710873,0.0,0.0,0.0
2025-06-12 15:30:00-04:00,603.280029296875,603.719970703125,602.3900146484375,603.6799926757812,9047936,0.0,0.0,0.0
2025-06-13 09:30:00-04:00,598.5,600.3699951171875,596.6300048828125,596.77001953125,17134140,0.0,0.0,0.0
2025-06-13 10:30:00-04:00,596.8699951171875,600.6699829101562,596.6500244140625,600.5800170898438,9646295,0.0,0.0,0.0
2025-06-13 11:30:00-04:00,600.5700073242188,601.8499755859375,600.2919921875,600.8800048828125,7046697,0.0,0.0,0.0
2025-06-13 12:30:00-04:00,600.8900146484375,601.489990234375,599.1699829101562,599.530029296875,6777015,0.0,0.0,0.0
2025-06-13 13:30:00-04:00,599.52001953125,600.2899780273438,597.0,597.1099853515625,10577993,0.0,0.0,0.0
2025-06-13 14:30:00-04:00,597.0999755859375,597.6849975585938,595.5900268554688,596.2692260742188,15561117,0.0,0.0,0.0
2025-06-13 15:30:00-04:00,596.280029296875,597.25,595.47998046875,596.9400024414062,15491115,0.0,0.0,0.0
2025-06-16 09:30:00-04:00,600.9600219726562,604.1799926757812,600.9600219726562,604.0700073242188,18161139,0.0,0.0,0.0
2025-06-16 10:30:00-04:00,604.0700073242188,604.4500122070312,603.27001953125,603.3779907226562,9410613,0.0,0.0,0.0
2025-06-16 11:30:00-04:00,603.3800048828125,603.8400268554688,602.77001953125,603.02001953125,6296835,0.0,0.0,0.0
2025-06-16 12:30:00-04:00,603.02001953125,603.4901123046875,602.330078125,603.3800048828125,6573254,0.0,0.0,0.0
2025-06-16 13:30:00-04:00,603.3900146484375,603.7100219726562,602.1300048828125,602.5599975585938,6399842,0.0,0.0,0.0
2025-06-16 14:30:00-04:00,602.5700073242188,602.77001953125,601.6400146484375,602.0499877929688,10621710,0.0,0.0,0.0
2025-06-16 15:30:00-04:00,602.0399780273438,602.7999877929688,601.7899780273438,602.7000122070312,11076904,0.0,0.0,0.0
2025-06-17 09:30:00-04:00,600.530029296875,601.6400146484375,599.1799926757812,601.1699829101562,13493297,0.0,0.0,0.0
2025-06-17 10:30:00-04:00,601.260009765625,601.75,600.3699951171875,600.469970703125,6974688,0.0,0.0,0.0
2025-06-17 11:30:00-04:00,600.469970703125,601.580078125,600.219970703125,601.1500244140625,6035893,0.0,0.0,0.0
2025-06-17 12:30:00-04:00,601.1500244140625,601.5900268554688,598.989990234375,599.0,9437998,0.0,0.0,0.0
2025-06-17 13:30:00-04:00,598.989990234375,599.869873046875,596.9600219726562,597.3900146484375,12679985,0.0,0.0,0.0
2025-06-17 14:30:00-04:00,597.4000244140625,598.3699951171875,596.760009765625,598.25,10031103,0.0,0.0,0.0
2025-06-17 15:30:00-04:00,598.239990234375,598.6099853515625,597.2899780273438,597.5700073242188,11137012,0.0,0.0,0.0
2025-06-18 09:30:00-04:00,598.4400024414062,600.989990234375,597.3599853515625,600.7708129882812,12163026,0.0,0.0,0.0
2025-06-18 10:30:00-04:00,600.780029296875,601.219970703125,599.89501953125,600.0399780273438,5848686,0.0,0.0,0.0
2025-06-18 11:30:00-04:00,600.219970703125,600.52001953125,599.4000244140625,599.4949951171875,5546133,0.0,0.0,0.0
2025-06-18 12:30:00-04:00,599.489990234375,600.1099853515625,598.8200073242188,598.875,4167451,0.0,0.0,0.0
2025-06-18 13:30:00-04:00,598.8800048828125,601.0,598.0399780273438,599.3400268554688,8582573,0.0,0.0,0.0
2025-06-18 14:30:00-04:00,599.3499755859375,600.8699951171875,596.469970703125,596.9199829101562,18699598,0.0,0.0,0.0
2025-06-18 15:30:00-04:00,596.8900146484375,598.7949829101562,596.6300048828125,597.4600219726562,10025874,0.0,0.0,0.0
2025-06-20 09:30:00-04:00,598.3800048828125,599.4600219726562,595.3112182617188,596.1500244140625,17658206,1.761,0.0,0.0
2025-06-20 10:30:00-04:00,596.1599731445312,596.6099853515625,593.5999755859375,595.280029296875,11568481,0.0,0.0,0.0
2025-06-20 11:30:00-04:00,595.4500122070312,596.3699951171875,594.2249755859375,594.9299926757812,15406731,0.0,0.0,0.0
2025-06-20 12:30:00-04:00,594.9199829101562,595.969970703125,593.5399780273438,593.5549926757812,7724499,0.0,0.0,0.0
2025-06-20 13:30:00-04:00,593.5449829101562,595.3499755859375,592.8599853515625,594.8800048828125,7372133,0.0,0.0,0.0
2025-06-20 14:30:00-04:00,594.8800048828125,595.2249755859375,593.239990234375,593.469970703125,7776628,0.0,0.0,0.0
2025-06-20 15:30:00-04:00,593.4600219726562,594.969970703125,593.25,594.219970703125,13400342,0.0,0.0,0.0
2025-06-23 09:30:00-04:00,595.0399780273438,598.2899780273438,593.5999755859375,597.5399780273438,14787014,0.0,0.0,0.0
2025-06-23 10:30:00-04:00,597.5499877929688,597.77001953125,596.52001953125,596.5800170898438,7855612,0.0,0.0,0.0
2025-06-23 11:30:00-04:00,596.3200073242188,596.7100219726562,594.1599731445312,594.3099975585938,7243441,0.0,0.0,0.0
2025-06-23 12:30:00-04:00,594.280029296875,598.0,591.8900146484375,597.7100219726562,19485426,0.0,0.0,0.0
2025-06-23 13:30:00-04:00,597.75,599.3400268554688,597.7150268554688,598.3599853515625,10588259,0.0,0.0,0.0
2025-06-23 14:30:00-04:00,598.3699951171875,599.4400024414062,597.989990234375,599.239990234375,8572167,0.0,0.0,0.0
2025-06-23 15:30:00-04:00,599.2349853515625,600.5399780273438,598.9199829101562,600.1199951171875,10778374,0.0,0.0,0.0
2025-06-24 09:30:00-04:00,604.3300170898438,605.4500122070312,603.4099731445312,604.5999145507812,15433265,0.0,0.0,0.0
2025-06-24 10:30:00-04:00,604.5999755859375,605.760009765625,604.530029296875,605.7550048828125,7409081,0.0,0.0,0.0
2025-06-24 11:30:00-04:00,605.760009765625,606.594970703125,605.655029296875,606.4920043945312,5196714,0.0,0.0,0.0
2025-06-24 12:30:00-04:00,606.5,607.1749877929688,606.2999877929688,606.3300170898438,6483373,0.0,0.0,0.0
2025-06-24 13:30:00-04:00,606.3400268554688,607.4550170898438,606.3300170898438,607.0,5559384,0.0,0.0,0.0
2025-06-24 14:30:00-04:00,607.02001953125,607.6900024414062,606.8699951171875,607.5050048828125,8221594,0.0,0.0,0.0
2025-06-24 15:30:00-04:00,607.510009765625,607.8499145507812,606.75,606.760009765625,12175990,0.0,0.0,0.0
2025-06-25 09:30:00-04:00,607.9099731445312,608.6099853515625,607.3400268554688,607.6900024414062,13588724,0.0,0.0,0.0
2025-06-25 10:30:00-04:00,607.7000122070312,608.4099731445312,606.8599853515625,607.1799926757812,8334837,0.0,0.0,0.0
2025-06-25 11:30:00-04:00,607.0399780273438,607.27001953125,606.6400146484375,606.9749755859375,6027020,0.0,0.0,0.0
2025-06-25 12:30:00-04:00,606.97998046875,607.1400146484375,606.260009765625,607.02001953125,5397529,0.0,0.0,0.0
2025-06-25 13:30:00-04:00,607.0150146484375,607.0800170898438,605.5399780273438,606.3798828125,8154106,0.0,0.0,0.0
2025-06-25 14:30:00-04:00,606.3800048828125,607.3699951171875,606.0599975585938,606.9948120117188,5456964,0.0,0.0,0.0
2025-06-25 15:30:00-04:00,606.989990234375,607.2000122070312,606.3699951171875,607.0800170898438,9705497,0.0,0.0,0.0
2025-06-26 09:30:00-04:00,608.989990234375,609.97998046875,608.3699951171875,609.9450073242188,15432350,0.0,0.0,0.0
2025-06-26 10:30:00-04:00,609.9299926757812,610.864990234375,609.9199829101562,610.0900268554688,8261383,0.0,0.0,0.0
2025-06-26 11:30:00-04:00,610.0700073242188,611.1282958984375,609.8300170898438,610.8800048828125,6549698,0.0,0.0,0.0
2025-06-26 12:30:00-04:00,610.9000244140625,611.280029296875,610.6400146484375,611.1900024414062,6565293,0.0,0.0,0.0
2025-06-26 13:30:00-04:00,611.2000122070312,612.1199951171875,611.1500244140625,611.719970703125,9265463,0.0,0.0,0.0
2025-06-26 14:30:00-04:00,611.72998046875,611.9149780273438,611.094970703125,611.6400146484375,8019970,0.0,0.0,0.0
2025-06-26 15:30:00-04:00,611.6300048828125,612.3099975585938,611.22998046875,611.8800048828125,15250890,0.0,0.0,0.0
2025-06-27 09:30:00-04:00,612.8800048828125,615.5,612.7000122070312,614.905029296875,12936118,0.0,0.0,0.0
2025-06-27 10:30:00-04:00,614.9099731445312,615.5499877929688,614.5999755859375,615.3400268554688,8663080,0.0,0.0,0.0
2025-06-27 11:30:00-04:00,615.3400268554688,616.3499755859375,615.3001098632812,616.3150024414062,8271641,0.0,0.0,0.0
2025-06-27 12:30:00-04:00,616.3150024414062,616.3900146484375,615.260009765625,615.3900146484375,5308807,0.0,0.0,0.0
2025-06-27 13:30:00-04:00,615.4000244140625,615.5800170898438,612.3300170898438,612.3300170898438,11506024,0.0,0.0,0.0
2025-06-27 14:30:00-04:00,612.3400268554688,612.7100219726562,610.8300170898438,612.385009765625,16683605,0.0,0.0,0.0
2025-06-27 15:30:00-04:00,612.3800048828125,615.1400146484375,612.3800048828125,614.8499755859375,16225741,0.0,0.0,0.0
2025-06-30 09:30:00-04:00,617.3800048828125,617.489990234375,615.9299926757812,616.7000122070312,13320297,0.0,0.0,0.0
2025-06-30 10:30:00-04:00,616.7000122070312,616.7750244140625,615.68798828125,616.2050170898438,9673361,0.0,0.0,0.0
2025-06-30 11:30:00-04:00,616.2100219726562,616.9199829101562,616.0999755859375,616.255126953125,5551534,0.0,0.0,0.0
2025-06-30 12:30:00-04:00,616.239990234375,617.1300048828125,616.1950073242188,616.5150146484375,6222938,0.0,0.0,0.0
2025-06-30 13:30:00-04:00,616.5150146484375,616.6400146484375,615.0399780273438,616.0449829101562,9444840,0.0,0.0,0.0
2025-06-30 14:30:00-04:00,615.9299926757812,618.25,615.3200073242188,617.9000244140625,13571883,0.0,0.0,0.0
2025-06-30 15:30:00-04:00,617.9000244140625,619.219970703125,617.4000244140625,617.9000244140625,21415473,0.0,0.0,0.0
2025-07-01 09:30:00-04:00,616.3599853515625,618.0650024414062,616.2550048828125,617.1199951171875,12323158,0.0,0.0,0.0
2025-07-01 10:30:00-04:00,617.0999755859375,617.6099853515625,615.52001953125,617.280029296875,11591729,0.0,0.0,0.0
2025-07-01 11:30:00-04:00,617.27001953125,618.0999755859375,616.0800170898438,617.3200073242188,7723008,0.0,0.0,0.0
2025-07-01 12:30:00-04:00,617.3200073242188,618.2100219726562,617.0,618.0750122070312,6132062,0.0,0.0,0.0
2025-07-01 13:30:00-04:00,618.0800170898438,618.8300170898438,617.760009765625,618.010009765625,6367716,0.0,0.0,0.0
2025-07-01 14:30:00-04:00,618.010009765625,618.510009765625,616.7000122070312,618.364990234375,9843151,0.0,0.0,0.0
2025-07-01 15:30:00-04:00,618.364990234375,618.719970703125,617.4299926757812,617.5599975585938,10313522,0.0,0.0,0.0
2025-07-02 09:30:00-04:00,617.239990234375,618.719970703125,616.6099853515625,618.5999755859375,11824245,0.0,0.0,0.0
2025-07-02 10:30:00-04:00,618.5999755859375,619.1649780273438,618.2000122070312,618.7899780273438,8718458,0.0,0.0,0.0
2025-07-02 11:30:00-04:00,618.7899780273438,619.4550170898438,618.739990234375,619.155029296875,5896295,0.0,0.0,0.0
2025-07-02 12:30:00-04:00,619.1599731445312,619.6749877929688,619.0,619.47998046875,7640261,0.0,0.0,0.0
2025-07-02 13:30:00-04:00,619.469970703125,619.719970703125,619.22998046875,619.5900268554688,6646497,0.0,0.0,0.0
2025-07-02 14:30:00-04:00,619.5800170898438,620.1699829101562,619.5750122070312,619.760009765625,7702106,0.0,0.0,0.0
2025-07-02 15:30:00-04:00,619.75,620.47998046875,619.6099853515625,620.3699951171875,10199323,0.0,0.0,0.0
2025-07-03 09:30:00-04:00,622.4500122070312,625.1099853515625,622.4299926757812,625.0,16305435,0.0,0.0,0.0
2025-07-03 10:30:00-04:00,625.0,625.7849731445312,624.7899780273438,625.4199829101562,9078995,0.0,0.0,0.0
2025-07-03 11:30:00-04:00,625.5349731445312,626.0800170898438,625.3599853515625,625.7349853515625,9030686,0.0,0.0,0.0
2025-07-07 09:30:00-04:00,623.3599853515625,624.030029296875,622.530029296875,623.0399780273438,9405919,0.0,0.0,0.0
2025-07-07 10:30:00-04:00,622.8599853515625,623.10498046875,621.5599975585938,622.0700073242188,6848812,0.0,0.0,0.0
2025-07-07 11:30:00-04:00,622.0599975585938,622.2899780273438,619.2410278320312,620.5750122070312,11523043,0.0,0.0,0.0
2025-07-07 12:30:00-04:00,620.72998046875,621.2349853515625,619.47998046875,620.1900024414062,7769168,0.0,0.0,0.0
2025-07-07 13:30:00-04:00,620.1599731445312,621.4099731445312,617.8800048828125,617.989990234375,10860567,0.0,0.0,0.0
2025-07-07 14:30:00-04:00,617.989990234375,620.3900146484375,617.8699951171875,619.4600219726562,9725327,0.0,0.0,0.0
2025-07-07 15:30:00-04:00,619.469970703125,621.0,619.3900146484375,620.780029296875,12109392,0.0,0.0,0.0
2025-07-08 09:30:00-04:00,621.0800170898438,621.6649780273438,619.6420288085938,620.010009765625,9714780,0.0,0.0,0.0
2025-07-08 10:30:00-04:00,620.0250244140625,621.4949951171875,619.52001953125,619.9639892578125,9045204,0.0,0.0,0.0
2025-07-08 11:30:00-04:00,619.97998046875,622.1099853515625,619.97998046875,621.875,7132153,0.0,0.0,0.0
2025-07-08 12:30:00-04:00,621.8900146484375,622.0499877929688,619.8400268554688,620.8350219726562,8696528,0.0,0.0,0.0
2025-07-08 13:30:00-04:00,620.8300170898438,621.3099975585938,620.2000122070312,620.6500244140625,5414201,0.0,0.0,0.0
2025-07-08 14:30:00-04:00,620.6599731445312,620.9249877929688,620.0900268554688,620.510009765625,6119689,0.0,0.0,0.0
2025-07-08 15:30:00-04:00,620.510009765625,620.8099975585938,620.0399780273438,620.3099975585938,9674035,0.0,0.0,0.0
2025-07-09 09:30:00-04:00,622.77001953125,624.719970703125,622.6500244140625,623.3699951171875,11507049,0.0,0.0,0.0
2025-07-09 10:30:00-04:00,623.3800048828125,623.3800048828125,620.9105224609375,622.10498046875,12238638,0.0,0.0,0.0
2025-07-09 11:30:00-04:00,622.0999755859375,622.5399780273438,621.5499877929688,621.7899780273438,6843515,0.0,0.0,0.0
2025-07-09 12:30:00-04:00,621.7999877929688,622.6749877929688,621.6199951171875,622.322021484375,5325341,0.0,0.0,0.0
2025-07-09 13:30:00-04:00,622.3200073242188,623.3090209960938,622.0599975585938,622.8499755859375,6764656,0.0,0.0,0.0
2025-07-09 14:30:00-04:00,622.9099731445312,623.77001953125,622.8200073242188,623.5999755859375,7703630,0.0,0.0,0.0
2025-07-09 15:30:00-04:00,623.5900268554688,624.2100219726562,623.4099731445312,623.989990234375,9243138,0.0,0.0,0.0
2025-07-10 09:30:00-04:00,624.260009765625,624.280029296875,623.010009765625,623.7348022460938,12432517,0.0,0.0,0.0
2025-07-10 10:30:00-04:00,623.77001953125,625.5750122070312,623.7448120117188,625.52001953125,8535858,0.0,0.0,0.0
2025-07-10 11:30:00-04:00,625.52001953125,625.7849731445312,625.0250244140625,625.5700073242188,5226207,0.0,0.0,0.0
2025-07-10 12:30:00-04:00,625.5700073242188,626.22998046875,625.239990234375,626.0999755859375,4585228,0.0,0.0,0.0
2025-07-10 13:30:00-04:00,626.0900268554688,626.8701171875,626.0800170898438,626.5900268554688,5790984,0.0,0.0,0.0
2025-07-10 14:30:00-04:00,626.5900268554688,626.6699829101562,626.0900268554688,626.2050170898438,6646470,0.0,0.0,0.0
2025-07-10 15:30:00-04:00,626.2000122070312,626.6749877929688,625.2100219726562,625.8300170898438,9553611,0.0,0.0,0.0
2025-07-11 09:30:00-04:00,622.739990234375,624.260009765625,621.530029296875,624.0050048828125,11912865,0.0,0.0,0.0
2025-07-11 10:30:00-04:00,624.0,624.3699951171875,622.7100219726562,623.3900146484375,7390720,0.0,0.0,0.0
2025-07-11 11:30:00-04:00,623.4000244140625,624.6400146484375,623.1500244140625,623.9450073242188,8419054,0.0,0.0,0.0
2025-07-11 12:30:00-04:00,623.9500122070312,624.5800170898438,623.5599975585938,624.4500122070312,5136029,0.0,0.0,0.0
2025-07-11 13:30:00-04:00,624.4500122070312,624.7000122070312,623.75,624.2650146484375,6143243,0.0,0.0,0.0
2025-07-11 14:30:00-04:00,624.2750244140625,624.8599853515625,623.1300048828125,624.4450073242188,9627611,0.0,0.0,0.0
2025-07-11 15:30:00-04:00,624.4500122070312,624.5800170898438,623.469970703125,623.6099853515625,10303202,0.0,0.0,0.0
2025-07-14 09:30:00-04:00,622.9400024414062,623.7100219726562,621.7999267578125,622.6915283203125,12127867,0.0,0.0,0.0
2025-07-14 10:30:00-04:00,622.6799926757812,624.1400146484375,622.3699951171875,624.1300048828125,7416000,0.0,0.0,0.0
2025-07-14 11:30:00-04:00,624.1300048828125,624.3900146484375,623.77001953125,623.885009765625,5156203,0.0,0.0,0.0
2025-07-14 12:30:00-04:00,623.8699951171875,624.969970703125,623.6300048828125,624.7000122070312,4813082,0.0,0.0,0.0
2025-07-14 13:30:00-04:00,624.7100219726562,625.0,624.4249877929688,624.9500122070312,4168700,0.0,0.0,0.0
2025-07-14 14:30:00-04:00,624.9600219726562,625.1580810546875,624.4600219726562,624.72998046875,6118559,0.0,0.0,0.0
2025-07-14 15:30:00-04:00,624.72998046875,624.989990234375,624.2999877929688,624.719970703125,8076747,0.0,0.0,0.0
2025-07-15 09:30:00-04:00,627.52001953125,627.8599853515625,625.260009765625,625.47998046875,13736533,0.0,0.0,0.0
2025-07-15 10:30:00-04:00,625.489990234375,625.5800170898438,623.7999877929688,625.1007080078125,11730373,0.0,0.0,0.0
2025-07-15 11:30:00-04:00,625.1199951171875,625.3900146484375,624.010009765625,624.2747802734375,6900639,0.0,0.0,0.0
2025-07-15 12:30:00-04:00,624.27001953125,624.5750122070312,622.9500122070312,623.8599853515625,8131280,0.0,0.0,0.0
2025-07-15 13:30:00-04:00,623.8499755859375,624.8699951171875,623.8499755859375,624.5999755859375,6158806,0.0,0.0,0.0
2025-07-15 14:30:00-04:00,624.5999755859375,624.8300170898438,623.0150146484375,623.2899780273438,10091716,0.0,0.0,0.0
2025-07-15 15:30:00-04:00,623.3099975585938,623.7999877929688,622.0800170898438,622.1099853515625,11156036,0.0,0.0,0.0
2025-07-16 09:30:00-04:00,623.739990234375,624.1199951171875,621.6799926757812,622.489990234375,11966558,0.0,0.0,0.0
2025-07-16 10:30:00-04:00,622.489990234375,623.3699951171875,619.4600219726562,621.3150024414062,22967144,0.0,0.0,0.0
2025-07-16 11:30:00-04:00,621.3499755859375,622.5399780273438,618.0499877929688,621.6699829101562,22578860,0.0,0.0,0.0
2025-07-16 12:30:00-04:00,621.6749877929688,623.7899780273438,621.1400146484375,623.0999755859375,6693618,0.0,0.0,0.0
2025-07-16 13:30:00-04:00,623.0999755859375,623.4600830078125,622.719970703125,623.3499755859375,4760317,0.0,0.0,0.0
2025-07-16 14:30:00-04:00,623.344970703125,624.52001953125,623.344970703125,624.1400756835938,7135465,0.0,0.0,0.0
2025-07-16 15:30:00-04:00,624.1400146484375,624.72998046875,623.885009765625,624.1799926757812,8101270,0.0,0.0,0.0
2025-07-17 09:30:00-04:00,624.4000244140625,626.22998046875,624.1799926757812,625.4600219726562,11472330,0.0,0.0,0.0
2025-07-17 10:30:00-04:00,625.4600219726562,626.719970703125,625.010009765625,626.6699829101562,8427546,0.0,0.0,0.0
2025-07-17 11:30:00-04:00,626.6712036132812,627.510009765625,626.5599975585938,626.8499755859375,6685673,0.0,0.0,0.0
2025-07-17 12:30:00-04:00,626.8400268554688,627.0980224609375,626.5250244140625,627.0250244140625,6103443,0.0,0.0,0.0
2025-07-17 13:30:00-04:00,627.0650024414062,627.8800048828125,627.0,627.8322143554688,6810284,0.0,0.0,0.0
2025-07-17 14:30:00-04:00,627.8934936523438,628.40478515625,627.64501953125,627.97998046875,7216990,0.0,0.0,0.0
2025-07-17 15:30:00-04:00,627.969970703125,628.3200073242188,627.6500244140625,627.97998046875,14598908,0.0,0.0,0.0
2025-07-18 09:30:00-04:00,629.2999877929688,629.469970703125,627.239990234375,627.3699951171875,14355767,0.0,0.0,0.0
2025-07-18 10:30:00-04:00,627.3499755859375,627.9099731445312,626.9099731445312,627.60498046875,11133429,0.0,0.0,0.0
2025-07-18 11:30:00-04:00,627.6199951171875,628.1699829101562,626.5399780273438,626.9600219726562,7045686,0.0,0.0,0.0
2025-07-18 12:30:00-04:00,626.97998046875,627.385009765625,626.4600219726562,626.9400024414062,5704897,0.0,0.0,0.0
2025-07-18 13:30:00-04:00,626.9400024414062,627.530029296875,626.6599731445312,627.114990234375,4183073,0.0,0.0,0.0
2025-07-18 14:30:00-04:00,627.1099853515625,627.5999755859375,627.02001953125,627.3900146484375,5054812,0.0,0.0,0.0
2025-07-18 15:30:00-04:00,627.375,627.760009765625,627.010009765625,627.5900268554688,7725900,0.0,0.0,0.0
2025-07-21 09:30:00-04:00,628.77001953125,631.3300170898438,628.6799926757812,631.25,11940189,0.0,0.0,0.0
2025-07-21 10:30:00-04:00,631.25,631.3900146484375,630.6400146484375,631.268798828125,6696004,0.0,0.0,0.0
2025-07-21 11:30:00-04:00,631.27001953125,631.5399780273438,630.5349731445312,630.77001953125,5926978,0.0,0.0,0.0
2025-07-21 12:30:00-04:00,630.7752075195312,631.489990234375,630.7249755859375,631.39501953125,4180603,0.0,0.0,0.0
2025-07-21 13:30:00-04:00,631.3900146484375,631.52001953125,631.0399780273438,631.1917724609375,4545996,0.0,0.0,0.0
2025-07-21 14:30:00-04:00,631.2000122070312,631.2000122070312,629.1099853515625,629.4500122070312,10841234,0.0,0.0,0.0
2025-07-21 15:30:00-04:00,629.4500122070312,629.6799926757812,628.3400268554688,628.72998046875,12654906,0.0,0.0,0.0
2025-07-22 09:30:00-04:00,629.0999755859375,629.1900024414062,626.1900024414062,627.0900268554688,14434422,0.0,0.0,0.0
2025-07-22 10:30:00-04:00,627.0800170898438,628.114990234375,626.9721069335938,627.6400146484375,6721517,0.0,0.0,0.0
2025-07-22 11:30:00-04:00,627.6400146484375,628.125,627.0399780273438,627.239990234375,5933245,0.0,0.0,0.0
2025-07-22 12:30:00-04:00,627.25,629.219970703125,627.0700073242188,629.0499877929688,5321387,0.0,0.0,0.0
2025-07-22 13:30:00-04:00,629.0499877929688,629.1799926757812,627.52001953125,628.4249877929688,6421876,0.0,0.0,0.0
2025-07-22 14:30:00-04:00,628.4199829101562,629.530029296875,628.3699951171875,629.2000122070312,7458920,0.0,0.0,0.0
2025-07-22 15:30:00-04:00,629.1900024414062,629.72998046875,628.75,628.8300170898438,8957431,0.0,0.0,0.0
2025-07-23 09:30:00-04:00,630.9949951171875,631.4650268554688,629.72998046875,630.73876953125,11930032,0.0,0.0,0.0
2025-07-23 10:30:00-04:00,630.7352294921875,630.9249877929688,630.0900268554688,630.8250122070312,6193455,0.0,0.0,0.0
2025-07-23 11:30:00-04:00,630.8200073242188,632.7899780273438,630.469970703125,631.6900024414062,9429235,0.0,0.0,0.0
2025-07-23 12:30:00-04:00,631.6799926757812,632.1950073242188,631.3494873046875,632.0999755859375,8404152,0.0,0.0,0.0
2025-07-23 13:30:00-04:00,632.1099853515625,633.6500244140625,631.7899780273438,633.2349853515625,9748596,0.0,0.0,0.0
2025-07-23 14:30:00-04:00,633.2349853515625,633.47998046875,632.9550170898438,633.3599853515625,7431353,0.0,0.0,0.0
2025-07-23 15:30:00-04:00,633.3599853515625,634.1599731445312,632.9400024414062,634.1599731445312,10283392,0.0,0.0,0.0
2025-07-24 09:30:00-04:00,634.5999755859375,635.3900146484375,633.989990234375,634.8200073242188,12862862,0.0,0.0,0.0
2025-07-24 10:30:00-04:00,634.8200073242188,635.8900146484375,634.72998046875,635.5250244140625,7091351,0.0,0.0,0.0
2025-07-24 11:30:00-04:00,635.5250244140625,635.72998046875,634.280029296875,634.5650024414062,6659179,0.0,0.0,0.0
2025-07-24 12:30:00-04:00,634.5700073242188,635.97998046875,634.4500122070312,635.3800048828125,6391273,0.0,0.0,0.0
2025-07-24 13:30:00-04:00,635.3800048828125,636.1500244140625,635.125,635.780029296875,8024878,0.0,0.0,0.0
2025-07-24 14:30:00-04:00,635.7849731445312,635.9299926757812,634.6900024414062,635.4718017578125,8969049,0.0,0.0,0.0
2025-07-24 15:30:00-04:00,635.4749755859375,635.5750122070312,634.25,634.4500122070312,15010238,0.0,0.0,0.0
2025-07-25 09:30:00-04:00,635.0900268554688,635.6099853515625,634.8400268554688,635.469970703125,9407069,0.0,0.0,0.0
2025-07-25 10:30:00-04:00,635.469970703125,636.1300048828125,635.2899780273438,636.02001953125,5993959,0.0,0.0,0.0
2025-07-25 11:30:00-04:00,636.02001953125,636.9299926757812,635.6099853515625,636.760009765625,6686141,0.0,0.0,0.0
2025-07-25 12:30:00-04:00,636.760009765625,637.1300048828125,636.5999755859375,637.0452270507812,6436824,0.0,0.0,0.0
2025-07-25 13:30:00-04:00,637.0499877929688,637.530029296875,636.969970703125,637.3300170898438,5122697,0.0,0.0,0.0
2025-07-25 14:30:00-04:00,637.3300170898438,637.5798950195312,637.1749877929688,637.3400268554688,5294461,0.0,0.0,0.0
2025-07-25 15:30:00-04:00,637.3300170898438,637.489990234375,636.625,637.030029296875,11606754,0.0,0.0,0.0
2025-07-28 09:30:00-04:00,637.47998046875,638.0399780273438,637.0800170898438,637.7349853515625,12608320,0.0,0.0,0.0
2025-07-28 10:30:00-04:00,637.739990234375,637.89990234375,636.3300170898438,637.0700073242188,7029218,0.0,0.0,0.0
2025-07-28 11:30:00-04:00,637.0700073242188,637.6500244140625,636.97998046875,637.4000244140625,3958235,0.0,0.0,0.0
2025-07-28 12:30:00-04:00,637.39501953125,637.4099731445312,636.1599731445312,636.3200073242188,4788861,0.0,0.0,0.0
2025-07-28 13:30:00-04:00,636.3099975585938,636.760009765625,635.5399780273438,636.030029296875,6173527,0.0,0.0,0.0
2025-07-28 14:30:00-04:00,636.0399780273438,636.2899780273438,635.6900024414062,636.0399780273438,6089625,0.0,0.0,0.0
2025-07-28 15:30:00-04:00,636.0499877929688,637.02001953125,635.8200073242188,636.8900146484375,9077255,0.0,0.0,0.0
2025-07-29 09:30:00-04:00,638.3499755859375,638.6699829101562,637.239990234375,637.760009765625,10175675,0.0,0.0,0.0
2025-07-29 10:30:00-04:00,637.760009765625,637.8599853515625,635.1799926757812,635.2899780273438,8973013,0.0,0.0,0.0
2025-07-29 11:30:00-04:00,635.2899780273438,636.2100219726562,634.6900024414062,635.6599731445312,7394149,0.0,0.0,0.0
2025-07-29 12:30:00-04:00,635.6619873046875,636.5599975585938,635.0999755859375,636.1799926757812,5465489,0.0,0.0,0.0
2025-07-29 13:30:00-04:00,636.1749877929688,636.3900146484375,634.9400024414062,635.3200073242188,6248279,0.0,0.0,0.0
2025-07-29 14:30:00-04:00,635.3150024414062,635.8599853515625,635.030029296875,635.0599975585938,6204643,0.0,0.0,0.0
2025-07-29 15:30:00-04:00,635.0700073242188,635.4000244140625,634.3350219726562,635.219970703125,11693522,0.0,0.0,0.0
2025-07-30 09:30:00-04:00,635.9199829101562,636.6649780273438,635.2899780273438,636.3300170898438,9553683,0.0,0.0,0.0
2025-07-30 10:30:00-04:00,636.3200073242188,636.8200073242188,635.0,635.3150024414062,6908666,0.0,0.0,0.0
2025-07-30 11:30:00-04:00,635.3200073242188,636.719970703125,635.0900268554688,636.5700073242188,5028064,0.0,0.0,0.0
2025-07-30 12:30:00-04:00,636.5800170898438,636.6599731445312,636.14501953125,636.2100219726562,3361418,0.0,0.0,0.0
2025-07-30 13:30:00-04:00,636.219970703125,637.1099853515625,636.010009765625,636.77001953125,6602865,0.0,0.0,0.0
2025-07-30 14:30:00-04:00,636.77001953125,637.6799926757812,631.5399780273438,632.0892944335938,23765491,0.0,0.0,0.0
2025-07-30 15:30:00-04:00,632.0900268554688,634.635009765625,631.6099853515625,634.5,14767858,0.0,0.0,0.0
2025-07-31 09:30:00-04:00,639.4550170898438,639.8499755859375,637.6900024414062,638.8200073242188,18845004,0.0,0.0,0.0
2025-07-31 10:30:00-04:00,638.8099975585938,639.1400146484375,635.0599975585938,636.1900024414062,11944043,0.0,0.0,0.0
2025-07-31 11:30:00-04:00,636.1900024414062,638.22998046875,636.1099853515625,638.0800170898438,6674444,0.0,0.0,0.0
2025-07-31 12:30:00-04:00,638.085205078125,638.3099975585938,634.4099731445312,634.8400268554688,8104819,0.0,0.0,0.0
2025-07-31 13:30:00-04:00,634.8599853515625,635.655029296875,631.4299926757812,634.2100219726562,14674708,0.0,0.0,0.0
2025-07-31 14:30:00-04:00,634.2000122070312,635.125,632.6199951171875,632.780029296875,10842862,0.0,0.0,0.0
2025-07-31 15:30:00-04:00,632.7949829101562,633.6799926757812,630.7650146484375,631.969970703125,19680307,0.0,0.0,0.0
2025-08-01 09:30:00-04:00,626.2999877929688,626.3400268554688,619.6500244140625,623.2000122070312,30644019,0.0,0.0,0.0
2025-08-01 10:30:00-04:00,623.4299926757812,624.0700073242188,621.3900146484375,621.510009765625,17357341,0.0,0.0,0.0
2025-08-01 11:30:00-04:00,621.510009765625,624.9650268554688,621.3800048828125,624.2100219726562,13619112,0.0,0.0,0.0
2025-08-01 12:30:00-04:00,624.2100219726562,624.4600219726562,620.3350219726562,620.5700073242188,16693904,0.0,0.0,0.0
2025-08-01 13:30:00-04:00,620.5700073242188,621.8099975585938,619.2899780273438,621.6248168945312,14851233,0.0,0.0,0.0
2025-08-01 14:30:00-04:00,621.6300048828125,623.1099853515625,620.9500122070312,621.7899780273438,18461979,0.0,0.0,0.0
2025-08-01 15:30:00-04:00,621.780029296875,623.2999877929688,620.8400268554688,621.7100219726562,18083927,0.0,0.0,0.0
2025-08-04 09:30:00-04:00,625.6699829101562,629.530029296875,625.5800170898438,629.4000244140625,16466923,0.0,0.0,0.0
2025-08-04 10:30:00-04:00,629.4099731445312,629.7000122070312,628.4600219726562,629.0,9646390,0.0,0.0,0.0
2025-08-04 11:30:00-04:00,628.989990234375,630.1699829101562,628.5900268554688,629.719970703125,7217114,0.0,0.0,0.0
2025-08-04 12:30:00-04:00,629.7100219726562,630.52001953125,629.6799926757812,630.2899780273438,5339004,0.0,0.0,0.0
2025-08-04 13:30:00-04:00,630.2999877929688,630.489990234375,629.3900146484375,629.989990234375,8154850,0.0,0.0,0.0
2025-08-04 14:30:00-04:00,629.989990234375,630.75,629.739990234375,630.2650146484375,7614826,0.0,0.0,0.0
2025-08-04 15:30:00-04:00,630.2650146484375,631.2150268554688,629.9208984375,631.0599975585938,10505323,0.0,0.0,0.0
2025-08-05 09:30:00-04:00,631.7899780273438,632.605224609375,629.1900024414062,629.8590087890625,14016837,0.0,0.0,0.0
2025-08-05 10:30:00-04:00,629.864990234375,629.864990234375,627.0399780273438,628.010009765625,13408969,0.0,0.0,0.0
2025-08-05 11:30:00-04:00,627.97998046875,629.1851196289062,627.1599731445312,629.0499877929688,7261146,0.0,0.0,0.0
2025-08-05 12:30:00-04:00,629.030029296875,629.8250122070312,627.7999877929688,629.6950073242188,5970871,0.0,0.0,0.0
2025-08-05 13:30:00-04:00,629.7047729492188,630.3200073242188,628.5999755859375,628.7100219726562,7485879,0.0,0.0,0.0
2025-08-05 14:30:00-04:00,628.7100219726562,629.1099853515625,627.8699951171875,628.9799194335938,7193278,0.0,0.0,0.0
2025-08-05 15:30:00-04:00,628.97998046875,629.0399780273438,627.8099975585938,628.02001953125,7915493,0.0,0.0,0.0
2025-08-06 09:30:00-04:00,628.6099853515625,630.6099853515625,628.1300048828125,628.7949829101562,12728488,0.0,0.0,0.0
2025-08-06 10:30:00-04:00,628.7949829101562,632.0499877929688,628.3800048828125,631.927001953125,9151768,0.0,0.0,0.0
2025-08-06 11:30:00-04:00,631.9099731445312,632.910400390625,631.1599731445312,632.3699951171875,8711655,0.0,0.0,0.0
2025-08-06 12:30:00-04:00,632.389892578125,632.9799194335938,631.8499755859375,632.2899780273438,5420591,0.0,0.0,0.0
2025-08-06 13:30:00-04:00,632.3099975585938,633.1099853515625,632.0,632.9199829101562,6427914,0.0,0.0,0.0
2025-08-06 14:30:00-04:00,632.9199829101562,633.1900024414062,632.489990234375,633.02001953125,5869995,0.0,0.0,0.0
2025-08-06 15:30:00-04:00,633.010009765625,633.4400024414062,632.3900146484375,632.6699829101562,10341224,0.0,0.0,0.0
2025-08-07 09:30:00-04:00,636.239990234375,636.97998046875,633.1199951171875,633.8200073242188,16380397,0.0,0.0,0.0
2025-08-07 10:30:00-04:00,633.8099975585938,634.2349853515625,631.760009765625,631.9699096679688,10818281,0.0,0.0,0.0
2025-08-07 11:30:00-04:00,631.969970703125,632.5999755859375,631.131591796875,632.2449951171875,7663849,0.0,0.0,0.0
2025-08-07 12:30:00-04:00,632.25,632.6099853515625,630.0,630.030029296875,8937240,0.0,0.0,0.0
2025-08-07 13:30:00-04:00,630.0,631.0800170898438,629.1099853515625,629.9199829101562,8176633,0.0,0.0,0.0
2025-08-07 14:30:00-04:00,629.9199829101562,630.8699951171875,629.4600219726562,630.27001953125,7002249,0.0,0.0,0.0
2025-08-07 15:30:00-04:00,630.280029296875,632.3599853515625,630.260009765625,632.2899780273438,9156545,0.0,0.0,0.0
2025-08-08 09:30:00-04:00,634.0599975585938,636.780029296875,633.739990234375,636.4400024414062,13589880,0.0,0.0,0.0
2025-08-08 10:30:00-04:00,636.4299926757812,637.0399780273438,635.5700073242188,636.010009765625,8356893,0.0,0.0,0.0
2025-08-08 11:30:00-04:00,636.0,637.3599853515625,634.8599853515625,636.875,6940639,0.0,0.0,0.0
2025-08-08 12:30:00-04:00,636.8800048828125,637.1199951171875,636.125,636.39501953125,5454296,0.0,0.0,0.0
2025-08-08 13:30:00-04:00,636.3912963867188,637.64501953125,636.3800048828125,637.219970703125,4767395,0.0,0.0,0.0
2025-08-08 14:30:00-04:00,637.219970703125,637.625,637.0399780273438,637.260009765625,6916473,0.0,0.0,0.0
2025-08-08 15:30:00-04:00,637.25,637.27001953125,636.0499877929688,637.1199951171875,10353519,0.0,0.0,0.0
2025-08-11 09:30:00-04:00,637.4600219726562,637.969970703125,636.8809814453125,637.2501220703125,10010287,0.0,0.0,0.0
2025-08-11 10:30:00-04:00,637.2418823242188,637.4299926757812,636.530029296875,637.0900268554688,6845811,0.0,0.0,0.0
2025-08-11 11:30:00-04:00,637.094970703125,638.9500122070312,636.7899169921875,638.5499877929688,6962281,0.0,0.0,0.0
2025-08-11 12:30:00-04:00,638.5399780273438,638.6099853515625,636.9099731445312,637.1849975585938,5191797,0.0,0.0,0.0
2025-08-11 13:30:00-04:00,637.1799926757812,637.4199829101562,636.280029296875,636.489990234375,6799051,0.0,0.0,0.0
2025-08-11 14:30:00-04:00,636.5,636.8798828125,635.5599975585938,636.2620239257812,5281810,0.0,0.0,0.0
2025-08-11 15:30:00-04:00,636.25,636.3800048828125,634.6599731445312,635.8200073242188,12886949,0.0,0.0,0.0
2025-08-12 09:30:00-04:00,638.2899780273438,639.8701171875,636.7899780273438,639.2899780273438,19075690,0.0,0.0,0.0
2025-08-12 10:30:00-04:00,639.2899780273438,641.030029296875,638.8599853515625,640.47998046875,9176908,0.0,0.0,0.0
2025-08-12 11:30:00-04:00,640.469970703125,641.5,640.3099975585938,641.3792724609375,5834719,0.0,0.0,0.0
2025-08-12 12:30:00-04:00,641.3900146484375,641.989990234375,641.3699951171875,641.5399780273438,4914317,0.0,0.0,0.0
2025-08-12 13:30:00-04:00,641.5399780273438,642.614990234375,641.4249877929688,642.219970703125,4664604,0.0,0.0,0.0
2025-08-12 14:30:00-04:00,642.22998046875,642.4299926757812,641.9749755859375,642.3200073242188,5331434,0.0,0.0,0.0
2025-08-12 15:30:00-04:00,642.3150024414062,642.8499755859375,641.97998046875,642.6300048828125,9756619,0.0,0.0,0.0
2025-08-13 09:30:00-04:00,644.9099731445312,646.1900024414062,643.989990234375,644.239990234375,13378184,0.0,0.0,0.0
2025-08-13 10:30:00-04:00,644.2449951171875,644.405029296875,643.0700073242188,643.6699829101562,9260044,0.0,0.0,0.0
2025-08-13 11:30:00-04:00,643.6699829101562,644.2550048828125,643.22998046875,643.27001953125,7026688,0.0,0.0,0.0
2025-08-13 12:30:00-04:00,643.260009765625,643.7000122070312,642.6799926757812,643.6408081054688,5106260,0.0,0.0,0.0
2025-08-13 13:30:00-04:00,643.6400146484375,644.2000122070312,642.7750244140625,643.8900146484375,4590614,0.0,0.0,0.0
2025-08-13 14:30:00-04:00,643.9099731445312,644.72998046875,643.239990234375,644.2899780273438,6159836,0.0,0.0,0.0
2025-08-13 15:30:00-04:00,644.2949829101562,645.0999755859375,643.9099731445312,644.8800048828125,9296664,0.0,0.0,0.0
2025-08-14 09:30:00-04:00,642.5800170898438,644.614990234375,642.3400268554688,644.239990234375,13825627,0.0,0.0,0.0
2025-08-14 10:30:00-04:00,644.25,645.5449829101562,642.9600219726562,643.3350219726562,7503723,0.0,0.0,0.0
2025-08-14 11:30:00-04:00,643.3400268554688,644.219970703125,642.6649780273438,643.0900268554688,5881748,0.0,0.0,0.0
2025-08-14 12:30:00-04:00,643.0900268554688,645.0499877929688,642.9849853515625,645.0006713867188,4114991,0.0,0.0,0.0
2025-08-14 13:30:00-04:00,645.010009765625,645.0599975585938,643.9099731445312,644.0850219726562,5216067,0.0,0.0,0.0
2025-08-14 14:30:00-04:00,644.0700073242188,645.489990234375,643.9500122070312,645.030029296875,7742378,0.0,0.0,0.0
2025-08-14 15:30:00-04:00,645.030029296875,645.6199951171875,644.8400268554688,644.9400024414062,8472709,0.0,0.0,0.0
2025-08-15 09:30:00-04:00,645.989990234375,646.0900268554688,643.2100219726562,644.2100219726562,12162781,0.0,0.0,0.0
2025-08-15 10:30:00-04:00,644.2000122070312,644.3300170898438,643.260009765625,643.47802734375,9248270,0.0,0.0,0.0
2025-08-15 11:30:00-04:00,643.469970703125,644.1400146484375,642.52001953125,643.2899780273438,7747193,0.0,0.0,0.0
2025-08-15 12:30:00-04:00,643.2949829101562,644.2957153320312,643.2949829101562,644.1654052734375,4942524,0.0,0.0,0.0
2025-08-15 13:30:00-04:00,644.1599731445312,644.8800048828125,643.97998046875,644.530029296875,8862040,0.0,0.0,0.0
2025-08-15 14:30:00-04:00,644.52001953125,644.6400146484375,643.3200073242188,643.7999877929688,8106691,0.0,0.0,0.0
2025-08-15 15:30:00-04:00,643.7999877929688,644.1300048828125,643.1300048828125,643.4600219726562,8532061,0.0,0.0,0.0
2025-08-18 09:30:00-04:00,642.8599853515625,643.9349975585938,642.530029296875,643.0,9848536,0.0,0.0,0.0
2025-08-18 10:30:00-04:00,642.989990234375,643.4400024414062,642.2999877929688,642.72998046875,5856330,0.0,0.0,0.0
2025-08-18 11:30:00-04:00,642.72998046875,643.280029296875,642.5,643.1199951171875,3443159,0.0,0.0,0.0
2025-08-18 12:30:00-04:00,643.1234741210938,643.3599853515625,642.1799926757812,643.1690063476562,3400901,0.0,0.0,0.0
2025-08-18 13:30:00-04:00,643.1649780273438,643.8150024414062,642.4400024414062,642.7600708007812,4506136,0.0,0.0,0.0
2025-08-18 14:30:00-04:00,642.7849731445312,643.5599975585938,642.780029296875,643.2550048828125,5589096,0.0,0.0,0.0
2025-08-18 15:30:00-04:00,643.25,644.0,643.14501953125,643.280029296875,8151214,0.0,0.0,0.0
2025-08-19 09:30:00-04:00,642.989990234375,644.10498046875,642.030029296875,643.030029296875,12478851,0.0,0.0,0.0
2025-08-19 10:30:00-04:00,643.0399780273438,643.5399780273438,640.469970703125,641.6099853515625,10924405,0.0,0.0,0.0
2025-08-19 11:30:00-04:00,641.6099853515625,641.9099731445312,640.1699829101562,640.3499755859375,6187042,0.0,0.0,0.0
2025-08-19 12:30:00-04:00,640.3599853515625,640.625,638.8049926757812,639.719970703125,7507554,0.0,0.0,0.0
2025-08-19 13:30:00-04:00,639.7100219726562,640.1099853515625,638.8200073242188,639.094970703125,5519143,0.0,0.0,0.0
2025-08-19 14:30:00-04:00,639.094970703125,639.280029296875,638.47998046875,639.2050170898438,7754379,0.0,0.0,0.0
2025-08-19 15:30:00-04:00,639.2100219726562,639.9099731445312,638.7150268554688,639.75,10468558,0.0,0.0,0.0
2025-08-20 09:30:00-04:00,639.0,639.1199951171875,633.6699829101562,633.9199829101562,24685560,0.0,0.0,0.0
2025-08-20 10:30:00-04:00,633.9400024414062,636.4299926757812,632.9500122070312,636.375,12562982,0.0,0.0,0.0
2025-08-20 11:30:00-04:00,636.3499755859375,637.475830078125,634.719970703125,637.4207153320312,8669208,0.0,0.0,0.0
2025-08-20 12:30:00-04:00,637.4249877929688,637.4500122070312,635.9299926757812,636.5599975585938,5940364,0.0,0.0,0.0
2025-08-20 13:30:00-04:00,636.5599975585938,637.9600219726562,635.2100219726562,635.8300170898438,7667251,0.0,0.0,0.0
2025-08-20 14:30:00-04:00,635.8316040039062,638.869873046875,635.75,638.3300170898438,9126921,0.0,0.0,0.0
2025-08-20 15:30:00-04:00,638.3150024414062,639.0599975585938,637.8049926757812,638.0399780273438,9710612,0.0,0.0,0.0
2025-08-21 09:30:00-04:00,636.280029296875,637.969970703125,634.3099975585938,637.8900146484375,12416961,0.0,0.0,0.0
2025-08-21 10:30:00-04:00,637.8900146484375,637.9000244140625,635.2999877929688,636.6900024414062,5577717,0.0,0.0,0.0
2025-08-21 11:30:00-04:00,636.7000122070312,637.5900268554688,634.9600219726562,635.25,5937020,0.0,0.0,0.0
2025-08-21 12:30:00-04:00,635.25,636.0,633.8099975585938,634.4349975585938,5224065,0.0,0.0,0.0
2025-08-21 13:30:00-04:00,634.4299926757812,636.2000122070312,634.3399047851562,635.5,5364166,0.0,0.0,0.0
2025-08-21 14:30:00-04:00,635.510009765625,636.52001953125,635.0900268554688,635.9400024414062,5218516,0.0,0.0,0.0
2025-08-21 15:30:00-04:00,635.9500122070312,635.97998046875,635.0800170898438,635.5900268554688,8004140,0.0,0.0,0.0
2025-08-22 09:30:00-04:00,637.760009765625,645.5499877929688,637.25,644.1099853515625,25591899,0.0,0.0,0.0
2025-08-22 10:30:00-04:00,644.1337890625,646.27001953125,644.1300048828125,646.0,12117378,0.0,0.0,0.0
2025-08-22 11:30:00-04:00,646.010009765625,646.5,644.6950073242188,644.780029296875,7643159,0.0,0.0,0.0
2025-08-22 12:30:00-04:00,644.780029296875,646.260009765625,644.2949829101562,646.1500244140625,5628178,0.0,0.0,0.0
2025-08-22 13:30:00-04:00,646.1500244140625,646.4000244140625,645.2849731445312,645.385009765625,5609252,0.0,0.0,0.0
2025-08-22 14:30:00-04:00,645.4400024414062,645.8599853515625,645.052001953125,645.0800170898438,7527169,0.0,0.0,0.0
2025-08-22 15:30:00-04:00,645.0700073242188,645.4550170898438,644.2949829101562,645.239990234375,13845518,0.0,0.0,0.0
2025-08-25 09:30:00-04:00,644.02001953125,644.6699829101562,643.4099731445312,644.1500244140625,11937754,0.0,0.0,0.0
2025-08-25 10:30:00-04:00,644.1500244140625,645.0499877929688,643.739990234375,644.9099731445312,5727479,0.0,0.0,0.0
2025-08-25 11:30:00-04:00,644.9099731445312,645.14501953125,644.5050048828125,644.9400024414062,4212366,0.0,0.0,0.0
2025-08-25 12:30:00-04:00,644.9400024414062,645.2899780273438,644.4099731445312,644.6699829101562,3794881,0.0,0.0,0.0
2025-08-25 13:30:00-04:00,644.6599731445312,644.8200073242188,643.9400024414062,644.1699829101562,4950572,0.0,0.0,0.0
2025-08-25 14:30:00-04:00,644.1649780273438,644.280029296875,643.6199951171875,643.6900024414062,7546538,0.0,0.0,0.0
2025-08-25 15:30:00-04:00,643.6900024414062,643.8400268554688,642.3499755859375,642.489990234375,8471951,0.0,0.0,0.0
2025-08-26 09:30:00-04:00,642.2000122070312,643.27001953125,641.5700073242188,643.0800170898438,9832377,0.0,0.0,0.0
2025-08-26 10:30:00-04:00,643.0650024414062,643.1799926757812,642.2949829101562,642.4400024414062,4709146,0.0,0.0,0.0
2025-08-26 11:30:00-04:00,642.4099731445312,643.5499877929688,642.2913818359375,643.3300170898438,4191091,0.0,0.0,0.0
2025-08-26 12:30:00-04:00,643.3300170898438,643.5900268554688,642.8900146484375,643.510009765625,2955455,0.0,0.0,0.0
2025-08-26 13:30:00-04:00,643.5,643.5809936523438,642.4349975585938,643.510009765625,5431256,0.0,0.0,0.0
2025-08-26 14:30:00-04:00,643.52001953125,644.7100830078125,643.510009765625,644.5599975585938,8137023,0.0,0.0,0.0
2025-08-26 15:30:00-04:00,644.5499877929688,645.510009765625,643.9199829101562,645.1300048828125,10252303,0.0,0.0,0.0
2025-08-27 09:30:00-04:00,644.489990234375,646.3400268554688,644.4199829101562,646.1171264648438,9908632,0.0,0.0,0.0
2025-08-27 10:30:00-04:00,646.1099853515625,646.5399780273438,645.75,646.2999877929688,4474725,0.0,0.0,0.0
2025-08-27 11:30:00-04:00,646.2999877929688,646.6900024414062,645.47998046875,645.9600219726562,4510996,0.0,0.0,0.0
2025-08-27 12:30:00-04:00,645.9600219726562,646.5499877929688,645.3800048828125,646.4450073242188,4911037,0.0,0.0,0.0
2025-08-27 13:30:00-04:00,646.4500122070312,647.35498046875,646.4400024414062,647.260009765625,4281351,0.0,0.0,0.0
2025-08-27 14:30:00-04:00,647.25,647.3099975585938,645.8200073242188,646.655029296875,5967107,0.0,0.0,0.0
2025-08-27 15:30:00-04:00,646.6500244140625,647.3699951171875,646.5999755859375,646.5999755859375,6828910,0.0,0.0,0.0
2025-08-28 09:30:00-04:00,647.239990234375,648.0900268554688,645.3400268554688,645.9550170898438,15334704,0.0,0.0,0.0
2025-08-28 10:30:00-04:00,645.97998046875,647.6558227539062,645.9400024414062,646.25,7218273,0.0,0.0,0.0
2025-08-28 11:30:00-04:00,646.2750244140625,648.4199829101562,646.239990234375,648.1500244140625,5870785,0.0,0.0,0.0
2025-08-28 12:30:00-04:00,648.1500244140625,648.364990234375,647.4500122070312,648.125,4583085,0.0,0.0,0.0
2025-08-28 13:30:00-04:00,648.1300048828125,648.6799926757812,648.0750122070312,648.64501953125,5164886,0.0,0.0,0.0
2025-08-28 14:30:00-04:00,648.6500244140625,649.25,648.6300048828125,648.9600219726562,6567008,0.0,0.0,0.0
2025-08-28 15:30:00-04:00,648.9500122070312,649.47998046875,648.72998046875,648.8599853515625,11559349,0.0,0.0,0.0
2025-08-29 09:30:00-04:00,647.489990234375,647.7581176757812,643.6300048828125,644.6688232421875,18056576,0.0,0.0,0.0
2025-08-29 10:30:00-04:00,644.6699829101562,645.1099853515625,643.1400146484375,644.4099731445312,8072315,0.0,0.0,0.0
2025-08-29 11:30:00-04:00,644.1599731445312,644.760009765625,643.7100219726562,644.1699829101562,4995959,0.0,0.0,0.0
2025-08-29 12:30:00-04:00,644.1799926757812,645.0399169921875,643.4600219726562,644.0,5000969,0.0,0.0,0.0
2025-08-29 13:30:00-04:00,644.0,645.0142211914062,643.8400268554688,644.2650146484375,5645077,0.0,0.0,0.0
2025-08-29 14:30:00-04:00,644.2650146484375,644.989990234375,644.172119140625,644.5800170898438,6544206,0.0,0.0,0.0
2025-08-29 15:30:00-04:00,644.5800170898438,645.1400146484375,643.760009765625,644.989990234375,16478161,0.0,0.0,0.0
2025-09-02 09:30:00-04:00,637.5,640.1400146484375,636.0499877929688,639.469970703125,19841239,0.0,0.0,0.0
2025-09-02 10:30:00-04:00,639.4500122070312,639.6300048828125,636.1699829101562,636.5599975585938,8713902,0.0,0.0,0.0
2025-09-02 11:30:00-04:00,636.5499877929688,636.5679931640625,634.9199829101562,635.6099853515625,8002126,0.0,0.0,0.0
2025-09-02 12:30:00-04:00,635.6099853515625,637.8499755859375,635.6099853515625,637.6400146484375,6081795,0.0,0.0,0.0
2025-09-02 13:30:00-04:00,637.6300048828125,639.0349731445312,637.6300048828125,637.7265014648438,6123570,0.0,0.0,0.0
2025-09-02 14:30:00-04:00,637.719970703125,639.3099975585938,637.3200073242188,639.1400146484375,6789582,0.0,0.0,0.0
2025-09-02 15:30:00-04:00,639.1300048828125,640.489990234375,639.0399780273438,640.3300170898438,13815065,0.0,0.0,0.0
2025-09-03 09:30:00-04:00,642.6099853515625,643.22998046875,641.5900268554688,642.3612060546875,15509152,0.0,0.0,0.0
2025-09-03 10:30:00-04:00,642.3599853515625,644.2100219726562,642.2899780273438,642.4299926757812,8968128,0.0,0.0,0.0
2025-09-03 11:30:00-04:00,642.4600219726562,643.125,641.9949951171875,642.4299926757812,6244990,0.0,0.0,0.0
2025-09-03 12:30:00-04:00,642.4400024414062,642.8499755859375,641.4299926757812,642.27001953125,6400908,0.0,0.0,0.0
2025-09-03 13:30:00-04:00,642.260009765625,642.4299926757812,640.5399780273438,641.1300048828125,7115928,0.0,0.0,0.0
2025-09-03 14:30:00-04:00,641.1099853515625,641.280029296875,640.4600219726562,641.02001953125,6094783,0.0,0.0,0.0
2025-09-03 15:30:00-04:00,641.0399780273438,643.72998046875,641.010009765625,643.6400146484375,13684347,0.0,0.0,0.0
2025-09-04 09:30:00-04:00,644.4199829101562,645.2999877929688,643.510009765625,644.8800048828125,13047742,0.0,0.0,0.0
2025-09-04 10:30:00-04:00,644.8699951171875,646.4349975585938,644.8400268554688,646.2108154296875,8492829,0.0,0.0,0.0
2025-09-04 11:30:00-04:00,646.219970703125,646.5900268554688,645.8200073242188,645.9500122070312,5301109,0.0,0.0,0.0
2025-09-04 12:30:00-04:00,645.9400024414062,646.969970703125,645.8099975585938,646.8593139648438,4754315,0.0,0.0,0.0
2025-09-04 13:30:00-04:00,646.8400268554688,647.6099853515625,646.5900268554688,647.22998046875,5264094,0.0,0.0,0.0
2025-09-04 14:30:00-04:00,647.22998046875,648.25,647.0800170898438,647.9149780273438,6397166,0.0,0.0,0.0
2025-09-04 15:30:00-04:00,647.9099731445312,649.1500244140625,647.8099975585938,648.989990234375,12484167,0.0,0.0,0.0
2025-09-05 09:30:00-04:00,651.6099853515625,652.2100219726562,646.0499877929688,646.5599975585938,22495703,0.0,0.0,0.0
2025-09-05 10:30:00-04:00,646.52001953125,646.6599731445312,643.3300170898438,646.2050170898438,15432029,0.0,0.0,0.0
2025-09-05 11:30:00-04:00,646.2100219726562,646.9000244140625,645.2899780273438,645.7249755859375,9218240,0.0,0.0,0.0
2025-09-05 12:30:00-04:00,645.739990234375,646.5499877929688,645.3300170898438,645.8499755859375,6516124,0.0,0.0,0.0
2025-09-05 13:30:00-04:00,645.8699951171875,646.0599975585938,644.6099853515625,645.7098999023438,6841807,0.0,0.0,0.0
2025-09-05 14:30:00-04:00,645.6900024414062,647.4099731445312,645.6900024414062,647.1099853515625,7957841,0.0,0.0,0.0
2025-09-05 15:30:00-04:00,647.1199951171875,647.27001953125,646.1500244140625,647.219970703125,10760405,0.0,0.0,0.0
2025-09-08 09:30:00-04:00,648.6199951171875,649.0599975585938,647.75,648.77001953125,13481096,0.0,0.0,0.0
2025-09-08 10:30:00-04:00,648.7550048828125,649.8099975585938,648.6599731445312,649.7999877929688,7135597,0.0,0.0,0.0
2025-09-08 11:30:00-04:00,649.7899780273438,649.8400268554688,648.3800048828125,648.6300048828125,6038479,0.0,0.0,0.0
2025-09-08 12:30:00-04:00,648.6300048828125,648.8049926757812,647.780029296875,648.47998046875,4756519,0.0,0.0,0.0
2025-09-08 13:30:00-04:00,648.4899291992188,648.6799926757812,647.22998046875,648.39501953125,5100378,0.0,0.0,0.0
2025-09-08 14:30:00-04:00,648.3900146484375,648.5800170898438,647.3350219726562,647.5800170898438,6386745,0.0,0.0,0.0
2025-09-08 15:30:00-04:00,647.5800170898438,648.8800048828125,647.469970703125,648.7999877929688,13039200,0.0,0.0,0.0
2025-09-09 09:30:00-04:00,648.9500122070312,649.72998046875,648.4299926757812,648.7550048828125,11801878,0.0,0.0,0.0
2025-09-09 10:30:00-04:00,648.739990234375,648.8350219726562,647.219970703125,648.77001953125,8956271,0.0,0.0,0.0
2025-09-09 11:30:00-04:00,648.760009765625,649.0599975585938,648.0399780273438,648.8599853515625,5762849,0.0,0.0,0.0
2025-09-09 12:30:00-04:00,648.85498046875,649.7999877929688,648.7650146484375,649.5650024414062,5588037,0.0,0.0,0.0
2025-09-09 13:30:00-04:00,649.5650024414062,649.989990234375,649.47998046875,649.8300170898438,5078696,0.0,0.0,0.0
2025-09-09 14:30:00-04:00,649.8400268554688,650.1400146484375,649.5499877929688,650.0650024414062,5862620,0.0,0.0,0.0
2025-09-09 15:30:00-04:00,650.0650024414062,650.8599853515625,649.6950073242188,650.3200073242188,8924328,0.0,0.0,0.0
2025-09-10 09:30:00-04:00,653.6199951171875,654.5499877929688,652.6799926757812,653.9400024414062,16823094,0.0,0.0,0.0
2025-09-10 10:30:00-04:00,653.9099731445312,654.030029296875,652.4600219726562,652.8200073242188,13613736,0.0,0.0,0.0
2025-09-10 11:30:00-04:00,652.8300170898438,653.6300048828125,652.340087890625,652.635009765625,6593820,0.0,0.0,0.0
2025-09-10 12:30:00-04:00,652.6400146484375,653.4600219726562,652.1099853515625,652.2899780273438,5272581,0.0,0.0,0.0
2025-09-10 13:30:00-04:00,652.2899780273438,652.719970703125,651.4000244140625,651.6900024414062,7186079,0.0,0.0,0.0
2025-09-10 14:30:00-04:00,651.6900024414062,652.139892578125,650.6300048828125,650.8400268554688,8818529,0.0,0.0,0.0
2025-09-10 15:30:00-04:00,650.9299926757812,652.7000122070312,650.6900024414062,652.2249755859375,10906819,0.0,0.0,0.0
2025-09-11 09:30:00-04:00,654.219970703125,656.25,653.5900268554688,655.9600219726562,16171940,0.0,0.0,0.0
2025-09-11 10:30:00-04:00,655.9550170898438,657.5900268554688,655.85498046875,657.4199829101562,9213273,0.0,0.0,0.0
2025-09-11 11:30:00-04:00,657.4199829101562,657.7999877929688,656.6400146484375,657.3499755859375,7414883,0.0,0.0,0.0
2025-09-11 12:30:00-04:00,657.3599853515625,657.5549926757812,656.85498046875,657.1199951171875,4417784,0.0,0.0,0.0
2025-09-11 13:30:00-04:00,657.114990234375,657.6599731445312,657.010009765625,657.3300170898438,6687601,0.0,0.0,0.0
2025-09-11 14:30:00-04:00,657.3300170898438,657.8300170898438,657.1599731445312,657.760009765625,7191749,0.0,0.0,0.0
2025-09-11 15:30:00-04:00,657.75,658.3300170898438,657.4650268554688,657.5900268554688,11803102,0.0,0.0,0.0
2025-09-12 09:30:00-04:00,657.5999755859375,658.2000122070312,657.14501953125,657.969970703125,12826070,0.0,0.0,0.0
2025-09-12 10:30:00-04:00,657.9600219726562,658.47998046875,657.6199951171875,657.6400146484375,6657943,0.0,0.0,0.0
2025-09-12 11:30:00-04:00,657.6400146484375,658.0599975585938,657.2100219726562,658.0499877929688,5222339,0.0,0.0,0.0
2025-09-12 12:30:00-04:00,658.0499877929688,658.280029296875,657.6500244140625,658.0999755859375,4933029,0.0,0.0,0.0
2025-09-12 13:30:00-04:00,658.0999755859375,658.5650024414062,657.9000244140625,658.5050048828125,5524799,0.0,0.0,0.0
2025-09-12 14:30:00-04:00,658.5050048828125,659.1099853515625,658.0700073242188,658.1699829101562,10941027,0.0,0.0,0.0
2025-09-12 15:30:00-04:00,658.1699829101562,658.3300170898438,656.9000244140625,657.4000244140625,17151968,0.0,0.0,0.0
2025-09-15 09:30:00-04:00,659.6400146484375,660.7349853515625,659.47998046875,660.6799926757812,13649223,0.0,0.0,0.0
2025-09-15 10:30:00-04:00,660.6599731445312,661.0399780273438,660.22998046875,660.3594970703125,8066227,0.0,0.0,0.0
2025-09-15 11:30:00-04:00,660.3499755859375,660.8900756835938,660.239990234375,660.6019897460938,5842420,0.0,0.0,0.0
2025-09-15 12:30:00-04:00,660.60498046875,660.8798828125,659.530029296875,659.75,6631436,0.0,0.0,0.0
2025-09-15 13:30:00-04:00,659.739990234375,660.6599731445312,659.7000122070312,659.9000244140625,6130503,0.0,0.0,0.0
2025-09-15 14:30:00-04:00,659.9000244140625,660.1599731445312,659.3400268554688,660.0700073242188,7749230,0.0,0.0,0.0
2025-09-15 15:30:00-04:00,660.0700073242188,660.9099731445312,659.760009765625,660.8499755859375,10465177,0.0,0.0,0.0
2025-09-16 09:30:00-04:00,661.469970703125,661.780029296875,659.6300048828125,659.9450073242188,15146686,0.0,0.0,0.0
2025-09-16 10:30:00-04:00,659.9400024414062,660.2999877929688,659.3900146484375,659.6300048828125,7296988,0.0,0.0,0.0
2025-09-16 11:30:00-04:00,659.6199951171875,659.9600219726562,659.2100219726562,659.905029296875,5532832,0.0,0.0,0.0
2025-09-16 12:30:00-04:00,659.9000244140625,660.4400024414062,659.47998046875,660.260009765625,4755497,0.0,0.0,0.0
2025-09-16 13:30:00-04:00,660.27001953125,660.405029296875,659.9266967773438,660.1900024414062,6623488,0.0,0.0,0.0
2025-09-16 14:30:00-04:00,660.2000122070312,660.739990234375,660.030029296875,660.14501953125,5749803,0.0,0.0,0.0
2025-09-16 15:30:00-04:00,660.1400146484375,660.6599731445312,659.6799926757812,659.9299926757812,10301559,0.0,0.0,0.0
2025-09-17 09:30:00-04:00,660.010009765625,660.655029296875,659.0900268554688,659.1599731445312,12506869,0.0,0.0,0.0
2025-09-17 10:30:00-04:00,659.1699829101562,659.6699829101562,658.864990234375,658.9400024414062,5950179,0.0,0.0,0.0
2025-09-17 11:30:00-04:00,658.9450073242188,659.3400268554688,658.72998046875,658.9299926757812,4063655,0.0,0.0,0.0
2025-09-17 12:30:00-04:00,658.9299926757812,658.9849853515625,658.1300048828125,658.64501953125,4722269,0.0,0.0,0.0
2025-09-17 13:30:00-04:00,658.6500244140625,661.719970703125,657.1300048828125,660.3499755859375,15840689,0.0,0.0,0.0
2025-09-17 14:30:00-04:00,660.3599853515625,660.6799926757812,654.2999877929688,660.1849975585938,27740819,0.0,0.0,0.0
2025-09-17 15:30:00-04:00,660.2000122070312,660.5700073242188,658.5,659.1799926757812,12745726,0.0,0.0,0.0
2025-09-18 09:30:00-04:00,661.8900146484375,664.489990234375,660.27001953125,664.4000244140625,24244720,0.0,0.0,0.0
2025-09-18 10:30:00-04:00,664.3800048828125,664.8900146484375,662.5999755859375,663.3250122070312,12625429,0.0,0.0,0.0
2025-09-18 11:30:00-04:00,663.3099975585938,663.9400024414062,662.1751098632812,663.4600219726562,7237612,0.0,0.0,0.0
2025-09-18 12:30:00-04:00,663.4600219726562,664.22998046875,663.2650146484375,663.3200073242188,8317397,0.0,0.0,0.0
2025-09-18 13:30:00-04:00,663.3200073242188,663.4500122070312,662.52001953125,662.7750244140625,6144700,0.0,0.0,0.0
2025-09-18 14:30:00-04:00,662.780029296875,663.510009765625,662.3400268554688,662.7100219726562,10496656,0.0,0.0,0.0
2025-09-18 15:30:00-04:00,662.7000122070312,663.0399780273438,661.9550170898438,662.2899780273438,14777202,0.0,0.0,0.0
2025-09-19 09:30:00-04:00,662.3300170898438,662.7000122070312,661.3200073242188,661.9199829101562,17300683,1.831,0.0,0.0
2025-09-19 10:30:00-04:00,661.9000244140625,662.2100219726562,660.6300048828125,660.760009765625,17767234,0.0,0.0,0.0
2025-09-19 11:30:00-04:00,660.739990234375,662.6799926757812,660.3699951171875,662.489990234375,7518824,0.0,0.0,0.0
2025-09-19 12:30:00-04:00,662.47998046875,662.760009765625,662.1300048828125,662.47998046875,4839739,0.0,0.0,0.0
2025-09-19 13:30:00-04:00,662.47998046875,662.8900146484375,662.3250122070312,662.530029296875,6925276,0.0,0.0,0.0
2025-09-19 14:30:00-04:00,662.52001953125,664.0499267578125,662.4199829101562,663.7999877929688,12608861,0.0,0.0,0.0
2025-09-19 15:30:00-04:00,663.7899780273438,664.5499877929688,663.385009765625,663.6199951171875,14869578,0.0,0.0,0.0
2025-09-22 09:30:00-04:00,662.2000122070312,664.1400146484375,662.1699829101562,664.0800170898438,13884703,0.0,0.0,0.0
2025-09-22 10:30:00-04:00,664.0700073242188,665.3200073242188,663.89501953125,664.9400024414062,8130257,0.0,0.0,0.0
2025-09-22 11:30:00-04:00,664.9400024414062,665.9299926757812,664.47998046875,665.844970703125,9505466,0.0,0.0,0.0
2025-09-22 12:30:00-04:00,665.844970703125,666.530029296875,665.7899780273438,666.510009765625,6543543,0.0,0.0,0.0
2025-09-22 13:30:00-04:00,666.5050048828125,666.780029296875,666.030029296875,666.5650024414062,6971116,0.0,0.0,0.0
2025-09-22 14:30:00-04:00,666.5700073242188,667.239990234375,666.4600219726562,667.1420288085938,5743352,0.0,0.0,0.0
2025-09-22 15:30:00-04:00,667.1400146484375,667.2899780273438,666.7100219726562,666.780029296875,11300614,0.0,0.0,0.0
2025-09-23 09:30:00-04:00,666.719970703125,667.3400268554688,666.3599853515625,666.6199951171875,13063179,0.0,0.0,0.0
2025-09-23 10:30:00-04:00,666.6300048828125,666.760009765625,666.02001953125,666.1500244140625,6214358,0.0,0.0,0.0
2025-09-23 11:30:00-04:00,666.1500244140625,666.239990234375,664.969970703125,665.239990234375,9082129,0.0,0.0,0.0
2025-09-23 12:30:00-04:00,665.2349853515625,665.8400268554688,663.6900024414062,663.7080078125,8996590,0.0,0.0,0.0
2025-09-23 13:30:00-04:00,663.7000732421875,663.8499755859375,662.0349731445312,662.6749877929688,12461158,0.0,0.0,0.0
2025-09-23 14:30:00-04:00,662.6500244140625,663.3198852539062,661.97998046875,662.369873046875,8850450,0.0,0.0,0.0
2025-09-23 15:30:00-04:00,662.3699951171875,663.5399780273438,662.2899780273438,663.25,11972191,0.0,0.0,0.0
2025-09-24 09:30:00-04:00,664.510009765625,664.6099853515625,662.4199829101562,663.2100219726562,13639550,0.0,0.0,0.0
2025-09-24 10:30:00-04:00,663.1900024414062,663.655029296875,662.4000244140625,662.6599731445312,6498506,0.0,0.0,0.0
2025-09-24 11:30:00-04:00,662.6500244140625,662.6849975585938,659.6699829101562,660.9099731445312,12123896,0.0,0.0,0.0
2025-09-24 12:30:00-04:00,660.9199829101562,661.6799926757812,660.4000244140625,661.3699951171875,5690222,0.0,0.0,0.0
2025-09-24 13:30:00-04:00,661.3800048828125,661.7999877929688,659.9600219726562,660.385009765625,7757971,0.0,0.0,0.0
2025-09-24 14:30:00-04:00,660.3900146484375,661.1500244140625,660.260009765625,660.7949829101562,5940362,0.0,0.0,0.0
2025-09-24 15:30:00-04:00,660.8099975585938,661.3800048828125,660.4849853515625,661.030029296875,9069454,0.0,0.0,0.0
2025-09-25 09:30:00-04:00,657.9400024414062,659.1500244140625,655.0800170898438,658.47998046875,23644624,0.0,0.0,0.0
2025-09-25 10:30:00-04:00,658.47998046875,659.0999755859375,657.1900024414062,657.4600219726562,9814871,0.0,0.0,0.0
2025-09-25 11:30:00-04:00,657.4600219726562,659.4055786132812,657.4600219726562,658.010009765625,8274490,0.0,0.0,0.0
2025-09-25 12:30:00-04:00,658.030029296875,658.97998046875,656.5700073242188,657.2949829101562,10272939,0.0,0.0,0.0
2025-09-25 13:30:00-04:00,657.280029296875,657.4650268554688,654.405029296875,656.989990234375,12371948,0.0,0.0,0.0
2025-09-25 14:30:00-04:00,656.97998046875,658.155029296875,656.6599731445312,657.4500122070312,8568172,0.0,0.0,0.0
2025-09-25 15:30:00-04:00,657.4500122070312,658.260009765625,657.0399780273438,657.9500122070312,8707290,0.0,0.0,0.0
2025-09-26 09:30:00-04:00,659.510009765625,662.3699951171875,657.8800048828125,658.781005859375,20562031,0.0,0.0,0.0
2025-09-26 10:30:00-04:00,658.7899780273438,659.9600219726562,658.0499877929688,659.9299926757812,7551046,0.0,0.0,0.0
2025-09-26 11:30:00-04:00,659.9149780273438,660.760009765625,658.5,660.4534301757812,6363666,0.0,0.0,0.0
2025-09-26 12:30:00-04:00,660.4498901367188,661.739990234375,660.0700073242188,661.625,5508795,0.0,0.0,0.0
2025-09-26 13:30:00-04:00,661.6300048828125,662.02001953125,660.760009765625,661.7249755859375,6617197,0.0,0.0,0.0
2025-09-26 14:30:00-04:00,661.739990234375,662.1400146484375,661.2999877929688,661.5999755859375,5979841,0.0,0.0,0.0
2025-09-26 15:30:00-04:00,661.6019897460938,661.9500122070312,661.1500244140625,661.72998046875,7834233,0.0,0.0,0.0
2025-09-29 09:30:00-04:00,664.3599853515625,665.280029296875,663.7249755859375,664.760009765625,15104673,0.0,0.0,0.0
2025-09-29 10:30:00-04:00,664.760009765625,665.1699829101562,663.2100219726562,663.530029296875,8385751,0.0,0.0,0.0
2025-09-29 11:30:00-04:00,663.5399780273438,663.7999877929688,662.8400268554688,663.469970703125,8758148,0.0,0.0,0.0
2025-09-29 12:30:00-04:00,663.47998046875,663.7000122070312,662.4000244140625,662.5599975585938,6030863,0.0,0.0,0.0
2025-09-29 13:30:00-04:00,662.5700073242188,663.594970703125,662.1900024414062,663.4600219726562,6650786,0.0,0.0,0.0
2025-09-29 14:30:00-04:00,663.469970703125,663.5800170898438,661.8599853515625,662.64501953125,10539508,0.0,0.0,0.0
2025-09-29 15:30:00-04:00,662.6400146484375,663.760009765625,662.6099853515625,663.5999755859375,11788604,0.0,0.0,0.0
2025-09-30 09:30:00-04:00,662.9299926757812,663.5512084960938,661.9692993164062,662.8571166992188,13066169,0.0,0.0,0.0
2025-09-30 10:30:00-04:00,662.8499755859375,663.6300048828125,661.6099853515625,662.22998046875,8070430,0.0,0.0,0.0
2025-09-30 11:30:00-04:00,662.2249755859375,664.0526733398438,661.8900146484375,663.405029296875,6960740,0.0,0.0,0.0
2025-09-30 12:30:00-04:00,663.4099731445312,663.6649780273438,661.780029296875,662.1300048828125,5151325,0.0,0.0,0.0
2025-09-30 13:30:00-04:00,662.1199951171875,664.030029296875,661.81201171875,663.8800048828125,7590620,0.0,0.0,0.0
2025-09-30 14:30:00-04:00,663.8699951171875,665.510009765625,663.5999755859375,665.3699951171875,9881494,0.0,0.0,0.0
2025-09-30 15:30:00-04:00,665.3800048828125,666.6500244140625,664.8499755859375,666.0900268554688,18846226,0.0,0.0,0.0
2025-10-01 09:30:00-04:00,663.1699829101562,665.7100219726562,663.0599975585938,665.530029296875,18154671,0.0,0.0,0.0
2025-10-01 10:30:00-04:00,665.530029296875,666.4400024414062,665.260009765625,666.3099975585938,8646721,0.0,0.0,0.0
2025-10-01 11:30:00-04:00,666.3099975585938,667.1799926757812,666.3099975585938,666.9199829101562,7262678,0.0,0.0,0.0
2025-10-01 12:30:00-04:00,666.9199829101562,668.0900268554688,666.4299926757812,667.969970703125,6252656,0.0,0.0,0.0
2025-10-01 13:30:00-04:00,667.97998046875,668.9349975585938,667.60498046875,668.77001953125,6268760,0.0,0.0,0.0
2025-10-01 14:30:00-04:00,668.7750244140625,669.3699951171875,668.7249755859375,669.125,6834344,0.0,0.0,0.0
2025-10-01 15:30:00-04:00,669.1199951171875,669.260009765625,668.489990234375,668.5,10307010,0.0,0.0,0.0
2025-10-02 09:30:00-04:00,670.4500122070312,670.5650024414062,668.2899780273438,668.7113037109375,13815065,0.0,0.0,0.0
2025-10-02 10:30:00-04:00,668.719970703125,669.02001953125,667.02001953125,667.6699829101562,7791031,0.0,0.0,0.0
2025-10-02 11:30:00-04:00,667.6488037109375,668.4199829101562,666.780029296875,668.138916015625,4921293,0.0,0.0,0.0
2025-10-02 12:30:00-04:00,668.1300048828125,668.7100219726562,667.5499877929688,668.5098876953125,4611526,0.0,0.0,0.0
2025-10-02 13:30:00-04:00,668.510009765625,669.6699829101562,668.3319091796875,669.5800170898438,5242120,0.0,0.0,0.0
2025-10-02 14:30:00-04:00,669.5800170898438,669.72998046875,669.219970703125,669.4749755859375,5449532,0.0,0.0,0.0
2025-10-02 15:30:00-04:00,669.47998046875,669.489990234375,668.8200073242188,669.1500244140625,10026555,0.0,0.0,0.0
2025-10-03 09:30:00-04:00,669.989990234375,671.5700073242188,669.9299926757812,671.3831787109375,11865676,0.0,0.0,0.0
2025-10-03 10:30:00-04:00,671.39501953125,672.280029296875,671.3200073242188,671.7713012695312,6954102,0.0,0.0,0.0
2025-10-03 11:30:00-04:00,671.77001953125,672.6749877929688,671.3499755859375,672.4600219726562,5755756,0.0,0.0,0.0
2025-10-03 12:30:00-04:00,672.4500122070312,672.5449829101562,670.3200073242188,670.3300170898438,8819600,0.0,0.0,0.0
2025-10-03 13:30:00-04:00,670.3300170898438,670.9500122070312,668.1599731445312,670.52001953125,14522789,0.0,0.0,0.0
2025-10-03 14:30:00-04:00,670.5369873046875,670.6849975585938,669.280029296875,669.6199951171875,7959881,0.0,0.0,0.0
2025-10-03 15:30:00-04:00,669.6099853515625,670.239990234375,668.780029296875,669.2000122070312,8300782,0.0,0.0,0.0
2025-10-06 09:30:00-04:00,671.6199951171875,671.6500244140625,669.4550170898438,670.5150146484375,15655077,0.0,0.0,0.0
2025-10-06 10:30:00-04:00,670.5150146484375,671.375,670.14501953125,671.1500244140625,6383341,0.0,0.0,0.0
2025-10-06 11:30:00-04:00,671.1500244140625,671.9249877929688,671.0449829101562,671.8206787109375,5241048,0.0,0.0,0.0
2025-10-06 12:30:00-04:00,671.8300170898438,672.3200073242188,671.3300170898438,672.0599975585938,4672135,0.0,0.0,0.0
2025-10-06 13:30:00-04:00,672.0800170898438,672.469970703125,671.7899780273438,672.239990234375,5141450,0.0,0.0,0.0
2025-10-06 14:30:00-04:00,672.2484130859375,672.510009765625,671.6500244140625,671.7550048828125,5150909,0.0,0.0,0.0
2025-10-06 15:30:00-04:00,671.75,672.0900268554688,671.5399780273438,671.5800170898438,7648168,0.0,0.0,0.0
2025-10-07 09:30:00-04:00,672.5399780273438,672.989990234375,671.260009765625,671.27001953125,11873049,0.0,0.0,0.0
2025-10-07 10:30:00-04:00,671.2750244140625,671.6900024414062,668.8099975585938,669.2899780273438,16047849,0.0,0.0,0.0
2025-10-07 11:30:00-04:00,669.280029296875,669.4000244140625,667.6699829101562,668.4000244140625,14096923,0.0,0.0,0.0
2025-10-07 12:30:00-04:00,668.4000244140625,669.5399780273438,668.1300048828125,668.989990234375,6479381,0.0,0.0,0.0
2025-10-07 13:30:00-04:00,668.9199829101562,669.1900024414062,667.8099975585938,668.6295776367188,5017731,0.0,0.0,0.0
2025-10-07 14:30:00-04:00,668.625,669.1400146484375,668.530029296875,668.5700073242188,4651374,0.0,0.0,0.0
2025-10-07 15:30:00-04:00,668.5700073242188,669.4000244140625,668.5499877929688,669.1300048828125,7511055,0.0,0.0,0.0
2025-10-08 09:30:00-04:00,670.25,671.9600219726562,669.4199829101562,671.8900146484375,14327924,0.0,0.0,0.0
2025-10-08 10:30:00-04:00,671.885009765625,672.72998046875,671.3400268554688,672.5449829101562,8297307,0.0,0.0,0.0
2025-10-08 11:30:00-04:00,672.5399780273438,673.0985107421875,672.3599853515625,672.6400146484375,5306939,0.0,0.0,0.0
2025-10-08 12:30:00-04:00,672.6400146484375,673.030029296875,672.22998046875,672.89501953125,3676009,0.0,0.0,0.0
2025-10-08 13:30:00-04:00,672.89501953125,673.1400146484375,672.469970703125,672.7999877929688,6051176,0.0,0.0,0.0
2025-10-08 14:30:00-04:00,672.8099975585938,673.010009765625,672.1500244140625,672.89501953125,6435076,0.0,0.0,0.0
2025-10-08 15:30:00-04:00,672.8900146484375,673.2056274414062,672.6599731445312,673.0399780273438,8920441,0.0,0.0,0.0
2025-10-09 09:30:00-04:00,673.530029296875,673.9400024414062,671.1199951171875,671.2249755859375,15147011,0.0,0.0,0.0
2025-10-09 10:30:00-04:00,671.22998046875,671.8510131835938,669.969970703125,670.75,9564888,0.0,0.0,0.0
2025-10-09 11:30:00-04:00,670.75,671.5800170898438,669.989990234375,670.9650268554688,5923568,0.0,0.0,0.0
2025-10-09 12:30:00-04:00,670.969970703125,671.125,669.3400268554688,669.4688110351562,6897227,0.0,0.0,0.0
2025-10-09 13:30:00-04:00,669.4600219726562,670.3800048828125,669.2100219726562,669.8200073242188,5446757,0.0,0.0,0.0
2025-10-09 14:30:00-04:00,669.8099975585938,670.6699829101562,669.5184936523438,670.510009765625,6268770,0.0,0.0,0.0
2025-10-09 15:30:00-04:00,670.510009765625,671.260009765625,670.4400024414062,671.1900024414062,10149816,0.0,0.0,0.0
2025-10-10 09:30:00-04:00,672.1300048828125,673.9500122070312,671.7999877929688,672.5700073242188,13260158,0.0,0.0,0.0
2025-10-10 10:30:00-04:00,672.5900268554688,673.0650024414062,661.9299926757812,662.4400024414062,36483123,0.0,0.0,0.0
2025-10-10 11:30:00-04:00,662.4400024414062,664.0900268554688,659.469970703125,661.5700073242188,29203197,0.0,0.0,0.0
2025-10-10 12:30:00-04:00,661.5800170898438,662.755615234375,657.739990234375,659.780029296875,14381583,0.0,0.0,0.0
2025-10-10 13:30:00-04:00,659.77001953125,660.9299926757812,658.6400146484375,659.0999755859375,10836324,0.0,0.0,0.0
2025-10-10 14:30:00-04:00,659.0999755859375,659.510009765625,655.510009765625,655.989990234375,15751204,0.0,0.0,0.0
2025-10-10 15:30:00-04:00,656.010009765625,656.8099975585938,652.8400268554688,653.1099853515625,21676584,0.0,0.0,0.0
2025-10-13 09:30:00-04:00,660.6500244140625,663.22998046875,659.7999877929688,660.8499755859375,24424144,0.0,0.0,0.0
2025-10-13 10:30:00-04:00,660.8800048828125,662.8499755859375,659.7678833007812,662.719970703125,10043849,0.0,0.0,0.0
2025-10-13 11:30:00-04:00,662.719970703125,665.1300048828125,662.22998046875,663.489990234375,8366147,0.0,0.0,0.0
2025-10-13 12:30:00-04:00,663.4849853515625,664.6099853515625,662.9149780273438,663.1199951171875,6822830,0.0,0.0,0.0
2025-10-13 13:30:00-04:00,663.1300048828125,664.0499877929688,662.3699951171875,663.9400024414062,4946834,0.0,0.0,0.0
2025-10-13 14:30:00-04:00,663.9349975585938,664.27001953125,661.6799926757812,662.8192749023438,8823369,0.0,0.0,0.0
2025-10-13 15:30:00-04:00,662.7999877929688,663.6500244140625,662.6300048828125,663.0499877929688,9545246,0.0,0.0,0.0
2025-10-14 09:30:00-04:00,657.1699829101562,659.9099731445312,653.1699829101562,659.7899780273438,23138635,0.0,0.0,0.0
2025-10-14 10:30:00-04:00,659.780029296875,661.1099853515625,659.040771484375,659.6749877929688,9588837,0.0,0.0,0.0
2025-10-14 11:30:00-04:00,659.6799926757812,663.9600219726562,659.6400146484375,663.635009765625,9877089,0.0,0.0,0.0
2025-10-14 12:30:00-04:00,663.6400146484375,665.6400146484375,663.5700073242188,665.3499755859375,8813731,0.0,0.0,0.0
2025-10-14 13:30:00-04:00,665.3400268554688,665.8300170898438,664.3900146484375,665.1199951171875,5560954,0.0,0.0,0.0
2025-10-14 14:30:00-04:00,665.1099853515625,665.3599853515625,664.4520263671875,664.7899780273438,5388867,0.0,0.0,0.0
2025-10-14 15:30:00-04:00,664.7899780273438,664.7999877929688,660.280029296875,662.2000122070312,19606185,0.0,0.0,0.0
2025-10-15 09:30:00-04:00,666.8200073242188,670.22998046875,666.0499877929688,669.6099853515625,17433368,0.0,0.0,0.0
2025-10-15 10:30:00-04:00,669.6300048828125,669.89501953125,667.6500244140625,667.7100219726562,5999554,0.0,0.0,0.0
2025-10-15 11:30:00-04:00,667.6900024414062,667.8400268554688,663.9149780273438,665.5900268554688,11444331,0.0,0.0,0.0
2025-10-15 12:30:00-04:00,665.5800170898438,665.760009765625,658.9299926757812,660.8599853515625,12909879,0.0,0.0,0.0
2025-10-15 13:30:00-04:00,660.8900146484375,664.9099731445312,660.7000122070312,664.3109741210938,7507498,0.0,0.0,0.0
2025-10-15 14:30:00-04:00,664.3200073242188,665.8364868164062,664.1900024414062,665.3599853515625,6421466,0.0,0.0,0.0
2025-10-15 15:30:00-04:00,665.3699951171875,665.4600219726562,663.25,665.0800170898438,13960458,0.0,0.0,0.0
2025-10-16 09:30:00-04:00,666.8200073242188,668.0800170898438,665.4199829101562,666.9299926757812,16329797,0.0,0.0,0.0
2025-10-16 10:30:00-04:00,666.9500122070312,668.7100219726562,665.469970703125,665.8150024414062,10033189,0.0,0.0,0.0
2025-10-16 11:30:00-04:00,665.8099975585938,666.780029296875,662.2899780273438,662.469970703125,12944749,0.0,0.0,0.0
2025-10-16 12:30:00-04:00,662.47998046875,664.260009765625,659.3300170898438,663.5040283203125,19064371,0.0,0.0,0.0
2025-10-16 13:30:00-04:00,663.510009765625,664.0,657.4500122070312,658.385009765625,13512845,0.0,0.0,0.0
2025-10-16 14:30:00-04:00,658.3900146484375,660.9298706054688,657.1099853515625,658.9099731445312,14584616,0.0,0.0,0.0
2025-10-16 15:30:00-04:00,658.9199829101562,661.25,658.1400146484375,660.6699829101562,14019337,0.0,0.0,0.0
2025-10-17 09:30:00-04:00,659.5,663.7150268554688,658.22998046875,662.3099975585938,25472776,0.0,0.0,0.0
2025-10-17 10:30:00-04:00,662.3099975585938,662.4000244140625,658.510009765625,659.4199829101562,14665976,0.0,0.0,0.0
2025-10-17 11:30:00-04:00,659.4400024414062,663.3599853515625,658.1400146484375,663.1099853515625,10154976,0.0,0.0,0.0
2025-10-17 12:30:00-04:00,663.1300048828125,663.635009765625,660.5499877929688,661.1900024414062,6951317,0.0,0.0,0.0
2025-10-17 13:30:00-04:00,661.1599731445312,665.0399780273438,660.7100219726562,664.6300048828125,8819016,0.0,0.0,0.0
2025-10-17 14:30:00-04:00,664.6500244140625,665.7550048828125,664.030029296875,665.1300048828125,8491669,0.0,0.0,0.0
2025-10-17 15:30:00-04:00,665.1300048828125,665.1300048828125,664.030029296875,664.3200073242188,10296849,0.0,0.0,0.0
2025-10-20 09:30:00-04:00,667.3200073242188,670.3900146484375,667.27001953125,670.2650146484375,13682235,0.0,0.0,0.0
2025-10-20 10:30:00-04:00,670.260009765625,671.4600219726562,669.8099975585938,670.9199829101562,8249861,0.0,0.0,0.0
2025-10-20 11:30:00-04:00,670.9299926757812,671.3099975585938,670.1599731445312,670.8099975585938,7691863,0.0,0.0,0.0
2025-10-20 12:30:00-04:00,670.8049926757812,672.010009765625,670.2999877929688,671.6099243164062,4774133,0.0,0.0,0.0
2025-10-20 13:30:00-04:00,671.6099853515625,672.2100219726562,671.5449829101562,671.8413696289062,4078188,0.0,0.0,0.0
2025-10-20 14:30:00-04:00,671.8499755859375,672.030029296875,671.1749877929688,671.7100219726562,5444832,0.0,0.0,0.0
2025-10-20 15:30:00-04:00,671.719970703125,672.0999755859375,671.2000122070312,671.260009765625,8971962,0.0,0.0,0.0
2025-10-21 09:30:00-04:00,671.4400024414062,671.9000244140625,669.9810180664062,670.5999755859375,11806908,0.0,0.0,0.0
2025-10-21 10:30:00-04:00,670.5900268554688,672.7313232421875,670.260009765625,671.9000244140625,9463513,0.0,0.0,0.0
2025-10-21 11:30:00-04:00,671.9000244140625,672.6900024414062,671.4000244140625,672.6300048828125,5766149,0.0,0.0,0.0
2025-10-21 12:30:00-04:00,672.6500244140625,672.989990234375,670.760009765625,671.6099853515625,7703827,0.0,0.0,0.0
2025-10-21 13:30:00-04:00,671.625,672.52001953125,671.25,672.280029296875,4486077,0.0,0.0,0.0
2025-10-21 14:30:00-04:00,672.280029296875,672.4299926757812,671.6900024414062,671.905029296875,4864153,0.0,0.0,0.0
2025-10-21 15:30:00-04:00,671.9000244140625,672.4000244140625,671.1599731445312,671.25,6694212,0.0,0.0,0.0
2025-10-22 09:30:00-04:00,672.0,672.0,669.3250122070312,669.4299926757812,10333100,0.0,0.0,0.0
2025-10-22 10:30:00-04:00,669.4500122070312,670.4099731445312,667.5999755859375,667.8499755859375,11308219,0.0,0.0,0.0
2025-10-22 11:30:00-04:00,667.8599853515625,669.7650146484375,667.1500244140625,667.6199951171875,6656966,0.0,0.0,0.0
2025-10-22 12:30:00-04:00,667.5900268554688,668.219970703125,664.010009765625,665.4199829101562,15215927,0.0,0.0,0.0
2025-10-22 13:30:00-04:00,665.4099731445312,666.2000122070312,663.2999877929688,665.673095703125,9837181,0.0,0.0,0.0
2025-10-22 14:30:00-04:00,665.6599731445312,667.6400146484375,665.0499877929688,667.4299926757812,10281771,0.0,0.0,0.0
2025-10-22 15:30:00-04:00,667.4201049804688,668.3599853515625,667.2999877929688,667.8099975585938,10558184,0.0,0.0,0.0
2025-10-23 09:30:00-04:00,668.1199951171875,670.739990234375,667.7999877929688,669.4000244140625,13386251,0.0,0.0,0.0
2025-10-23 10:30:00-04:00,669.4000244140625,670.3900146484375,668.989990234375,670.0399780273438,6176978,0.0,0.0,0.0
2025-10-23 11:30:00-04:00,670.030029296875,671.0800170898438,668.72998046875,670.5399780273438,5485990,0.0,0.0,0.0
2025-10-23 12:30:00-04:00,670.5399780273438,671.6500244140625,670.4000244140625,671.010009765625,6176660,0.0,0.0,0.0
2025-10-23 13:30:00-04:00,671.0150146484375,672.5499877929688,670.9902954101562,672.489990234375,6679689,0.0,0.0,0.0
2025-10-23 14:30:00-04:00,672.4849853515625,672.7100830078125,672.27001953125,672.4509887695312,7558689,0.0,0.0,0.0
2025-10-23 15:30:00-04:00,672.4500122070312,672.4500122070312,671.2999877929688,671.6099853515625,11964817,0.0,0.0,0.0
2025-10-24 09:30:00-04:00,676.4600219726562,677.9400024414062,675.6500244140625,676.780029296875,15088350,0.0,0.0,0.0
2025-10-24 10:30:00-04:00,676.760009765625,678.3800048828125,675.9099731445312,678.1500244140625,9123041,0.0,0.0,0.0
2025-10-24 11:30:00-04:00,678.1900024414062,678.4600219726562,677.469970703125,677.885009765625,6316492,0.0,0.0,0.0
2025-10-24 12:30:00-04:00,677.8900146484375,678.2451782226562,677.2100219726562,678.0599975585938,4618665,0.0,0.0,0.0
2025-10-24 13:30:00-04:00,678.052001953125,678.4299926757812,677.8699951171875,678.1699829101562,3849094,0.0,0.0,0.0
2025-10-24 14:30:00-04:00,678.1599731445312,678.469970703125,677.75,678.2420043945312,5141529,0.0,0.0,0.0
2025-10-24 15:30:00-04:00,678.239990234375,678.27001953125,676.7650146484375,677.1099853515625,14980081,0.0,0.0,0.0
2025-10-27 09:30:00-04:00,682.72998046875,683.6099853515625,682.114990234375,683.030029296875,14388923,0.0,0.0,0.0
2025-10-27 10:30:00-04:00,683.030029296875,683.3699951171875,682.5499877929688,683.3599853515625,6305695,0.0,0.0,0.0
2025-10-27 11:30:00-04:00,683.3599853515625,683.780029296875,683.2000122070312,683.5,5122235,0.0,0.0,0.0
2025-10-27 12:30:00-04:00,683.510009765625,683.8800048828125,683.1699829101562,683.4398803710938,4548864,0.0,0.0,0.0
2025-10-27 13:30:00-04:00,683.4400024414062,683.989990234375,683.3150024414062,683.8499755859375,5052167,0.0,0.0,0.0
2025-10-27 14:30:00-04:00,683.85498046875,684.2899780273438,683.85498046875,684.22998046875,6131972,0.0,0.0,0.0
2025-10-27 15:30:00-04:00,684.22998046875,685.5399780273438,684.1849975585938,685.1900024414062,13299437,0.0,0.0,0.0
2025-10-28 09:30:00-04:00,687.0499877929688,687.2249755859375,685.1199951171875,686.1300048828125,11751742,0.0,0.0,0.0
2025-10-28 10:30:00-04:00,686.1199951171875,686.3699951171875,685.3699951171875,685.530029296875,6552327,0.0,0.0,0.0
2025-10-28 11:30:00-04:00,685.52001953125,686.2244873046875,684.8300170898438,686.1820068359375,4795708,0.0,0.0,0.0
2025-10-28 12:30:00-04:00,686.1799926757812,688.3200073242188,686.0599975585938,687.010009765625,6949015,0.0,0.0,0.0
2025-10-28 13:30:00-04:00,687.02001953125,688.4000244140625,686.875,688.051025390625,5511839,0.0,0.0,0.0
2025-10-28 14:30:00-04:00,688.0549926757812,688.905029296875,687.780029296875,688.6900024414062,7446727,0.0,0.0,0.0
2025-10-28 15:30:00-04:00,688.7000122070312,688.7100219726562,686.905029296875,686.97998046875,11437551,0.0,0.0,0.0
2025-10-29 09:30:00-04:00,688.719970703125,689.7000122070312,688.1500244140625,688.97998046875,13854605,0.0,0.0,0.0
2025-10-29 10:30:00-04:00,688.97998046875,689.110107421875,687.8099975585938,688.3099975585938,11165854,0.0,0.0,0.0
2025-10-29 11:30:00-04:00,688.3200073242188,688.530029296875,687.5900268554688,688.469970703125,7199840,0.0,0.0,0.0
2025-10-29 12:30:00-04:00,688.469970703125,688.8099975585938,687.739990234375,687.9299926757812,3626569,0.0,0.0,0.0
2025-10-29 13:30:00-04:00,687.8900146484375,688.9400024414062,687.3300170898438,688.010009765625,6768542,0.0,0.0,0.0
2025-10-29 14:30:00-04:00,688.0,688.719970703125,682.8699951171875,685.4299926757812,23454876,0.0,0.0,0.0
2025-10-29 15:30:00-04:00,685.3900146484375,687.3599853515625,684.0499877929688,687.2999877929688,11501712,0.0,0.0,0.0
2025-10-30 09:30:00-04:00,683.9000244140625,685.9400024414062,681.3900146484375,683.469970703125,18837297,0.0,0.0,0.0
2025-10-30 10:30:00-04:00,683.4600219726562,685.719970703125,683.4099731445312,684.7999877929688,6813187,0.0,0.0,0.0
2025-10-30 11:30:00-04:00,684.7999877929688,685.1500244140625,683.010009765625,684.9299926757812,6261673,0.0,0.0,0.0
2025-10-30 12:30:00-04:00,684.9500122070312,684.9500122070312,683.0700073242188,684.4000244140625,5035455,0.0,0.0,0.0
2025-10-30 13:30:00-04:00,684.4000244140625,684.6400146484375,682.5399780273438,682.9400024414062,6153682,0.0,0.0,0.0
2025-10-30 14:30:00-04:00,682.9299926757812,683.489990234375,680.3400268554688,681.280029296875,9536437,0.0,0.0,0.0
2025-10-30 15:30:00-04:00,681.2899780273438,681.9849853515625,679.8599853515625,679.969970703125,13490572,0.0,0.0,0.0
2025-10-31 09:30:00-04:00,685.0399780273438,685.0800170898438,682.2100219726562,683.25,14350210,0.0,0.0,0.0
2025-10-31 10:30:00-04:00,683.239990234375,684.75,683.0900268554688,683.739990234375,6749024,0.0,0.0,0.0
2025-10-31 11:30:00-04:00,683.75,684.1799926757812,680.510009765625,681.77001953125,11407525,0.0,0.0,0.0
2025-10-31 12:30:00-04:00,681.760009765625,682.4500122070312,679.239990234375,679.7899780273438,7940723,0.0,0.0,0.0
2025-10-31 13:30:00-04:00,679.7999877929688,682.4400024414062,679.4299926757812,682.3099975585938,7245133,0.0,0.0,0.0
2025-10-31 14:30:00-04:00,682.3200073242188,684.280029296875,681.72998046875,684.1099853515625,8229578,0.0,0.0,0.0
2025-10-31 15:30:00-04:00,684.0900268554688,684.7999877929688,681.9299926757812,681.9749755859375,19675444,0.0,0.0,0.0
2025-11-03 09:30:00-05:00,685.6699829101562,685.7999877929688,680.239990234375,680.4600219726562,15033447,0.0,0.0,0.0
2025-11-03 10:30:00-05:00,680.4500122070312,682.8599853515625,679.9400024414062,682.0501098632812,6734250,0.0,0.0,0.0
2025-11-03 11:30:00-05:00,682.0599975585938,683.9000244140625,681.9500122070312,682.7479858398438,4962814,0.0,0.0,0.0
2025-11-03 12:30:00-05:00,682.75,684.2100219726562,682.72998046875,683.6300048828125,3456101,0.0,0.0,0.0
2025-11-03 13:30:00-05:00,683.6400146484375,684.22998046875,683.0800170898438,683.260009765625,4071677,0.0,0.0,0.0
2025-11-03 14:30:00-05:00,683.25,683.655029296875,682.5800170898438,683.1300048828125,6422260,0.0,0.0,0.0
2025-11-03 15:30:00-05:00,683.1400146484375,683.3800048828125,682.4500122070312,683.3499755859375,9788794,0.0,0.0,0.0
2025-11-04 09:30:00-05:00,676.1099853515625,679.64501953125,674.6699829101562,679.3200073242188,17674626,0.0,0.0,0.0
2025-11-04 10:30:00-05:00,679.3200073242188,679.9600219726562,677.5599975585938,678.2000122070312,7140950,0.0,0.0,0.0
2025-11-04 11:30:00-05:00,678.2100219726562,678.6300048828125,675.6799926757812,676.9299926757812,7361680,0.0,0.0,0.0
2025-11-04 12:30:00-05:00,676.9299926757812,677.25,674.97998046875,675.25,6018757,0.0,0.0,0.0
2025-11-04 13:30:00-05:00,675.25,676.6799926757812,674.7100219726562,676.2949829101562,8127022,0.0,0.0,0.0
2025-11-04 14:30:00-05:00,676.2899780273438,676.375,674.5800170898438,675.9600219726562,9265368,0.0,0.0,0.0
2025-11-04 15:30:00-05:00,675.969970703125,676.5349731445312,674.614990234375,675.3400268554688,14041781,0.0,0.0,0.0
2025-11-05 09:30:00-05:00,674.97998046875,678.0900268554688,674.1699829101562,677.4400024414062,16529139,0.0,0.0,0.0
2025-11-05 10:30:00-05:00,677.4349975585938,678.3984985351562,676.760009765625,678.2899780273438,7754225,0.0,0.0,0.0
2025-11-05 11:30:00-05:00,678.27001953125,680.0999755859375,678.0850219726562,680.0458984375,6475145,0.0,0.0,0.0
2025-11-05 12:30:00-05:00,680.0499877929688,680.8599243164062,679.9400024414062,680.4099731445312,6079943,0.0,0.0,0.0
2025-11-05 13:30:00-05:00,680.4000244140625,680.8599853515625,679.739990234375,680.2100219726562,4969954,0.0,0.0,0.0
2025-11-05 14:30:00-05:00,680.2100219726562,680.52001953125,679.6699829101562,679.760009765625,6145774,0.0,0.0,0.0
2025-11-05 15:30:00-05:00,679.760009765625,679.864990234375,677.4000244140625,677.5,13994312,0.0,0.0,0.0
2025-11-06 09:30:00-05:00,676.469970703125,677.3800048828125,672.52001953125,674.5399169921875,16428944,0.0,0.0,0.0
2025-11-06 10:30:00-05:00,674.5399780273438,674.6699829101562,670.219970703125,671.4099731445312,13018591,0.0,0.0,0.0
2025-11-06 11:30:00-05:00,671.4099731445312,671.4099731445312,668.719970703125,669.5850219726562,8873590,0.0,0.0,0.0
2025-11-06 12:30:00-05:00,669.5800170898438,671.5800170898438,669.1300048828125,670.9600219726562,7639737,0.0,0.0,0.0
2025-11-06 13:30:00-05:00,670.9400024414062,673.5250244140625,670.9099731445312,673.4000244140625,6920127,0.0,0.0,0.0
2025-11-06 14:30:00-05:00,673.3900146484375,673.7000122070312,672.030029296875,672.3200073242188,7663822,0.0,0.0,0.0
2025-11-06 15:30:00-05:00,672.3099975585938,672.719970703125,669.530029296875,670.239990234375,14641776,0.0,0.0,0.0
2025-11-07 09:30:00-05:00,667.9099731445312,667.97998046875,663.969970703125,665.9299926757812,21982631,0.0,0.0,0.0
2025-11-07 10:30:00-05:00,665.9149780273438,666.3099975585938,662.25,662.8250122070312,14548847,0.0,0.0,0.0
2025-11-07 11:30:00-05:00,662.8200073242188,664.2750244140625,661.2050170898438,663.5750122070312,10693271,0.0,0.0,0.0
2025-11-07 12:30:00-05:00,663.52001953125,665.5750122070312,662.010009765625,665.3099975585938,7717916,0.0,0.0,0.0
2025-11-07 13:30:00-05:00,665.2999877929688,666.6799926757812,664.219970703125,666.4500122070312,8683895,0.0,0.0,0.0
2025-11-07 14:30:00-05:00,666.47998046875,670.030029296875,666.47998046875,668.6649780273438,16350929,0.0,0.0,0.0
2025-11-07 15:30:00-05:00,668.6599731445312,671.0800170898438,668.6599731445312,670.9199829101562,11413721,0.0,0.0,0.0
