,Open,High,Low,Close,Volume
2025-10-30 09:30:00,450.0,450.22499999999997,449.77500000000003,450.0,171958
2025-10-30 09:31:00,450.0,450.08183033637386,449.9894630981375,450.01329196842903,47194
2025-10-30 09:32:00,450.01329196842903,450.0531285106305,449.9286713846833,449.94721769067854,51090
2025-10-30 09:33:00,449.94721769067854,449.9716300288827,449.88412055961686,449.90496995193286,63707
2025-10-30 09:34:00,449.90496995193286,450.01470653477605,449.8359165339845,449.8630631257757,28431
2025-10-30 09:35:00,449.8630631257757,449.95931675600264,449.77146767637737,449.7997814463624,66886
2025-10-30 09:36:00,449.7997814463624,449.9045810082551,449.7950699938889,449.85355235343906,51606
2025-10-30 09:37:00,449.85355235343906,449.86667430039347,449.77244772968817,449.7995124637709,58555
2025-10-30 09:38:00,449.7995124637709,450.00315496481187,449.7445989759158,449.96614322863877,29457
2025-10-30 09:39:00,449.96614322863877,450.057914118283,449.8681255626681,449.9952110232478,42606
2025-10-30 09:40:00,449.9952110232478,450.0004151405716,449.8877146531016,449.9012613463458,33247
2025-10-30 09:41:00,449.9012613463458,450.16008860783023,449.89692355679273,450.1118822919867,96088
2025-10-30 09:42:00,450.1118822919867,450.18008247701334,450.0843500154144,450.1496108595113,58190
2025-10-30 09:43:00,450.1496108595113,450.2843618488202,450.1118335153608,450.2424316662809,32662
2025-10-30 09:44:00,450.2424316662809,450.28278847952487,450.2095457048378,450.21458755987993,45222
2025-10-30 09:45:00,450.21458755987993,450.377873876164,450.1939729057708,450.3001288173435,18110
2025-10-30 09:46:00,450.3001288173435,450.31640246611494,450.0792073762641,450.1484418526548,16910
2025-10-30 09:47:00,450.1484418526548,450.191906280807,450.1281152978543,450.13488933630646,64268
2025-10-30 09:48:00,450.13488933630646,450.14477753439866,450.1086038456827,450.12467836382183,66044
2025-10-30 09:49:00,450.12467836382183,450.30787197102336,450.11148704395305,450.27078167737704,52557
2025-10-30 09:50:00,450.27078167737704,450.3631062676309,450.2566200806302,450.3515269701269,79163
2025-10-30 09:51:00,450.3515269701269,450.3853387271272,450.3057818958921,450.32053553069085,33776
2025-10-30 09:52:00,450.32053553069085,450.38130133222944,450.19705343891445,450.24293647125063,68053
2025-10-30 09:53:00,450.24293647125063,450.2618757297841,450.1000582243718,450.11548433543135,44766
2025-10-30 09:54:00,450.11548433543135,450.12904734128045,449.9776212799972,450.04326085110995,64384
2025-10-30 09:55:00,450.04326085110995,450.1643460705688,450.009132850099,450.1168765435903,36736
2025-10-30 09:56:00,450.1168765435903,450.17794109756943,450.1130881310647,450.158054644207,48623
2025-10-30 09:57:00,450.158054644207,450.17702872609743,450.09101709231487,450.10631264842993,97455
2025-10-30 09:58:00,450.10631264842993,450.1159595287168,450.0746272573252,450.10564827801426,22688
2025-10-30 09:59:00,450.10564827801426,450.2950452174333,450.0792335087491,450.2319294065592,90623
2025-10-30 10:00:00,450.2319294065592,450.43043770089776,450.17803272473975,450.42917201909677,123326
2025-10-30 10:01:00,450.42917201909677,450.4915053452039,450.39993525914207,450.4750387123148,93763
2025-10-30 10:02:00,450.4750387123148,450.49431962242625,450.29867373072744,450.4099114154312,21111
2025-10-30 10:03:00,450.4099114154312,450.42441738532966,450.3477558513603,450.38439539736936,26371
2025-10-30 10:04:00,450.38439539736936,450.3990099637547,450.30929086032575,450.31856142071445,30932
2025-10-30 10:05:00,450.31856142071445,450.37218207921615,450.17539454898775,450.2338977982351,76690
2025-10-30 10:06:00,450.2338977982351,450.275349334634,450.190630405319,450.20083746925513,39299
2025-10-30 10:07:00,450.20083746925513,450.25938780955465,450.1168401445105,450.22722576383876,71135
2025-10-30 10:08:00,450.22722576383876,450.3297814907481,450.22608724608807,450.2698922601303,68871
2025-10-30 10:09:00,450.2698922601303,450.35047201621126,450.23082499411976,450.3081189352057,50818
2025-10-30 10:10:00,450.3081189352057,450.3455552397972,450.2406494661983,450.321255490484,57333
2025-10-30 10:11:00,450.321255490484,450.3834273213706,450.32066998765663,450.34617544011144,49790
2025-10-30 10:12:00,450.34617544011144,450.5052790234874,450.3075736773833,450.47709414261533,55714
2025-10-30 10:13:00,450.47709414261533,450.48568017769804,450.4487077365262,450.47605053856813,42635
2025-10-30 10:14:00,450.47605053856813,450.57150128781075,450.3299126593954,450.3995686081455,76235
2025-10-30 10:15:00,450.3995686081455,450.4677972617961,450.25814394911976,450.27824954622105,36641
2025-10-30 10:16:00,450.27824954622105,450.31814378752216,450.26089954269463,450.3103452712707,61885
2025-10-30 10:17:00,450.3103452712707,450.3441528537475,450.19161060379395,450.2377824825218,37751
2025-10-30 10:18:00,450.2377824825218,450.2809606503936,450.1140618658586,450.1762764345308,64748
2025-10-30 10:19:00,450.1762764345308,450.1992576282042,450.0486215282433,450.0816103109573,99912
2025-10-30 10:20:00,450.0816103109573,450.16922838025823,450.0758612012285,450.14420284297483,97922
2025-10-30 10:21:00,450.14420284297483,450.1548630952698,450.09779353865616,450.11964070523214,62921
2025-10-30 10:22:00,450.11964070523214,450.20291681478454,450.0470491963822,450.17202330094335,66661
2025-10-30 10:23:00,450.17202330094335,450.19120179358845,450.01337369696705,450.0377335843048,58747
2025-10-30 10:24:00,450.0377335843048,450.26020037898314,449.9547730093196,450.1526572905248,49734
2025-10-30 10:25:00,450.1526572905248,450.2422646582092,450.04132378333867,450.079920336753,42217
2025-10-30 10:26:00,450.079920336753,450.22327679406726,450.04095443387064,450.2005422393852,84740
2025-10-30 10:27:00,450.2005422393852,450.21598992845696,450.0528109158469,450.0610855370866,23500
2025-10-30 10:28:00,450.0610855370866,450.2086243706377,450.01461829349233,450.1131033394769,69638
2025-10-30 10:29:00,450.1131033394769,450.12495958170393,450.0392566416138,450.051887567254,88781
2025-10-30 10:30:00,450.051887567254,450.09360424809176,449.9948448404499,449.997523466731,45247
2025-10-30 10:31:00,449.997523466731,450.0917436783775,449.93531116048376,449.9542113730523,89605
2025-10-30 10:32:00,449.9542113730523,449.97251658772126,449.9332585905609,449.9667384682454,33289
2025-10-30 10:33:00,449.9667384682454,450.2573397599636,449.9229732243609,450.2535502675499,135358
2025-10-30 10:34:00,450.2535502675499,450.3957751579084,450.2362013860546,450.39263132343535,70890
2025-10-30 10:35:00,450.39263132343535,450.54159594798966,450.3824081177658,450.46010965883283,48304
2025-10-30 10:36:00,450.46010965883283,450.49024430624,450.3965965083571,450.4356981207669,96027
2025-10-30 10:37:00,450.4356981207669,450.44504908754203,450.3520175325085,450.3918767842538,85353
2025-10-30 10:38:00,450.3918767842538,450.39315686361664,450.27273351865523,450.35003269919093,92745
2025-10-30 10:39:00,450.35003269919093,450.4449013907368,450.313425451011,450.4310596658545,54425
2025-10-30 10:40:00,450.4310596658545,450.5720408541875,450.3550261357921,450.48778054314727,93042
2025-10-30 10:41:00,450.48778054314727,450.629551405826,450.4631344746488,450.6028950277836,71476
2025-10-30 10:42:00,450.6028950277836,450.6544607404708,450.5460192421732,450.58467330887555,78450
2025-10-30 10:43:00,450.58467330887555,450.6277144799506,450.5610992552527,450.58576791504004,76234
2025-10-30 10:44:00,450.58576791504004,450.6447772360322,450.54142921459265,450.6262434026506,69163
2025-10-30 10:45:00,450.6262434026506,450.65306274011124,450.55305436434645,450.58992256377627,99112
2025-10-30 10:46:00,450.58992256377627,450.74886692102933,450.57868870177595,450.7334252956248,99780
2025-10-30 10:47:00,450.7334252956248,450.7639472373957,450.6512373058167,450.6951854827288,99930
2025-10-30 10:48:00,450.6951854827288,450.7137961045665,450.611456847156,450.63686035341397,82592
2025-10-30 10:49:00,450.63686035341397,450.6597050815067,450.5926492210676,450.6138748606778,64693
2025-10-30 10:50:00,450.6138748606778,450.67912755030255,450.526307585769,450.58972645747855,67854
2025-10-30 10:51:00,450.58972645747855,450.63791603526477,450.38018591257753,450.3875662002971,73580
2025-10-30 10:52:00,450.3875662002971,450.5237617171976,450.3873606961527,450.5101417034838,19435
2025-10-30 10:53:00,450.5101417034838,450.5764695219925,450.485152230551,450.54185261387465,49298
2025-10-30 10:54:00,450.54185261387465,450.56776381421327,450.52375381952555,450.5628634858211,38016
2025-10-30 10:55:00,450.5628634858211,450.65315758879376,450.56080856592564,450.64025366212576,30559
2025-10-30 10:56:00,450.64025366212576,450.66159721874044,450.62781643180494,450.63026563334233,81726
2025-10-30 10:57:00,450.63026563334233,450.7140813759626,450.4921892660055,450.54627336096917,29087
2025-10-30 10:58:00,450.54627336096917,450.6713223238766,450.5192133408791,450.6648650508312,33959
2025-10-30 10:59:00,450.6648650508312,450.6918775713984,450.448421066893,450.54411193818885,41921
2025-10-30 11:00:00,450.54411193818885,450.6038365286241,450.41694328136543,450.451682361127,57605
2025-10-30 11:01:00,450.451682361127,450.62954154694967,450.42256969145006,450.56229055798553,55445
2025-10-30 11:02:00,450.56229055798553,450.59572061360916,450.4143483537051,450.4808689997851,75545
2025-10-30 11:03:00,450.4808689997851,450.49358252443164,450.4158796628387,450.42918883300314,14158
2025-10-30 11:04:00,450.42918883300314,450.44083994573856,450.2297922902312,450.2852905922303,30384
2025-10-30 11:05:00,450.2852905922303,450.31227956786876,450.0964365816579,450.0966725988374,67048
2025-10-30 11:06:00,450.0966725988374,450.1256712103206,449.99486584722234,450.0558920933636,66397
2025-10-30 11:07:00,450.0558920933636,450.09802835250554,449.9195195397686,449.9345101560897,55543
2025-10-30 11:08:00,449.9345101560897,449.97175992278204,449.8526390510627,449.86630888825965,24489
2025-10-30 11:09:00,449.86630888825965,449.9401997335672,449.8241531526722,449.9360798461297,83963
2025-10-30 11:10:00,449.9360798461297,450.83628945788183,449.71111180620665,450.6109839658989,191613
2025-10-30 11:11:00,450.6109839658989,451.5125438920687,450.385678473916,451.2869004418478,208482
2025-10-30 11:12:00,451.2869004418478,452.18981270790687,451.0612569916269,451.96383079251063,100158
2025-10-30 11:13:00,451.96383079251063,452.86809742696875,451.7378488771144,452.64177653869945,373974
2025-10-30 11:14:00,452.64177653869945,453.54739957310926,452.41545565043015,453.3207392035075,89889
2025-10-30 11:15:00,453.3207392035075,454.22772067246893,453.09407883390577,454.0007203123128,330012
2025-10-30 11:16:00,454.0007203123128,454.90906225347766,453.7737199521567,454.6817213927813,153720
2025-10-30 11:17:00,454.6817213927813,455.5914258468579,454.45438053208494,455.3637439748705,101862
2025-10-30 11:18:00,455.3637439748705,456.2748129856282,455.1360621028831,456.0467895908328,99183
2025-10-30 11:19:00,456.0467895908328,456.95922520510663,455.8187661960374,456.7308597752191,275454
2025-10-30 11:20:00,449.31620137764,449.3476411783659,449.05652061580287,449.0661297288382,131290
2025-10-30 11:21:00,449.0661297288382,449.06772999664173,449.00131229195847,449.03722140441556,18717
2025-10-30 11:22:00,449.03722140441556,449.0653546722292,448.9000885769215,448.99851489089156,26748
2025-10-30 11:23:00,448.99851489089156,449.1145850965199,448.97732992905514,449.0793542870494,77067
2025-10-30 11:24:00,449.0793542870494,449.25118409766196,448.9690268488551,449.1827381975278,45854
2025-10-30 11:25:00,449.1827381975278,449.2086189659548,449.104952846995,449.15838471861736,16229
2025-10-30 11:26:00,449.15838471861736,449.29915356270044,449.11878512970384,449.2233632187471,83794
2025-10-30 11:27:00,449.2233632187471,449.5275346128299,449.20532417985214,449.4994850929974,175470
2025-10-30 11:28:00,449.4994850929974,449.7099467681776,449.46944045893866,449.69249558793547,145962
2025-10-30 11:29:00,449.69249558793547,449.71927033019483,449.5167039472062,449.61018364694144,38024
2025-10-30 11:30:00,449.61018364694144,449.6824699451613,449.5882819936161,449.6532135929507,66138
2025-10-30 11:31:00,449.6532135929507,449.6839987495598,449.41059974056276,449.42813882059755,195772
2025-10-30 11:32:00,449.42813882059755,449.4606774985926,449.39657148595575,449.42050673688595,23234
2025-10-30 11:33:00,449.42050673688595,449.5263531380353,449.364690031335,449.44621180712693,16469
2025-10-30 11:34:00,449.44621180712693,449.48709761216213,449.40980041512995,449.4385026208221,55587
2025-10-30 11:35:00,449.4385026208221,449.5024940614693,449.4098018169763,449.4618484792762,30618
2025-10-30 11:36:00,449.4618484792762,449.5014878640512,449.2367870938877,449.31249050358167,69383
2025-10-30 11:37:00,449.31249050358167,449.4288441782202,449.274941813165,449.4029184892385,29216
2025-10-30 11:38:00,449.4029184892385,449.5103203162754,449.27422335183616,449.3013797777344,46258
2025-10-30 11:39:00,449.3013797777344,449.3206483155319,449.27945188990867,449.31663169806745,15951
2025-10-30 11:40:00,449.31663169806745,449.4825352675618,449.2853434837968,449.45862780391354,40523
2025-10-30 11:41:00,449.45862780391354,449.5130087910768,449.4456036229583,449.4940857876431,30611
2025-10-30 11:42:00,449.4940857876431,449.7575254426041,449.4570070121401,449.6806618645691,138414
2025-10-30 11:43:00,449.6806618645691,449.7809554874729,449.57254618542396,449.6198278936201,28574
2025-10-30 11:44:00,449.6198278936201,449.6742544259007,449.4714430818556,449.543972985471,28381
2025-10-30 11:45:00,449.543972985471,449.59538975914114,449.4407755519272,449.45598947570363,81324
2025-10-30 11:46:00,449.45598947570363,449.4851597636864,449.3848392085168,449.46360434659925,61356
2025-10-30 11:47:00,449.46360434659925,449.50032558776394,449.34259195171137,449.41044265109485,53872
2025-10-30 11:48:00,449.41044265109485,449.59242138106026,449.3800711010432,449.49151939408773,81895
2025-10-30 11:49:00,449.49151939408773,449.83004309042764,449.3758683167891,449.82184550991633,27512
2025-10-30 11:50:00,449.82184550991633,449.89448537604324,449.77647634588754,449.8321429899439,81315
2025-10-30 11:51:00,449.8321429899439,449.93006541390014,449.7920699929636,449.89247395547864,86077
2025-10-30 11:52:00,449.89247395547864,449.90456860276686,449.70850648560446,449.7282884269254,37306
2025-10-30 11:53:00,449.7282884269254,449.96011757056243,449.71853557262654,449.93355913454036,124658
2025-10-30 11:54:00,449.93355913454036,450.0466824944651,449.92530424161345,450.0183371154092,96066
2025-10-30 11:55:00,450.0183371154092,450.0239977574706,449.9717634083202,449.97427088599795,73374
2025-10-30 11:56:00,449.97427088599795,450.034855858886,449.9550623361775,450.027745065056,49224
2025-10-30 11:57:00,450.027745065056,450.16389618211696,450.0173998465386,450.0594492036891,18666
2025-10-30 11:58:00,450.0594492036891,450.13861842138647,450.04771457121916,450.07098332846675,80507
2025-10-30 11:59:00,450.07098332846675,450.1398335808857,450.02168057027825,450.06843485600007,14757
2025-10-30 12:00:00,450.06843485600007,450.07196379410317,449.89377329562524,449.96057901350343,80480
2025-10-30 12:01:00,449.96057901350343,450.01036831736246,449.77561185280086,449.89138509342365,51949
2025-10-30 12:02:00,449.89138509342365,449.9002967561624,449.8452302495518,449.8517243275747,12079
2025-10-30 12:03:00,449.8517243275747,449.9176451384079,449.66411791311003,449.67774790044086,43536
2025-10-30 12:04:00,449.67774790044086,449.84511381601925,449.55816278752945,449.78265779366586,48000
2025-10-30 12:05:00,449.78265779366586,449.79181994728225,449.66369789391564,449.6767314261137,50806
2025-10-30 12:06:00,449.6767314261137,449.6998356103338,449.64057767791803,449.6538139871018,62603
2025-10-30 12:07:00,449.6538139871018,449.69987142391307,449.557764589361,449.6307182358811,40678
2025-10-30 12:08:00,449.6307182358811,449.68496765421247,449.60871445233596,449.66138200343,34160
2025-10-30 12:09:00,449.66138200343,449.7669371835296,449.6607974208583,449.7389004857074,94458
2025-10-30 12:10:00,449.7389004857074,449.8205921509448,449.6984000187439,449.7444384464563,57057
2025-10-30 12:11:00,449.7444384464563,449.8750256271681,449.70288084517006,449.8187481928904,33236
2025-10-30 12:12:00,449.8187481928904,449.878780274547,449.7553929631695,449.84709557819906,86918
2025-10-30 12:13:00,449.84709557819906,449.9260344848094,449.6832404311813,449.77688080269417,17083
2025-10-30 12:14:00,449.77688080269417,449.9819521182582,449.7329834873042,449.9744638615239,155284
2025-10-30 12:15:00,449.9744638615239,450.04981920808234,449.87748358594393,449.9892486659235,70774
2025-10-30 12:16:00,449.9892486659235,450.04978419871503,449.9058222172046,450.0047514511217,65961
2025-10-30 12:17:00,450.0047514511217,450.0397755335725,449.9023607949935,449.91117209182045,41653
2025-10-30 12:18:00,449.91117209182045,449.992648767513,449.77720707429796,449.7781448059873,58756
2025-10-30 12:19:00,449.7781448059873,449.85637803022354,449.7461375744343,449.8151504104206,57924
2025-10-30 12:20:00,449.8151504104206,449.8222620549742,449.6140026771979,449.6502711644623,99563
2025-10-30 12:21:00,449.6502711644623,449.6947677934802,449.4318890627096,449.4385051493874,126552
2025-10-30 12:22:00,449.4385051493874,449.47999880639105,449.3128164255631,449.3735575575552,34762
2025-10-30 12:23:00,449.3735575575552,449.4918498468879,449.2211312747153,449.24329325055635,99399
2025-10-30 12:24:00,449.24329325055635,449.2691533938342,449.2094953354172,449.2149761990154,34058
2025-10-30 12:25:00,449.2149761990154,449.30490069930096,449.2134044636228,449.2733088593782,84666
2025-10-30 12:26:00,449.2733088593782,449.42331022170595,449.2699046783521,449.3874962206727,38145
2025-10-30 12:27:00,449.3874962206727,449.4292660023484,449.16559456246034,449.2447904408639,79626
2025-10-30 12:28:00,449.2447904408639,449.33248720761395,449.1994103619933,449.3026653176869,67134
2025-10-30 12:29:00,449.3026653176869,449.49399403696793,449.2650273485066,449.46302440738566,80855
2025-10-30 12:30:00,449.46302440738566,449.69958096778277,449.4604217959076,449.63094247255196,37935
2025-10-30 12:31:00,449.63094247255196,449.75552857100104,449.6108601682092,449.74950877932616,93441
2025-10-30 12:32:00,449.74950877932616,449.804844892243,449.71390439778577,449.7752999009387,61571
2025-10-30 12:33:00,449.7752999009387,449.92789790084686,449.77097662581116,449.9046808069738,45435
2025-10-30 12:34:00,449.9046808069738,449.9180692895783,449.88314168239214,449.9080753118125,12983
2025-10-30 12:35:00,449.9080753118125,450.1687339989496,449.9001829759768,450.08301514538107,25317
2025-10-30 12:36:00,450.08301514538107,450.29209108489687,450.07027634654236,450.25301970264434,89273
2025-10-30 12:37:00,450.25301970264434,450.3598024141078,450.17981658213256,450.1995202695909,23919
2025-10-30 12:38:00,450.1995202695909,450.2228085707986,450.0742826787432,450.1377227234683,83972
2025-10-30 12:39:00,450.1377227234683,450.16328395042075,450.00193102241275,450.03820546627435,34574
2025-10-30 12:40:00,450.03820546627435,450.1044105468488,450.0024878266781,450.06513648460793,12050
2025-10-30 12:41:00,450.06513648460793,450.1112548344442,450.03510786445304,450.0908959555106,67775
2025-10-30 12:42:00,450.0908959555106,450.32324377370463,450.0365521683467,450.2361825800418,99431
2025-10-30 12:43:00,450.2361825800418,450.35589397307615,450.19874351635355,450.28688627658363,90097
2025-10-30 12:44:00,450.28688627658363,450.3130787666419,450.2647118419523,450.30558333077033,51844
2025-10-30 12:45:00,450.30558333077033,450.3102687494134,450.24492875922994,450.2681298536178,76262
2025-10-30 12:46:00,450.2681298536178,450.3924872639917,450.21528772738145,450.3756702694144,35425
2025-10-30 12:47:00,450.3756702694144,450.4235819406764,450.3439092936089,450.4066217599302,85758
2025-10-30 12:48:00,450.4066217599302,450.4342221683236,450.3257788552048,450.3432387328212,75160
2025-10-30 12:49:00,450.3432387328212,450.3516862111397,450.33138578887537,450.3370219682314,91121
2025-10-30 12:50:00,450.3370219682314,450.4198242175196,450.30410548248597,450.3577055132497,13972
2025-10-30 12:51:00,450.3577055132497,450.4410617976911,450.2737136555259,450.4394449655836,81719
2025-10-30 12:52:00,450.4394449655836,450.5396672413094,450.4232610325882,450.5133604964034,17314
2025-10-30 12:53:00,450.5133604964034,450.53472138831506,450.4349642400098,450.4558882279813,61756
2025-10-30 12:54:00,450.4558882279813,450.5013176423735,450.3012890817318,450.37027179190335,12469
2025-10-30 12:55:00,450.37027179190335,450.46823565528433,450.35993003257147,450.46396735722607,28787
2025-10-30 12:56:00,450.46396735722607,450.50048989097735,450.4113901290684,450.4502307869203,85713
2025-10-30 12:57:00,450.4502307869203,450.46953872610794,450.3889760356662,450.46744691077885,22987
2025-10-30 12:58:00,450.46744691077885,450.5072441310828,450.4372461511453,450.48963275381504,39257
2025-10-30 12:59:00,450.48963275381504,450.5395194544549,450.3878506938574,450.41294674209877,92197
2025-10-30 13:00:00,450.41294674209877,450.43305469008425,450.29575683503845,450.30449679469695,60192
2025-10-30 13:01:00,450.30449679469695,450.38765930115284,450.21198428823914,450.23839293511463,97266
2025-10-30 13:02:00,450.23839293511463,450.3937638403299,450.23080390252886,450.3654326132453,54064
2025-10-30 13:03:00,450.3654326132453,450.46436944683813,450.3404283457427,450.4614076513225,36029
2025-10-30 13:04:00,450.4614076513225,450.5898473063007,450.40888773797985,450.58583924286006,85932
2025-10-30 13:05:00,450.58583924286006,450.69872793657464,450.56401695700134,450.67268730747617,62930
2025-10-30 13:06:00,450.67268730747617,450.69581451739725,450.620997014732,450.68579068950555,63268
2025-10-30 13:07:00,450.68579068950555,450.76970303015025,450.63546775389926,450.69988017760625,29982
2025-10-30 13:08:00,450.69988017760625,450.7158242618166,450.62638907414504,450.6393653347975,92711
2025-10-30 13:09:00,450.6393653347975,450.72737911651296,450.62392078153994,450.67702516035257,84318
2025-10-30 13:10:00,450.67702516035257,450.77995018000024,450.6759747403295,450.7632624992767,71788
2025-10-30 13:11:00,450.7632624992767,450.94311614017005,450.71680154084896,450.9209576783732,21536
2025-10-30 13:12:00,450.9209576783732,450.9780445704949,450.84972465438204,450.9615616217028,75455
2025-10-30 13:13:00,450.9615616217028,451.04892848133517,450.9236518289409,451.0182118112647,39759
2025-10-30 13:14:00,451.0182118112647,451.03861164999455,450.89512653747806,451.00444457241974,72046
2025-10-30 13:15:00,451.00444457241974,451.19263290429313,450.96205700522825,451.15915307884603,85304
2025-10-30 13:16:00,451.15915307884603,451.38900513270767,451.15813331977694,451.2806063450153,58787
2025-10-30 13:17:00,451.2806063450153,451.36660090061577,451.2593461468502,451.3313756599216,62326
2025-10-30 13:18:00,451.3313756599216,451.5547170540474,451.30245241090586,451.47355626111545,91905
2025-10-30 13:19:00,451.47355626111545,451.54026567508083,451.464049673746,451.5278923743278,36015
2025-10-30 13:20:00,451.5278923743278,451.70968378091743,451.5026357458681,451.65254082558334,71550
2025-10-30 13:21:00,451.65254082558334,451.8256348353371,451.55881114098366,451.81670695506836,31288
2025-10-30 13:22:00,451.81670695506836,451.8928673615315,451.7788151813978,451.79961131167533,82715
2025-10-30 13:23:00,451.79961131167533,451.8235249854745,451.7236288608963,451.7515781233317,99899
2025-10-30 13:24:00,451.7515781233317,451.9409599013138,451.71754651322254,451.8987881005184,12920
2025-10-30 13:25:00,451.8987881005184,451.96243648683344,451.880155720651,451.9281071763324,40027
2025-10-30 13:26:00,451.9281071763324,451.93225403809345,451.8229606804521,451.84567901674274,84131
2025-10-30 13:27:00,451.84567901674274,452.0045434825932,451.7053869235955,451.9698266029356,90818
2025-10-30 13:28:00,451.9698266029356,452.1225480370572,451.9490864188636,452.0464266874848,32015
2025-10-30 13:29:00,452.0464266874848,452.08637221919963,452.0013325721317,452.03081957666745,52229
2025-10-30 13:30:00,452.03081957666745,452.06121817343706,451.78505568477783,451.8883040089283,94878
2025-10-30 13:31:00,451.8883040089283,451.95104023613675,451.7702531260313,451.84525707115915,76061
2025-10-30 13:32:00,451.84525707115915,451.975170340914,451.83208623471,451.9605358529958,14648
2025-10-30 13:33:00,451.9605358529958,452.0085522085652,451.84538457037814,451.9463686620428,79350
2025-10-30 13:34:00,451.9463686620428,451.98454445065533,451.94244374387665,451.967628203755,77649
2025-10-30 13:35:00,451.967628203755,451.9733924128105,451.8944791489114,451.96915450371625,62233
2025-10-30 13:36:00,451.96915450371625,452.20362767828067,451.95766662779874,452.1089037412063,29816
2025-10-30 13:37:00,452.1089037412063,452.2305221854933,452.07099949625433,452.16758062389096,81635
2025-10-30 13:38:00,452.16758062389096,452.288681242711,452.1130631648426,452.21466613816096,25563
2025-10-30 13:39:00,452.21466613816096,452.26865810026385,452.1680752093417,452.24920950076444,10619
2025-10-30 13:40:00,452.24920950076444,452.285354018005,452.2288128339287,452.2708079424458,10281
2025-10-30 13:41:00,452.2708079424458,452.38595684242983,452.2672515023401,452.3823053671707,43997
2025-10-30 13:42:00,452.3823053671707,452.4040625189513,452.13572123903157,452.24675347125645,75661
2025-10-30 13:43:00,452.24675347125645,452.39053365736004,452.2016187880449,452.3748593898036,78785
2025-10-30 13:44:00,452.3748593898036,452.42306281382423,452.1539071797721,452.1580582518491,85112
2025-10-30 13:45:00,452.1580582518491,452.21450187184655,452.14022415019843,452.209048685918,33196
2025-10-30 13:46:00,452.209048685918,452.22424806163764,452.1992161746446,452.2156251055319,58320
2025-10-30 13:47:00,452.2156251055319,452.2909572775894,452.1069388974052,452.2744510238859,46487
2025-10-30 13:48:00,452.2744510238859,452.33265118310715,452.26183119063637,452.3144665670289,47208
2025-10-30 13:49:00,452.3144665670289,452.34469962605914,452.2130220009091,452.2623001889996,88916
2025-10-30 13:50:00,452.2623001889996,452.4998600035743,452.2424003135244,452.4550657649886,54174
2025-10-30 13:51:00,452.4550657649886,452.51219684479855,452.4396551445845,452.5007766282313,76024
2025-10-30 13:52:00,452.5007766282313,452.64077050331395,452.46936251249065,452.5854107036906,77203
2025-10-30 13:53:00,452.5854107036906,452.6259617473488,452.5719434136528,452.5942270738137,13712
2025-10-30 13:54:00,452.5942270738137,452.6813295462357,452.59352197511384,452.6734950434765,13726
2025-10-30 13:55:00,452.6734950434765,452.8261270709619,452.63389360720095,452.7342963843379,93360
2025-10-30 13:56:00,452.7342963843379,452.74801566601485,452.49214482838016,452.4937151318009,173486
2025-10-30 13:57:00,452.4937151318009,452.5956364363665,452.34177530431896,452.386189019036,45631
2025-10-30 13:58:00,452.386189019036,452.45995843005795,452.30382733910636,452.3115605538023,56819
2025-10-30 13:59:00,452.3115605538023,452.35387138434356,452.30013128801534,452.32784133433125,18906
2025-10-30 14:00:00,452.32784133433125,452.3322237501478,452.2543239548833,452.31807869998585,47650
2025-10-30 14:01:00,452.31807869998585,452.32252677909105,452.07499974633885,452.11969589741204,164860
2025-10-30 14:02:00,452.11969589741204,452.1571733685962,451.9673042661768,451.9746930345233,74157
2025-10-30 14:03:00,451.9746930345233,452.0464129083292,451.8688909292227,451.8749581685815,54139
2025-10-30 14:04:00,451.8749581685815,451.95840259586305,451.80533774105004,451.81538081611376,28743
2025-10-30 14:05:00,451.81538081611376,451.82217349541406,451.6750130587177,451.6958646764108,52668
2025-10-30 14:06:00,451.6958646764108,451.7603207131149,451.67132412911053,451.7547958647632,33669
2025-10-30 14:07:00,451.7547958647632,451.8484275087196,451.70693731719905,451.8293597151002,85388
2025-10-30 14:08:00,451.8293597151002,451.8436710512626,451.75912066110635,451.82733133708604,44084
2025-10-30 14:09:00,451.82733133708604,451.8654185250932,451.78084561094664,451.8447447015289,91571
2025-10-30 14:10:00,451.8447447015289,451.9026590029518,451.8334341820892,451.85105189495323,36160
2025-10-30 14:11:00,451.85105189495323,451.8715450496784,451.71854248314537,451.7738660077093,33711
2025-10-30 14:12:00,451.7738660077093,451.9085489403376,451.7127787517563,451.87537024931123,67784
2025-10-30 14:13:00,451.87537024931123,451.94943790064536,451.68175916265943,451.75755056369405,65754
2025-10-30 14:14:00,451.75755056369405,451.78325480391055,451.58880872928063,451.66235727501873,49532
2025-10-30 14:15:00,451.66235727501873,451.7337630293768,451.4049297969652,451.4698135379147,164480
2025-10-30 14:16:00,451.4698135379147,451.4933312244033,451.305034576059,451.314305862492,14255
2025-10-30 14:17:00,451.314305862492,451.35192421696445,451.20906353009497,451.29904062837085,84069
2025-10-30 14:18:00,451.29904062837085,451.37452365972695,451.26876318716273,451.2876729985306,63363
2025-10-30 14:19:00,451.2876729985306,451.31470291384994,451.2571665713196,451.29764560215017,98733
2025-10-30 14:20:00,451.29764560215017,451.3780290575787,451.24186100817843,451.34483129379373,30103
2025-10-30 14:21:00,451.34483129379373,451.35911222562845,451.19148877340064,451.24622934969545,23395
2025-10-30 14:22:00,451.24622934969545,451.2676855838729,451.2322805858053,451.25901919427844,86559
2025-10-30 14:23:00,451.25901919427844,451.2774225788608,451.1805770847882,451.2327734209781,45585
2025-10-30 14:24:00,451.2327734209781,451.31562902528566,451.0710728148302,451.09398799818274,48067
2025-10-30 14:25:00,451.09398799818274,451.1584302563864,451.0177670794783,451.1344972274115,71929
2025-10-30 14:26:00,451.1344972274115,451.345305910528,451.03100804113024,451.3053000335761,97468
2025-10-30 14:27:00,451.3053000335761,451.52232413001565,451.28899050236754,451.5105728648801,100922
2025-10-30 14:28:00,451.5105728648801,451.53479685156185,451.38421765264235,451.42477672344967,82909
2025-10-30 14:29:00,451.42477672344967,451.49910584386384,451.4236469445233,451.4776742784474,41055
2025-10-30 14:30:00,451.4776742784474,451.7034131155866,450.57505753814627,450.80045776702974,183336
2025-10-30 14:31:00,450.80045776702974,451.0258579959132,449.89919495183904,450.1242570803792,125466
2025-10-30 14:32:00,450.1242570803792,450.3493192089194,449.2243461594113,449.4490706947587,131226
2025-10-30 14:33:00,449.4490706947587,449.67379523010607,448.5505096401722,448.77489708871656,245898
2025-10-30 14:34:00,448.77489708871656,448.9992845372609,447.87768387571197,448.1017347430835,179523
2025-10-30 14:35:00,448.1017347430835,448.32578561045506,447.2058673498985,447.42958214096893,99873
2025-10-30 14:36:00,447.42958214096893,447.6532969320394,446.5350585488737,446.7584377677575,159324
2025-10-30 14:37:00,446.7584377677575,446.9818169866414,445.8652559610504,446.0883001111059,76266
2025-10-30 14:38:00,446.0883001111059,446.3113442611614,445.19645807710884,445.4191676609393,271062
2025-10-30 14:39:00,445.4191676609393,445.6418772447698,444.5286633899932,444.7510389094479,215847
2025-10-30 14:40:00,451.559822581154,451.6843233791766,451.5125678417433,451.6738141983388,83294
2025-10-30 14:41:00,451.6738141983388,451.6999841447689,451.5600151365233,451.6292379471862,69353
2025-10-30 14:42:00,451.6292379471862,451.76839503232134,451.6030754493348,451.76770338278135,63744
2025-10-30 14:43:00,451.76770338278135,451.9281589091997,451.76646985187074,451.9209946249677,35121
2025-10-30 14:44:00,451.9209946249677,451.9288104205094,451.8044850508309,451.88183404756705,24056
2025-10-30 14:45:00,451.88183404756705,451.94563994789905,451.8686639549836,451.8992681110259,74641
2025-10-30 14:46:00,451.8992681110259,451.9299035315351,451.8563714453262,451.87841910890404,30281
2025-10-30 14:47:00,451.87841910890404,451.9997565451996,451.76853522047327,451.976765922162,98789
2025-10-30 14:48:00,451.976765922162,451.9823609239174,451.8786576702874,451.92277203747796,66492
2025-10-30 14:49:00,451.92277203747796,452.0005989508066,451.8752446469248,451.88559205251823,70920
2025-10-30 14:50:00,451.88559205251823,451.9349862470598,451.82254331283775,451.8485413055136,99570
2025-10-30 14:51:00,451.8485413055136,451.90722790576996,451.68652435160266,451.73083541720104,74027
2025-10-30 14:52:00,451.73083541720104,451.7870322666689,451.4662028583085,451.56569002568153,86295
2025-10-30 14:53:00,451.56569002568153,451.6345740768862,451.50912740351276,451.57536537157125,87360
2025-10-30 14:54:00,451.57536537157125,451.5849087885762,451.47952742814255,451.48482789881166,88040
2025-10-30 14:55:00,451.48482789881166,451.52671847286615,451.378998205131,451.3815716725232,49071
2025-10-30 14:56:00,451.3815716725232,451.40586936554183,451.31227227213196,451.3606810363504,67866
2025-10-30 14:57:00,451.3606810363504,451.3697850065593,451.20189006893924,451.24070598588537,59145
2025-10-30 14:58:00,451.24070598588537,451.2506898500163,450.990912944826,451.00339731869326,188160
2025-10-30 14:59:00,451.00339731869326,451.06221115871506,450.9958600726249,451.035912272272,38044
2025-10-30 15:00:00,451.035912272272,451.0942564123615,451.0057394371909,451.0162994221964,67941
2025-10-30 15:01:00,451.0162994221964,451.093761279225,450.97340408705503,450.99776488414017,65731
2025-10-30 15:02:00,450.99776488414017,450.99913947347477,450.9137090605254,450.9809925449403,30567
2025-10-30 15:03:00,450.9809925449403,451.0915752204241,450.95122732170285,451.0692158663208,28037
2025-10-30 15:04:00,451.0692158663208,451.1875753724375,451.05202298494186,451.1535880948952,19496
2025-10-30 15:05:00,451.1535880948952,451.2088227491152,451.08655079818857,451.0959797532922,78056
2025-10-30 15:06:00,451.0959797532922,451.12845132409115,450.9089032973973,450.97413688379856,35498
2025-10-30 15:07:00,450.97413688379856,451.09077872607975,450.9201600170156,450.9909641725178,20805
2025-10-30 15:08:00,450.9909641725178,451.0258633300341,450.9027539285099,450.95335878834857,46751
2025-10-30 15:09:00,450.95335878834857,451.1704985281597,450.94038977473076,451.01933441370494,28313
2025-10-30 15:10:00,451.01933441370494,451.09595579724134,450.9137847899483,450.97950133166506,88645
2025-10-30 15:11:00,450.97950133166506,451.15566682166696,450.9713333483193,451.1298171821658,78099
2025-10-30 15:12:00,451.1298171821658,451.15407396765596,451.0858343418167,451.09952272004807,33225
2025-10-30 15:13:00,451.09952272004807,451.385158596386,451.0533273083852,451.3306213282214,147292
2025-10-30 15:14:00,451.3306213282214,451.4740367589345,451.3132051843836,451.4292395015816,59815
2025-10-30 15:15:00,451.4292395015816,451.58039194597853,451.4252485562371,451.53725635669247,67775
2025-10-30 15:16:00,451.53725635669247,451.7321555395292,451.51110872332237,451.71584205812496,86256
2025-10-30 15:17:00,451.71584205812496,451.79959435661044,451.523002978386,451.5781421911638,93930
2025-10-30 15:18:00,451.5781421911638,451.5992751768694,451.5159738103347,451.5855568968459,18329
2025-10-30 15:19:00,451.5855568968459,451.6203939675235,451.4071296249052,451.4927310593247,33284
2025-10-30 15:20:00,451.4927310593247,451.57960220196264,451.43399629063583,451.5532580269561,17999
2025-10-30 15:21:00,451.5532580269561,451.64385601543256,451.5030718102918,451.5810636784069,29715
2025-10-30 15:22:00,451.5810636784069,451.6260694300041,451.57447232850984,451.6215574802703,53619
2025-10-30 15:23:00,451.6215574802703,451.7483550652681,451.6037044527581,451.69876475815397,23975
2025-10-30 15:24:00,451.69876475815397,451.74185960945,451.64905683357676,451.69213040349854,83997
2025-10-30 15:25:00,451.69213040349854,451.8561206315735,451.6247068355243,451.8198314137643,51800
2025-10-30 15:26:00,451.8198314137643,451.95005058939006,451.7798884895697,451.8405135929626,24289
2025-10-30 15:27:00,451.8405135929626,451.8467529299819,451.77795222121006,451.78962649769693,87465
2025-10-30 15:28:00,451.78962649769693,451.9585190681129,451.74809889254124,451.91854204703685,28745
2025-10-30 15:29:00,451.91854204703685,452.03583320104485,451.8933574797253,452.00404504374853,67714
2025-10-30 15:30:00,452.00404504374853,452.0770496551554,451.90041514152125,451.95305589257777,16304
2025-10-30 15:31:00,451.95305589257777,451.98967549907303,451.9227866557175,451.93185101657366,72032
2025-10-30 15:32:00,451.93185101657366,452.10310653701566,451.8687329101757,452.0808653623701,28474
2025-10-30 15:33:00,452.0808653623701,452.08475976248945,451.9575764910666,452.0060378217468,23140
2025-10-30 15:34:00,452.0060378217468,452.05685652583276,451.71257238365035,451.7419442103202,151266
2025-10-30 15:35:00,451.7419442103202,451.90124208311465,451.6992775915045,451.8894517330261,40651
2025-10-30 15:36:00,451.8894517330261,451.9858457647953,451.82550998771796,451.8271606636943,28708
2025-10-30 15:37:00,451.8271606636943,451.96688419783504,451.7618206714035,451.9321593148569,28133
2025-10-30 15:38:00,451.9321593148569,452.01226933074344,451.9149918650544,451.94074546109124,39118
2025-10-30 15:39:00,451.94074546109124,451.9722430078845,451.88206738097233,451.91647911104957,28658
2025-10-30 15:40:00,451.91647911104957,451.96340561009356,451.7566117370439,451.77944575871453,89025
2025-10-30 15:41:00,451.77944575871453,451.80259176035014,451.6749916765443,451.68662442380963,31800
2025-10-30 15:42:00,451.68662442380963,451.740291377433,451.55132074534805,451.5755587754961,31038
2025-10-30 15:43:00,451.5755587754961,451.6187680934888,451.4435940328431,451.53479674202913,90257
2025-10-30 15:44:00,451.53479674202913,451.54991301318285,451.306128566937,451.32434620481393,198174
2025-10-30 15:45:00,451.32434620481393,451.375405311974,451.27905587646717,451.34978278280175,65661
2025-10-30 15:46:00,451.34978278280175,451.38856908784015,451.19641591006877,451.2479658073074,64400
2025-10-30 15:47:00,451.2479658073074,451.26729307794295,451.09851821897934,451.1069604270341,18438
2025-10-30 15:48:00,451.1069604270341,451.17800710771843,451.09446193351437,451.1507836634219,36819
2025-10-30 15:49:00,451.1507836634219,451.17769220631214,451.0207779129613,451.03299975887273,10645
2025-10-30 15:50:00,451.03299975887273,451.0466958956752,450.9271507023301,451.0153366678992,62142
2025-10-30 15:51:00,451.0153366678992,451.0532140745714,450.8640916972221,450.8701417060717,69165
2025-10-30 15:52:00,450.8701417060717,450.9080427531189,450.81057655268637,450.8352252278224,35556
2025-10-30 15:53:00,450.8352252278224,450.85422673559265,450.79244368001116,450.8126112015277,94246
2025-10-30 15:54:00,450.8126112015277,450.85761631580624,450.6386278678446,450.65807918595135,28058
2025-10-30 15:55:00,450.65807918595135,450.67147768533596,450.52733698738234,450.56893047468037,48547
2025-10-30 15:56:00,450.56893047468037,450.59221733983475,450.5338973327219,450.5692745668229,85330
2025-10-30 15:57:00,450.5692745668229,450.57494484460364,450.3034201295648,450.3497468248938,117562
2025-10-30 15:58:00,450.3497468248938,450.3805245599471,450.15936523471873,450.1861123482517,60939
2025-10-30 15:59:00,450.1861123482517,450.1969734328124,450.14771488272993,450.177992670603,93297
2025-10-30 16:00:00,450.177992670603,450.3538841673878,450.17257337552854,450.30403187848833,84567
2025-10-31 09:30:00,450.30403187848833,450.3937548111118,450.28702610793823,450.3767630773973,33383
2025-10-31 09:31:00,450.3767630773973,450.4087151386935,450.3556727219762,450.3752859518436,63330
2025-10-31 09:32:00,450.3752859518436,450.4638560893229,450.3301037086732,450.4240047779911,23947
2025-10-31 09:33:00,450.4240047779911,450.63900820305804,450.4065969389173,450.60929590089074,28986
2025-10-31 09:34:00,450.60929590089074,450.63310172673806,450.4224930920589,450.4560702766093,81363
2025-10-31 09:35:00,450.4560702766093,450.51003960142134,450.3189169358351,450.37625702898225,73095
2025-10-31 09:36:00,450.37625702898225,450.3838603585618,450.36369382216844,450.3668487393633,60500
2025-10-31 09:37:00,450.3668487393633,450.474351069863,450.2983241779105,450.47150303331614,82692
2025-10-31 09:38:00,450.47150303331614,450.53689064112507,450.4629629217385,450.5143156314213,99388
2025-10-31 09:39:00,450.5143156314213,450.6099430219298,450.5093627799611,450.55946131891983,36649
2025-10-31 09:40:00,450.55946131891983,450.655697007401,450.49631244855004,450.64346093446466,53355
2025-10-31 09:41:00,450.64346093446466,450.70991855505946,450.535182399565,450.6983541792759,21093
2025-10-31 09:42:00,450.6983541792759,450.777225394052,450.59370240646905,450.63456854908685,36512
2025-10-31 09:43:00,450.63456854908685,450.64291273439375,450.5433722545462,450.6151463612017,85868
2025-10-31 09:44:00,450.6151463612017,450.71780769848476,450.5064116001405,450.5644419298198,81344
2025-10-31 09:45:00,450.5644419298198,450.57837379134384,450.2934443446796,450.32731600221393,53448
2025-10-31 09:46:00,450.32731600221393,450.3877906555459,450.25682074536996,450.28297218024835,43623
2025-10-31 09:47:00,450.28297218024835,450.36865358823485,450.2382833589505,450.3598546697682,32054
2025-10-31 09:48:00,450.3598546697682,450.3892585193219,450.261864719289,450.3239058786172,54363
2025-10-31 09:49:00,450.3239058786172,450.3771315907327,450.11895590843653,450.1565662319621,82124
2025-10-31 09:50:00,450.1565662319621,450.1631742157843,450.0405074525461,450.11307561110084,79569
2025-10-31 09:51:00,450.11307561110084,450.22027966483313,450.0642116202456,450.1938114316595,44542
2025-10-31 09:52:00,450.1938114316595,450.1972712558701,450.17187060539334,450.18199321680106,71350
2025-10-31 09:53:00,450.18199321680106,450.2418756641147,450.06373935742636,450.12346932531483,44610
2025-10-31 09:54:00,450.12346932531483,450.17624261435697,450.1062953791674,450.1420795943826,70058
2025-10-31 09:55:00,450.1420795943826,450.2120913893369,450.13681881170186,450.15437714521664,81975
2025-10-31 09:56:00,450.15437714521664,450.23994859390274,450.10026686769146,450.13789632877246,77534
2025-10-31 09:57:00,450.13789632877246,450.1457574402958,450.01678235290603,450.08362076789797,60583
2025-10-31 09:58:00,450.08362076789797,450.1216799070338,449.9981836695087,450.0810083478716,46788
2025-10-31 09:59:00,450.0810083478716,450.144455987197,449.94797286379475,449.968895554836,27858
2025-10-31 10:00:00,449.968895554836,450.0791080284643,449.96537361842144,450.0585300079302,55734
2025-10-31 10:01:00,450.0585300079302,450.0787277579784,449.93608350278294,449.98241525290115,49332
2025-10-31 10:02:00,449.98241525290115,450.0017715450832,449.84839372738395,449.85062402022174,12011
2025-10-31 10:03:00,449.85062402022174,449.9310433277734,449.79738841899564,449.881092923765,32852
2025-10-31 10:04:00,449.881092923765,450.00265241268806,449.8388860974636,449.9505431521781,15744
2025-10-31 10:05:00,449.9505431521781,450.02962746237034,449.949892871465,450.00830429826186,80188
2025-10-31 10:06:00,450.00830429826186,450.0245861089863,449.873308260402,449.9544702118034,12169
2025-10-31 10:07:00,449.9544702118034,449.9717242654714,449.9441670452278,449.9675200357536,37734
2025-10-31 10:08:00,449.9675200357536,450.0208344556143,449.95843521133935,450.0138057879523,24973
2025-10-31 10:09:00,450.0138057879523,450.0844973835137,449.9380890541778,449.9887923274346,37716
2025-10-31 10:10:00,449.9887923274346,450.2901645105221,449.9600807429766,450.18971367312884,120196
2025-10-31 10:11:00,450.18971367312884,450.3042700356076,450.1515030782504,450.27982765065013,80393
2025-10-31 10:12:00,450.27982765065013,450.35991430494045,450.22392017690436,450.3370048859722,40654
2025-10-31 10:13:00,450.3370048859722,450.4453867242709,450.29560159564085,450.3519800005703,36762
2025-10-31 10:14:00,450.3519800005703,450.4544753873378,450.3047595095243,450.41595992979825,54695
2025-10-31 10:15:00,450.41595992979825,450.4361347128317,450.25031558893147,450.30776729876663,11307
2025-10-31 10:16:00,450.30776729876663,450.3671615585903,450.2961510622637,450.3549379575902,34842
2025-10-31 10:17:00,450.3549379575902,450.3795023874914,450.2608972426135,450.2631050345108,54789
2025-10-31 10:18:00,450.2631050345108,450.302794134659,450.2351179455979,450.28734062095344,58651
2025-10-31 10:19:00,450.28734062095344,450.2881862742821,450.22462080744407,450.25405444989684,70011
2025-10-31 10:20:00,450.25405444989684,450.3241363533639,450.1888551246385,450.2770420254321,38064
2025-10-31 10:21:00,450.2770420254321,450.37080540872773,450.14904581857604,450.20114849730794,22991
2025-10-31 10:22:00,450.20114849730794,450.30628845925014,450.1986771630956,450.2962360949719,28354
2025-10-31 10:23:00,450.2962360949719,450.37962716424386,450.2790420257828,450.32195287999394,63410
2025-10-31 10:24:00,450.32195287999394,450.4361596919449,450.31586208079926,450.4269504886438,35518
2025-10-31 10:25:00,450.4269504886438,450.60552628762275,450.41607653297484,450.517357173707,96698
2025-10-31 10:26:00,450.517357173707,450.73990206071636,450.46849734782995,450.7191657967263,43888
2025-10-31 10:27:00,450.7191657967263,450.80629430090374,450.69604005347344,450.7633309188802,21590
2025-10-31 10:28:00,450.7633309188802,450.779399353144,450.7245094516679,450.75217647948324,96156
2025-10-31 10:29:00,450.75217647948324,450.80066411806115,450.69887711589035,450.7692408655448,21390
2025-10-31 10:30:00,450.7692408655448,450.7833552992634,450.64402216938123,450.7134143152978,58511
2025-10-31 10:31:00,450.7134143152978,450.80848981285385,450.6153032087455,450.65066127397944,71388
2025-10-31 10:32:00,450.65066127397944,450.6602733690068,450.4799352293544,450.47998953360724,99833
2025-10-31 10:33:00,450.47998953360724,450.5325159008219,450.40315516008405,450.40637311801294,56092
2025-10-31 10:34:00,450.40637311801294,450.4600645241249,450.3346413501906,450.44479240500283,80263
2025-10-31 10:35:00,450.44479240500283,450.45733239031716,450.3480204324139,450.3765455405197,38454
2025-10-31 10:36:00,450.3765455405197,450.3846942610697,450.3021019592005,450.38365213080823,99400
2025-10-31 10:37:00,450.38365213080823,450.5189666065824,450.34539713271624,450.4920245843331,98607
2025-10-31 10:38:00,450.4920245843331,450.71008141349336,450.48257959488706,450.65424776982223,90909
2025-10-31 10:39:00,450.65424776982223,450.6757150350441,450.58715919512326,450.6099361827397,56101
2025-10-31 10:40:00,450.6099361827397,450.68010059014176,450.52219888298237,450.54725911355115,17016
2025-10-31 10:41:00,450.54725911355115,450.64866699834545,450.54656621776064,450.62044959496023,78703
2025-10-31 10:42:00,450.62044959496023,450.6781771649648,450.52701700964303,450.6375471918586,90811
2025-10-31 10:43:00,450.6375471918586,450.66720439189896,450.5851919494992,450.59887781027203,29008
2025-10-31 10:44:00,450.59887781027203,450.70381711663293,450.56019330391916,450.695270666797,53148
2025-10-31 10:45:00,450.695270666797,450.7361081507003,450.687625337275,450.70891751118165,42441
2025-10-31 10:46:00,450.70891751118165,450.7274180235083,450.5631245192442,450.5879111375115,39796
2025-10-31 10:47:00,450.5879111375115,450.63546560065885,450.4627212924369,450.5104071227008,88356
2025-10-31 10:48:00,450.5104071227008,450.5541068109321,450.4207555655941,450.465040004607,76914
2025-10-31 10:49:00,450.465040004607,450.48983976499994,450.3371999502223,450.39217988327414,15355
2025-10-31 10:50:00,450.39217988327414,450.5167637782664,450.3191442828909,450.4570288942335,39320
2025-10-31 10:51:00,450.4570288942335,450.50383641507847,450.442658558622,450.4460713311437,61168
2025-10-31 10:52:00,450.4460713311437,450.55914354005864,450.42930713909954,450.5517357287954,65621
2025-10-31 10:53:00,450.5517357287954,450.6214811263992,450.50954652162,450.5438512703138,64336
2025-10-31 10:54:00,450.5438512703138,450.60749220060467,450.4311845900286,450.50974664735014,12100
2025-10-31 10:55:00,450.50974664735014,450.57866577736036,450.50149428779855,450.56552141240644,46609
2025-10-31 10:56:00,450.56552141240644,450.6373239530236,450.5243387343427,450.6249087730728,11401
2025-10-31 10:57:00,450.6249087730728,450.67811913979045,450.4892256100833,450.5394301962204,29611
2025-10-31 10:58:00,450.5394301962204,450.5545716544427,450.4891696423131,450.49960537626924,81354
2025-10-31 10:59:00,450.49960537626924,450.64928291907086,450.47851375999636,450.5985208863384,30447
2025-10-31 11:00:00,450.5985208863384,450.74774433037857,450.570191042645,450.7106346554141,16155
2025-10-31 11:01:00,450.7106346554141,450.7180606017461,450.6428547850679,450.6451480146614,74110
2025-10-31 11:02:00,450.6451480146614,450.81205118403955,450.57519087756634,450.80394940519574,21308
2025-10-31 11:03:00,450.80394940519574,450.9380120772785,450.79585188432435,450.92016335943146,12204
2025-10-31 11:04:00,450.92016335943146,451.12084860793084,450.8888224393538,451.1159964434363,63214
2025-10-31 11:05:00,451.1159964434363,451.18162485119774,451.113667494999,451.1573936011606,65835
2025-10-31 11:06:00,451.1573936011606,451.3013755414775,451.11981673213836,451.2622859862035,56473
2025-10-31 11:07:00,451.2622859862035,451.37091205173505,451.25955093802975,451.33013667404134,17006
2025-10-31 11:08:00,451.33013667404134,451.3868949527356,451.2915154365944,451.3020768014372,85451
2025-10-31 11:09:00,451.3020768014372,451.396778377171,451.2847881674248,451.3893007097016,21033
2025-10-31 11:10:00,451.3893007097016,451.3963343243349,451.3344109723827,451.3361198173636,57118
2025-10-31 11:11:00,451.3361198173636,451.4635744937996,451.3277857706246,451.4340211776754,98509
2025-10-31 11:12:00,451.4340211776754,451.503245591874,451.21520237455144,451.27946263640894,18811
2025-10-31 11:13:00,451.27946263640894,451.3198954618681,451.2529024360775,451.3005236387031,38328
2025-10-31 11:14:00,451.3005236387031,451.32138151532456,451.11006968471145,451.201406819698,40873
2025-10-31 11:15:00,451.201406819698,451.23915558956605,451.0520907282554,451.1235137546575,78431
2025-10-31 11:16:00,451.1235137546575,451.14552282059896,451.0293520577747,451.11074814034583,73069
2025-10-31 11:17:00,451.11074814034583,451.18178400489273,451.08943738540177,451.1386354646981,97893
2025-10-31 11:18:00,451.58977410016274,451.302178719956,451.1138613229087,450.6865945519624,91051
2025-10-31 11:19:00,450.23590795741046,451.5025775452882,451.2591210183582,451.58661568128264,292908
2025-10-31 11:20:00,451.44612837224946,451.61954730002617,451.4079939746262,451.61656231508255,95867
2025-10-31 11:21:00,451.61656231508255,451.632745549842,451.46827206578644,451.49750841697045,50695
2025-10-31 11:22:00,451.49750841697045,451.5252768769793,451.32071872319966,451.4517085055818,38482
2025-10-31 11:23:00,451.4517085055818,451.5983545216461,451.4449184263785,451.5871772008731,13696
2025-10-31 11:24:00,451.5871772008731,451.67774436343143,451.5040703014137,451.6127223282394,62160
2025-10-31 11:25:00,451.6127223282394,451.7136405785894,451.56964121042637,451.7129958455661,19256
2025-10-31 11:26:00,451.7129958455661,451.740876904704,451.6434208583452,451.7323204769918,56002
2025-10-31 11:27:00,451.7323204769918,451.9533704574663,451.71092773375756,451.91151241024613,76668
2025-10-31 11:28:00,451.91151241024613,451.95316283984545,451.8886554003132,451.8944192738814,60574
2025-10-31 11:29:00,451.8944192738814,452.0606629885738,451.8585978616504,452.0309957698088,52351
2025-10-31 11:30:00,452.0309957698088,452.0510605320555,451.99738257203404,451.9978861683287,90578
2025-10-31 11:31:00,451.9978861683287,452.1479013387292,451.96423112769185,452.10723722959483,20775
2025-10-31 11:32:00,452.10723722959483,452.121688919984,451.96883698342697,451.9916254895626,47044
2025-10-31 11:33:00,451.9916254895626,452.05999913449125,451.9900818288931,452.0294551390056,98454
2025-10-31 11:34:00,452.0294551390056,452.08206973255596,452.00261384140725,452.07211855470666,30466
2025-10-31 11:35:00,452.07211855470666,452.10224068509723,452.0090968518339,452.0300073663855,61001
2025-10-31 11:36:00,452.0300073663855,452.22753167710164,452.00901490017424,452.18316502357334,96511
2025-10-31 11:37:00,452.18316502357334,452.29719417527167,452.1188478529836,452.27017057150454,12708
2025-10-31 11:38:00,452.27017057150454,452.3515549574271,452.1926872600398,452.1987131350066,84704
2025-10-31 11:39:00,452.1987131350066,452.27054329711035,452.04988654230704,452.08573399583224,42920
2025-10-31 11:40:00,452.08573399583224,452.27675631765175,452.04742290839516,452.26265412663037,43872
2025-10-31 11:41:00,452.26265412663037,452.38079549419984,452.2225087867448,452.3566167775204,17263
2025-10-31 11:42:00,452.3566167775204,452.39923954376144,452.30216416418796,452.31881968637555,76899
2025-10-31 11:43:00,452.31881968637555,452.33869915416403,452.2420011895467,452.2772307140178,35675
2025-10-31 11:44:00,452.2772307140178,452.522018430174,452.26895848852047,452.4250471239114,95091
2025-10-31 11:45:00,452.4250471239114,452.457282145787,452.1819114672512,452.24723497992034,80482
2025-10-31 11:46:00,452.24723497992034,452.2850140969847,452.19860060868945,452.27039500079536,55814
2025-10-31 11:47:00,452.27039500079536,452.36232806875137,452.18706512826867,452.3484676659134,20578
2025-10-31 11:48:00,452.3484676659134,452.4654879834128,452.329444372339,452.3773491665653,66408
2025-10-31 11:49:00,452.3773491665653,452.44571579165887,452.3315642864111,452.3951768568442,74887
2025-10-31 11:50:00,452.3951768568442,452.39530180096756,452.35038325506633,452.3696596095776,21889
2025-10-31 11:51:00,452.3696596095776,452.41502857003195,452.36317315036126,452.3983225341974,10112
2025-10-31 11:52:00,452.3983225341974,452.4562351883464,452.3148446328524,452.31992180939983,82525
2025-10-31 11:53:00,452.31992180939983,452.37123669841935,452.26211267826557,452.33828181805706,91938
2025-10-31 11:54:00,452.33828181805706,452.3401146181408,452.27624854674406,452.3079519742276,55270
2025-10-31 11:55:00,452.3079519742276,452.40885074968264,452.28557263860205,452.3400797125032,32931
2025-10-31 11:56:00,452.3400797125032,452.415550463302,452.18889867258935,452.24897157966274,26901
2025-10-31 11:57:00,452.24897157966274,452.2509558203866,452.1936304700927,452.21075416442943,24256
2025-10-31 11:58:00,452.21075416442943,452.24014894578977,452.0264121163166,452.0301837643983,51167
2025-10-31 11:59:00,452.0301837643983,452.11479241544276,451.83181684641426,451.8539240670112,70710
2025-10-31 12:00:00,451.8539240670112,451.9966855381213,451.8138918737106,451.96830720676587,26193
2025-10-31 12:01:00,451.96830720676587,452.00497975948656,451.86297707789953,451.91486880324834,55800
2025-10-31 12:02:00,451.91486880324834,452.10867481124905,451.84958891696476,452.0644826995932,65276
2025-10-31 12:03:00,452.0644826995932,452.15057752621436,452.05291703047243,452.1485980303811,92736
2025-10-31 12:04:00,452.1485980303811,452.23789707156664,452.1110064200283,452.1719203430363,80821
2025-10-31 12:05:00,452.1719203430363,452.1908539697522,452.1640365330747,452.18978896553887,29874
2025-10-31 12:06:00,452.18978896553887,452.203224761004,452.04065596157614,452.16816426086274,78498
2025-10-31 12:07:00,452.16816426086274,452.23405331287785,452.13697786964536,452.17562034429716,20451
2025-10-31 12:08:00,452.17562034429716,452.2493921148549,452.17226849726376,452.2262170354575,31869
2025-10-31 12:09:00,452.2262170354575,452.30332224523585,452.1454920727961,452.1590931680835,60489
2025-10-31 12:10:00,452.1590931680835,452.21674296048167,451.9237289654121,451.95844748974696,140060
2025-10-31 12:11:00,451.95844748974696,451.9618803522435,451.84957512931766,451.8831356953211,86162
2025-10-31 12:12:00,451.8831356953211,451.95659691216576,451.84864408350217,451.9164987753085,92409
2025-10-31 12:13:00,451.9164987753085,451.9435076844509,451.8482645425429,451.8747360721843,92214
2025-10-31 12:14:00,451.8747360721843,451.9149686666832,451.82471513102286,451.90278348658165,30025
2025-10-31 12:15:00,451.90278348658165,451.94292380796975,451.8250843204136,451.91554401572864,53427
2025-10-31 12:16:00,451.91554401572864,451.9372099650253,451.9048353936075,451.9049567454873,20751
2025-10-31 12:17:00,451.9049567454873,451.9361556593296,451.6153868653264,451.6155717119265,78986
2025-10-31 12:18:00,451.6155717119265,451.6813896389579,451.55882590398454,451.6161928800253,41781
2025-10-31 12:19:00,451.6161928800253,451.80201163376466,451.612341437611,451.73480582540725,28452
2025-10-31 12:20:00,451.73480582540725,451.8777524556479,451.67339648002394,451.8530603232293,12187
2025-10-31 12:21:00,451.8530603232293,452.00989856140865,451.7968190954615,451.87663587463015,67620
2025-10-31 12:22:00,451.87663587463015,451.90302167381594,451.8512674276643,451.87729113616984,72061
2025-10-31 12:23:00,451.87729113616984,451.96407770710135,451.87688272104606,451.93209734578886,40816
2025-10-31 12:24:00,451.93209734578886,451.97878728753597,451.8237762256229,451.8891911140614,42854
2025-10-31 12:25:00,451.8891911140614,451.9177709973656,451.8617681916919,451.89878697830045,16968
2025-10-31 12:26:00,451.89878697830045,451.92295355591557,451.7174704231584,451.7643191767792,64316
2025-10-31 12:27:00,451.7643191767792,451.7914133718457,451.68550260394755,451.7863486233868,80293
2025-10-31 12:28:00,451.7863486233868,451.86688879005834,451.6260107603187,451.65187271274567,31113
2025-10-31 12:29:00,451.65187271274567,451.66167432846913,451.6242726033001,451.63820486458104,56313
2025-10-31 12:30:00,451.63820486458104,451.6637122163208,451.42249185602407,451.46860410508845,25534
2025-10-31 12:31:00,451.46860410508845,451.62924361768967,451.4328897916648,451.6120305133621,18640
2025-10-31 12:32:00,451.6120305133621,451.7032035750907,451.59582457746365,451.6147574648847,75774
2025-10-31 12:33:00,451.6147574648847,451.65655100668965,451.5631783534823,451.5747108380444,86700
2025-10-31 12:34:00,451.5747108380444,451.5926747262288,451.5172981234893,451.5304720416764,25810
2025-10-31 12:35:00,451.5304720416764,451.6516984031011,451.43522185621254,451.4469402252219,46413
2025-10-31 12:36:00,451.4469402252219,451.4814755526782,451.30609744847413,451.39766928530014,20655
2025-10-31 12:37:00,451.39766928530014,451.45485222801796,451.3716224739726,451.4390603324967,52056
2025-10-31 12:38:00,451.4390603324967,451.45662849865795,451.4251150030149,451.4275130154431,53954
2025-10-31 12:39:00,451.4275130154431,451.5399852757613,451.2865820002135,451.49284079566013,59810
2025-10-31 12:40:00,451.49284079566013,451.5390459220079,451.4312204947198,451.43955337651335,52215
2025-10-31 12:41:00,451.43955337651335,451.451999663997,451.3340539459029,451.37651476058767,65480
2025-10-31 12:42:00,451.37651476058767,451.44373820701236,451.37486290929786,451.3904720834016,16476
2025-10-31 12:43:00,451.3904720834016,451.5073208516612,451.3624988991866,451.4226090198087,89698
2025-10-31 12:44:00,451.4226090198087,451.45048929462905,451.32622275617507,451.4057464068492,18026
2025-10-31 12:45:00,451.4057464068492,451.4199989067592,451.36641519694604,451.38021069558994,58008
2025-10-31 12:46:00,451.38021069558994,451.38391181274295,451.29329468903273,451.313932390794,44660
2025-10-31 12:47:00,451.313932390794,451.5057587770489,451.26294970205925,451.44533897020807,87299
2025-10-31 12:48:00,451.44533897020807,451.6112455243841,451.41280602811554,451.5423317515412,45710
2025-10-31 12:49:00,451.5423317515412,451.60616642129224,451.53248824562843,451.5900896953659,86502
2025-10-31 12:50:00,451.5900896953659,451.7389381148039,451.5838904411235,451.72276897693797,66233
2025-10-31 12:51:00,451.72276897693797,451.9018913507272,451.69315498094227,451.82776748864455,61727
2025-10-31 12:52:00,451.82776748864455,451.8632252107405,451.7125652596323,451.7293021961157,16859
2025-10-31 12:53:00,451.7293021961157,451.7464354244722,451.52964887222794,451.602315034363,62953
2025-10-31 12:54:00,451.602315034363,451.7257292024819,451.5522622478505,451.70671511035005,26767
2025-10-31 12:55:00,451.70671511035005,451.8594770580034,451.6826847373667,451.7606292681583,22226
2025-10-31 12:56:00,451.7606292681583,451.8010649996769,451.6274377204357,451.65441179639805,76458
2025-10-31 12:57:00,451.65441179639805,451.69271995891035,451.5130897835419,451.5687466843928,53395
2025-10-31 12:58:00,451.5687466843928,451.6723849423909,451.55020370507253,451.635516166785,13748
2025-10-31 12:59:00,451.635516166785,451.65130760474403,451.51902078941976,451.58968566858505,45959
2025-10-31 13:00:00,451.58968566858505,451.6538349472752,451.5545083089519,451.55757848991055,88278
2025-10-31 13:01:00,451.55757848991055,451.5727082891372,451.41405041817484,451.42832259351775,77914
2025-10-31 13:02:00,451.42832259351775,451.70260137386845,451.37972800123987,451.6494736991785,91236
2025-10-31 13:03:00,451.6494736991785,451.66455246699746,451.52523907435824,451.58987814941764,24334
2025-10-31 13:04:00,451.58987814941764,451.61174228517,451.53156208959746,451.5663583442931,46607
2025-10-31 13:05:00,451.5663583442931,451.65722570801006,451.4387910166684,451.4850099681313,86312
2025-10-31 13:06:00,451.4850099681313,451.6218014366657,451.42387806892293,451.5995762563737,94178
2025-10-31 13:07:00,451.5995762563737,451.66672622188514,451.4413082428876,451.50445202762256,78798
2025-10-31 13:08:00,451.50445202762256,451.5851042173173,451.4732165061711,451.5602993036304,24026
2025-10-31 13:09:00,451.5602993036304,451.67917028922625,451.5124906355582,451.6594053007261,73185
2025-10-31 13:10:00,451.6594053007261,451.68887105068654,451.62538047387795,451.6324913337385,29288
2025-10-31 13:11:00,451.6324913337385,451.66602433411026,451.52148350494605,451.5433971695029,74575
2025-10-31 13:12:00,451.5433971695029,451.5609695369737,451.373388261631,451.3775896784825,69821
2025-10-31 13:13:00,451.3775896784825,451.44774099695013,451.24567794854244,451.2842165364944,96795
2025-10-31 13:14:00,451.2842165364944,451.3043499479164,451.26442040348263,451.292304411309,29404
2025-10-31 13:15:00,451.292304411309,451.3123697414247,451.21234048884423,451.2593124926229,33989
2025-10-31 13:16:00,451.2593124926229,451.3095333972561,451.0208126913863,451.0572326491593,62238
2025-10-31 13:17:00,451.0572326491593,451.0937719228666,450.9500729710211,450.99868495131926,32250
2025-10-31 13:18:00,450.99868495131926,451.0466439604628,450.9583045391355,451.01036848574853,74418
2025-10-31 13:19:00,451.01036848574853,451.04141002908256,450.8622402227788,450.9082978280283,62446
2025-10-31 13:20:00,450.9082978280283,450.9761650909214,450.9000723138969,450.9707483169652,15750
2025-10-31 13:21:00,450.9707483169652,451.0036651901803,450.8677223679336,450.88194056286176,97954
2025-10-31 13:22:00,450.88194056286176,450.94358842447934,450.7968302192633,450.8011591458261,79681
2025-10-31 13:23:00,450.8011591458261,450.8778951171723,450.6205122522507,450.6413686416828,71799
2025-10-31 13:24:00,450.6413686416828,450.6677532766918,450.4192925118252,450.4830347743147,92956
2025-10-31 13:25:00,450.4830347743147,450.4920127800175,450.30795836380184,450.32087040687264,22453
2025-10-31 13:26:00,450.32087040687264,450.32762991324427,450.0422310445223,450.1030862635068,41384
2025-10-31 13:27:00,450.1030862635068,450.13484347093026,450.0381101371891,450.08347863947824,69287
2025-10-31 13:28:00,450.08347863947824,450.163424552347,450.02624968600566,450.0298769155312,35566
2025-10-31 13:29:00,450.0298769155312,450.0747152679906,449.86566246988565,449.9098939048805,51185
2025-10-31 13:30:00,449.9098939048805,449.9874969481889,449.8590777706055,449.91365893887536,97438
2025-10-31 13:31:00,449.91365893887536,449.99825392603196,449.89755930279944,449.93000796349327,96055
2025-10-31 13:32:00,449.93000796349327,449.99323167138954,449.878257326022,449.88061490066696,27618
2025-10-31 13:33:00,449.88061490066696,449.9981924301867,449.868814711542,449.9889556466787,21151
2025-10-31 13:34:00,449.9889556466787,450.0969452950885,449.9780036364087,450.0846132880606,77568
2025-10-31 13:35:00,450.0846132880606,450.17031554611714,449.9394441127808,450.0126143150079,11881
2025-10-31 13:36:00,450.0126143150079,450.0162791628798,449.9987753407098,450.00306393083383,90357
2025-10-31 13:37:00,450.00306393083383,450.012817972988,449.963075211384,449.97341159637523,64722
2025-10-31 13:38:00,449.97341159637523,449.9927777984868,449.95107469024975,449.96819064545065,82391
2025-10-31 13:39:00,449.96819064545065,450.0242687115952,449.8807305397403,449.906019321816,21874
2025-10-31 13:40:00,449.906019321816,449.9392635736353,449.8102280765496,449.8336020809663,22100
2025-10-31 13:41:00,449.8336020809663,449.9847116610211,449.8029522406768,449.9351156664276,39437
2025-10-31 13:42:00,449.9351156664276,450.1458563606296,449.90496551252136,450.1177501345311,25970
2025-10-31 13:43:00,450.1177501345311,450.25665148105855,450.086741930869,450.19569412229305,52933
2025-10-31 13:44:00,450.19569412229305,450.2069445896329,449.9812493846864,450.02624088417514,81386
2025-10-31 13:45:00,450.02624088417514,450.05577142406133,449.9227428409484,449.95571977554,86474
2025-10-31 13:46:00,449.95571977554,450.10187479843745,449.9521211874127,450.03351981099297,62509
2025-10-31 13:47:00,450.03351981099297,450.2022823214912,449.97103995729157,450.17859176959433,43885
2025-10-31 13:48:00,450.17859176959433,450.31420423488413,450.17267555207115,450.2804206790445,82307
2025-10-31 13:49:00,450.2804206790445,450.34951006477576,450.2357268994213,450.24372488061215,88388
2025-10-31 13:50:00,450.24372488061215,450.27494138972486,450.15443890284337,450.17372187992413,29692
2025-10-31 13:51:00,450.17372187992413,450.24202105290107,449.95565136972664,449.9894266386507,51098
2025-10-31 13:52:00,449.9894266386507,450.01024612561395,449.87213680725614,449.87659627812474,32800
2025-10-31 13:53:00,449.87659627812474,449.9273294021076,449.8106610628115,449.818694398148,67767
2025-10-31 13:54:00,449.818694398148,449.82617135127134,449.6921315100931,449.7611183414583,96242
2025-10-31 13:55:00,449.7611183414583,449.8633224573926,449.70569332773357,449.8184938730269,68817
2025-10-31 13:56:00,449.8184938730269,449.8626782651638,449.74750720424623,449.8530193277899,71413
2025-10-31 13:57:00,449.8530193277899,450.0488831765251,449.77834181517926,449.9866661330166,66563
2025-10-31 13:58:00,449.9866661330166,450.03080924890617,449.9004243437813,449.9450255340084,48134
2025-10-31 13:59:00,449.9450255340084,450.11335824058835,449.9053583919869,450.0834626086392,65021
2025-10-31 14:00:00,450.0834626086392,450.1593164404442,450.08006989694223,450.1580648697694,30389
2025-10-31 14:01:00,450.1580648697694,450.1907758183774,450.1064006162587,450.1761875426262,98535
2025-10-31 14:02:00,450.1761875426262,450.2123486714932,450.11705171679023,450.20761082309616,41954
2025-10-31 14:03:00,450.20761082309616,450.2649557097888,450.1761406979163,450.23946828460134,20703
2025-10-31 14:04:00,450.23946828460134,450.29924988266794,450.2016664694437,450.29411386527283,28782
2025-10-31 14:05:00,450.29411386527283,450.3303898021738,450.11627009727374,450.1618326176839,77766
2025-10-31 14:06:00,450.1618326176839,450.28680862304753,450.1552897043909,450.26718512464026,39523
2025-10-31 14:07:00,450.26718512464026,450.29354313628676,450.24150407421155,450.2776706246832,55939
2025-10-31 14:08:00,450.2776706246832,450.2807610625229,449.99885126844276,450.06043371442627,83016
2025-10-31 14:09:00,450.06043371442627,450.2664580982425,450.0057244582981,450.1943065306797,66683
2025-10-31 14:10:00,450.1943065306797,450.20721679461246,450.182420496937,450.1982213644254,85414
2025-10-31 14:11:00,450.1982213644254,450.33046562256635,450.10597017152173,450.26776379882796,17347
2025-10-31 14:12:00,450.26776379882796,450.3059447740446,450.2168743684533,450.3017401997822,30922
2025-10-31 14:13:00,450.3017401997822,450.6322900666436,450.2746267070343,450.56396681456465,48022
2025-10-31 14:14:00,450.56396681456465,450.5977564786684,450.55076582162695,450.5762481926359,16078
2025-10-31 14:15:00,450.5762481926359,450.6760502262598,450.50750215673605,450.65533464296016,51574
2025-10-31 14:16:00,450.65533464296016,450.6941083524556,450.50981333985584,450.52844744573855,96567
2025-10-31 14:17:00,450.52844744573855,450.79211411290856,450.5184778764521,450.74359168838794,117234
2025-10-31 14:18:00,450.74359168838794,450.84692894734525,450.6460368080519,450.8273906014704,57111
2025-10-31 14:19:00,450.8273906014704,450.8464836155901,450.79893483779716,450.84284501508495,18848
2025-10-31 14:20:00,450.84284501508495,450.9615679044743,450.7846968566564,450.95078267784606,59223
2025-10-31 14:21:00,450.95078267784606,451.03851351521115,450.8987474339216,451.0199573541315,85504
2025-10-31 14:22:00,451.0199573541315,451.0301367905806,450.93411599465054,451.0169531342415,34366
2025-10-31 14:23:00,451.0169531342415,451.0686993000528,450.9188601772901,450.9329483052455,40143
2025-10-31 14:24:00,450.9329483052455,451.03615680576314,450.9131089279218,451.0266277291778,39227
2025-10-31 14:25:00,451.0266277291778,451.1488443590914,451.01954783065474,451.1213162069318,27387
2025-10-31 14:26:00,451.1213162069318,451.1517983366486,451.03752694708413,451.0559954583599,20283
2025-10-31 14:27:00,451.0559954583599,451.1279861824685,451.01001786498387,451.02610770554935,71381
2025-10-31 14:28:00,451.02610770554935,451.03532618448753,450.87668323866274,450.9308918744587,67530
2025-10-31 14:29:00,450.9308918744587,450.98499725592336,450.882029295624,450.8952069432088,15313
2025-10-31 14:30:00,450.8952069432088,450.9675686137512,450.87926563951464,450.89649146826497,46343
2025-10-31 14:31:00,450.89649146826497,450.9649166851149,450.82850325416877,450.87341182980174,63218
2025-10-31 14:32:00,450.87341182980174,450.96880950034256,450.75461946446194,450.7682466981598,20589
2025-10-31 14:33:00,450.7682466981598,450.8465820468643,450.7157495524338,450.83611681880683,62227
2025-10-31 14:34:00,450.83611681880683,450.8370407178438,450.56595728178115,450.57972764534685,29104
2025-10-31 14:35:00,450.57972764534685,450.6616421037708,450.4001810509195,450.4344011062025,88270
2025-10-31 14:36:00,450.4344011062025,450.4533017828472,450.38698009003116,450.4258916153087,59877
2025-10-31 14:37:00,450.4258916153087,450.58944400172817,450.4180866673591,450.5411524418351,94117
2025-10-31 14:38:00,450.5411524418351,450.5629249620577,450.48337669008737,450.54776949642064,90122
2025-10-31 14:39:00,450.54776949642064,450.6657714665661,450.49587232327775,450.64578524845297,95166
2025-10-31 14:40:00,450.64578524845297,450.72289244736635,450.6253183325385,450.7226063998216,99335
2025-10-31 14:41:00,450.7226063998216,450.7707529877871,450.71127191577534,450.7532196463241,38141
2025-10-31 14:42:00,450.7532196463241,450.9223949281562,450.73142295675007,450.84776126906377,60772
2025-10-31 14:43:00,450.84776126906377,450.8699072566907,450.7764227540864,450.79256245223934,57947
2025-10-31 14:44:00,450.79256245223934,450.8551768691137,450.72640789324646,450.7575721222346,51198
2025-10-31 14:45:00,450.7575721222346,450.80857981459695,450.73760346575807,450.8067168273365,14922
2025-10-31 14:46:00,450.8067168273365,450.92120609859245,450.80493205966184,450.9026727968676,96590
2025-10-31 14:47:00,450.9026727968676,450.929312897763,450.7283834409056,450.75790991470336,30855
2025-10-31 14:48:00,450.75790991470336,450.7965547771023,450.540850165993,450.5828495677347,76630
2025-10-31 14:49:00,450.5828495677347,450.5883140326831,450.34803904163425,450.42766695346927,91326
2025-10-31 14:50:00,450.42766695346927,450.4810907931438,450.37793626127836,450.40534081704527,89507
2025-10-31 14:51:00,450.40534081704527,450.47169709313,450.32711367840255,450.4246468957164,79855
2025-10-31 14:52:00,450.4246468957164,450.5595615027119,450.4009910261043,450.5208392347866,16364
2025-10-31 14:53:00,450.5208392347866,450.5777915624492,450.32402052310977,450.37326598357225,55896
2025-10-31 14:54:00,450.37326598357225,450.39584779581867,450.1522003022783,450.1961084896151,93231
2025-10-31 14:55:00,450.1961084896151,450.2472025720233,450.18121648746285,450.19751563053524,33165
2025-10-31 14:56:00,450.19751563053524,450.3304623379136,450.11877505608305,450.1746363070877,20068
2025-10-31 14:57:00,450.1746363070877,450.18725331130474,449.9841655927681,450.0663469984987,32337
2025-10-31 14:58:00,450.0663469984987,450.34460415597914,450.06593994912413,450.3016715434369,198778
2025-10-31 14:59:00,450.3016715434369,450.5658228664488,450.28400037500336,450.5361645104056,73254
2025-10-31 15:00:00,450.5361645104056,450.54336753095396,450.3917869649823,450.43080308289694,17135
2025-10-31 15:01:00,450.43080308289694,450.4606868122415,450.15141323465133,450.18401765600885,63778
2025-10-31 15:02:00,450.18401765600885,450.18487726978356,450.14076319341643,450.16418893292405,83034
2025-10-31 15:03:00,450.16418893292405,450.2380445035018,450.1111577517648,450.18476542162114,25216
2025-10-31 15:04:00,450.18476542162114,450.2938364265922,450.1325217705306,450.29133967989543,68741
2025-10-31 15:05:00,450.29133967989543,450.3396508407781,450.2074504647765,450.2221023514802,69754
2025-10-31 15:06:00,450.2221023514802,450.29835045711843,450.0697644776343,450.1235641764986,32191
2025-10-31 15:07:00,450.1235641764986,450.22038945532955,450.08212015154936,450.1666141978035,73477
2025-10-31 15:08:00,450.1666141978035,450.18981440608593,450.09358848019355,450.186341453194,26663
2025-10-31 15:09:00,450.186341453194,450.4167950275983,450.17881707410316,450.36201695326974,69095
2025-10-31 15:10:00,450.36201695326974,450.39678130505564,450.32657817445875,450.34645228547237,89267
2025-10-31 15:11:00,450.34645228547237,450.41815390439945,450.2410549522845,450.2804174270044,37564
2025-10-31 15:12:00,450.2804174270044,450.31248733328005,450.1476449435196,450.2010718633217,81117
2025-10-31 15:13:00,450.2010718633217,450.3342918105021,450.1914297027033,450.3303998111625,82684
2025-10-31 15:14:00,450.3303998111625,450.4739566528153,450.2921482092934,450.3228888746136,33382
2025-10-31 15:15:00,450.3228888746136,450.3398910249719,450.28208814416695,450.29454882877616,10864
2025-10-31 15:16:00,450.29454882877616,450.30256545571115,450.2302724886394,450.235815165474,19726
2025-10-31 15:17:00,450.235815165474,450.4279448770531,450.16428086733544,450.36407242686823,94698
2025-10-31 15:18:00,450.36407242686823,450.41151045354667,450.36265322499236,450.38362843101316,59052
2025-10-31 15:19:00,450.38362843101316,450.5109359867191,450.36840440682187,450.45341464486444,36681
2025-10-31 15:20:00,450.45341464486444,450.57795318446983,450.441189745455,450.4875503029646,64383
2025-10-31 15:21:00,450.4875503029646,450.6691688236482,450.4728362886006,450.6278495148569,15594
2025-10-31 15:22:00,450.6278495148569,450.6490805643337,450.51612741681333,450.53072099966283,17130
2025-10-31 15:23:00,450.53072099966283,450.7163266278563,450.45241373064863,450.6956149585923,52932
2025-10-31 15:24:00,450.6956149585923,450.7281455912452,450.61820100458976,450.67404010367505,33154
2025-10-31 15:25:00,450.67404010367505,451.01165191669713,450.5694818911354,450.96106049584,46662
2025-10-31 15:26:00,450.96106049584,450.96307901141887,450.9351010578026,450.9384491254438,91418
2025-10-31 15:27:00,450.9384491254438,451.0179869465469,450.90080697859395,450.96873378149394,14837
2025-10-31 15:28:00,450.96873378149394,450.9748503610197,450.86871541536595,450.91428942020195,50874
2025-10-31 15:29:00,450.91428942020195,451.104837831698,450.90433057804825,451.02693177274205,31199
2025-10-31 15:30:00,451.02693177274205,451.0467841741083,450.9732505911579,451.038372851777,40133
2025-10-31 15:31:00,451.038372851777,451.12086735458973,450.9913583950842,451.0913569451679,92666
2025-10-31 15:32:00,451.0913569451679,451.0988284349312,450.9891314042223,450.9926751707063,46386
2025-10-31 15:33:00,450.9926751707063,451.0446896172946,450.67950922057037,450.7555672063958,48828
2025-10-31 15:34:00,450.7555672063958,450.9137150249755,450.6534929329973,450.84692134156336,21350
2025-10-31 15:35:00,450.84692134156336,450.8762046701375,450.69900850116966,450.71751323219405,41728
2025-10-31 15:36:00,450.71751323219405,450.91725585312076,450.6365311032801,450.89280473269764,55875
2025-10-31 15:37:00,450.89280473269764,451.00388436657533,450.85098387526136,450.9821157281106,11539
2025-10-31 15:38:00,450.9821157281106,451.18600732206806,450.97252901950225,451.1322978297637,92839
2025-10-31 15:39:00,451.1322978297637,451.216672011607,451.128772543808,451.17984593454287,71816
2025-10-31 15:40:00,451.17984593454287,451.1997112382001,451.05518014446056,451.065179744379,40979
2025-10-31 15:41:00,451.065179744379,451.1550013481021,450.90463776660636,450.9163849240136,34495
2025-10-31 15:42:00,450.9163849240136,451.09438146993995,450.894225564787,451.0761400670697,10692
2025-10-31 15:43:00,451.0761400670697,451.1351076131932,451.02299300904406,451.0824335136006,85609
2025-10-31 15:44:00,451.0824335136006,451.1245057090101,451.0778605185465,451.0878083467782,84852
2025-10-31 15:45:00,451.0878083467782,451.1116491441926,450.94045223315,450.99824281194435,95414
2025-10-31 15:46:00,450.99824281194435,451.0164214682232,450.80246657859954,450.8922641763655,13956
2025-10-31 15:47:00,450.8922641763655,450.9022057264927,450.7602128551758,450.77214094881236,58849
2025-10-31 15:48:00,450.77214094881236,450.8374767522579,450.68592626106357,450.700611928209,72320
2025-10-31 15:49:00,450.700611928209,450.7670361994861,450.6675464965543,450.76446248717673,65798
2025-10-31 15:50:00,450.76446248717673,450.7708821373582,450.6620292056468,450.76646844637366,88002
2025-10-31 15:51:00,450.76646844637366,450.8596185302928,450.7532738139592,450.8015414243146,82095
2025-10-31 15:52:00,450.8015414243146,450.8427940362299,450.68726376739016,450.69434456739964,10924
2025-10-31 15:53:00,450.69434456739964,450.8892136723393,450.65767841733475,450.8504843741403,83762
2025-10-31 15:54:00,450.8504843741403,450.9430427173056,450.5823573687954,450.63142075041037,37062
2025-10-31 15:55:00,450.63142075041037,450.69013663957713,450.5074645276762,450.64256930642495,70610
2025-10-31 15:56:00,450.64256930642495,450.7400334853884,450.5477688412105,450.73693035402965,45081
2025-10-31 15:57:00,450.73693035402965,450.85776816804,450.6999263446914,450.83576768390634,46824
2025-10-31 15:58:00,450.83576768390634,451.001970259914,450.785921852664,450.9516316267225,37672
2025-10-31 15:59:00,450.9516316267225,451.1239628176701,450.85667713431724,451.0798555279816,37281
2025-10-31 16:00:00,451.0798555279816,451.26136284613665,450.99949399706964,451.2284898780705,69872
2025-11-03 09:30:00,451.2284898780705,451.25236060068266,451.0900733124189,451.0926424853145,42230
2025-11-03 09:31:00,451.0926424853145,451.10227136357986,450.995650721871,451.0180301998781,95961
2025-11-03 09:32:00,451.0180301998781,451.054810766355,450.92247246972113,450.9246408990111,59646
2025-11-03 09:33:00,450.9246408990111,451.0690979208084,450.90379657920874,451.0118006392636,49449
2025-11-03 09:34:00,451.0118006392636,451.07094313842276,450.9849363893691,451.0485687698622,53240
2025-11-03 09:35:00,451.0485687698622,451.129659833194,451.0212955738489,451.06450412990165,93232
2025-11-03 09:36:00,451.06450412990165,451.21999602091364,451.04536122578793,451.1841017508046,81138
2025-11-03 09:37:00,451.1841017508046,451.39202196686523,451.1539938897559,451.3227227867075,98603
2025-11-03 09:38:00,451.3227227867075,451.4224077349367,451.3099194518711,451.37722206683736,73723
2025-11-03 09:39:00,451.37722206683736,451.4622288452654,451.25514927846217,451.2661802243664,40341
2025-11-03 09:40:00,451.2661802243664,451.2751124846545,451.1276227350801,451.22093099739226,11375
2025-11-03 09:41:00,451.22093099739226,451.48504449853675,451.21626396406043,451.40118759412985,31398
2025-11-03 09:42:00,451.40118759412985,451.4254153390599,451.3021451966739,451.33446574060684,31638
2025-11-03 09:43:00,451.33446574060684,451.3540423378943,451.20549728650025,451.2332409741392,50734
2025-11-03 09:44:00,451.2332409741392,451.48845407228134,451.2314741888029,451.43888196170127,173952
2025-11-03 09:45:00,451.43888196170127,451.50966123230734,451.42039026220044,451.4360420002016,40232
2025-11-03 09:46:00,451.4360420002016,451.74571988878847,451.42822524510797,451.707947034183,189034
2025-11-03 09:47:00,451.707947034183,451.7130489865686,451.6522721130569,451.69244784133423,60210
2025-11-03 09:48:00,451.69244784133423,451.7182899162395,451.64392170804183,451.7079424306323,22632
2025-11-03 09:49:00,451.7079424306323,451.88132579616763,451.6386287443465,451.8594322873437,37464
2025-11-03 09:50:00,451.8594322873437,452.0062807993562,451.8237348137189,451.98041874780654,34299
2025-11-03 09:51:00,451.98041874780654,452.07166246237153,451.8518906576777,451.9242865560758,24175
2025-11-03 09:52:00,451.9242865560758,452.1466998562996,451.8876633487818,452.1213703424986,115290
2025-11-03 09:53:00,452.1213703424986,452.1454627290257,452.0656794685125,452.1435922768166,10515
2025-11-03 09:54:00,452.1435922768166,452.1918983638016,452.01315310925776,452.04046181785014,68755
2025-11-03 09:55:00,452.04046181785014,452.2327332904611,451.995735032449,452.14552662527575,48990
2025-11-03 09:56:00,452.14552662527575,452.3263746892358,452.13653120374687,452.30467855019725,15033
2025-11-03 09:57:00,452.30467855019725,452.3282329301718,452.24098937581147,452.3139496527799,90639
2025-11-03 09:58:00,452.3139496527799,452.49432560124603,452.28142332915814,452.45704605958815,21772
2025-11-03 09:59:00,452.45704605958815,452.4860739284832,452.45635086947675,452.47505568777376,42567
2025-11-03 10:00:00,452.47505568777376,452.52993115617465,452.3557367375719,452.377477940938,75364
2025-11-03 10:01:00,452.377477940938,452.45480557208776,452.34309189753924,452.4231116669313,17601
2025-11-03 10:02:00,452.4231116669313,452.47666899463763,452.4011442946264,452.4732774375225,10731
2025-11-03 10:03:00,452.4732774375225,452.47540111641865,452.1631849716602,452.24901129735986,71582
2025-11-03 10:04:00,452.24901129735986,452.28616149270545,452.11598728628405,452.11804968738994,30863
2025-11-03 10:05:00,452.11804968738994,452.2254609724847,452.0498617922627,452.19413500412,93087
2025-11-03 10:06:00,452.19413500412,452.2073394592852,452.0237554861798,452.0442798144625,85483
2025-11-03 10:07:00,452.0442798144625,452.3044227725402,452.01260721200924,452.2631372845135,143914
2025-11-03 10:08:00,452.2631372845135,452.3045044851492,452.246668561243,452.29774880847066,65192
2025-11-03 10:09:00,452.29774880847066,452.3334277085712,452.21191297935053,452.2296548985081,23386
2025-11-03 10:10:00,452.2296548985081,452.28359391973225,452.15699891702104,452.213881461136,14922
2025-11-03 10:11:00,452.213881461136,452.22919737179996,452.15447316082316,452.20102533369476,93255
2025-11-03 10:12:00,452.20102533369476,452.34658588304967,452.1408107863334,452.2799177155474,81916
2025-11-03 10:13:00,452.2799177155474,452.43673045735926,452.22928289246505,452.43294278106544,80474
2025-11-03 10:14:00,452.43294278106544,452.497919537009,452.3562774867732,452.4425769011818,44980
2025-11-03 10:15:00,452.4425769011818,452.546402002677,452.3928458323785,452.40998359892217,43139
2025-11-03 10:16:00,452.40998359892217,452.52403945211114,452.30151835642556,452.4894113396373,44159
2025-11-03 10:17:00,452.4894113396373,452.62785351592635,452.4635404366412,452.6135922621983,19265
2025-11-03 10:18:00,452.6135922621983,452.66697044376036,452.60416254890526,452.64370079821055,25386
2025-11-03 10:19:00,452.64370079821055,452.67960836236887,452.4731851612134,452.5182797225166,85452
2025-11-03 10:20:00,452.5182797225166,452.5193610193347,452.4402899298659,452.4522424064474,51984
2025-11-03 10:21:00,452.4522424064474,452.4571289243255,452.3746391514493,452.38104802404655,26374
2025-11-03 10:22:00,452.38104802404655,452.4325171347387,452.31123346592443,452.3123374400039,63639
2025-11-03 10:23:00,452.3123374400039,452.37552859089493,452.1166055136606,452.120625513721,123592
2025-11-03 10:24:00,452.120625513721,452.28408402137126,452.0809204854815,452.26457089306206,19130
2025-11-03 10:25:00,452.26457089306206,452.4248737909839,452.173281838278,452.38740723452304,58517
2025-11-03 10:26:00,452.38740723452304,452.4671925711651,452.3566102493262,452.4457709776302,77087
2025-11-03 10:27:00,452.4457709776302,452.5655851323596,452.3874344041746,452.418901195104,99813
2025-11-03 10:28:00,452.418901195104,452.73188391959263,452.4058537868667,452.72511932469524,66976
2025-11-03 10:29:00,452.72511932469524,452.7752389035325,452.6728197235976,452.6766213864605,53066
2025-11-03 10:30:00,452.6766213864605,452.74382403224786,452.66172349199434,452.7172980729348,38899
2025-11-03 10:31:00,452.7172980729348,452.75633442775563,452.6792095558989,452.7392105585081,87239
2025-11-03 10:32:00,452.7392105585081,452.9003825218424,452.6500696875933,452.8690326481459,92214
2025-11-03 10:33:00,452.8690326481459,452.9620226654468,452.8647346235241,452.94253035422577,51785
2025-11-03 10:34:00,452.94253035422577,453.0202955432924,452.8583406863556,452.99097491032137,47333
2025-11-03 10:35:00,452.99097491032137,453.0560082508528,452.97215270423,453.0145097967437,72894
2025-11-03 10:36:00,453.0145097967437,453.1485872798652,452.9894616805341,453.1184683708765,95119
2025-11-03 10:37:00,453.1184683708765,453.1257066378575,453.0117260373989,453.04242043481213,83531
2025-11-03 10:38:00,453.04242043481213,453.11935198030227,453.0287674070607,453.07766831558996,28557
2025-11-03 10:39:00,453.07766831558996,453.09180375023226,453.00966956694236,453.0575273020809,37094
2025-11-03 10:40:00,453.0575273020809,453.0749607534039,452.9938452029344,453.00692043911624,91463
2025-11-03 10:41:00,453.00692043911624,453.1023332722397,452.97807025909356,453.04385487586455,42634
2025-11-03 10:42:00,453.04385487586455,453.12754123295184,453.029103267239,453.12718416036176,22352
2025-11-03 10:43:00,453.12718416036176,453.1416189150831,453.12323497840237,453.1415403241745,49725
2025-11-03 10:44:00,453.1415403241745,453.427821762535,453.0699466747612,453.41247012399486,85538
2025-11-03 10:45:00,453.41247012399486,453.5502232812223,453.3827727142436,453.46095930032106,18320
2025-11-03 10:46:00,453.46095930032106,453.61868753579716,453.4565303300475,453.579838502577,67233
2025-11-03 10:47:00,453.579838502577,453.617225781326,453.52742386777317,453.5635726969106,48106
2025-11-03 10:48:00,453.5635726969106,453.66812015345147,453.53865573506056,453.6498167933733,50544
2025-11-03 10:49:00,453.6498167933733,453.7618585475328,453.5785878104714,453.655986285328,73656
2025-11-03 10:50:00,453.655986285328,453.7223768292988,453.63138457702297,453.6897405920565,53601
2025-11-03 10:51:00,453.6897405920565,453.81581891909553,453.6652652385598,453.75759545313946,45398
2025-11-03 10:52:00,453.75759545313946,453.84596270071785,453.67287722622785,453.82265580195406,82635
2025-11-03 10:53:00,453.82265580195406,453.85486763450547,453.7678561052027,453.8122793153794,28984
2025-11-03 10:54:00,453.8122793153794,453.84865301937475,453.6888137323175,453.7331577680856,71247
2025-11-03 10:55:00,453.7331577680856,453.7555565253725,453.67211334921234,453.73091973771835,91685
2025-11-03 10:56:00,453.73091973771835,453.7513728501348,453.5983493965558,453.63044948156204,61375
2025-11-03 10:57:00,453.63044948156204,453.6393129828449,453.54426583858896,453.56476466964034,41376
2025-11-03 10:58:00,453.56476466964034,453.5792164859867,453.44408269372894,453.4931614429221,36619
2025-11-03 10:59:00,453.4931614429221,453.54573610670246,453.4631072798983,453.53605437567444,78244
2025-11-03 11:00:00,453.53605437567444,453.5553112253495,453.4528415100488,453.4628409590326,89401
2025-11-03 11:01:00,453.4628409590326,453.52981401638476,453.28445448917364,453.31797152383683,33889
2025-11-03 11:02:00,453.31797152383683,453.45648794949176,453.2382012876643,453.3807016043919,42363
2025-11-03 11:03:00,453.3807016043919,453.47714580967937,453.3794914762063,453.4630631473709,52137
2025-11-03 11:04:00,453.4630631473709,453.46596883729194,453.404866246128,453.4291832410362,28100
2025-11-03 11:05:00,453.4291832410362,453.52152373406676,453.4018563389984,453.48412637949684,67986
2025-11-03 11:06:00,453.48412637949684,453.5019506981126,453.3253453286658,453.3707563864873,97347
2025-11-03 11:07:00,453.3707563864873,453.4183206648832,453.2395535320281,453.26523405323155,66117
2025-11-03 11:08:00,453.26523405323155,453.3211919299199,453.2394420211771,453.315551445861,94431
2025-11-03 11:09:00,453.315551445861,453.42438094883215,453.2498653029068,453.2674858418623,54264
2025-11-03 11:10:00,453.2674858418623,453.5364083756858,453.22569686744174,453.5259935405332,100192
2025-11-03 11:11:00,453.5259935405332,453.5301589393328,453.4314129721953,453.43537759932724,21549
2025-11-03 11:12:00,453.43537759932724,453.5323674386385,453.4104742399612,453.5304466405602,30045
2025-11-03 11:13:00,453.5304466405602,453.53709351637536,453.4477034750368,453.48183625088177,91149
2025-11-03 11:14:00,453.48183625088177,453.5113334286221,453.3998076920113,453.4194856363339,14994
2025-11-03 11:15:00,453.4194856363339,453.5559517728778,453.34129322902595,453.53587717788537,87355
2025-11-03 11:16:00,453.53587717788537,453.5517255050643,453.479130889244,453.5141679765737,55178
2025-11-03 11:17:00,453.5141679765737,453.5403804327363,453.3709474766862,453.46673533607253,99242
2025-11-03 11:18:00,453.46673533607253,453.6493911221926,453.4360759632883,453.63877435211805,59294
2025-11-03 11:19:00,453.63877435211805,453.76874366924665,453.5396952555983,453.7308897264517,73580
2025-11-03 11:20:00,453.7308897264517,453.90369013089514,453.7253765650613,453.82803416407285,68232
2025-11-03 11:21:00,453.82803416407285,453.95063623470645,453.8013194552439,453.91067915490135,39709
2025-11-03 11:22:00,453.91067915490135,453.97033640898474,453.8970835435199,453.9030600594496,11936
2025-11-03 11:23:00,453.9030600594496,454.0170799113511,453.81158610549966,453.9313028148486,40825
2025-11-03 11:24:00,453.9313028148486,454.0568557154644,453.8909405269596,454.0484755991721,78619
2025-11-03 11:25:00,454.0484755991721,454.06570902289434,453.882069210903,453.93273928907996,49563
2025-11-03 11:26:00,453.93273928907996,454.16309574819604,453.9165694463933,454.0696497239102,76275
2025-11-03 11:27:00,454.0696497239102,454.09266549081775,454.0164926540965,454.02225332086846,64797
2025-11-03 11:28:00,454.02225332086846,454.0564621474757,453.91923082062374,453.94725028132547,28667
2025-11-03 11:29:00,453.94725028132547,453.94854210539825,453.6654797874399,453.7597625272353,51468
2025-11-03 11:30:00,453.7597625272353,453.7868864859002,453.7230268427597,453.73069487609035,73753
2025-11-03 11:31:00,453.73069487609035,453.75431178144834,453.6221570870515,453.637697674477,68144
2025-11-03 11:32:00,453.637697674477,453.6598476166495,453.4487907437126,453.4775106909667,61482
2025-11-03 11:33:00,453.4775106909667,453.5282906650417,453.43852848083446,453.43973078755903,29222
2025-11-03 11:34:00,453.43973078755903,453.5274158452339,453.43009162797443,453.4740172515505,88353
2025-11-03 11:35:00,453.4740172515505,453.68330810611684,453.4564925109526,453.6176213973034,47265
2025-11-03 11:36:00,453.6176213973034,453.73065826485265,453.60318558226606,453.6998682381037,42427
2025-11-03 11:37:00,453.6998682381037,453.76486793760637,453.61699269720043,453.71674708713965,91731
2025-11-03 11:38:00,453.71674708713965,453.7813739041774,453.67103478935496,453.72954257814047,84681
2025-11-03 11:39:00,453.72954257814047,453.7819422594102,453.6024698560903,453.642101323036,59156
2025-11-03 11:40:00,453.642101323036,453.65038764219554,453.61955328506167,453.63934292805703,64530
2025-11-03 11:41:00,453.63934292805703,453.8306176940106,453.634609528452,453.70291600111136,21221
2025-11-03 11:42:00,453.70291600111136,453.75741762939344,453.6600861671465,453.7386049122056,97227
2025-11-03 11:43:00,453.7386049122056,453.8065709744743,453.7107880506915,453.7508623774719,31672
2025-11-03 11:44:00,453.7508623774719,453.79586069909715,453.64397770863394,453.6726897582941,65934
2025-11-03 11:45:00,453.6726897582941,453.7080362128194,453.4790694137734,453.52642396817225,70101
2025-11-03 11:46:00,453.52642396817225,453.5863975048255,453.466373131675,453.56085588492306,96436
2025-11-03 11:47:00,453.56085588492306,453.57562953113114,453.36077867628455,453.413800617422,61660
2025-11-03 11:48:00,453.413800617422,453.4425316827766,453.36468659698005,453.3963427148754,80247
2025-11-03 11:49:00,453.3963427148754,453.5254116316696,453.357369451138,453.5152384245135,21957
2025-11-03 11:50:00,453.5152384245135,453.53299050017046,453.455093317238,453.5224766623274,93308
2025-11-03 11:51:00,453.5224766623274,453.5810478156838,453.48114555795456,453.5731488116407,21831
2025-11-03 11:52:00,453.5731488116407,453.6122937576747,453.38899956096674,453.4625935018143,47045
2025-11-03 11:53:00,453.4625935018143,453.6253220195423,453.45975303129524,453.585125705375,52292
2025-11-03 11:54:00,453.585125705375,453.6591658925921,453.5498652911076,453.6071811422733,84499
2025-11-03 11:55:00,453.6071811422733,453.63178063783937,453.5533337863069,453.5726349245726,50563
2025-11-03 11:56:00,453.5726349245726,453.63030309177043,453.54922123591064,453.55368388589017,67104
2025-11-03 11:57:00,453.55368388589017,453.5933533085652,453.4772896384465,453.5645327701089,84160
2025-11-03 11:58:00,453.5645327701089,453.72488457819406,453.5401528880403,453.6552476465021,87360
2025-11-03 11:59:00,453.6552476465021,453.6597160757487,453.6226913427322,453.62967942074255,87527
2025-11-03 12:00:00,453.62967942074255,453.65488197924407,453.528052332939,453.62583550704426,81116
2025-11-03 12:01:00,453.62583550704426,453.6721578299484,453.55239306298034,453.6575311860752,25728
2025-11-03 12:02:00,453.6575311860752,453.69227273256627,453.5965711565993,453.5981370590084,27718
2025-11-03 12:03:00,453.5981370590084,453.71292379115374,453.5686610325412,453.69126408447573,65963
2025-11-03 12:04:00,453.69126408447573,453.74750678901273,453.5755989875983,453.7442704890339,36660
2025-11-03 12:05:00,453.7442704890339,453.7716716570323,453.6854903997049,453.7033183087172,90691
2025-11-03 12:06:00,453.7033183087172,453.71221942999586,453.6528114203859,453.68326008233583,89553
2025-11-03 12:07:00,453.68326008233583,453.7417141795984,453.60098881068376,453.7277855953654,44235
2025-11-03 12:08:00,453.7277855953654,453.79041858954764,453.72500821999296,453.74204364060853,92800
2025-11-03 12:09:00,453.74204364060853,453.82881586981705,453.6826588660091,453.7785398544499,40270
2025-11-03 12:10:00,453.7785398544499,454.0434796648467,453.77152004794607,453.9994745087765,95758
2025-11-03 12:11:00,453.9994745087765,454.27166759836996,453.8911080181006,454.16147021936166,26645
2025-11-03 12:12:00,454.16147021936166,454.1648445804681,454.0935347066595,454.1618446144536,79711
2025-11-03 12:13:00,454.1618446144536,454.18778540372705,453.9230099971171,453.9340704286516,179114
2025-11-03 12:14:00,453.9340704286516,453.95921638098065,453.8415525643716,453.88048728775163,57340
2025-11-03 12:15:00,453.88048728775163,454.01005322183,453.8410576454461,453.879948433482,34502
2025-11-03 12:16:00,453.879948433482,453.9462584445817,453.70292115491384,453.7323417758964,91494
2025-11-03 12:17:00,453.7323417758964,453.7480776309951,453.70012663175726,453.74042945939306,92234
2025-11-03 12:18:00,453.74042945939306,453.9443022420524,453.71856978953076,453.86003643473197,36128
2025-11-03 12:19:00,453.86003643473197,453.87401089156015,453.8317759532226,453.85526686881957,61012
2025-11-03 12:20:00,453.85526686881957,453.9136610588601,453.75512796085053,453.78280801429037,97318
2025-11-03 12:21:00,453.78280801429037,453.86949014758505,453.6563331626201,453.66018109351677,44812
2025-11-03 12:22:00,453.66018109351677,453.8697873715191,453.61035427110806,453.84256252853186,150342
2025-11-03 12:23:00,453.84256252853186,453.96027576726294,453.8351061327993,453.8902351377303,52863
2025-11-03 12:24:00,453.8902351377303,454.1838281157584,453.88067310180963,454.1349930089254,152428
2025-11-03 12:25:00,454.1349930089254,454.22429807156374,454.125170229863,454.15234744667794,31411
2025-11-03 12:26:00,454.15234744667794,454.2219417213988,454.1275383024651,454.2046366879852,89026
2025-11-03 12:27:00,454.2046366879852,454.2612425773518,454.0507534881667,454.13647319631445,16378
2025-11-03 12:28:00,454.13647319631445,454.1625837708149,454.0662983090198,454.0823022066251,23180
2025-11-03 12:29:00,454.0823022066251,454.19254307386353,454.0784369646505,454.1651840895023,41169
2025-11-03 12:30:00,454.1651840895023,454.3686356478513,454.16310076818127,454.35547507348565,172204
2025-11-03 12:31:00,454.35547507348565,454.5394679152514,454.34356120356193,454.4699656327803,43477
2025-11-03 12:32:00,454.4699656327803,454.5429783863237,454.4191822708379,454.45997308398853,30805
2025-11-03 12:33:00,454.45997308398853,454.4694471297237,454.31570549218935,454.3705302108976,15495
2025-11-03 12:34:00,454.3705302108976,454.3821543561979,454.25503888041334,454.27718725017473,58773
2025-11-03 12:35:00,454.27718725017473,454.27850133161894,454.15373749889056,454.2188509508847,68535
2025-11-03 12:36:00,454.2188509508847,454.27942791982576,454.0361768217031,454.0730365989867,55528
2025-11-03 12:37:00,454.0730365989867,454.1324764545318,454.00971042049235,454.12767842190425,64512
2025-11-03 12:38:00,454.12767842190425,454.1285809386934,453.9824638151984,453.9873334996993,23107
2025-11-03 12:39:00,453.9873334996993,454.03648595998925,453.8751906166119,453.9269525159504,80601
2025-11-03 12:40:00,453.9269525159504,454.1275887788333,453.8562814532013,454.10842047216755,42940
2025-11-03 12:41:00,454.10842047216755,454.13334423216145,453.90943823792657,453.9899164524177,83282
2025-11-03 12:42:00,453.9899164524177,454.1597677710334,453.9861546614375,454.0705007347552,13880
2025-11-03 12:43:00,454.0705007347552,454.08202354537093,453.9823116337595,454.0750612732054,60726
2025-11-03 12:44:00,454.0750612732054,454.0934155713622,453.9120820363032,453.94457869145174,64362
2025-11-03 12:45:00,453.94457869145174,454.05848463910934,453.9007038856488,454.04487176284715,30316
2025-11-03 12:46:00,454.04487176284715,454.30941888170554,454.0048630328488,454.27397583908106,113410
2025-11-03 12:47:00,454.27397583908106,454.3429038924267,454.2682983351822,454.3281867258488,86425
2025-11-03 12:48:00,454.3281867258488,454.3409535893271,454.2914782233583,454.3004763937766,66677
2025-11-03 12:49:00,454.3004763937766,454.4009494128273,454.2564318033195,454.35306419327577,95366
2025-11-03 12:50:00,454.35306419327577,454.4084503610599,454.32660689048805,454.3911657276186,41932
2025-11-03 12:51:00,454.3911657276186,454.41919397774984,454.32808066895046,454.35424713163667,46404
2025-11-03 12:52:00,454.35424713163667,454.38256933454096,454.325294003088,454.3406681655718,93848
2025-11-03 12:53:00,454.3406681655718,454.3516769433087,454.2580178469253,454.3204213187941,23303
2025-11-03 12:54:00,454.3204213187941,454.3694904711777,454.05835481141133,454.10116694785694,138824
2025-11-03 12:55:00,454.10116694785694,454.1538461018745,454.09938024855956,454.12592173869615,37938
2025-11-03 12:56:00,454.12592173869615,454.2457983495288,454.12266806789023,454.22120186262856,92994
2025-11-03 12:57:00,454.22120186262856,454.34613038874033,454.2159467864938,454.33053622917237,10229
2025-11-03 12:58:00,454.33053622917237,454.49723654375975,454.28324432383135,454.43408842084926,92421
2025-11-03 12:59:00,454.43408842084926,454.5035990832196,454.4080278534436,454.4922341205962,54377
2025-11-03 13:00:00,454.4922341205962,454.5993667200205,454.44074992426823,454.558429626382,40461
2025-11-03 13:01:00,454.558429626382,454.630024218396,454.5084163077277,454.59744281830893,53162
2025-11-03 13:02:00,454.59744281830893,454.61864087788115,454.5270337525843,454.5958121335879,21437
2025-11-03 13:03:00,454.5958121335879,454.6876320018052,454.4746947186148,454.52902533653975,83927
2025-11-03 13:04:00,454.52902533653975,454.6664167171617,454.4981068991761,454.6413257001753,77847
2025-11-03 13:05:00,454.6413257001753,454.6759400570948,454.4253061266782,454.46522013693146,35993
2025-11-03 13:06:00,454.46522013693146,454.4967940752565,454.44260719743363,454.4742991662763,70277
2025-11-03 13:07:00,454.4742991662763,454.50001212684083,454.45913936021725,454.46242339208084,80309
2025-11-03 13:08:00,454.46242339208084,454.46525717625076,454.34328687949323,454.36559238382574,48826
2025-11-03 13:09:00,454.36559238382574,454.50617775765215,454.3510389660706,454.4547499257841,74360
2025-11-03 13:10:00,454.4547499257841,454.5325813746669,454.4181772550223,454.51516970950473,89732
2025-11-03 13:11:00,454.51516970950473,454.55464458595696,454.45641669136535,454.51743033015134,43332
2025-11-03 13:12:00,454.51743033015134,454.55587354497163,454.3866611320688,454.4100206495751,12251
2025-11-03 13:13:00,454.4100206495751,454.4690031790152,454.3883973062423,454.468822248183,88572
2025-11-03 13:14:00,454.468822248183,454.49247679796395,454.4253513631477,454.4625231258495,85082
2025-11-03 13:15:00,454.4625231258495,454.4685893837766,454.4017837150265,454.41729425509016,15577
2025-11-03 13:16:00,454.41729425509016,454.4573350859615,454.41618419170345,454.41624443315305,44831
2025-11-03 13:17:00,454.41624443315305,454.470152776952,454.3308552501002,454.45732854735917,34398
2025-11-03 13:18:00,454.45732854735917,454.6176400841011,454.4440801477417,454.5419448013693,21801
2025-11-03 13:19:00,454.5419448013693,454.56667360391566,454.33460411360227,454.4214741584778,60975
2025-11-03 13:20:00,454.4214741584778,454.50677288900084,454.3946326379619,454.4646021505826,50733
2025-11-03 13:21:00,454.4646021505826,454.50608617571027,454.3840160539112,454.402984215039,54565
2025-11-03 13:22:00,454.402984215039,454.4358248720209,454.3662460949794,454.38881174235536,48563
2025-11-03 13:23:00,454.38881174235536,454.52307056228085,454.29916942889247,454.4657528029112,34363
2025-11-03 13:24:00,454.4657528029112,454.5099549438294,454.453019557946,454.4580429370551,47534
2025-11-03 13:25:00,454.4580429370551,454.49799720740526,454.1561424398675,454.24447454755045,191890
2025-11-03 13:26:00,454.24447454755045,454.27820033345824,454.1387074907774,454.1676646552772,27138
2025-11-03 13:27:00,454.1676646552772,454.18221475954454,454.1203090595825,454.14808928281434,34845
2025-11-03 13:28:00,454.14808928281434,454.19664426527777,453.8008826222088,453.83598399872716,186098
2025-11-03 13:29:00,453.83598399872716,453.90916875031957,453.7877714744252,453.8484344507624,42317
2025-11-03 13:30:00,453.8484344507624,453.9116637640444,453.7583063608819,453.7963957211609,58270
2025-11-03 13:31:00,453.7963957211609,453.85717009836304,453.7787105091487,453.8097668874567,46784
2025-11-03 13:32:00,453.8097668874567,453.8414986541404,453.541412876081,453.5966001243122,151044
2025-11-03 13:33:00,453.5966001243122,453.6326871460666,453.5180892866595,453.6255217860685,60227
2025-11-03 13:34:00,453.6255217860685,453.6913935509672,453.5037665991903,453.5044082745939,25733
2025-11-03 13:35:00,453.5044082745939,453.5125792248082,453.40579013012797,453.41305908636775,44929
2025-11-03 13:36:00,453.41305908636775,453.54483349177025,453.36022161943345,453.52447914075435,87597
2025-11-03 13:37:00,453.52447914075435,453.6070452635146,453.3920415803399,453.41772291492185,11468
2025-11-03 13:38:00,453.41772291492185,453.55040137780185,453.37796772259173,453.49313687282734,38718
2025-11-03 13:39:00,453.49313687282734,453.60503802373813,453.4125925336134,453.6045091047372,10767
2025-11-03 13:40:00,453.6045091047372,453.6634200880761,453.5302794035103,453.56270717995494,24621
2025-11-03 13:41:00,453.56270717995494,453.57611994702205,453.50168570386865,453.57566555839014,64469
2025-11-03 13:42:00,453.57566555839014,453.61768852170303,453.5554602295232,453.56583160317456,85235
2025-11-03 13:43:00,453.56583160317456,453.64890773164694,453.4270037268675,453.46025438444985,63502
2025-11-03 13:44:00,453.46025438444985,453.5008408539035,453.38654932121375,453.3995085442217,45694
2025-11-03 13:45:00,453.3995085442217,453.5535016980803,453.39697567593464,453.5302639756174,59853
2025-11-03 13:46:00,453.5302639756174,453.55905328944465,453.4676642145301,453.5021768723124,99787
2025-11-03 13:47:00,453.5021768723124,453.67207570684513,453.471715213456,453.6534091767526,47387
2025-11-03 13:48:00,453.6534091767526,453.68699393573684,453.59678526360466,453.60144938106635,17856
2025-11-03 13:49:00,453.60144938106635,453.67382150767315,453.57434552863594,453.6558923462428,77306
2025-11-03 13:50:00,453.6558923462428,453.83581476167666,453.5696235189894,453.83265884980835,36287
2025-11-03 13:51:00,453.83265884980835,453.9123790996191,453.82241782628387,453.90654106941565,54247
2025-11-03 13:52:00,453.90654106941565,454.0687003637511,453.839960949695,454.0326385182264,73248
2025-11-03 13:53:00,454.0326385182264,454.06608184232806,454.0159711688653,454.0582385844706,30390
2025-11-03 13:54:00,454.0582385844706,454.09370898723245,454.0339098207715,454.04610634872716,26984
2025-11-03 13:55:00,454.04610634872716,454.193545268271,454.0204265739596,454.18068205206123,49832
2025-11-03 13:56:00,454.18068205206123,454.209825319463,454.0622396157298,454.1378695529224,28562
2025-11-03 13:57:00,454.1378695529224,454.36897480044274,454.11275575449264,454.3039549900143,75864
2025-11-03 13:58:00,454.3039549900143,454.5604754846061,454.27071806259573,454.5032978473306,33498
2025-11-03 13:59:00,454.5032978473306,454.5119984025629,454.44872455635374,454.46912904231505,42463
2025-11-03 14:00:00,454.46912904231505,454.58222298945975,454.43733914396717,454.5153622029288,19718
2025-11-03 14:01:00,454.5153622029288,454.6431953870006,454.50609812877485,454.59697970903204,23503
2025-11-03 14:02:00,454.59697970903204,454.74940449977214,454.55523004571484,454.7012732020372,69557
2025-11-03 14:03:00,454.7012732020372,454.7759323853177,454.64329455998717,454.77337905417863,91199
2025-11-03 14:04:00,454.77337905417863,454.9359542866807,454.70765496602627,454.89078972674804,83302
2025-11-03 14:05:00,454.89078972674804,454.99387780964463,454.83575024937255,454.942088049054,45321
2025-11-03 14:06:00,454.942088049054,455.11018075363046,454.91717288301305,455.08787782383183,70663
2025-11-03 14:07:00,455.08787782383183,455.13721540643775,454.94299489679423,454.9534384048494,18123
2025-11-03 14:08:00,454.9534384048494,454.99630524557887,454.9409953836417,454.99459326818743,78322
2025-11-03 14:09:00,454.99459326818743,455.000629336401,454.97077485653807,454.9836586745419,46901
2025-11-03 14:10:00,454.9836586745419,455.0021683821613,454.96195410038433,454.9867750335055,84777
2025-11-03 14:11:00,454.9867750335055,455.03053952264634,454.9721585826169,454.9782874799317,87707
2025-11-03 14:12:00,454.9782874799317,454.98885273575644,454.89127205166636,454.9220058721322,12017
2025-11-03 14:13:00,454.9220058721322,454.974826855966,454.7809950389555,454.9464200797355,45031
2025-11-03 14:14:00,454.9464200797355,454.98592130135285,454.908181827093,454.91263147734844,75867
2025-11-03 14:15:00,454.91263147734844,454.92085512581264,454.8729960003692,454.8775616870727,98534
2025-11-03 14:16:00,454.8775616870727,454.9456685777583,454.70060634325966,454.75885820519113,27393
2025-11-03 14:17:00,454.75885820519113,454.78108492535466,454.6381336655539,454.6884933863721,23265
2025-11-03 14:18:00,454.6884933863721,454.7003687952592,454.52764002770607,454.57415209919475,30539
2025-11-03 14:19:00,454.57415209919475,454.57998423985754,454.38452715794267,454.43698507199025,35008
2025-11-03 14:20:00,454.43698507199025,454.5376053155631,454.3591694186542,454.3776588173065,69789
2025-11-03 14:21:00,454.3776588173065,454.4709192090886,454.32844004670346,454.4536548766302,90317
2025-11-03 14:22:00,454.4536548766302,454.46906677574043,454.3039381903315,454.35695187763235,84656
2025-11-03 14:23:00,454.35695187763235,454.3667435890486,454.33839252944205,454.3477073286443,10595
2025-11-03 14:24:00,454.3477073286443,454.38499865001756,454.3335949746778,454.3750185226404,35020
2025-11-03 14:25:00,454.3750185226404,454.46359310538367,454.2806002021729,454.37376306552244,38400
2025-11-03 14:26:00,454.37376306552244,454.45023472692566,454.33152293780995,454.3954985338083,85039
2025-11-03 14:27:00,454.3954985338083,454.5055857160935,454.36540618347993,454.4938801548025,14924
2025-11-03 14:28:00,454.4938801548025,454.577471148861,454.35967890498216,454.3638671175175,99654
2025-11-03 14:29:00,454.3638671175175,454.41488656999445,454.34990244322256,454.37835689402334,98877
2025-11-03 14:30:00,454.37835689402334,454.43773732311706,454.29682866988554,454.3104043909907,94585
2025-11-03 14:31:00,454.3104043909907,454.3156051529495,454.0496696864953,454.1211216554214,82014
2025-11-03 14:32:00,454.1211216554214,454.17242537168585,454.0818566546435,454.171813990361,98290
2025-11-03 14:33:00,454.171813990361,454.3046178054813,454.14511523285296,454.2507283868686,88422
2025-11-03 14:34:00,454.2507283868686,454.3863333419296,454.2088774473926,454.3070317457408,93569
2025-11-03 14:35:00,454.3070317457408,454.4646506534625,454.2435634458392,454.3958942487772,62389
2025-11-03 14:36:00,454.3958942487772,454.49109732383977,454.3321181795499,454.4839908695671,19719
2025-11-03 14:37:00,454.4839908695671,454.4994827674283,454.4189307566247,454.4347533827015,30365
2025-11-03 14:38:00,454.4347533827015,454.47894350077127,454.4279879033342,454.4548107644246,37499
2025-11-03 14:39:00,454.4548107644246,454.57708054155484,454.4488714933909,454.5339537647426,13771
2025-11-03 14:40:00,454.5339537647426,454.5981272186539,454.5102358435707,454.5210881126951,97458
2025-11-03 14:41:00,454.5210881126951,454.5581778293835,454.38123832035257,454.53444515103604,53074
2025-11-03 14:42:00,454.53444515103604,454.74197383769183,454.4987373281895,454.658089056242,27806
2025-11-03 14:43:00,454.658089056242,454.668916872077,454.60287080799515,454.6294271442271,24706
2025-11-03 14:44:00,454.6294271442271,454.73314108487756,454.5852549143122,454.73070642799934,31225
2025-11-03 14:45:00,454.73070642799934,454.7861510366792,454.5845809333481,454.61046871623734,94085
2025-11-03 14:46:00,454.61046871623734,454.6872299297351,454.50281921163406,454.5537313851553,65556
2025-11-03 14:47:00,454.5537313851553,454.63288694494577,454.5086966258214,454.5220529181886,29462
2025-11-03 14:48:00,454.5220529181886,454.54462138056357,454.4277999896145,454.4802239392219,12523
2025-11-03 14:49:00,454.4802239392219,454.5813012419131,454.4311492049072,454.43920611315554,23163
2025-11-03 14:50:00,454.43920611315554,454.4874974267151,454.3764753695662,454.3935439208265,84991
2025-11-03 14:51:00,454.3935439208265,454.45508602500587,454.1302965953809,454.18101381135244,39010
2025-11-03 14:52:00,454.18101381135244,454.234021976157,454.14422711068926,454.1947230071016,68408
2025-11-03 14:53:00,454.1947230071016,454.24867173328266,454.19131701817275,454.20860536666373,68703
2025-11-03 14:54:00,454.20860536666373,454.22053340048467,454.04412272231923,454.08528159175495,99234
2025-11-03 14:55:00,454.08528159175495,454.1493299978296,454.06860223805285,454.1279245649898,32301
2025-11-03 14:56:00,454.1279245649898,454.1355262731362,453.9955460753503,454.0574993184445,64703
2025-11-03 14:57:00,454.0574993184445,454.1649098966973,454.0308342281544,454.1013324985983,67089
2025-11-03 14:58:00,454.1013324985983,454.1275604915497,453.9780867939844,454.0372471888808,61040
2025-11-03 14:59:00,454.0372471888808,454.0579650461579,453.9668227822911,454.0362416997542,73722
2025-11-03 15:00:00,454.0362416997542,454.0870933697279,454.01613322855053,454.024016403654,88608
2025-11-03 15:01:00,454.024016403654,454.0468579146317,453.9594651299148,453.97393547262453,60374
2025-11-03 15:02:00,453.97393547262453,454.019794215074,453.7800914958323,453.8350365315415,45757
2025-11-03 15:03:00,453.8350365315415,453.91474902503404,453.8020450408043,453.88348844800583,80192
2025-11-03 15:04:00,453.88348844800583,453.89118775106135,453.4522559577143,453.58125207981084,23662
2025-11-03 15:05:00,453.58125207981084,453.64881240253953,453.579364759473,453.6345118047032,86508
2025-11-03 15:06:00,453.6345118047032,453.6865679786082,453.6217663388,453.6799937939455,43172
2025-11-03 15:07:00,453.6799937939455,453.70546715546465,453.61515229454733,453.6573033543829,19491
2025-11-03 15:08:00,453.6573033543829,453.74224010868704,453.6315913410911,453.73703110553544,45851
2025-11-03 15:09:00,453.73703110553544,453.76932173591575,453.5204744834995,453.5593817610197,27207
2025-11-03 15:10:00,453.5593817610197,453.56719795695403,453.4372894609803,453.4989677991732,29276
2025-11-03 15:11:00,453.4989677991732,453.57176136669835,453.4911139299327,453.5160785068667,91335
2025-11-03 15:12:00,453.5160785068667,453.5569919397887,453.51508686030184,453.5318007520761,80198
2025-11-03 15:13:00,453.5318007520761,453.620817004422,453.3555149129878,453.40151868032007,18536
2025-11-03 15:14:00,453.40151868032007,453.4099485245223,453.31463650244467,453.38715100590116,84353
2025-11-03 15:15:00,453.38715100590116,453.40711179253924,453.28052018534527,453.3389136703282,56219
2025-11-03 15:16:00,453.3389136703282,453.40501860254284,453.28271981413525,453.38556306048815,25629
2025-11-03 15:17:00,453.38556306048815,453.4928613711204,453.3642881316559,453.4519828320734,67442
2025-11-03 15:18:00,453.4519828320734,453.50287827596054,453.3727923569765,453.5000366734711,55117
2025-11-03 15:19:00,453.5000366734711,453.6674144947634,453.4923096783859,453.5906546713228,45418
2025-11-03 15:20:00,453.5906546713228,453.5986660690236,453.5117954476688,453.5622758998953,37885
2025-11-03 15:21:00,453.5622758998953,453.6410190529071,453.4837223298352,453.6360537976784,95468
2025-11-03 15:22:00,453.6360537976784,453.64083235653914,453.4302732889236,453.44398356194625,57614
2025-11-03 15:23:00,453.44398356194625,453.54576535058686,453.40136069728345,453.4557243090629,32606
2025-11-03 15:24:00,453.4557243090629,453.5419747460797,453.36372369637525,453.4203962270494,56936
2025-11-03 15:25:00,453.4203962270494,453.4586062367395,453.3188155995462,453.3611331656614,60493
2025-11-03 15:26:00,453.3611331656614,453.42020906726856,453.1780524699861,453.2014651379926,39565
2025-11-03 15:27:00,453.2014651379926,453.2242378457521,453.1995939844562,453.2196697960858,43349
2025-11-03 15:28:00,453.2196697960858,453.35872273096794,453.2135094273386,453.31368195880094,46538
2025-11-03 15:29:00,453.31368195880094,453.4525963647369,453.27822778454896,453.4071178634904,14134
2025-11-03 15:30:00,453.4071178634904,453.4846385593975,453.26988777829035,453.2951363670147,44731
2025-11-03 15:31:00,453.2951363670147,453.36453573166835,453.2746445253019,453.35197547463605,69010
2025-11-03 15:32:00,453.35197547463605,453.38392110687283,453.22640745682736,453.2423355154026,84554
2025-11-03 15:33:00,453.2423355154026,453.2454208388324,453.12619945133594,453.17282046588105,27221
2025-11-03 15:34:00,453.17282046588105,453.23642989228466,453.16368210430375,453.218290471262,59508
2025-11-03 15:35:00,453.218290471262,453.37797714510555,453.18217325908114,453.36610625293235,85956
2025-11-03 15:36:00,453.36610625293235,453.5219690310488,453.3655434796321,453.49271703408306,23231
2025-11-03 15:37:00,453.49271703408306,453.5277061197626,453.438572794742,453.446308534101,94790
2025-11-03 15:38:00,453.446308534101,453.45799023991674,453.41053851938165,453.4136957955228,45454
2025-11-03 15:39:00,453.4136957955228,453.44281468399333,453.40960071303346,453.4229409885071,93683
2025-11-03 15:40:00,453.4229409885071,453.4634749767463,453.33976927728247,453.3989472750344,61428
2025-11-03 15:41:00,453.3989472750344,453.5108095851434,453.3971058366069,453.4914861709302,17869
2025-11-03 15:42:00,453.4914861709302,453.68694159900855,453.4661774300967,453.6667684411117,36442
2025-11-03 15:43:00,453.6667684411117,453.73068871156676,453.655319061904,453.72018373251746,97675
2025-11-03 15:44:00,453.72018373251746,453.8531148400829,453.70169644504307,453.8061966771478,95501
2025-11-03 15:45:00,453.8061966771478,453.83718435506023,453.7191094957867,453.75194207534656,48674
2025-11-03 15:46:00,453.75194207534656,453.79986505416315,453.7312296717256,453.7972698503283,68971
2025-11-03 15:47:00,453.7972698503283,453.8318158160248,453.69951485029713,453.7384676249357,56412
2025-11-03 15:48:00,453.7384676249357,453.90635157382764,453.69874246610794,453.8596709726688,83704
2025-11-03 15:49:00,453.8596709726688,453.86650673538117,453.82457584146954,453.85934695145625,33704
2025-11-03 15:50:00,453.85934695145625,453.9051790333433,453.7762548741078,453.8023365392623,97700
2025-11-03 15:51:00,453.8023365392623,453.8864269509812,453.7239175519005,453.7295840393547,90141
2025-11-03 15:52:00,453.7295840393547,453.78588945066593,453.7268442773242,453.77638150864465,58877
2025-11-03 15:53:00,453.77638150864465,453.83965407554035,453.70529090707475,453.7502916079196,57456
2025-11-03 15:54:00,453.7502916079196,453.8121556907961,453.7013468908419,453.81191729825383,16256
2025-11-03 15:55:00,453.81191729825383,453.9019013300143,453.7715164917293,453.83660212250476,36205
2025-11-03 15:56:00,453.83660212250476,453.85033966542846,453.7346038752598,453.7438002803435,29239
2025-11-03 15:57:00,453.7438002803435,453.7995996569789,453.6292952483448,453.634070187005,88025
2025-11-03 15:58:00,453.634070187005,453.83411946490884,453.6074836452251,453.80538064244973,85930
2025-11-03 15:59:00,453.80538064244973,453.9001814180524,453.7820595555009,453.8771694525367,98921
2025-11-03 16:00:00,453.8771694525367,453.88816449007425,453.7265396478353,453.8137218361154,64213
2025-11-04 09:30:00,453.8137218361154,453.98666738579334,453.79358433818584,453.97897811452395,41498
2025-11-04 09:31:00,453.97897811452395,453.9999840549696,453.90593896758656,453.981404527549,48179
2025-11-04 09:32:00,453.981404527549,454.14866148894913,453.9179467581138,454.0547527025683,36751
2025-11-04 09:33:00,454.0547527025683,454.23540432698917,453.98636635943717,454.2093652933757,45201
2025-11-04 09:34:00,454.2093652933757,454.3185101606152,454.19572416677437,454.25235609665043,75294
2025-11-04 09:35:00,454.25235609665043,454.3821551712997,454.2248847663341,454.3441401755818,19777
2025-11-04 09:36:00,454.3441401755818,454.42606946464065,454.2765810156324,454.3641678209623,98147
2025-11-04 09:37:00,454.3641678209623,454.40132037912986,454.1846244638447,454.2361271348551,73620
2025-11-04 09:38:00,454.2361271348551,454.32800049016663,454.07685976384977,454.1337418647518,80102
2025-11-04 09:39:00,454.1337418647518,454.1926013874018,454.087195197015,454.10839943796225,76400
2025-11-04 09:40:00,454.10839943796225,454.2332698642473,454.08485424232214,454.1777590000904,39377
2025-11-04 09:41:00,454.1777590000904,454.4962679783704,454.14601562246133,454.44174745377717,71524
2025-11-04 09:42:00,454.44174745377717,454.4991329841272,454.3182891129197,454.3535412602677,13258
2025-11-04 09:43:00,454.3535412602677,454.43477346205435,454.3245493448829,454.360716779024,25775
2025-11-04 09:44:00,454.360716779024,454.49111911727886,454.3097898287984,454.4354788702209,90720
2025-11-04 09:45:00,454.4354788702209,454.46669569822507,454.32454779132274,454.3878283343534,21656
2025-11-04 09:46:00,454.3878283343534,454.44113798772224,454.3470178151739,454.4213890991407,71607
2025-11-04 09:47:00,454.4213890991407,454.55296943436474,454.3431275667983,454.3469913475223,59297
2025-11-04 09:48:00,454.3469913475223,454.39615679489316,454.31774832678315,454.3236106512914,28895
2025-11-04 09:49:00,454.3236106512914,454.3359868815235,454.1901831449079,454.24622460447165,86349
2025-11-04 09:50:00,454.24622460447165,454.2984443275353,454.1415489243055,454.19323979218575,87400
2025-11-04 09:51:00,454.19323979218575,454.1998364648568,454.078726049214,454.12283922856926,28976
2025-11-04 09:52:00,454.12283922856926,454.18402781554545,454.102540866059,454.12965982329723,25401
2025-11-04 09:53:00,454.12965982329723,454.2177947723472,454.0979929465574,454.1446992300706,86693
2025-11-04 09:54:00,454.1446992300706,454.1594569663971,453.9563208337829,453.9891981079985,63472
2025-11-04 09:55:00,453.9891981079985,454.1303374622811,453.91485045309173,454.0293592996889,28595
2025-11-04 09:56:00,454.0293592996889,454.07823341663413,453.9815120742121,454.0432356632322,76354
2025-11-04 09:57:00,454.0432356632322,454.1424522481099,453.96718979271503,454.12748923324625,48409
2025-11-04 09:58:00,454.12748923324625,454.34650604087085,454.075878983391,454.1838145549665,91238
2025-11-04 09:59:00,454.1838145549665,454.202343297511,454.0848035564484,454.1009253026094,45169
2025-11-04 10:00:00,454.1009253026094,454.11732953246803,454.0127787083623,454.02726421541644,20974
2025-11-04 10:01:00,454.02726421541644,454.04405546434634,453.9518612036148,453.96674843129034,12956
2025-11-04 10:02:00,453.96674843129034,454.02892758324344,453.76929845824117,453.8356712765652,93536
2025-11-04 10:03:00,453.8356712765652,453.9808166177788,453.79869645929705,453.89735502890085,16458
2025-11-04 10:04:00,453.89735502890085,454.0640500845885,453.8664823196605,454.03819869698066,49267
2025-11-04 10:05:00,454.03819869698066,454.1044067843068,454.0046146052642,454.08480704778077,82918
2025-11-04 10:06:00,454.08480704778077,454.11977628072356,454.0538466630025,454.05513917360156,70303
2025-11-04 10:07:00,454.05513917360156,454.08631587952704,454.02904334345425,454.0359061999974,97948
2025-11-04 10:08:00,454.0359061999974,454.13192184569056,453.9777055436398,454.12337467784573,64437
2025-11-04 10:09:00,454.12337467784573,454.1838051083398,453.9248634277944,454.02374833514676,61644
2025-11-04 10:10:00,454.02374833514676,454.1004604709849,453.9534660466984,454.0496781958717,44629
2025-11-04 10:11:00,454.0496781958717,454.1137471858779,453.97427062918916,454.0107347166677,54135
2025-11-04 10:12:00,454.0107347166677,454.0382417945061,453.9307854505567,453.93998518733815,33977
2025-11-04 10:13:00,453.93998518733815,454.0461286448472,453.8685389279303,454.00718668322975,19921
2025-11-04 10:14:00,454.00718668322975,454.07984997121446,453.9977408352624,454.0529483336632,65989
2025-11-04 10:15:00,454.0529483336632,454.0613016184495,453.949955258003,454.03268564891715,23541
2025-11-04 10:16:00,454.03268564891715,454.1431885821962,453.9363842447043,454.1378950442036,17848
2025-11-04 10:17:00,454.1378950442036,454.14596035132644,454.0873829500174,454.117168138039,45233
2025-11-04 10:18:00,454.117168138039,454.19362382253155,454.0262126771049,454.1296405183631,78295
2025-11-04 10:19:00,454.1296405183631,454.1877479922264,454.1018031311005,454.1565050687955,88322
2025-11-04 10:20:00,454.1565050687955,454.2256834005715,454.05429854457657,454.0897100092483,61883
2025-11-04 10:21:00,454.0897100092483,454.2708495409648,454.0834476012186,454.2399437938548,19967
2025-11-04 10:22:00,454.2399437938548,454.4973279096403,454.1729897219389,454.46835657573723,168990
2025-11-04 10:23:00,454.46835657573723,454.4757453162221,454.3432845312801,454.4414995271414,94793
2025-11-04 10:24:00,454.4414995271414,454.5135980883118,454.39195706600833,454.48361807653254,85133
2025-11-04 10:25:00,454.48361807653254,454.4969588763987,454.4497318942702,454.46106695711654,27276
2025-11-04 10:26:00,454.46106695711654,454.4785852074048,454.4393744932791,454.45814273135835,55679
2025-11-04 10:27:00,454.45814273135835,454.4914665182827,454.44901255340443,454.4769614235146,80658
2025-11-04 10:28:00,454.4769614235146,454.58718363471706,454.4018774303926,454.5497182821195,43725
2025-11-04 10:29:00,454.5497182821195,454.65809688003355,454.49870380065056,454.53257333463716,21595
2025-11-04 10:30:00,454.53257333463716,454.55004815209094,454.494668411505,454.5133500435892,45645
2025-11-04 10:31:00,454.5133500435892,454.73657082925735,454.4674905919971,454.65166963558806,94216
2025-11-04 10:32:00,454.65166963558806,454.8594173339816,454.6284015188753,454.84092038914196,113860
2025-11-04 10:33:00,454.84092038914196,454.9761426553063,454.8381045552403,454.9426888471152,89944
2025-11-04 10:34:00,454.9426888471152,455.0226702827086,454.8753700829593,454.9308346055758,15295
2025-11-04 10:35:00,454.9308346055758,454.99233217750816,454.87990749289565,454.9668434748342,31605
2025-11-04 10:36:00,454.9668434748342,455.0330505613247,454.88410848286236,454.9930692550369,48374
2025-11-04 10:37:00,454.9930692550369,455.0258395543334,454.96456219374284,455.00288093640785,39047
2025-11-04 10:38:00,455.00288093640785,455.03298126262814,454.9462209447638,454.98050006118984,56246
2025-11-04 10:39:00,454.98050006118984,455.0146350389959,454.93141852106027,454.97007747857384,54433
2025-11-04 10:40:00,454.97007747857384,455.11676171196444,454.94379776002836,455.057561384722,44413
2025-11-04 10:41:00,455.057561384722,455.12998085276723,455.0220463305565,455.1023060924813,37624
2025-11-04 10:42:00,455.1023060924813,455.1315921613506,455.01150277281414,455.01903832560026,67032
2025-11-04 10:43:00,455.01903832560026,455.2184871876125,454.98997729980135,455.2106289259333,47326
2025-11-04 10:44:00,455.2106289259333,455.26277697525313,455.17554271061994,455.2611370774835,17446
2025-11-04 10:45:00,455.2611370774835,455.3064293655119,455.21580447631965,455.2200606117677,76945
2025-11-04 10:46:00,455.2200606117677,455.25147414984457,455.1278956028871,455.1774057238828,21415
2025-11-04 10:47:00,455.1774057238828,455.2447412395708,455.10509886477354,455.1948498130653,71313
2025-11-04 10:48:00,455.1948498130653,455.24595620602173,455.0159102475102,455.1058271381548,75908
2025-11-04 10:49:00,455.1058271381548,455.11934557756354,454.9036940596824,454.9616736990539,72175
2025-11-04 10:50:00,454.9616736990539,454.9628243289437,454.87382721380214,454.90028399701674,59932
2025-11-04 10:51:00,454.90028399701674,454.95424178831706,454.64721838814177,454.71725957803835,38460
2025-11-04 10:52:00,454.71725957803835,454.80596119587557,454.7018062374275,454.7831405795559,73294
2025-11-04 10:53:00,454.7831405795559,454.8036701312244,454.7031337190894,454.74816840923575,47606
2025-11-04 10:54:00,454.74816840923575,454.8248316332803,454.73960993780355,454.80395640448756,42872
2025-11-04 10:55:00,454.80395640448756,454.8497423564061,454.7598260397339,454.8400144579759,47412
2025-11-04 10:56:00,454.8400144579759,454.8572337795635,454.7290137527351,454.76988251958227,93694
2025-11-04 10:57:00,454.76988251958227,454.82054420491824,454.76564595895314,454.77331117280846,96457
2025-11-04 10:58:00,454.77331117280846,454.8083928044864,454.7001839383961,454.72436021314763,12801
2025-11-04 10:59:00,454.72436021314763,454.76710284012074,454.59443390228165,454.6161032261584,65381
2025-11-04 11:00:00,454.6161032261584,454.6594044169706,454.563583979801,454.60044725440827,36754
2025-11-04 11:01:00,454.60044725440827,454.71607318067373,454.54259612173155,454.5883379753102,79409
2025-11-04 11:02:00,454.5883379753102,454.6671227473848,454.57486327492205,454.6295598215255,75888
2025-11-04 11:03:00,454.6295598215255,454.68469679777235,454.4182668749307,454.45116374782646,53988
2025-11-04 11:04:00,454.45116374782646,454.5026253777322,454.32241635659767,454.47719527509565,59395
2025-11-04 11:05:00,454.47719527509565,454.56606319976135,454.47125644256295,454.5552916813992,48097
2025-11-04 11:06:00,454.5552916813992,454.65332715271785,454.47884782090864,454.60731069042174,28263
2025-11-04 11:07:00,454.60731069042174,454.63066185369644,454.4867107438836,454.5349824591232,10148
2025-11-04 11:08:00,454.5349824591232,454.5769093561118,454.4842146021714,454.4845492246662,64544
2025-11-04 11:09:00,454.4845492246662,454.5029149157075,454.26849782175145,454.30470542210986,61529
2025-11-04 11:10:00,454.30470542210986,454.30994283760066,454.1208591318904,454.14066884748047,35287
2025-11-04 11:11:00,454.14066884748047,454.19898237164773,453.8772129898422,454.03789053948316,97228
2025-11-04 11:12:00,454.03789053948316,454.0620912782263,453.95416596815255,453.9628205848342,67893
2025-11-04 11:13:00,453.9628205848342,454.00600081880197,453.7636972659939,453.7792084294955,64234
2025-11-04 11:14:00,453.7792084294955,453.8470047582158,453.6256826256936,453.6826264094733,87271
2025-11-04 11:15:00,453.6826264094733,453.7004531179288,453.56968203575514,453.59210107132816,63450
2025-11-04 11:16:00,453.59210107132816,453.59416231777186,453.5173631075238,453.5868691868109,66921
2025-11-04 11:17:00,453.5868691868109,453.59423010552433,453.3312325192969,453.33238159333985,113880
2025-11-04 11:18:00,453.33238159333985,453.3572621011351,453.0880413584935,453.1946223935454,35017
2025-11-04 11:19:00,453.1946223935454,453.1975286442726,453.1760106692787,453.189905216241,38439
2025-11-04 11:20:00,453.189905216241,453.26255007227064,453.1838545816095,453.24688285158777,32391
2025-11-04 11:21:00,453.24688285158777,453.36095999154475,453.23688647540655,453.3052320826392,30874
2025-11-04 11:22:00,453.3052320826392,453.30854384871395,453.2200749384197,453.2936779818166,71509
2025-11-04 11:23:00,453.2936779818166,453.3831521076177,453.2527789755301,453.30547173417,23092
2025-11-04 11:24:00,453.30547173417,453.4308086631856,453.2434561862565,453.3217816218566,88627
2025-11-04 11:25:00,453.3217816218566,453.331274241706,453.24136972474275,453.2667959965994,30372
2025-11-04 11:26:00,453.2667959965994,453.4271111779016,453.21033062769396,453.3387112606941,58285
2025-11-04 11:27:00,453.3387112606941,453.4302260452589,453.30785544124336,453.34075219793795,60903
2025-11-04 11:28:00,453.34075219793795,453.34195280873485,453.0797077278812,453.18255741250874,64273
2025-11-04 11:29:00,453.18255741250874,453.2473842512403,453.0774446794716,453.1182674288416,32076
2025-11-04 11:30:00,453.1182674288416,453.1569275494278,453.0246188468435,453.02595212902514,32666
2025-11-04 11:31:00,453.02595212902514,453.0323170172944,453.0115075616471,453.0274602022187,84816
2025-11-04 11:32:00,453.0274602022187,453.05006084495017,452.881727642428,452.9492768835609,91678
2025-11-04 11:33:00,452.9492768835609,453.124809523473,452.92134651105704,453.098765568746,46382
2025-11-04 11:34:00,453.098765568746,453.1152632819389,452.8719680805877,452.9709192488166,89305
2025-11-04 11:35:00,452.9709192488166,453.05411602405815,452.96931018600424,452.9956993645976,56710
2025-11-04 11:36:00,452.9956993645976,452.999985657228,452.76379187060877,452.83740258440326,44346
2025-11-04 11:37:00,452.83740258440326,452.9284023394076,452.5750189805407,452.61038871252447,176934
2025-11-04 11:38:00,452.61038871252447,452.6343937672064,452.47869669284427,452.5234069862318,40782
2025-11-04 11:39:00,452.5234069862318,452.70405804671094,452.4250388551692,452.61748468512343,18080
2025-11-04 11:40:00,452.61748468512343,452.6345967191077,452.57346394730996,452.6289982726314,57482
2025-11-04 11:41:00,452.6289982726314,452.66762483849453,452.61723520380247,452.6322738530927,84921
2025-11-04 11:42:00,452.6322738530927,452.6552869052025,452.50737912696275,452.5669384865586,92824
2025-11-04 11:43:00,452.5669384865586,452.63629435972,452.50083211214087,452.501291243741,12620
2025-11-04 11:44:00,452.501291243741,452.5554516187228,452.37339600397405,452.40039954788415,58926
2025-11-04 11:45:00,452.40039954788415,452.48022325369396,452.2357326641436,452.2488934172962,48736
2025-11-04 11:46:00,452.2488934172962,452.2860028586632,452.1407771162261,452.1491106341666,96038
2025-11-04 11:47:00,452.1491106341666,452.2692468256272,452.1048800565115,452.11112760149905,82762
2025-11-04 11:48:00,452.11112760149905,452.1954845099453,451.9062016248331,451.97941967529084,12580
2025-11-04 11:49:00,451.97941967529084,452.01528897913374,451.92914808711424,451.94766612899457,29522
2025-11-04 11:50:00,451.94766612899457,451.9908947204984,451.9199919174932,451.9696429569836,24260
2025-11-04 11:51:00,451.9696429569836,452.0283401370166,451.7638046014513,451.8811845079386,33147
2025-11-04 11:52:00,451.8811845079386,452.0490650193109,451.86605539088424,451.9935588448299,94153
2025-11-04 11:53:00,451.9935588448299,452.0232609218541,451.79986555691653,451.83139068718225,88947
2025-11-04 11:54:00,451.83139068718225,451.8408033520606,451.75767868332315,451.7739592034789,14482
2025-11-04 11:55:00,451.7739592034789,451.80324270120724,451.66868125868115,451.69167805618576,82932
2025-11-04 11:56:00,451.69167805618576,451.7545741322685,451.444182300048,451.47453463540137,48636
2025-11-04 11:57:00,451.47453463540137,451.49016079148413,451.29040071529386,451.33904924504844,50077
2025-11-04 11:58:00,451.33904924504844,451.44317380048415,451.3237448271038,451.43564469159656,36016
2025-11-04 11:59:00,451.43564469159656,451.5231788854583,451.38707027600753,451.46639089509097,91007
2025-11-04 12:00:00,451.46639089509097,451.65684459352707,451.37655741200905,451.65524618208,28002
2025-11-04 12:01:00,451.65524618208,451.6652813626154,451.57486342888797,451.5942836993904,53744
2025-11-04 12:02:00,451.5942836993904,451.66899287561813,451.57014167226214,451.6330407369726,93551
2025-11-04 12:03:00,451.6330407369726,451.68324719032574,451.517635995296,451.51813097733515,34188
2025-11-04 12:04:00,451.51813097733515,451.5933489825119,451.4890476213574,451.5860649199374,94739
2025-11-04 12:05:00,451.5860649199374,451.59323703577604,451.5035481026285,451.54831131460594,98263
2025-11-04 12:06:00,451.54831131460594,451.588826709339,451.500483743096,451.5260686516256,71451
2025-11-04 12:07:00,451.5260686516256,451.58747749330934,451.47721942270437,451.5572997728093,56728
2025-11-04 12:08:00,451.5572997728093,451.6139128857915,451.5242860333988,451.5739078483895,76433
2025-11-04 12:09:00,451.5739078483895,451.57395797059553,451.4158957345015,451.4856247025803,92335
2025-11-04 12:10:00,451.4856247025803,451.5027351359614,451.44409466202745,451.4751185548821,28157
2025-11-04 12:11:00,451.4751185548821,451.5462441566124,451.38445968070477,451.39561446953667,68051
2025-11-04 12:12:00,451.39561446953667,451.4009220550359,451.2953850567433,451.37367280023,57367
2025-11-04 12:13:00,451.37367280023,451.41113425189496,451.18830707418005,451.24049581730446,24746
2025-11-04 12:14:00,451.24049581730446,451.3245204954446,451.202089651289,451.31883832860916,71407
2025-11-04 12:15:00,451.31883832860916,451.4204135487544,451.24890281603257,451.38417629106397,62234
2025-11-04 12:16:00,451.38417629106397,451.4012510957124,451.2766550893167,451.32922589034996,37657
2025-11-04 12:17:00,451.32922589034996,451.3927359002809,451.2765218303003,451.29673149375594,54891
2025-11-04 12:18:00,451.29673149375594,451.3186785048051,451.22819425896836,451.2732512239516,21528
2025-11-04 12:19:00,451.2732512239516,451.37907677742555,451.1883642573684,451.37463036369036,22076
2025-11-04 12:20:00,451.37463036369036,451.4534473153707,451.3219281925026,451.34443244338394,83489
2025-11-04 12:21:00,451.34443244338394,451.37234886653755,451.33818559117145,451.3673368768145,43927
2025-11-04 12:22:00,451.3673368768145,451.4160382944329,451.30864672274475,451.3314224237383,66414
2025-11-04 12:23:00,451.3314224237383,451.3834450545382,451.27010841821885,451.3250529013691,39455
2025-11-04 12:24:00,451.3250529013691,451.3982642797564,451.2536615185032,451.38748646845255,12597
2025-11-04 12:25:00,451.38748646845255,451.5093980525381,451.3706037451222,451.50432213010674,27040
2025-11-04 12:26:00,451.50432213010674,451.5166499187011,451.4538840826512,451.492480224453,95205
2025-11-04 12:27:00,451.492480224453,451.66029924200757,451.44895971645235,451.65364456697307,21292
2025-11-04 12:28:00,451.65364456697307,451.93636412433807,451.63929278038466,451.9239307286096,64514
2025-11-04 12:29:00,451.9239307286096,452.06849917392293,451.89739758452066,451.9796600455599,32113
2025-11-04 12:30:00,451.9796600455599,452.1210406210465,451.94076016334793,452.0864755817683,16704
2025-11-04 12:31:00,452.0864755817683,452.19269200151876,452.0795430722149,452.1603853187235,24677
2025-11-04 12:32:00,452.1603853187235,452.2750708988846,452.1560810931497,452.2517130259101,28526
2025-11-04 12:33:00,452.2517130259101,452.3061337525458,452.24676807961475,452.2900879239831,29159
2025-11-04 12:34:00,452.2900879239831,452.34221085495756,452.2361304377914,452.24019206003004,20532
2025-11-04 12:35:00,452.24019206003004,452.303817315438,452.1723436122983,452.2883845192207,13271
2025-11-04 12:36:00,452.2883845192207,452.5996719466302,452.2861534635788,452.5726036174481,57188
2025-11-04 12:37:00,452.5726036174481,452.68349814933583,452.4949753755888,452.68325282042525,43617
2025-11-04 12:38:00,452.68325282042525,452.73275519567517,452.6111948385808,452.6266434315868,96158
2025-11-04 12:39:00,452.6266434315868,452.77471292671584,452.6206354826629,452.72029583223525,51679
2025-11-04 12:40:00,452.72029583223525,452.89044152408877,452.70017543505026,452.83246392090876,98051
2025-11-04 12:41:00,452.83246392090876,452.8652436159301,452.8224379583377,452.864827476899,74094
2025-11-04 12:42:00,452.864827476899,452.91658273936434,452.850770960623,452.90149941566125,92543
2025-11-04 12:43:00,452.90149941566125,452.9076374207043,452.7716183231929,452.80658923647275,95836
2025-11-04 12:44:00,452.80658923647275,452.87658608935806,452.80332209036595,452.8371352337636,90981
2025-11-04 12:45:00,452.8371352337636,452.9598348575238,452.804618593811,452.9492791938321,29924
2025-11-04 12:46:00,452.9492791938321,453.1190901488102,452.9274902499314,453.04598748800805,76615
2025-11-04 12:47:00,453.04598748800805,453.06160749182766,452.92204622816405,453.00684779207097,28344
2025-11-04 12:48:00,453.00684779207097,453.18171796313493,453.00459814494275,453.1714574031225,36797
2025-11-04 12:49:00,453.1714574031225,453.2827453173293,453.1156005744195,453.26179272599444,53463
2025-11-04 12:50:00,453.26179272599444,453.28035155642453,453.23835832540794,453.26371216158384,30566
2025-11-04 12:51:00,453.26371216158384,453.3488616068867,453.2258759857827,453.303356761792,35135
2025-11-04 12:52:00,453.303356761792,453.4084465155822,453.24250257237543,453.371529748331,10684
2025-11-04 12:53:00,453.371529748331,453.45715991452494,453.3694474659965,453.4352019361652,51787
2025-11-04 12:54:00,453.4352019361652,453.50716430885745,453.36513468098286,453.36518000406824,39204
2025-11-04 12:55:00,453.36518000406824,453.5394337695678,453.35350127815985,453.472428120969,29689
2025-11-04 12:56:00,453.472428120969,453.51191322465303,453.369465429834,453.4023185890844,59306
2025-11-04 12:57:00,453.4023185890844,453.4695315899509,453.38060238909105,453.39764722618276,77428
2025-11-04 12:58:00,453.39764722618276,453.5431678771994,453.3889856879141,453.48807773974517,98593
2025-11-04 12:59:00,453.48807773974517,453.55970336508653,453.3581827712187,453.3859190918607,50180
2025-11-04 13:00:00,453.3859190918607,453.4399814070725,453.1116588468383,453.15628920598954,166876
2025-11-04 13:01:00,453.15628920598954,453.2577215872615,453.0458375648366,453.088380486262,86095
2025-11-04 13:02:00,453.088380486262,453.13609069396404,453.0277916610953,453.06073368620883,14023
2025-11-04 13:03:00,453.06073368620883,453.1116148167729,452.98867472097294,453.00621817049205,38460
2025-11-04 13:04:00,453.00621817049205,453.1254637024779,453.00439468916363,453.0951327806747,39377
2025-11-04 13:05:00,453.0951327806747,453.17342736688005,452.8790517708331,452.92370746422387,37114
2025-11-04 13:06:00,452.92370746422387,452.9733997011649,452.76988639226687,452.87368102146473,28799
2025-11-04 13:07:00,452.87368102146473,453.0609233973285,452.86783046080575,453.0428258998632,14261
2025-11-04 13:08:00,453.0428258998632,453.08661947534324,453.0310716803406,453.0453811166464,12978
2025-11-04 13:09:00,453.0453811166464,453.37645250477493,453.0033815404253,453.30368742554157,95486
2025-11-04 13:10:00,453.30368742554157,453.3397949086314,453.2444225611498,453.25382634989364,53554
2025-11-04 13:11:00,453.25382634989364,453.25777349842775,453.13017693465406,453.21537573968,32414
2025-11-04 13:12:00,453.21537573968,453.2558900867352,453.0291971150872,453.06091514305035,40846
2025-11-04 13:13:00,453.06091514305035,453.215823114286,453.03381009799125,453.1752150988495,98667
2025-11-04 13:14:00,453.1752150988495,453.24436331190145,453.1466014999562,453.20043145329254,96576
2025-11-04 13:15:00,453.20043145329254,453.284775995508,453.1840962209716,453.2505124909854,56835
2025-11-04 13:16:00,453.2505124909854,453.33816153148047,453.24824037490583,453.33548317715275,77619
2025-11-04 13:17:00,453.33548317715275,453.38155670161433,453.29818494243494,453.3693932606215,46519
2025-11-04 13:18:00,453.3693932606215,453.49258544468,453.29258088386194,453.46345943067746,43440
2025-11-04 13:19:00,453.46345943067746,453.7197519755341,453.4497705759243,453.600097633497,87518
2025-11-04 13:20:00,453.600097633497,453.83257885863026,453.5545816350373,453.7715370726295,30637
2025-11-04 13:21:00,453.7715370726295,453.8153082272836,453.7210913573014,453.7868425779228,78259
2025-11-04 13:22:00,453.7868425779228,453.87592565607224,453.7609353432706,453.8531404186015,42975
2025-11-04 13:23:00,453.8531404186015,453.95637523026477,453.8411464156511,453.9437234135839,84489
2025-11-04 13:24:00,453.9437234135839,453.9691687943625,453.80825768502854,453.84858475837046,93609
2025-11-04 13:25:00,453.84858475837046,454.0489620051292,453.83284750066576,454.0398407894019,77860
2025-11-04 13:26:00,454.0398407894019,454.0424170878869,453.9702892698447,453.97543989541407,77945
2025-11-04 13:27:00,453.97543989541407,454.0587668603201,453.91988996530404,454.0377105832697,49322
2025-11-04 13:28:00,454.0377105832697,454.2289896309828,454.0267487251825,454.21467814733535,72901
2025-11-04 13:29:00,454.21467814733535,454.41206946112123,454.17832002999216,454.3933464485489,10660
2025-11-04 13:30:00,454.3933464485489,454.4092182022186,454.3335352907303,454.3730909380708,37843
2025-11-04 13:31:00,454.3730909380708,454.42006537544324,454.3157877437644,454.3567491635885,40346
2025-11-04 13:32:00,454.3567491635885,454.4012060543662,454.14297895196506,454.17979152437675,43690
2025-11-04 13:33:00,454.17979152437675,454.2725131476026,454.1293595191458,454.2576357185224,15355
2025-11-04 13:34:00,454.2576357185224,454.3278518267831,454.2066743236496,454.2438180292513,86820
2025-11-04 13:35:00,454.2438180292513,454.47974428174916,454.1892686028797,454.44406561736093,144818
2025-11-04 13:36:00,454.44406561736093,454.50826610110863,454.37590264539944,454.39938813614685,33365
2025-11-04 13:37:00,454.39938813614685,454.47579013299526,454.38627530048024,454.45564577458003,60110
2025-11-04 13:38:00,454.45564577458003,454.49553381395026,454.38255905335046,454.38918175838677,92681
2025-11-04 13:39:00,454.38918175838677,454.6001036312877,454.3840168670023,454.5580165634608,24126
2025-11-04 13:40:00,454.5580165634608,454.7811903153055,454.5137089214307,454.76998197283865,113296
2025-11-04 13:41:00,454.76998197283865,454.84577033241067,454.74160905816007,454.80150150274045,48725
2025-11-04 13:42:00,454.80150150274045,454.8535616912536,454.6308051939528,454.72138056667256,29476
2025-11-04 13:43:00,454.72138056667256,454.72198683973375,454.6345598166166,454.65014097490797,17507
2025-11-04 13:44:00,454.65014097490797,454.7183012693897,454.47455407784713,454.51538590243575,93030
2025-11-04 13:45:00,454.51538590243575,454.73950850114977,454.4970962443408,454.6630831060137,48665
2025-11-04 13:46:00,454.6630831060137,454.6698209192558,454.51185351942655,454.5285666405552,71731
2025-11-04 13:47:00,454.5285666405552,454.5989777449277,454.41447474678057,454.5321891458094,22150
2025-11-04 13:48:00,454.5321891458094,454.61196907656756,454.51593228541464,454.56203612437656,82010
2025-11-04 13:49:00,454.56203612437656,454.6213139342392,454.52579802431444,454.6133567212623,26059
2025-11-04 13:50:00,454.6133567212623,454.78844006746704,454.555761904534,454.77311719990587,80649
2025-11-04 13:51:00,454.77311719990587,454.925727831304,454.72703786465246,454.85849339097547,72457
2025-11-04 13:52:00,454.85849339097547,454.8887256106595,454.71826525934614,454.75932133683835,87711
2025-11-04 13:53:00,454.75932133683835,454.8801810970395,454.7541421196373,454.8784014019629,27821
2025-11-04 13:54:00,454.8784014019629,455.0231121224034,454.8620417385626,454.99099526288916,50644
2025-11-04 13:55:00,454.99099526288916,455.0623670031242,454.9555440216376,455.0440399839771,24588
2025-11-04 13:56:00,455.0440399839771,455.0591233695574,454.90880237936994,454.9253872064946,94274
2025-11-04 13:57:00,454.9253872064946,454.95439785732196,454.84780203029203,454.8635015700755,65162
2025-11-04 13:58:00,454.8635015700755,454.90088292712534,454.7008260093089,454.76006261834976,42543
2025-11-04 13:59:00,454.76006261834976,454.7986137599906,454.72092734121725,454.7725832489196,52915
2025-11-04 14:00:00,454.7725832489196,454.92190750369076,454.7087388465211,454.8394061788661,74808
2025-11-04 14:01:00,454.8394061788661,454.84499094337014,454.5391461282951,454.5435005061956,41176
2025-11-04 14:02:00,454.5435005061956,454.6134350688524,454.4571522282686,454.58944004940105,12939
2025-11-04 14:03:00,454.58944004940105,454.60771475474485,454.5449932486339,454.57777860464665,59386
2025-11-04 14:04:00,454.57777860464665,454.5987467797625,454.360294350173,454.4626754015026,48203
2025-11-04 14:05:00,454.4626754015026,454.49479522322116,454.4312566238329,454.4477661329528,94720
2025-11-04 14:06:00,454.4477661329528,454.5156036889275,454.416666039979,454.4456983231485,31381
2025-11-04 14:07:00,454.4456983231485,454.57406557446683,454.40400900494154,454.5640176892433,60521
2025-11-04 14:08:00,454.5640176892433,454.58597240063483,454.41719434287535,454.4413107762781,52235
2025-11-04 14:09:00,454.4413107762781,454.47830718381454,454.3230782070107,454.33556808581983,78306
2025-11-04 14:10:00,454.33556808581983,454.42575130328726,454.32448100981856,454.3843802096399,43038
2025-11-04 14:11:00,454.3843802096399,454.47815992241925,454.33146293812354,454.36572493663215,48138
2025-11-04 14:12:00,454.36572493663215,454.4545389413907,454.3128045992993,454.3457441132248,78447
2025-11-04 14:13:00,454.3457441132248,454.3892701602445,454.24039998071504,454.27054290355073,93029
2025-11-04 14:14:00,454.27054290355073,454.3694166461729,454.2675243223418,454.3157215234283,24901
2025-11-04 14:15:00,454.3157215234283,454.37916918949395,454.18479620178573,454.2377537268852,42642
2025-11-04 14:16:00,454.2377537268852,454.3189077087816,454.058173241226,454.077072392766,59063
2025-11-04 14:17:00,454.077072392766,454.13546363152807,454.04793878515795,454.08647006360724,41357
2025-11-04 14:18:00,454.08647006360724,454.15116048140857,453.8595561933104,453.929971865325,39877
2025-11-04 14:19:00,453.929971865325,454.0153235551216,453.9292465105191,453.96467812469103,99180
2025-11-04 14:20:00,453.96467812469103,454.04187160851507,453.84117169813464,453.92548739430913,90224
2025-11-04 14:21:00,453.92548739430913,453.9637191883562,453.72431786494406,453.75176875094013,25858
2025-11-04 14:22:00,453.75176875094013,453.75364443391993,453.67471177701793,453.6756009638009,87257
2025-11-04 14:23:00,453.6756009638009,453.68196093459045,453.5529764206873,453.5574248175911,10036
2025-11-04 14:24:00,453.5574248175911,453.6063378447094,453.53569940015666,453.54578980222476,46648
2025-11-04 14:25:00,453.54578980222476,453.62519964268927,453.5419261813373,453.55196916859893,21268
2025-11-04 14:26:00,453.55196916859893,453.6544426037257,453.5438071969521,453.5972958675882,88424
2025-11-04 14:27:00,453.5972958675882,453.6572105503566,453.5448222001035,453.65647457812304,56566
2025-11-04 14:28:00,453.65647457812304,453.7992060680387,453.6142152957959,453.7069982454337,38084
2025-11-04 14:29:00,453.7069982454337,453.84433795046215,453.6960656951594,453.76889637203067,74068
2025-11-04 14:30:00,453.76889637203067,453.91298328340065,453.73730787460636,453.8976217636159,67802
2025-11-04 14:31:00,453.8976217636159,453.95782977539204,453.80647350866946,453.89224144071494,92735
2025-11-04 14:32:00,453.89224144071494,453.9521957165958,453.78290077976135,453.8801676198759,76957
2025-11-04 14:33:00,453.8801676198759,453.8819415248609,453.7799605140701,453.8375242651129,86555
2025-11-04 14:34:00,453.8375242651129,453.9215717927807,453.73889785262963,453.90792776191176,65032
2025-11-04 14:35:00,453.90792776191176,453.9245036903734,453.6756143055087,453.69844639196543,32554
2025-11-04 14:36:00,453.69844639196543,453.8020933473344,453.6662598972099,453.74198032015664,74732
2025-11-04 14:37:00,453.74198032015664,453.8086706021792,453.6608387065653,453.6890704264632,87922
2025-11-04 14:38:00,453.6890704264632,453.73263810970366,453.49316886042425,453.54963078768895,86018
2025-11-04 14:39:00,453.54963078768895,453.57195629042565,453.45922530565804,453.5043528420965,86464
2025-11-04 14:40:00,453.5043528420965,453.50471479318793,453.45562261947003,453.49956856667905,79810
2025-11-04 14:41:00,453.49956856667905,453.5322866051778,453.2751872149064,453.3000127921804,44052
2025-11-04 14:42:00,453.3000127921804,453.33856999358306,453.1100971987798,453.1329032806338,73925
2025-11-04 14:43:00,453.1329032806338,453.24231926690425,453.0257188715169,453.1929422379282,74230
2025-11-04 14:44:00,453.1929422379282,453.24394100528957,453.02921039275594,453.12550386255066,12347
2025-11-04 14:45:00,453.12550386255066,453.1749051945544,453.10251511370564,453.10896051746926,72771
2025-11-04 14:46:00,453.10896051746926,453.131625685396,452.94923534369036,452.9803720155695,56733
2025-11-04 14:47:00,452.9803720155695,453.0684393937003,452.9422168070105,453.06086896198514,22771
2025-11-04 14:48:00,453.06086896198514,453.1398709844914,452.9547604466713,453.01367186579745,68595
2025-11-04 14:49:00,453.01367186579745,453.09992433452754,452.9868851018427,453.02836273067203,93700
2025-11-04 14:50:00,453.02836273067203,453.07558696776067,452.97824730348094,453.03315624449044,69021
2025-11-04 14:51:00,453.03315624449044,453.05768144044515,452.99233458829735,453.00603756145154,91072
2025-11-04 14:52:00,453.00603756145154,453.023660982157,452.9889577009614,453.0197827681842,96103
2025-11-04 14:53:00,453.0197827681842,453.03025920162344,452.88491387609935,452.8887667446223,45367
2025-11-04 14:54:00,452.8887667446223,452.96071664543314,452.7218404261795,452.8066950458379,35989
2025-11-04 14:55:00,452.8066950458379,452.8801577422506,452.7969617468564,452.8233960573006,33482
2025-11-04 14:56:00,452.8233960573006,452.87535659330194,452.8066861296429,452.84521098354594,70204
2025-11-04 14:57:00,452.84521098354594,452.89885732883914,452.8100277770299,452.8564674198874,99572
2025-11-04 14:58:00,452.8564674198874,452.88819878512294,452.78314186018696,452.81977763052794,72112
2025-11-04 14:59:00,452.81977763052794,452.85281368678335,452.57285145926056,452.6532800556405,93038
2025-11-04 15:00:00,452.6532800556405,452.73151224671483,452.61382669625056,452.7234033362336,41921
2025-11-04 15:01:00,452.7234033362336,452.7356445775515,452.62017888800193,452.67018426006086,98913
2025-11-04 15:02:00,452.67018426006086,452.68994403273274,452.5114229446865,452.57732872747795,69940
2025-11-04 15:03:00,452.57732872747795,452.5960393500526,452.57098833238985,452.5724544957842,89834
2025-11-04 15:04:00,452.5724544957842,452.73421069056826,452.50754159102763,452.6695350707406,72648
2025-11-04 15:05:00,452.6695350707406,452.7205163056466,452.63157103321845,452.69531501662004,45361
2025-11-04 15:06:00,452.69531501662004,452.8922058493725,452.6695895470715,452.8532680055473,70422
2025-11-04 15:07:00,452.8532680055473,452.97458314348876,452.82934543127067,452.9516622166209,33446
2025-11-04 15:08:00,452.9516622166209,453.0064882734287,452.8738818493913,452.9747007537759,82683
2025-11-04 15:09:00,452.9747007537759,453.0361244091027,452.79005001940885,452.83161821276593,23782
2025-11-04 15:10:00,452.83161821276593,452.92016415908444,452.6986937385109,452.9051314022671,16057
2025-11-04 15:11:00,452.9051314022671,452.9508929391571,452.78354565310434,452.81202101269434,33259
2025-11-04 15:12:00,452.81202101269434,452.8480818062492,452.64520285606187,452.6750636706968,40868
2025-11-04 15:13:00,452.6750636706968,452.72882899761146,452.57901957119753,452.6367855710107,79000
2025-11-04 15:14:00,452.6367855710107,452.68716637170377,452.6278619553306,452.6741430449328,85838
2025-11-04 15:15:00,452.6741430449328,452.704465818858,452.50967301650775,452.53778954947535,81694
2025-11-04 15:16:00,452.53778954947535,452.6208295154738,452.52433889449037,452.61198218940615,61364
2025-11-04 15:17:00,452.61198218940615,452.7924088807131,452.611121604848,452.7176450759799,20567
2025-11-04 15:18:00,452.7176450759799,452.8615632762738,452.6846278431689,452.8242863168125,84387
2025-11-04 15:19:00,452.8242863168125,452.86099828748235,452.5792765280351,452.66120601806085,60945
2025-11-04 15:20:00,452.66120601806085,452.72515133982847,452.65858673711153,452.7247534652761,84716
2025-11-04 15:21:00,452.7247534652761,452.74567798306475,452.5830761227209,452.65543291804636,83973
2025-11-04 15:22:00,452.65543291804636,452.6870205399041,452.43909196496355,452.46341573339083,70460
2025-11-04 15:23:00,452.46341573339083,452.5266023876785,452.39516378438356,452.46821199689265,50159
2025-11-04 15:24:00,452.46821199689265,452.54532917260167,452.3528890943309,452.44672229175995,60886
2025-11-04 15:25:00,452.44672229175995,452.5254122282225,452.1941024926069,452.2421039331578,89348
2025-11-04 15:26:00,452.2421039331578,452.2421568986763,452.0621725773234,452.10573649299124,69254
2025-11-04 15:27:00,452.10573649299124,452.1066618352326,451.7869152501281,451.8151105579037,146730
2025-11-04 15:28:00,451.8151105579037,451.8164655331434,451.6278052497197,451.7615659625171,97618
2025-11-04 15:29:00,451.7615659625171,451.92845089184317,451.7484215247245,451.8792414464187,40866
2025-11-04 15:30:00,451.8792414464187,452.0124913089949,451.83730295828985,451.95931174509354,54291
2025-11-04 15:31:00,451.95931174509354,451.99938516349147,451.7725817955633,451.84447058897064,77936
2025-11-04 15:32:00,451.84447058897064,451.8822682896749,451.77631093439766,451.77685021049285,79072
2025-11-04 15:33:00,451.77685021049285,451.84489227683,451.67140446095505,451.7942384928977,48665
2025-11-04 15:34:00,451.7942384928977,451.9484795942221,451.7770811203472,451.8950587710164,73822
2025-11-04 15:35:00,451.8950587710164,451.98776577556066,451.8400819499294,451.9612325559638,53371
2025-11-04 15:36:00,451.9612325559638,452.04468249356984,451.8444051284261,451.9317797996039,89012
2025-11-04 15:37:00,451.9317797996039,452.02438313078295,451.88891557611424,452.0001797466647,70289
2025-11-04 15:38:00,452.0001797466647,452.14861829888525,451.97002945996917,452.13496242037166,58791
2025-11-04 15:39:00,452.13496242037166,452.3726199334845,452.1237433964623,452.32090751695273,74418
2025-11-04 15:40:00,452.32090751695273,452.3608275695771,452.1651594876344,452.16730716683526,63767
2025-11-04 15:41:00,452.16730716683526,452.26763012182755,452.14473668876167,452.2315371909801,98365
2025-11-04 15:42:00,452.2315371909801,452.3094656590015,452.1776300004794,452.2790189031727,89810
2025-11-04 15:43:00,452.2790189031727,452.28714573986446,452.21837936775285,452.23524923001986,55028
2025-11-04 15:44:00,452.23524923001986,452.2648958134071,452.18056599206005,452.2428440603701,54645
2025-11-04 15:45:00,452.2428440603701,452.24471143265896,452.0780161474005,452.1446850026976,88382
2025-11-04 15:46:00,452.1446850026976,452.1792028833832,452.0195288552753,452.04379452958193,92324
2025-11-04 15:47:00,452.04379452958193,452.0558466054013,451.8194974027362,451.8637739883808,83616
2025-11-04 15:48:00,451.8637739883808,451.91846658798477,451.8137034045915,451.815571127795,52244
2025-11-04 15:49:00,451.815571127795,451.8465900176808,451.66878254628216,451.72133472472467,74361
2025-11-04 15:50:00,451.72133472472467,451.74351437600995,451.5656432374444,451.63864088659926,11652
2025-11-04 15:51:00,451.63864088659926,451.64236850370503,451.43935883205074,451.4423969436016,53138
2025-11-04 15:52:00,451.4423969436016,451.5197815902283,451.35092621500115,451.3975887997841,93456
2025-11-04 15:53:00,451.3975887997841,451.3995850708351,451.30076872141575,451.3727939953007,30229
2025-11-04 15:54:00,451.3727939953007,451.4247238507235,451.3355915709387,451.34688590234964,31071
2025-11-04 15:55:00,451.34688590234964,451.4139687654328,451.2789743350388,451.31819917766575,95779
2025-11-04 15:56:00,451.31819917766575,451.4934624504492,451.28939139072054,451.40917200966334,36325
2025-11-04 15:57:00,451.40917200966334,451.42011012038677,451.3396315008894,451.3873281821809,72751
2025-11-04 15:58:00,451.3873281821809,451.4175013898029,451.21003444837237,451.25507397488116,87850
2025-11-04 15:59:00,451.25507397488116,451.25525272969287,451.07006814831334,451.0967479866745,11949
2025-11-04 16:00:00,451.0967479866745,451.141285250171,450.9667584507501,450.9754959792602,11919
2025-11-05 09:30:00,450.9754959792602,450.97996436222525,450.9141938064687,450.9776224409652,24456
2025-11-05 09:31:00,450.9776224409652,451.013747202343,450.9250241259401,450.98139511866395,73575
2025-11-05 09:32:00,450.98139511866395,450.9945103166399,450.96316044373873,450.9804033160133,40226
2025-11-05 09:33:00,450.9804033160133,451.02322855433,450.94184711452647,450.9704841937917,72509
2025-11-05 09:34:00,450.9704841937917,451.0408471129536,450.83789395935725,450.92589678872395,19596
2025-11-05 09:35:00,450.92589678872395,451.0899035394431,450.9138875754674,451.0503701943369,80202
2025-11-05 09:36:00,451.0503701943369,451.0688371205239,451.0146490263037,451.03387298183577,63609
2025-11-05 09:37:00,451.03387298183577,451.0807066330922,451.02893792682266,451.04244906951413,25619
2025-11-05 09:38:00,451.04244906951413,451.05677094948675,450.96818839359594,450.98154593481104,42747
2025-11-05 09:39:00,450.98154593481104,450.9956784080839,450.73447534521966,450.754829462866,52518
2025-11-05 09:40:00,450.754829462866,450.82730701078253,450.5625761836406,450.6235659945505,21805
2025-11-05 09:41:00,450.6235659945505,450.63776167098314,450.3910697463014,450.45830784781504,52923
2025-11-05 09:42:00,450.45830784781504,450.47754898297404,450.43890131099874,450.47270704472345,52255
2025-11-05 09:43:00,450.47270704472345,450.5409843050386,450.43665989090357,450.5276760888601,50076
2025-11-05 09:44:00,450.5276760888601,450.55024380087866,450.4120331309048,450.4562825448991,49807
2025-11-05 09:45:00,450.4562825448991,450.52093953139695,450.30325562269496,450.31868474407173,34918
2025-11-05 09:46:00,450.31868474407173,450.33457350228355,450.18903650504797,450.20957153870364,23280
2025-11-05 09:47:00,450.20957153870364,450.2442180980689,449.94232915694374,449.9926554932428,135976
2025-11-05 09:48:00,449.9926554932428,450.0439768848101,449.7958446712499,449.82449142506925,83230
2025-11-05 09:49:00,449.82449142506925,449.82572323886916,449.66734345453403,449.75518546355295,74648
2025-11-05 09:50:00,449.75518546355295,449.80399483417193,449.74991774119724,449.7720024065016,67923
2025-11-05 09:51:00,449.7720024065016,449.78125722977916,449.62024435896143,449.69244787024695,55667
2025-11-05 09:52:00,449.69244787024695,449.75414923508646,449.45227018499645,449.50530921019777,193780
2025-11-05 09:53:00,449.50530921019777,449.57346032369713,449.4130573533229,449.48320197592506,63214
2025-11-05 09:54:00,449.48320197592506,449.67529461691225,449.45915594284736,449.60732355966314,63938
2025-11-05 09:55:00,449.60732355966314,449.8353756914943,449.58317042488096,449.79196279301516,83846
2025-11-05 09:56:00,449.79196279301516,449.90580939967634,449.75304275523547,449.90342224302935,28800
2025-11-05 09:57:00,449.90342224302935,449.9570174687743,449.7416395976857,449.7720053724619,39764
2025-11-05 09:58:00,449.7720053724619,449.8114721472946,449.55437550691835,449.6176406293862,32072
2025-11-05 09:59:00,449.6176406293862,449.72954239550734,449.54601900996335,449.6694986420204,32578
2025-11-05 10:00:00,449.6694986420204,449.74150760621427,449.6245131306174,449.7376118579417,43746
2025-11-05 10:01:00,449.7376118579417,449.926795229807,449.65351530123957,449.8362431656141,30505
2025-11-05 10:02:00,449.8362431656141,449.853308257145,449.7515719081089,449.7537249640437,17273
2025-11-05 10:03:00,449.7537249640437,449.78463376934405,449.658525483116,449.67812199383616,59323
2025-11-05 10:04:00,449.67812199383616,449.8172896885155,449.52125469673047,449.6024457063829,67819
2025-11-05 10:05:00,449.6024457063829,449.7257658490558,449.57716880078186,449.7226138118289,35037
2025-11-05 10:06:00,449.7226138118289,449.7699742869873,449.66111699707545,449.7278033609413,67183
2025-11-05 10:07:00,449.7278033609413,449.75528969674554,449.6453690774976,449.66911133775346,81695
2025-11-05 10:08:00,449.66911133775346,449.81567305715095,449.6330463750815,449.7907980191195,43387
2025-11-05 10:09:00,449.7907980191195,449.82660679222363,449.7467738798554,449.7967536721148,26191
2025-11-05 10:10:00,449.7967536721148,449.85362539274297,449.71563006855246,449.84498707643127,56798
2025-11-05 10:11:00,449.84498707643127,449.89453677107355,449.7441048786439,449.8356321102819,74814
2025-11-05 10:12:00,449.8356321102819,449.8609290823962,449.7892807886683,449.84799333851424,10443
2025-11-05 10:13:00,449.84799333851424,449.93746000954485,449.78505266842365,449.78604608005287,78247
2025-11-05 10:14:00,449.78604608005287,449.79196363824093,449.7147290688828,449.7607227241549,99144
2025-11-05 10:15:00,449.7607227241549,449.9975210218609,449.7320094410732,449.91242351115403,46649
2025-11-05 10:16:00,449.91242351115403,450.07882870394656,449.90344598018675,450.0528939647912,62800
2025-11-05 10:17:00,450.0528939647912,450.0552064404279,449.89952694068467,449.94131982389524,66238
2025-11-05 10:18:00,449.94131982389524,450.0554735633189,449.8502049107497,450.04273051857666,14395
2025-11-05 10:19:00,450.04273051857666,450.12497516323924,450.0090923009913,450.08036359758916,37584
2025-11-05 10:20:00,450.08036359758916,450.1804624823002,450.0074543914374,450.15218527882155,86816
2025-11-05 10:21:00,450.15218527882155,450.34973634492144,450.1283015532035,450.29695766162365,73146
2025-11-05 10:22:00,450.29695766162365,450.30657946151814,450.11453261672455,450.20551093804266,70817
2025-11-05 10:23:00,450.20551093804266,450.502639024161,450.15523625764246,450.46474319625827,154010
2025-11-05 10:24:00,450.46474319625827,450.7265724988591,450.36227953838915,450.6766956391544,130304
2025-11-05 10:25:00,450.6766956391544,450.8440513284984,450.61403730220223,450.8227385869745,69004
2025-11-05 10:26:00,450.8227385869745,451.0348742502167,450.7741074793096,450.96094804687857,52145
2025-11-05 10:27:00,450.96094804687857,451.149036230773,450.94273303153045,451.11986371909,97081
2025-11-05 10:28:00,451.11986371909,451.17898995220145,451.08490569498116,451.1545630164778,64068
2025-11-05 10:29:00,451.1545630164778,451.16082907166964,451.1278155881176,451.1581047041746,56099
2025-11-05 10:30:00,451.1581047041746,451.3536096308987,451.12972515124983,451.3220643365785,79767
2025-11-05 10:31:00,451.3220643365785,451.34506998055986,451.2977363610879,451.3259428341784,55704
2025-11-05 10:32:00,451.3259428341784,451.3584007818183,451.1987375967485,451.2808604145422,61550
2025-11-05 10:33:00,451.2808604145422,451.29552634638577,451.0736744132471,451.0962640192377,177866
2025-11-05 10:34:00,451.0962640192377,451.13386909076223,451.05769031837684,451.06532439171946,33016
2025-11-05 10:35:00,451.06532439171946,451.1051639311949,450.88818541512745,450.96030590613606,67771
2025-11-05 10:36:00,450.96030590613606,450.99967171343576,450.82321014756656,450.93261509463144,96839
2025-11-05 10:37:00,450.93261509463144,451.07843973078167,450.80869969967296,450.94081386931833,76266
2025-11-05 10:38:00,450.94081386931833,451.08836187181106,450.937782180374,451.04079039871056,81835
2025-11-05 10:39:00,451.04079039871056,451.12178204806384,451.0031968062567,451.07478847360363,89599
2025-11-05 10:40:00,451.07478847360363,451.1262204578298,451.04038214597955,451.0423059265014,58621
2025-11-05 10:41:00,451.0423059265014,451.0712505355663,450.7475928957128,450.77580767555366,76782
2025-11-05 10:42:00,450.77580767555366,450.8050317435556,450.67078277306774,450.6876129435903,16574
2025-11-05 10:43:00,450.6876129435903,450.74493629681757,450.58655247511933,450.62389294541975,61458
2025-11-05 10:44:00,450.62389294541975,450.64838589637276,450.5269769070755,450.5566352545782,35298
2025-11-05 10:45:00,450.5566352545782,450.576931170735,450.4458819679458,450.49128258444114,24404
2025-11-05 10:46:00,450.49128258444114,450.5514224907746,450.3514953484812,450.3906549076069,79445
2025-11-05 10:47:00,450.3906549076069,450.3985541347562,450.32188978030587,450.3535170462145,57147
2025-11-05 10:48:00,450.3535170462145,450.49601700390974,450.3299172543021,450.44092456635786,65692
2025-11-05 10:49:00,450.44092456635786,450.6722048273928,450.4300328114905,450.60932526636947,43071
2025-11-05 10:50:00,450.60932526636947,450.63971017776186,450.5547687266576,450.59142770111174,86762
2025-11-05 10:51:00,450.59142770111174,450.60998995011107,450.45396650661735,450.492330030067,10528
2025-11-05 10:52:00,450.492330030067,450.5304266479303,450.3075166738018,450.36531998492626,23919
2025-11-05 10:53:00,450.36531998492626,450.49090756588663,450.3000130934507,450.3979899285767,84266
2025-11-05 10:54:00,450.3979899285767,450.39904521417407,450.1297618111085,450.23852815617556,92948
2025-11-05 10:55:00,450.23852815617556,450.26840807162597,450.0774037854138,450.12509749108136,36926
2025-11-05 10:56:00,450.12509749108136,450.2028774800676,450.0089738402444,450.03009584377133,92104
2025-11-05 10:57:00,450.03009584377133,450.05479999916565,449.837593332544,449.91261109625475,61626
2025-11-05 10:58:00,449.91261109625475,450.0414125840251,449.88773574871027,449.93694742650916,44986
2025-11-05 10:59:00,449.93694742650916,449.9714420095381,449.7921284067958,449.8601085093516,98281
2025-11-05 11:00:00,449.8601085093516,449.88516565121495,449.62455100054103,449.6640336892561,105096
2025-11-05 11:01:00,449.6640336892561,449.67816836927625,449.5708972790182,449.59064105803134,19114
2025-11-05 11:02:00,449.59064105803134,449.70135486082086,449.5726315012854,449.62059992884974,85287
2025-11-05 11:03:00,449.62059992884974,449.89455927955936,449.5950833545565,449.87026519668814,77534
2025-11-05 11:04:00,449.87026519668814,449.9217377332524,449.85457637071676,449.878833225282,40540
2025-11-05 11:05:00,449.878833225282,450.10377590153126,449.8513287190858,450.0898546751715,177144
2025-11-05 11:06:00,450.0898546751715,450.1742468554258,450.0117837923124,450.0648909332041,59222
2025-11-05 11:07:00,450.0648909332041,450.08289352909406,449.8964612214724,449.9994566768567,77764
2025-11-05 11:08:00,449.9994566768567,450.02188433872647,449.7836278795567,449.79576561988915,98318
2025-11-05 11:09:00,449.79576561988915,449.9321074349519,449.64702605199295,449.6701226848623,77664
2025-11-05 11:10:00,449.6701226848623,449.6819093553141,449.4609152677202,449.4662783400151,122060
2025-11-05 11:11:00,449.4662783400151,449.50782508507535,449.4425264583585,449.46279696158916,52460
2025-11-05 11:12:00,449.46279696158916,449.4863833823638,449.4265002240405,449.44427454470707,91541
2025-11-05 11:13:00,449.44427454470707,449.47969992853245,449.32750245987836,449.4075251175606,67757
2025-11-05 11:14:00,449.4075251175606,449.5978505687294,449.3550179317478,449.5875338929712,135464
2025-11-05 11:15:00,449.5875338929712,449.72730528484556,449.5415799216526,449.68595095341215,12389
2025-11-05 11:16:00,449.68595095341215,449.7228773518386,449.61171337112233,449.63588206987373,98993
2025-11-05 11:17:00,449.63588206987373,449.691775934733,449.5873803508243,449.68406299364216,38173
2025-11-05 11:18:00,449.68406299364216,449.84062028283984,449.64536473891627,449.74566564532444,56229
2025-11-05 11:19:00,449.74566564532444,449.7549079673146,449.6922832258241,449.73615023899555,47594
2025-11-05 11:20:00,449.73615023899555,449.885830159482,449.6862031106754,449.82785274710477,80179
2025-11-05 11:21:00,449.82785274710477,449.9982331059122,449.8266574661806,449.9956855864101,27942
2025-11-05 11:22:00,449.9956855864101,450.14858359754095,449.9793718243323,450.12110766756047,12016
2025-11-05 11:23:00,450.12110766756047,450.13515468393325,450.10060902810466,450.11581461973594,85017
2025-11-05 11:24:00,450.11581461973594,450.116827964317,450.00182971993837,450.1043438022008,15079
2025-11-05 11:25:00,450.1043438022008,450.19804568393005,450.0203261965868,450.1818564820701,89233
2025-11-05 11:26:00,450.1818564820701,450.3616786023608,450.17161570554566,450.32579680452585,24901
2025-11-05 11:27:00,450.32579680452585,450.3550719850784,450.2699377503861,450.30914261103237,99521
2025-11-05 11:28:00,450.30914261103237,450.36671508577854,450.27345694627064,450.34725171628463,44512
2025-11-05 11:29:00,450.34725171628463,450.4416669173525,450.33651250422713,450.38020584228855,60621
2025-11-05 11:30:00,450.38020584228855,450.6098581504095,450.37972771772155,450.58601900332894,48650
2025-11-05 11:31:00,450.58601900332894,450.69843208067306,450.55362393319933,450.6611085315576,96602
2025-11-05 11:32:00,450.6611085315576,450.7174423207873,450.5348917366605,450.551639607907,19695
2025-11-05 11:33:00,450.551639607907,450.57142145121077,450.45431414890106,450.45955573993047,54406
2025-11-05 11:34:00,450.45955573993047,450.5221846267489,450.3552032436619,450.4144727106152,37740
2025-11-05 11:35:00,450.4144727106152,450.5000458528872,450.3988875128939,450.41958491952477,66531
2025-11-05 11:36:00,450.41958491952477,450.5899570698755,450.3908800642608,450.4880050215917,27131
2025-11-05 11:37:00,450.4880050215917,450.6070708059352,450.4489037699414,450.606373643943,65041
2025-11-05 11:38:00,450.606373643943,450.65434666896977,450.5262122583591,450.58712434868204,27769
2025-11-05 11:39:00,450.58712434868204,450.6274764931738,450.4703214565522,450.5217978640563,34524
2025-11-05 11:40:00,450.5217978640563,450.55869641635894,450.49978477899054,450.5355868871742,64261
2025-11-05 11:41:00,450.5355868871742,450.652499774016,450.468382499549,450.59926321733775,39520
2025-11-05 11:42:00,450.59926321733775,450.66590373645033,450.56824523481083,450.57287329293314,97329
2025-11-05 11:43:00,450.57287329293314,450.68957908650384,450.5713440045606,450.66883415824003,72508
2025-11-05 11:44:00,450.66883415824003,450.68669718165705,450.6582251656594,450.6658751182996,80423
2025-11-05 11:45:00,450.6658751182996,450.7701139458024,450.6569436925848,450.68984170636105,91311
2025-11-05 11:46:00,450.68984170636105,450.8458292903801,450.6783612327627,450.8010061992267,37002
2025-11-05 11:47:00,450.8010061992267,450.8476555310891,450.73386280979116,450.7444864238579,62482
2025-11-05 11:48:00,450.7444864238579,450.8857115240229,450.72511179634284,450.82869716144796,44722
2025-11-05 11:49:00,450.82869716144796,450.8292348188853,450.6762299012708,450.6906856422519,81543
2025-11-05 11:50:00,450.6906856422519,450.73997725162843,450.5103164180064,450.6497217337264,40383
2025-11-05 11:51:00,450.6497217337264,450.97819239890225,450.6000719476426,450.9401124963073,54886
2025-11-05 11:52:00,450.9401124963073,451.0616898148243,450.89641409728773,451.0295784272172,42210
2025-11-05 11:53:00,451.0295784272172,451.0992373340933,450.9807276647308,450.99587128265813,60551
2025-11-05 11:54:00,450.99587128265813,451.1133427315692,450.9220030447416,450.9398394359302,89251
2025-11-05 11:55:00,450.9398394359302,450.945365676442,450.8972115620964,450.9450171909499,83740
2025-11-05 11:56:00,450.9450171909499,451.0517162165167,450.8942829315359,450.94027601401206,30654
2025-11-05 11:57:00,450.94027601401206,450.99352466144563,450.7892989467844,450.8002252900666,79634
2025-11-05 11:58:00,450.8002252900666,450.99466848421497,450.79749835463963,450.9489115606633,68215
2025-11-05 11:59:00,450.9489115606633,451.06110935779134,450.92079482203036,450.996736871223,17253
2025-11-05 12:00:00,450.996736871223,451.1172255161136,450.9967335856255,451.0653221700824,48485
2025-11-05 12:01:00,451.0653221700824,451.0988131738446,451.02510859722673,451.0347849921656,47170
2025-11-05 12:02:00,451.0347849921656,451.058815368192,450.71873601985317,450.75504554149916,92730
2025-11-05 12:03:00,450.75504554149916,450.94182026239883,450.7229952003143,450.93723940030105,170702
2025-11-05 12:04:00,450.93723940030105,450.9842578270255,450.92720714918653,450.9367961432178,90739
2025-11-05 12:05:00,450.9367961432178,451.0381957860622,450.9050517347419,450.96366281377954,95674
2025-11-05 12:06:00,450.96366281377954,451.13274453990306,450.9236450936546,451.0817089022949,31801
2025-11-05 12:07:00,451.0817089022949,451.2934841737506,451.02127360516755,451.2311066244974,31113
2025-11-05 12:08:00,451.2311066244974,451.42151940961463,451.1915057993844,451.38871364529587,47321
2025-11-05 12:09:00,451.38871364529587,451.4003811123543,451.3318393338763,451.39257131837513,87066
2025-11-05 12:10:00,451.39257131837513,451.432123255616,451.31430826081606,451.42434027682464,29056
2025-11-05 12:11:00,451.42434027682464,451.48012291897527,451.34439104330596,451.3521561671514,82999
2025-11-05 12:12:00,451.3521561671514,451.44082100682175,451.3315509590003,451.4368451055087,52192
2025-11-05 12:13:00,451.4368451055087,451.4613218677769,451.32829373507246,451.3844078320151,17111
2025-11-05 12:14:00,451.3844078320151,451.4760256400816,451.3838496909005,451.46046554561997,95548
2025-11-05 12:15:00,451.46046554561997,451.49626035107036,451.45176014200183,451.478193418225,87120
2025-11-05 12:16:00,451.478193418225,451.49384095630256,451.4641247667962,451.4768404938236,42963
2025-11-05 12:17:00,451.4768404938236,451.5156118128384,451.32462388883704,451.3349516649399,11080
2025-11-05 12:18:00,451.3349516649399,451.3589744969854,451.2620400222037,451.29381696688034,93482
2025-11-05 12:19:00,451.29381696688034,451.3147614768478,451.2779879062848,451.27805677711694,44019
2025-11-05 12:20:00,451.27805677711694,451.30907666313084,451.1755652793375,451.1945016595117,67589
2025-11-05 12:21:00,451.1945016595117,451.2832051361839,451.0772441991816,451.28183941935396,86815
2025-11-05 12:22:00,451.28183941935396,451.3147394894111,451.01166955371355,451.08110367835576,104522
2025-11-05 12:23:00,451.08110367835576,451.1511752589698,451.0656532948025,451.11005612765666,83401
2025-11-05 12:24:00,451.11005612765666,451.1341580521987,451.0485687948636,451.09171836682583,52816
2025-11-05 12:25:00,451.09171836682583,451.1245045676027,451.0632066051245,451.0660269280404,14747
2025-11-05 12:26:00,451.0660269280404,451.1061999111273,451.01515624157975,451.10359088077456,33437
2025-11-05 12:27:00,451.10359088077456,451.1236206460532,450.8983365777261,450.97410044061127,29455
2025-11-05 12:28:00,450.97410044061127,451.00146689618856,450.77248669411216,450.8158694526318,98552
2025-11-05 12:29:00,450.8158694526318,450.81922077019817,450.7082549552733,450.7518678685495,56009
2025-11-05 12:30:00,450.7518678685495,450.7894424668593,450.60731057177037,450.6379489294751,47569
2025-11-05 12:31:00,450.6379489294751,450.64343648867987,450.31786294659884,450.3505282138952,192346
2025-11-05 12:32:00,450.3505282138952,450.47199250284456,450.30710637190657,450.3831312354778,94292
2025-11-05 12:33:00,450.3831312354778,450.44713001878756,450.2231665217301,450.26035192559056,66879
2025-11-05 12:34:00,450.26035192559056,450.28055491318696,450.1533479106986,450.16389341695424,21025
2025-11-05 12:35:00,450.16389341695424,450.21898335279315,450.16072038758193,450.1892665636694,97579
2025-11-05 12:36:00,450.1892665636694,450.2136893001548,450.11568125468773,450.1848605506604,74818
2025-11-05 12:37:00,450.1848605506604,450.21006871618266,450.0703825139993,450.1214941034086,21231
2025-11-05 12:38:00,450.1214941034086,450.2886525636552,450.0227553347279,450.24363291476357,71517
2025-11-05 12:39:00,450.24363291476357,450.2661378743844,450.0346561080198,450.04724608975124,157720
2025-11-05 12:40:00,450.04724608975124,450.11068954444687,449.98097348301036,450.09099823309685,61553
2025-11-05 12:41:00,450.09099823309685,450.10570034587545,449.8973114790038,449.98741819563276,34815
2025-11-05 12:42:00,449.98741819563276,450.0324452584222,449.87626679453166,449.91473880023347,76612
2025-11-05 12:43:00,449.91473880023347,449.95354713698254,449.8306589284066,449.86417171231034,97218
2025-11-05 12:44:00,449.86417171231034,449.89506204994865,449.80699914128525,449.8300117791736,84451
2025-11-05 12:45:00,449.8300117791736,449.89119709825013,449.79986766431443,449.86251852097877,20057
2025-11-05 12:46:00,449.86251852097877,450.00861893856546,449.8465841031777,449.8815624687471,87681
2025-11-05 12:47:00,449.8815624687471,449.89951472889595,449.8147920284163,449.87417889250713,30641
2025-11-05 12:48:00,449.87417889250713,449.9040549458942,449.85279823505124,449.89768458423407,19638
2025-11-05 12:49:00,449.89768458423407,449.92601183420686,449.7628821528109,449.77221871995954,55097
2025-11-05 12:50:00,449.77221871995954,449.9565032977409,449.7375957403068,449.93605420586465,53832
2025-11-05 12:51:00,449.93605420586465,449.99289926924735,449.8852828721979,449.93026010045077,87722
2025-11-05 12:52:00,449.93026010045077,449.9867310911044,449.8979442317062,449.9288412593657,82725
2025-11-05 12:53:00,449.9288412593657,449.9293415186791,449.78269840940777,449.8375327684446,71477
2025-11-05 12:54:00,449.8375327684446,449.9610589290858,449.81871030965544,449.956853201174,81303
2025-11-05 12:55:00,449.956853201174,449.9582525965997,449.8704909803346,449.89694872703643,38670
2025-11-05 12:56:00,449.89694872703643,449.9534812180882,449.64671842588353,449.7046944923207,40692
2025-11-05 12:57:00,449.7046944923207,449.7209879680114,449.693790775675,449.7039909206404,35920
2025-11-05 12:58:00,449.7039909206404,449.7728552980808,449.64465829661685,449.65981575761134,83927
2025-11-05 12:59:00,449.65981575761134,449.66795194936606,449.60528867706597,449.6197445277442,43043
2025-11-05 13:00:00,449.6197445277442,449.86472508152843,449.5667492316535,449.74332486069795,69119
2025-11-05 13:01:00,449.74332486069795,449.78164942674175,449.67805758971343,449.705174179376,70721
2025-11-05 13:02:00,449.705174179376,449.72368250271836,449.6505014529579,449.69283567901647,90140
2025-11-05 13:03:00,449.69283567901647,449.721606527079,449.6221236924135,449.6251704845269,21937
2025-11-05 13:04:00,449.6251704845269,449.6859615775697,449.38810513567313,449.4824698234213,27358
2025-11-05 13:05:00,449.4824698234213,449.5047985044953,449.45507232340196,449.50264792338436,38605
2025-11-05 13:06:00,449.50264792338436,449.58754134491363,449.4819570125209,449.562403441153,78731
2025-11-05 13:07:00,449.562403441153,449.58764999426177,449.4177393322049,449.4659599413211,92641
2025-11-05 13:08:00,449.4659599413211,449.4742064334636,449.42655426115505,449.42856781153597,87112
2025-11-05 13:09:00,449.42856781153597,449.43907221818245,449.1943398556169,449.2826929338412,58929
2025-11-05 13:10:00,449.2826929338412,449.3728507906904,449.19781090734654,449.36957678781033,30557
2025-11-05 13:11:00,449.36957678781033,449.55716993787456,449.321057590353,449.5208058326532,75898
2025-11-05 13:12:00,449.5208058326532,449.63879695876994,449.43314947418526,449.5996362611185,32463
2025-11-05 13:13:00,449.5996362611185,449.60698004185934,449.3573292306545,449.462267640651,67427
2025-11-05 13:14:00,449.462267640651,449.470420990063,449.37619775756724,449.39460452475845,73308
2025-11-05 13:15:00,449.39460452475845,449.4267241829614,449.27675372291253,449.334172189139,96971
2025-11-05 13:16:00,449.334172189139,449.3468514318282,449.32764981754326,449.34050666243166,20534
2025-11-05 13:17:00,449.34050666243166,449.3430163272368,449.2684115356869,449.28536695968523,49823
2025-11-05 13:18:00,449.28536695968523,449.36716546518403,449.23676200767244,449.3612830703706,71404
2025-11-05 13:19:00,449.3612830703706,449.38668360960247,449.0206145896929,449.1019913916809,125598
2025-11-05 13:20:00,449.1019913916809,449.1199304690145,448.97026027435487,448.97168977581964,65240
2025-11-05 13:21:00,448.97168977581964,448.9973777778329,448.7773963419909,448.8638307340043,20223
2025-11-05 13:22:00,448.8638307340043,448.9335408704119,448.6569220142087,448.7199024833474,25591
2025-11-05 13:23:00,448.7199024833474,448.7306856295098,448.5817330759281,448.6716112848947,21055
2025-11-05 13:24:00,448.6716112848947,448.7243711860754,448.6121706848722,448.64673896179903,13889
2025-11-05 13:25:00,448.64673896179903,448.68691548007524,448.51344898785527,448.55419466825,66488
2025-11-05 13:26:00,448.55419466825,448.61364709601764,448.4289636644245,448.4665938165451,47116
2025-11-05 13:27:00,448.4665938165451,448.5110604920253,448.4334410988179,448.43816219408035,88629
2025-11-05 13:28:00,448.43816219408035,448.46137355340335,448.36911596358493,448.40682555888355,64862
2025-11-05 13:29:00,448.40682555888355,448.5422434902232,448.38003601783987,448.5243352856582,25467
2025-11-05 13:30:00,448.5243352856582,448.5903410825949,448.4453877747578,448.53030172944636,32650
2025-11-05 13:31:00,448.53030172944636,448.6119789831379,448.3968913219114,448.39902007403555,75642
2025-11-05 13:32:00,448.39902007403555,448.4187655039696,448.1712236431632,448.19457317090865,50744
2025-11-05 13:33:00,448.19457317090865,448.21639228276524,448.1215940632281,448.13179410869765,86534
2025-11-05 13:34:00,448.13179410869765,448.18724187047883,448.13161297571656,448.1388105905836,84474
2025-11-05 13:35:00,448.1388105905836,448.22524143884317,448.08926764102443,448.1067830612034,57458
2025-11-05 13:36:00,448.1067830612034,448.15705256022113,448.05709529244496,448.0795168392585,28394
2025-11-05 13:37:00,448.0795168392585,448.11620406532074,447.9816875026058,448.03127446241797,95504
2025-11-05 13:38:00,448.03127446241797,448.10415635347636,448.0107120774282,448.02363861720625,42152
2025-11-05 13:39:00,448.02363861720625,448.06562520437296,447.95263896741585,447.963379793149,73797
2025-11-05 13:40:00,447.963379793149,447.9993182066214,447.9210034232844,447.9357831655077,76558
2025-11-05 13:41:00,447.9357831655077,448.0187133223722,447.92084512166355,448.0180872964627,75941
2025-11-05 13:42:00,448.0180872964627,448.17781182401217,447.9903568044601,448.1422112739206,96978
2025-11-05 13:43:00,448.1422112739206,448.22474871148415,448.0667407082503,448.20598693894635,60672
2025-11-05 13:44:00,448.20598693894635,448.21048198435193,448.1796166291644,448.18920588055454,38522
2025-11-05 13:45:00,448.18920588055454,448.19393611968866,448.1449701793836,448.1614348137087,46660
2025-11-05 13:46:00,448.1614348137087,448.35820086265005,448.1285325101781,448.3299539042316,32873
2025-11-05 13:47:00,448.3299539042316,448.49840394436427,448.29328483390356,448.4164889244196,63900
2025-11-05 13:48:00,448.4164889244196,448.43744128419706,448.25636569500773,448.2807654443175,82717
2025-11-05 13:49:00,448.2807654443175,448.38111708629157,448.2726023302155,448.36381012773785,19821
2025-11-05 13:50:00,448.36381012773785,448.37857530235044,448.2507064069534,448.27091256024636,34647
2025-11-05 13:51:00,448.27091256024636,448.53026599415267,448.2410884011237,448.5112313918489,59246
2025-11-05 13:52:00,448.5112313918489,448.5852676610705,448.44375046258926,448.5399589651119,92805
2025-11-05 13:53:00,448.5399589651119,448.59868230137187,448.5188437178275,448.5635075722901,80949
2025-11-05 13:54:00,448.5635075722901,448.7227861293532,448.5533414896532,448.664092389466,97659
2025-11-05 13:55:00,448.664092389466,448.6652965845219,448.4838511331645,448.54492533477935,30875
2025-11-05 13:56:00,448.54492533477935,448.6219611084073,448.52653367360097,448.59486366187747,56612
2025-11-05 13:57:00,448.59486366187747,448.8098726830135,448.5662207890246,448.78306671934064,189106
2025-11-05 13:58:00,448.78306671934064,448.8529550556465,448.6994403594548,448.78885943730813,94983
2025-11-05 13:59:00,448.78885943730813,448.8248291428217,448.722476613667,448.7403564611399,78513
2025-11-05 14:00:00,448.7403564611399,448.75265602273356,448.64265992029266,448.70027110913225,47930
2025-11-05 14:01:00,448.70027110913225,448.7576903457989,448.66961442397974,448.7364044494232,12291
2025-11-05 14:02:00,448.7364044494232,448.8136768273143,448.6755262738676,448.8029797669112,56619
2025-11-05 14:03:00,448.8029797669112,448.81422819113806,448.6320252636804,448.72927593531017,72813
2025-11-05 14:04:00,448.72927593531017,448.77281533413037,448.6158859815759,448.674471437917,25402
2025-11-05 14:05:00,448.674471437917,448.71462750453827,448.5313662861468,448.58720059717535,72906
2025-11-05 14:06:00,448.58720059717535,448.8003185784997,448.5612281061341,448.7085743219684,77471
2025-11-05 14:07:00,448.7085743219684,448.7619198116154,448.5970009913704,448.61830524105255,47830
2025-11-05 14:08:00,448.61830524105255,448.6305372875126,448.51021336481125,448.6003940835521,75365
2025-11-05 14:09:00,448.6003940835521,448.61246751500266,448.49176209619037,448.4985008769429,37272
2025-11-05 14:10:00,448.4985008769429,448.55726223776446,448.4970722194218,448.53970775119495,78774
2025-11-05 14:11:00,448.53970775119495,448.6244865316812,448.3888906113658,448.4413699484074,97329
2025-11-05 14:12:00,448.4413699484074,448.48927441745735,448.3750089990904,448.39232982121837,50274
2025-11-05 14:13:00,448.39232982121837,448.4745006891755,448.39165331708944,448.4708427475417,45247
2025-11-05 14:14:00,448.4708427475417,448.5083566221715,448.2383095269023,448.28617405380345,150360
2025-11-05 14:15:00,448.28617405380345,448.33671983598987,448.2797300027712,448.30324783140986,87097
2025-11-05 14:16:00,448.30324783140986,448.44974867384485,448.2696928381671,448.379058587307,29930
2025-11-05 14:17:00,448.379058587307,448.58986613313573,448.340305846097,448.55481169842676,31563
2025-11-05 14:18:00,448.55481169842676,448.63960757434853,448.53886371277036,448.6118338328341,32388
2025-11-05 14:19:00,448.6118338328341,448.6281593362343,448.4266067236803,448.5124220518507,82776
2025-11-05 14:20:00,448.5124220518507,448.5778090020859,448.46019393229915,448.52317724282454,20248
2025-11-05 14:21:00,448.52317724282454,448.60356838886486,448.43463523830906,448.5574800343607,70611
2025-11-05 14:22:00,448.5574800343607,448.62269312567435,448.52494049316135,448.5464691377413,26258
2025-11-05 14:23:00,448.5464691377413,448.58211237859825,448.5424845604559,448.5639570303791,81310
2025-11-05 14:24:00,448.5639570303791,448.60749027430484,448.44077805892505,448.4698645778965,17188
2025-11-05 14:25:00,448.4698645778965,448.5082740777814,448.393516492664,448.4367658092934,17370
2025-11-05 14:26:00,448.4367658092934,448.48663533278244,448.3348096975045,448.3873375606504,23566
2025-11-05 14:27:00,448.3873375606504,448.4204372430499,448.2955294709916,448.3056340684802,64643
2025-11-05 14:28:00,448.3056340684802,448.3212632177677,448.11528453140255,448.15423252264026,19675
2025-11-05 14:29:00,448.15423252264026,448.189552338993,447.9408703743572,447.9423849939879,56944
2025-11-05 14:30:00,447.9423849939879,447.97038912916497,447.8911673464765,447.9607491785327,63013
2025-11-05 14:31:00,447.9607491785327,448.0257477502137,447.9172848315267,448.0083567021731,40484
2025-11-05 14:32:00,448.0083567021731,448.09887562479685,447.81229208161204,447.84233682175227,35835
2025-11-05 14:33:00,447.84233682175227,447.8967276323606,447.7665975207226,447.76725545886904,23200
2025-11-05 14:34:00,447.76725545886904,447.82280259122314,447.74203523328913,447.7457780239799,40580
2025-11-05 14:35:00,447.7457780239799,447.759929829404,447.641156590938,447.6672951242635,58328
2025-11-05 14:36:00,447.6672951242635,447.7570699183433,447.58523992385847,447.7374987298604,54787
2025-11-05 14:37:00,447.7374987298604,447.766911351495,447.6453227858318,447.7011916828643,71471
2025-11-05 14:38:00,447.7011916828643,447.74047959140813,447.53554259304707,447.55128128680195,49181
2025-11-05 14:39:00,447.55128128680195,447.66267490803216,447.5340047870227,447.652108390513,67435
2025-11-05 14:40:00,447.652108390513,447.6603581265353,447.5161433890439,447.5253552446874,31699
2025-11-05 14:41:00,447.5253552446874,447.52796838746235,447.41985330213805,447.4912740663079,36485
2025-11-05 14:42:00,447.4912740663079,447.61002593885775,447.363169406914,447.4163859299333,37086
2025-11-05 14:43:00,447.4163859299333,447.4777407731981,447.28667486969726,447.28968538289166,48174
2025-11-05 14:44:00,447.28968538289166,447.361167160616,447.2174932245467,447.33903505682235,77804
2025-11-05 14:45:00,447.33903505682235,447.4315692407323,447.29369750671066,447.35659454293403,64091
2025-11-05 14:46:00,447.35659454293403,447.367056652451,447.20331372477096,447.2554185732525,52340
2025-11-05 14:47:00,447.2554185732525,447.32942977520963,447.21304418311206,447.2705288542744,47869
2025-11-05 14:48:00,447.2705288542744,447.36531623115087,447.1284707027956,447.18771932009724,11711
2025-11-05 14:49:00,447.18771932009724,447.2193861399369,447.1006939786267,447.1749822081174,86759
2025-11-05 14:50:00,447.1749822081174,447.1950125472073,447.13715307588427,447.1516692641588,59451
2025-11-05 14:51:00,447.1516692641588,447.23307559016064,447.11400868397106,447.13341571683407,58737
2025-11-05 14:52:00,447.13341571683407,447.318331805893,447.0919436371339,447.2819021829442,93817
2025-11-05 14:53:00,447.2819021829442,447.3650781210369,447.274057607457,447.33955878515616,66381
2025-11-05 14:54:00,447.33955878515616,447.3693218308673,447.23219154366075,447.33103405837994,76480
2025-11-05 14:55:00,447.33103405837994,447.46748513568775,447.2989723784362,447.43085560486173,78376
2025-11-05 14:56:00,447.43085560486173,447.48013056050326,447.28568343633583,447.3184339103183,13260
2025-11-05 14:57:00,447.3184339103183,447.40077068604893,447.2953014880615,447.3803176145335,30672
2025-11-05 14:58:00,447.3803176145335,447.44283832552844,447.25176340379295,447.31342512206976,50324
2025-11-05 14:59:00,447.31342512206976,447.36391962324217,447.3108209862623,447.3451015776292,88743
2025-11-05 15:00:00,447.3451015776292,447.47827945508743,447.31850674600395,447.44882019804936,94954
2025-11-05 15:01:00,447.44882019804936,447.53189517994207,447.34974026601674,447.46246970331975,90171
2025-11-05 15:02:00,447.46246970331975,447.46525813786087,447.2833448764347,447.34185984319254,88591
2025-11-05 15:03:00,447.34185984319254,447.53740677591696,447.2984226433621,447.44373909485483,96813
2025-11-05 15:04:00,447.44373909485483,447.4712394215841,447.43692687875705,447.43700947958274,70263
2025-11-05 15:05:00,447.43700947958274,447.476266519307,447.27897610394444,447.3163870209418,36437
2025-11-05 15:06:00,447.3163870209418,447.34716851938356,447.1913693809927,447.30018124785715,53381
2025-11-05 15:07:00,447.30018124785715,447.38881941172633,447.27978664009976,447.33460955403245,29755
2025-11-05 15:08:00,447.33460955403245,447.3347464436451,447.3009339997857,447.3270857679466,83346
2025-11-05 15:09:00,447.3270857679466,447.45944648326866,447.2695547206425,447.4078393289603,19236
2025-11-05 15:10:00,447.4078393289603,447.54562692701484,447.39075693344705,447.42009241850275,30096
2025-11-05 15:11:00,447.42009241850275,447.4977429634649,447.2313005928246,447.286036060445,88229
2025-11-05 15:12:00,447.286036060445,447.2975158594809,447.15586328290965,447.1784861740132,89183
2025-11-05 15:13:00,447.1784861740132,447.3380688122894,447.15726992527055,447.2871106710477,89637
2025-11-05 15:14:00,447.2871106710477,447.29366478151593,447.24927394074246,447.270991484398,84974
2025-11-05 15:15:00,447.270991484398,447.33191173329067,447.16698736547966,447.197568922061,83667
2025-11-05 15:16:00,447.197568922061,447.2208307129889,447.1045703715805,447.1520299852155,17704
2025-11-05 15:17:00,447.1520299852155,447.25673219029545,447.1325754180384,447.20401383830995,94482
2025-11-05 15:18:00,447.20401383830995,447.28379479009146,447.1936288922057,447.22085769826765,25624
2025-11-05 15:19:00,447.22085769826765,447.3281687266256,447.1687407090631,447.29288249751056,14959
2025-11-05 15:20:00,447.29288249751056,447.3616235405541,447.27531504189,447.3303345338982,37215
2025-11-05 15:21:00,447.3303345338982,447.4053361808799,447.2657284009084,447.37519844321827,61943
2025-11-05 15:22:00,447.37519844321827,447.40102862424646,447.2776495079667,447.29155569876394,67205
2025-11-05 15:23:00,447.29155569876394,447.42733796097957,447.2850759311361,447.37299704919513,32455
2025-11-05 15:24:00,447.37299704919513,447.5549815921303,447.3537148394226,447.454045296486,77641
2025-11-05 15:25:00,447.454045296486,447.6153155424707,447.42389524095114,447.5759567832354,60658
2025-11-05 15:26:00,447.5759567832354,447.58405727545,447.54717217164546,447.5750743586771,30773
2025-11-05 15:27:00,447.5750743586771,447.79920402842635,447.57077760834574,447.79312049461635,163490
2025-11-05 15:28:00,447.79312049461635,447.85294191956115,447.7685869835831,447.8201618467826,61869
2025-11-05 15:29:00,447.8201618467826,448.1883841290054,447.8178063872231,448.11485363207953,154692
2025-11-05 15:30:00,448.11485363207953,448.1415903109295,447.9390984836274,447.9868939642669,82489
2025-11-05 15:31:00,447.9868939642669,448.2045807487668,447.9537176775829,448.13229540800626,12407
2025-11-05 15:32:00,448.13229540800626,448.14701291874314,447.93762312501667,447.9535485207663,62748
2025-11-05 15:33:00,447.9535485207663,448.0254125999395,447.9530110954564,448.01793900030725,11073
2025-11-05 15:34:00,448.01793900030725,448.0490182785883,447.85933032363397,447.9303046284486,22318
2025-11-05 15:35:00,447.9303046284486,447.95529257590425,447.85387789500794,447.9344321424252,36044
2025-11-05 15:36:00,447.9344321424252,448.0084331622743,447.7420600721445,447.82115051271046,83820
2025-11-05 15:37:00,447.82115051271046,448.05302231439094,447.771338135989,448.00165949942016,160640
2025-11-05 15:38:00,448.00165949942016,448.02312789010784,447.89469326865594,447.9418282133269,84638
2025-11-05 15:39:00,447.9418282133269,447.9777517862863,447.81194398435105,447.871878708918,13992
2025-11-05 15:40:00,447.871878708918,447.9473176338012,447.824728148635,447.9346421460647,25305
2025-11-05 15:41:00,447.9346421460647,448.06739139541685,447.86925715370984,448.0228006783203,68817
2025-11-05 15:42:00,448.0228006783203,448.03386263292396,447.9608333782838,448.0112435060833,47403
2025-11-05 15:43:00,448.0112435060833,448.1126499237144,447.9762895917539,448.10647765757443,38255
2025-11-05 15:44:00,448.10647765757443,448.12200223019636,447.9686965645443,448.0012441266159,15539
2025-11-05 15:45:00,448.0012441266159,448.0987213882003,447.93986859356585,448.0881421094265,19511
2025-11-05 15:46:00,448.0881421094265,448.0972158050089,447.9533971704044,448.00033988716933,36008
2025-11-05 15:47:00,448.00033988716933,448.17111105364364,447.9973182790537,448.10077587487933,91512
2025-11-05 15:48:00,448.10077587487933,448.2440419885483,448.0641834209161,448.2077475455966,33634
2025-11-05 15:49:00,448.2077475455966,448.2849549255106,448.1902082723134,448.2775851637342,18382
2025-11-05 15:50:00,448.2775851637342,448.6351133318644,448.26291884119615,448.5960156784726,20772
2025-11-05 15:51:00,448.5960156784726,448.63709389341847,448.5841371430002,448.62316298874987,42521
2025-11-05 15:52:00,448.62316298874987,448.81603343509494,448.61871733171216,448.75357257644737,15631
2025-11-05 15:53:00,448.75357257644737,448.8117726191763,448.62241497492965,448.8047416964991,95827
2025-11-05 15:54:00,448.8047416964991,448.8618146351545,448.74163192153213,448.7469457631895,53154
2025-11-05 15:55:00,448.7469457631895,448.75410066096003,448.7079931990926,448.7195102730475,90383
2025-11-05 15:56:00,448.7195102730475,448.7386017126865,448.6963610806843,448.72420541979614,96120
2025-11-05 15:57:00,448.72420541979614,448.80076059981985,448.6261371771039,448.6428024935262,62433
2025-11-05 15:58:00,448.6428024935262,448.6948487806579,448.51054724428934,448.60863742968223,97520
2025-11-05 15:59:00,448.60863742968223,448.7363743320785,448.5947525488625,448.70045180724605,65013
2025-11-05 16:00:00,448.70045180724605,448.76886111999875,448.681616811877,448.7625523300021,30977
2025-11-06 09:30:00,448.7625523300021,449.0418088226547,448.7440118184224,449.0010939748998,81604
2025-11-06 09:31:00,449.0010939748998,449.064055658597,448.92324419448124,448.9352516913385,90291
2025-11-06 09:32:00,448.9352516913385,448.9668972656352,448.8024042689312,448.81672458899266,17925
2025-11-06 09:33:00,448.81672458899266,448.8226094435758,448.4707538801768,448.51043999379056,120150
2025-11-06 09:34:00,448.51043999379056,448.60311132737894,448.500775527472,448.56450314856875,31134
2025-11-06 09:35:00,448.56450314856875,448.72499158487295,448.51705832376354,448.67377283854023,34583
2025-11-06 09:36:00,448.67377283854023,448.7910453660796,448.64433547631745,448.77419349208606,55538
2025-11-06 09:37:00,448.77419349208606,448.94032538223524,448.70859540457764,448.9329927495336,76912
2025-11-06 09:38:00,448.9329927495336,449.0840707926999,448.92864416743953,449.07939934287646,81979
2025-11-06 09:39:00,449.07939934287646,449.17813959104376,449.0443788451184,449.17578333225896,92911
2025-11-06 09:40:00,449.17578333225896,449.40767429777355,449.1148342377438,449.3496014582499,76635
2025-11-06 09:41:00,449.3496014582499,449.5334851354766,449.32582320890083,449.51481924683156,20807
2025-11-06 09:42:00,449.51481924683156,449.6102097101447,449.4375860195601,449.47382125109266,50799
2025-11-06 09:43:00,449.47382125109266,449.50435372999465,449.37677594755297,449.4086901037803,73908
2025-11-06 09:44:00,449.4086901037803,449.4277405863454,449.26071784680835,449.2635586367246,26555
2025-11-06 09:45:00,449.2635586367246,449.3119583563531,449.20293905303487,449.2837000241888,84180
2025-11-06 09:46:00,449.2837000241888,449.42146642384154,449.2312452931771,449.3754077124978,66078
2025-11-06 09:47:00,449.3754077124978,449.49326416613945,449.3614576358442,449.4932216973708,13685
2025-11-06 09:48:00,449.4932216973708,449.4945561883702,449.4383407499272,449.46023927056075,78617
2025-11-06 09:49:00,449.46023927056075,449.6521296757527,449.4033953895474,449.5741601246457,60805
2025-11-06 09:50:00,449.5741601246457,449.6177904895935,449.54862351309373,449.57228304927355,34550
2025-11-06 09:51:00,449.57228304927355,449.5842040842867,449.4817848180948,449.51095801276347,59237
2025-11-06 09:52:00,449.51095801276347,449.6419262941931,449.48689800404276,449.6188993083641,10903
2025-11-06 09:53:00,449.6188993083641,449.6804779940867,449.59581905797444,449.6475247846421,27610
2025-11-06 09:54:00,449.6475247846421,449.78957868569427,449.59561725912937,449.7033133121806,34064
2025-11-06 09:55:00,449.7033133121806,449.81938114893126,449.6709526843467,449.7875960491789,80043
2025-11-06 09:56:00,449.7875960491789,449.9050832679041,449.77213430732525,449.8717253582003,76198
2025-11-06 09:57:00,449.8717253582003,449.9599623312396,449.86629375352356,449.9276409104392,15378
2025-11-06 09:58:00,449.9276409104392,449.963387584606,449.8357287482802,449.9127451209689,88437
2025-11-06 09:59:00,449.9127451209689,449.97537726024416,449.8419920185431,449.8546567186564,67520
2025-11-06 10:00:00,449.8546567186564,449.9289862485001,449.85283624181983,449.87388407299204,66586
2025-11-06 10:01:00,449.87388407299204,449.9923170067554,449.8269522704984,449.8296512128177,10511
2025-11-06 10:02:00,449.8296512128177,449.9097939723555,449.7326479056379,449.880620599741,77261
2025-11-06 10:03:00,449.880620599741,449.8981629921118,449.84365275368214,449.8472163004771,86008
2025-11-06 10:04:00,449.8472163004771,449.8776306925142,449.78405516241776,449.8212503966975,49492
2025-11-06 10:05:00,449.8212503966975,449.87177409692,449.66111554112206,449.7531194925443,94814
2025-11-06 10:06:00,449.7531194925443,449.80077112321436,449.6118282829367,449.6506426939858,62236
2025-11-06 10:07:00,449.6506426939858,449.74832000570666,449.63336787157385,449.72338613922557,36998
2025-11-06 10:08:00,449.72338613922557,449.7626361730198,449.6638406893396,449.6970173227411,40932
2025-11-06 10:09:00,449.6970173227411,449.72044054764365,449.54826296900364,449.5665681145463,40412
2025-11-06 10:10:00,449.5665681145463,449.6046585086534,449.540626109413,449.5556177665307,46895
2025-11-06 10:11:00,449.5556177665307,449.57208686242865,449.41999232725647,449.42793650998817,36015
2025-11-06 10:12:00,449.42793650998817,449.4343154630134,449.392376809764,449.40015008892124,64306
2025-11-06 10:13:00,449.40015008892124,449.49408004600383,449.3543091043335,449.3837234952759,31584
2025-11-06 10:14:00,449.3837234952759,449.52946495192265,449.36450471416686,449.46639840908404,90589
2025-11-06 10:15:00,449.46639840908404,449.5001389970445,449.43742525255686,449.46054447534567,69225
2025-11-06 10:16:00,449.46054447534567,449.5423757276099,449.38704879902946,449.53096397604355,51291
2025-11-06 10:17:00,449.53096397604355,449.5459674588097,449.3953904446762,449.43611754373484,29072
2025-11-06 10:18:00,449.43611754373484,449.5971776334174,449.3662633949698,449.58752670566867,52800
2025-11-06 10:19:00,449.58752670566867,449.7695353433294,449.53954078023816,449.6926576600336,63243
2025-11-06 10:20:00,449.6926576600336,449.7264214886043,449.66539849151627,449.72371725388535,77170
2025-11-06 10:21:00,449.72371725388535,449.7375255365974,449.69995256850893,449.70225665559497,31529
2025-11-06 10:22:00,449.70225665559497,449.7078279609929,449.6364906760532,449.6849153347267,20707
2025-11-06 10:23:00,449.6849153347267,449.72255278278146,449.609968002065,449.7124184466475,85379
2025-11-06 10:24:00,449.7124184466475,449.7555907964238,449.61136071113737,449.61914394611716,24393
2025-11-06 10:25:00,449.61914394611716,449.68752274011877,449.61803255249026,449.66024496347717,14861
2025-11-06 10:26:00,449.66024496347717,449.6946515375707,449.63897231645944,449.693540305931,90636
2025-11-06 10:27:00,449.693540305931,449.73427038603785,449.63176213197943,449.646395996461,72294
2025-11-06 10:28:00,449.646395996461,449.6531094528231,449.54143232801493,449.58724508088665,88533
2025-11-06 10:29:00,449.58724508088665,449.6298690550483,449.4832788439666,449.6208020958026,53336
2025-11-06 10:30:00,449.6208020958026,449.632125665553,449.54791774145093,449.5807760547223,70840
2025-11-06 10:31:00,449.5807760547223,449.62465053611635,449.5543767639019,449.612922466576,69720
2025-11-06 10:32:00,449.612922466576,449.74715669235843,449.5663603699603,449.67484595319297,54845
2025-11-06 10:33:00,449.67484595319297,449.8215815930183,449.66440926601354,449.79905144210056,31159
2025-11-06 10:34:00,449.79905144210056,449.80406821357735,449.7115385936845,449.7192779420838,82657
2025-11-06 10:35:00,449.7192779420838,449.8062657811751,449.70607012146115,449.7683623544102,25329
2025-11-06 10:36:00,449.7683623544102,449.81187835776575,449.7631374724852,449.78148257543825,33703
2025-11-06 10:37:00,449.78148257543825,449.9296465674659,449.76003623936646,449.8625675120814,60254
2025-11-06 10:38:00,449.8625675120814,449.9133405541236,449.8523891615806,449.85557887887114,70301
2025-11-06 10:39:00,449.85557887887114,449.9340576641188,449.74939069978,449.78043797443087,65372
2025-11-06 10:40:00,449.78043797443087,449.78560824246205,449.6522906054923,449.71894936134896,69486
2025-11-06 10:41:00,449.71894936134896,449.9139091115907,449.68889221692694,449.8675064234899,66751
2025-11-06 10:42:00,449.8675064234899,449.89800122356405,449.8601988090757,449.88476226441196,66105
2025-11-06 10:43:00,449.88476226441196,450.1139644033972,449.85215329537465,450.04683209393005,66332
2025-11-06 10:44:00,450.04683209393005,450.1138952610506,449.85559354358907,449.9480360375388,44142
2025-11-06 10:45:00,449.9480360375388,450.18355107869854,449.91179461915635,450.1318674167112,77786
2025-11-06 10:46:00,450.1318674167112,450.2420944590991,450.1012613191242,450.2408262085765,10111
2025-11-06 10:47:00,450.2408262085765,450.2533169955959,450.13190067812945,450.13599129961244,97346
2025-11-06 10:48:00,450.13599129961244,450.25942238079165,450.0839305866997,450.2437752865791,80069
2025-11-06 10:49:00,450.2437752865791,450.44495493175367,450.0744935807601,450.4041736097888,73766
2025-11-06 10:50:00,450.4041736097888,450.4502032568202,450.34042722404865,450.3734476737437,43766
2025-11-06 10:51:00,450.3734476737437,450.56960186868815,450.34006663709533,450.49758344782407,31007
2025-11-06 10:52:00,450.49758344782407,450.5411661802917,450.47770466509877,450.50832248246985,95687
2025-11-06 10:53:00,450.50832248246985,450.56264275482494,450.4551889626861,450.5345079631645,16834
2025-11-06 10:54:00,450.5345079631645,450.5768366457092,450.4618377305202,450.53579533955974,19496
2025-11-06 10:55:00,450.53579533955974,450.6052525419086,450.47374146626197,450.6015048093495,13712
2025-11-06 10:56:00,450.6015048093495,450.6635697020544,450.57422027311156,450.66293389073235,89030
2025-11-06 10:57:00,450.66293389073235,450.6944491318463,450.6181193138538,450.6687391073371,92486
2025-11-06 10:58:00,450.6687391073371,450.72046644932834,450.5180248459271,450.60816145085647,84900
2025-11-06 10:59:00,450.60816145085647,450.63394075315927,450.581490362236,450.59866161627076,87173
2025-11-06 11:00:00,450.59866161627076,450.6515593010168,450.5874464873332,450.6435753337338,66377
2025-11-06 11:01:00,450.6435753337338,450.690595328162,450.58116351994585,450.6533852700459,27659
2025-11-06 11:02:00,450.6533852700459,450.77938254013577,450.64237206168843,450.73550725359735,83229
2025-11-06 11:03:00,450.73550725359735,450.8514064541609,450.73543995088187,450.83171646355424,86126
2025-11-06 11:04:00,450.83171646355424,450.8346187922078,450.6903103022521,450.72935414306875,37738
2025-11-06 11:05:00,450.72935414306875,450.7812846371585,450.72647498163514,450.73896162482635,46679
2025-11-06 11:06:00,450.73896162482635,450.86864908719065,450.7077554534656,450.83684973454956,70558
2025-11-06 11:07:00,450.83684973454956,450.8565255678998,450.83011852996293,450.8400308513722,63516
2025-11-06 11:08:00,450.8400308513722,450.94378883317137,450.8311439677434,450.93590479129256,75961
2025-11-06 11:09:00,450.93590479129256,451.0279483466137,450.8878718571828,450.99792091089785,63149
2025-11-06 11:10:00,450.99792091089785,451.04456599827074,450.9257246055277,450.94641843837246,82652
2025-11-06 11:11:00,450.94641843837246,451.1226335182528,450.867036380141,451.1098362456179,80043
2025-11-06 11:12:00,451.1098362456179,451.2263462548766,451.06434484014227,451.2107105846596,25819
2025-11-06 11:13:00,451.2107105846596,451.2381404290828,451.0959016963898,451.1177838331173,30511
2025-11-06 11:14:00,451.1177838331173,451.289416336093,451.09565144274376,451.2679331594427,70262
2025-11-06 11:15:00,451.2679331594427,451.3209602589866,451.1981812402096,451.2424131159705,35912
2025-11-06 11:16:00,451.2424131159705,451.2487338872116,451.15119351377405,451.1754411524249,15385
2025-11-06 11:17:00,451.1754411524249,451.2073831791884,451.1222112980472,451.1871467231684,70062
2025-11-06 11:18:00,451.1871467231684,451.32067011772733,451.15929558548845,451.2966208944633,16563
2025-11-06 11:19:00,451.2966208944633,451.4457687719269,451.2779620941843,451.40513507700143,14352
2025-11-06 11:20:00,451.40513507700143,451.4857228580084,451.189982081177,451.27403421169987,62185
2025-11-06 11:21:00,451.27403421169987,451.40981647976207,451.2303499621119,451.3715387847207,44810
2025-11-06 11:22:00,451.3715387847207,451.3837446913586,451.3184123258628,451.3777592381884,12596
2025-11-06 11:23:00,451.3777592381884,451.4156010288709,451.20455325017446,451.2592755280876,20782
2025-11-06 11:24:00,451.2592755280876,451.37079284320134,451.11993722551324,451.121592691004,77158
2025-11-06 11:25:00,451.121592691004,451.17137354068063,451.1150503374376,451.1497553846252,68465
2025-11-06 11:26:00,451.1497553846252,451.1675355808141,451.0573734157187,451.1521074122407,96732
2025-11-06 11:27:00,451.1521074122407,451.259187093375,451.13065999104845,451.24930150441753,42548
2025-11-06 11:28:00,451.24930150441753,451.5105043824177,451.16241041178256,451.4991468355859,153692
2025-11-06 11:29:00,451.4991468355859,451.6616036159486,451.4816002620018,451.6340285719481,25846
2025-11-06 11:30:00,451.6340285719481,451.7210122840565,451.53101137577244,451.6117252281536,90337
2025-11-06 11:31:00,451.6117252281536,451.68143498523665,451.5617973744393,451.5725261918788,69184
2025-11-06 11:32:00,451.5725261918788,451.6259027087507,451.55305943883644,451.5803931469787,20176
2025-11-06 11:33:00,451.5803931469787,451.6670819729463,451.5691877968879,451.63926638454546,64337
2025-11-06 11:34:00,451.63926638454546,451.6544640363216,451.46261314486054,451.53336658887764,75382
2025-11-06 11:35:00,451.53336658887764,451.5903611773367,451.48025662977835,451.52497623048316,54942
2025-11-06 11:36:00,451.52497623048316,451.6123553588526,451.50821154603034,451.60925002375217,12365
2025-11-06 11:37:00,451.60925002375217,451.63309975579205,451.45324344587215,451.4657253727822,62331
2025-11-06 11:38:00,451.4657253727822,451.549890790175,451.2214124396994,451.27099873200893,74560
2025-11-06 11:39:00,451.27099873200893,451.2975101597758,451.19936549414894,451.2699928219589,17008
2025-11-06 11:40:00,451.2699928219589,451.33933184132087,451.20031223821906,451.2131623112251,59104
2025-11-06 11:41:00,451.2131623112251,451.25472906042415,451.02283269033904,451.0780451799246,56172
2025-11-06 11:42:00,451.0780451799246,451.15868596084175,451.0313528816462,451.1231410401884,69051
2025-11-06 11:43:00,451.1231410401884,451.1275058784601,450.9775404155738,451.05037376846667,20663
2025-11-06 11:44:00,451.05037376846667,451.1504940729641,451.0437364419767,451.08443219080897,56627
2025-11-06 11:45:00,451.08443219080897,451.1077038616305,450.98323806967096,451.0069285016711,49726
2025-11-06 11:46:00,451.0069285016711,451.03279438135587,450.97410706636293,451.0017372793065,33533
2025-11-06 11:47:00,451.0017372793065,451.08973701099137,450.9844565152932,451.06300684677586,71248
2025-11-06 11:48:00,451.06300684677586,451.0748766804511,450.9720856543806,451.0230258282349,90206
2025-11-06 11:49:00,451.0230258282349,451.2313641655913,451.00805795882036,451.2038750734571,116830
2025-11-06 11:50:00,451.2038750734571,451.2196766188032,451.1410772873442,451.21320781471013,30426
2025-11-06 11:51:00,451.21320781471013,451.22653774151115,451.0239311236951,451.0323075463907,182878
2025-11-06 11:52:00,451.0323075463907,451.0462465571047,450.9324519232172,450.9966717677261,34723
2025-11-06 11:53:00,450.9966717677261,451.2352650437051,450.90738990005985,451.1241928489312,81448
2025-11-06 11:54:00,451.1241928489312,451.14329166785456,451.0464639428303,451.0628205944439,54291
2025-11-06 11:55:00,451.0628205944439,451.0760520651176,450.9805388215519,451.00062403489744,46672
2025-11-06 11:56:00,451.00062403489744,451.19209321240567,450.90513945964994,451.14879811676843,37835
2025-11-06 11:57:00,451.14879811676843,451.27216822536536,451.1084943993124,451.1478742183647,33814
2025-11-06 11:58:00,451.1478742183647,451.2266667719433,451.0297446259189,451.07607695188966,20965
2025-11-06 11:59:00,451.07607695188966,451.15756601173825,451.0360895543295,451.1490032827756,29420
2025-11-06 12:00:00,451.1490032827756,451.2279093318152,451.12495732424804,451.20647137178054,88872
2025-11-06 12:01:00,451.20647137178054,451.2770358891694,451.18499733629545,451.26421704284394,16654
2025-11-06 12:02:00,451.26421704284394,451.46734559076253,451.23017939492115,451.35322633133615,42151
2025-11-06 12:03:00,451.35322633133615,451.5049539063021,451.3339729002136,451.45087198963154,81011
2025-11-06 12:04:00,451.45087198963154,451.5677659636824,451.4405738517603,451.55287828314033,80112
2025-11-06 12:05:00,451.55287828314033,451.6678731640454,451.4923484546748,451.6365775945921,91256
2025-11-06 12:06:00,451.6365775945921,451.7922986565058,451.5966987078023,451.71509166995514,30547
2025-11-06 12:07:00,451.71509166995514,451.8185194595402,451.6917993989474,451.806930501691,45162
2025-11-06 12:08:00,451.806930501691,451.92277333282095,451.80122336315475,451.8753877330381,41147
2025-11-06 12:09:00,451.8753877330381,451.94820054020516,451.85538467999663,451.9360831075146,33088
2025-11-06 12:10:00,451.9360831075146,451.95333431455066,451.83255201915244,451.8398690302459,31148
2025-11-06 12:11:00,451.8398690302459,451.98228080929715,451.82025684679104,451.9404660373687,67114
2025-11-06 12:12:00,451.9404660373687,452.1487327791823,451.90430073377166,452.0700985650217,20246
2025-11-06 12:13:00,452.0700985650217,452.1106495436656,452.04314595646997,452.06533438325954,24860
2025-11-06 12:14:00,452.06533438325954,452.12680403445177,452.0620316211328,452.1132850579718,29283
2025-11-06 12:15:00,452.1132850579718,452.12056932451515,451.9293721700017,451.9988506223784,52734
2025-11-06 12:16:00,451.9988506223784,452.0912686964518,451.9747848396712,452.0854262865395,36671
2025-11-06 12:17:00,452.0854262865395,452.12601853861185,452.0768080647135,452.0963878683026,54138
2025-11-06 12:18:00,452.0963878683026,452.1237011615813,451.9826170073796,452.02870095025804,68228
2025-11-06 12:19:00,452.02870095025804,452.12219579110337,452.0244397176983,452.09123603578894,12555
2025-11-06 12:20:00,452.09123603578894,452.12931357821344,451.9919404815366,451.9950529757089,85842
2025-11-06 12:21:00,451.9950529757089,452.02221079421395,451.9554416346997,451.9815193559216,17711
2025-11-06 12:22:00,451.9815193559216,452.03553916615704,451.9451654394495,451.96686954089984,46176
2025-11-06 12:23:00,451.96686954089984,452.0107276986086,451.94913182908977,451.9911718705605,83511
2025-11-06 12:24:00,451.9911718705605,452.1363967481802,451.98819362802163,452.10352122735,82123
2025-11-06 12:25:00,452.10352122735,452.26202498395395,452.057191885101,452.2540845742486,11561
2025-11-06 12:26:00,452.2540845742486,452.2667271767409,452.1789906822772,452.2216087888582,14983
2025-11-06 12:27:00,452.2216087888582,452.39052768908795,452.1321994585811,452.3722213108752,46734
2025-11-06 12:28:00,452.3722213108752,452.4461166551337,452.34932545570973,452.3586765189226,92673
2025-11-06 12:29:00,452.3586765189226,452.39923373381083,452.3566828465211,452.3937849052902,51862
2025-11-06 12:30:00,452.3937849052902,452.41989537712254,452.2875025437335,452.29214655145006,89624
2025-11-06 12:31:00,452.29214655145006,452.32437592475156,452.17485466227976,452.2249474547674,52530
2025-11-06 12:32:00,452.2249474547674,452.245408291376,452.1659828401101,452.18281158140843,34798
2025-11-06 12:33:00,452.18281158140843,452.24229063587177,452.13916054147876,452.23453734496275,33118
2025-11-06 12:34:00,452.23453734496275,452.28059912519893,452.10403573667,452.16234207383314,71102
2025-11-06 12:35:00,452.16234207383314,452.1915656691592,452.14541022006676,452.18028570159794,64391
2025-11-06 12:36:00,452.18028570159794,452.34474475994364,452.1635101611499,452.33274875949155,21154
2025-11-06 12:37:00,452.33274875949155,452.51126529387744,452.32815305816234,452.4412687561365,68730
2025-11-06 12:38:00,452.4412687561365,452.5384371043459,452.3746533821717,452.44756423218143,26905
2025-11-06 12:39:00,452.44756423218143,452.5802391121679,452.3921720967384,452.55922380984526,90516
2025-11-06 12:40:00,452.55922380984526,452.7527067200333,452.5487606122939,452.7408283160114,66578
2025-11-06 12:41:00,452.7408283160114,452.7736107213843,452.6174953404186,452.65608905157785,71040
2025-11-06 12:42:00,452.65608905157785,452.68439157628126,452.63807777152897,452.6482012125768,15166
2025-11-06 12:43:00,452.6482012125768,452.6650627880214,452.462741813476,452.51009315907726,47664
2025-11-06 12:44:00,452.51009315907726,452.65089204494495,452.43990244162944,452.6227141831481,49044
2025-11-06 12:45:00,452.6227141831481,452.82019773425355,452.60894132826576,452.79578282808257,58503
2025-11-06 12:46:00,452.79578282808257,452.8556147990115,452.516381432438,452.578931653091,69320
2025-11-06 12:47:00,452.578931653091,452.67838591881775,452.481671853093,452.5390861157324,95040
2025-11-06 12:48:00,452.5390861157324,452.5681332772346,452.476350599289,452.51290488400304,99834
2025-11-06 12:49:00,452.51290488400304,452.5301589730362,452.45046941159814,452.464124813137,31236
2025-11-06 12:50:00,452.464124813137,452.5662161293804,452.4086068280756,452.52585636034513,24878
2025-11-06 12:51:00,452.52585636034513,452.54453412175326,452.4041098335616,452.50957394634725,34119
2025-11-06 12:52:00,452.50957394634725,452.6454465716398,452.4796934150573,452.51408502154436,67784
2025-11-06 12:53:00,452.51408502154436,452.59248726138424,452.4566104991386,452.5867073006891,34512
2025-11-06 12:54:00,452.5867073006891,452.6928175713834,452.55905040305845,452.6250650182558,20960
2025-11-06 12:55:00,452.6250650182558,452.7043815604182,452.5952334221402,452.6485359540087,81779
2025-11-06 12:56:00,452.6485359540087,452.9033103834487,452.5766331935735,452.83915082372744,183986
2025-11-06 12:57:00,452.83915082372744,452.9133664220571,452.80959790417126,452.9006641668161,28280
2025-11-06 12:58:00,452.9006641668161,453.0783854889762,452.8919294411306,453.0477144261266,25583
2025-11-06 12:59:00,453.0477144261266,453.26386916945864,452.9653438480747,453.2306027236734,33318
2025-11-06 13:00:00,453.2306027236734,453.429747788703,453.22211897071355,453.40751729021025,87259
2025-11-06 13:01:00,453.40751729021025,453.4343463924305,453.33030628755273,453.38297644995805,15397
2025-11-06 13:02:00,453.38297644995805,453.4382661875911,453.22617539995986,453.2920690253901,10663
2025-11-06 13:03:00,453.2920690253901,453.29930522715495,453.21029411785713,453.23228019056273,63121
2025-11-06 13:04:00,453.23228019056273,453.2950310164536,453.1514803247862,453.1962438101183,31705
2025-11-06 13:05:00,453.1962438101183,453.2480367585859,453.05664308290767,453.1259434321825,96217
2025-11-06 13:06:00,453.1259434321825,453.1392329105412,453.1023355081376,453.1243000129429,51232
2025-11-06 13:07:00,453.1243000129429,453.1503107921373,453.09299525023795,453.0969495667299,35028
2025-11-06 13:08:00,453.0969495667299,453.14271548593814,452.90408999256744,452.93793085293635,26225
2025-11-06 13:09:00,452.93793085293635,452.9952521188888,452.8562986488222,452.95865488121285,81428
2025-11-06 13:10:00,452.95865488121285,453.1447641893491,452.8977352130787,453.0997882310238,33908
2025-11-06 13:11:00,453.0997882310238,453.10098128062134,452.9965811964389,453.0023624383382,44889
2025-11-06 13:12:00,453.0023624383382,453.09185701251914,452.99063477271585,453.08885910773955,77807
2025-11-06 13:13:00,453.08885910773955,453.1094521129243,452.93662876178206,452.9922784408358,41795
2025-11-06 13:14:00,452.9922784408358,453.09786571773765,452.9166782951961,453.07445286762567,27426
2025-11-06 13:15:00,453.07445286762567,453.1323302566617,452.95052831073195,453.0029217974789,76770
2025-11-06 13:16:00,453.0029217974789,453.01790098620745,452.9154661684116,452.92720041324225,57969
2025-11-06 13:17:00,452.92720041324225,452.95412287499374,452.76552618102164,452.7904745010732,78895
2025-11-06 13:18:00,452.7904745010732,452.9316181869103,452.7192966797302,452.9261741617576,60302
2025-11-06 13:19:00,452.9261741617576,452.9529774724862,452.8787658032679,452.9322474627712,88142
2025-11-06 13:20:00,452.9322474627712,452.991030338553,452.8679567559878,452.9660666430016,57951
2025-11-06 13:21:00,452.9660666430016,453.0093845144877,452.86666678288515,452.93368478472894,71934
2025-11-06 13:22:00,452.93368478472894,453.1066713632365,452.7970053920778,452.9815268574503,18752
2025-11-06 13:23:00,452.9815268574503,452.99964596237936,452.86369987622237,452.87121115405705,36520
2025-11-06 13:24:00,452.87121115405705,452.9142432392226,452.72804989387663,452.798561676572,24718
2025-11-06 13:25:00,452.798561676572,452.89361128961275,452.69458177348974,452.8041293791423,22864
2025-11-06 13:26:00,452.8041293791423,452.8121629162824,452.6216248693421,452.63587065410314,84130
2025-11-06 13:27:00,452.63587065410314,452.6480181015331,452.45794698705083,452.4740835529222,97858
2025-11-06 13:28:00,452.4740835529222,452.6138690570105,452.39112529407276,452.563442941366,93460
2025-11-06 13:29:00,452.563442941366,452.6911832471295,452.54646189070127,452.6018442334362,59056
2025-11-06 13:30:00,452.6018442334362,452.8069579176384,452.58422317144095,452.6806691843605,41174
2025-11-06 13:31:00,452.6806691843605,452.78125147360157,452.6143285095744,452.7187093951011,54775
2025-11-06 13:32:00,452.7187093951011,452.7566451925511,452.6845058057336,452.7335633633597,28640
2025-11-06 13:33:00,452.7335633633597,452.7451467543997,452.6551360765345,452.7072296457716,34942
2025-11-06 13:34:00,452.7072296457716,452.75740973425775,452.54996880544604,452.56332826527625,26277
2025-11-06 13:35:00,452.56332826527625,452.57644840574926,452.4898803629861,452.5538137087269,63629
2025-11-06 13:36:00,452.5538137087269,452.6909522474438,452.465043058718,452.6630933378729,35600
2025-11-06 13:37:00,452.6630933378729,452.76111850179745,452.48811181043345,452.53583717333476,23149
2025-11-06 13:38:00,452.53583717333476,452.5911535527722,452.3953568844315,452.4454367256767,41016
2025-11-06 13:39:00,452.4454367256767,452.5693311452761,452.4146628088212,452.56619496773897,71134
2025-11-06 13:40:00,452.56619496773897,452.58901119932614,452.52630269805655,452.52997839557514,58503
2025-11-06 13:41:00,452.52997839557514,452.58615668214907,452.51546080307475,452.5165815617443,18833
2025-11-06 13:42:00,452.5165815617443,452.56641065776745,452.3903470997745,452.46075471859695,94971
2025-11-06 13:43:00,452.46075471859695,452.53383671165625,452.4112982518904,452.4830818878191,61524
2025-11-06 13:44:00,452.4830818878191,452.4948899159109,452.46853073142756,452.4935430015339,70285
2025-11-06 13:45:00,452.4935430015339,452.506738907288,452.43798455172856,452.5040868298245,40346
2025-11-06 13:46:00,452.5040868298245,452.53388599099776,452.4182864766606,452.5329392451439,30405
2025-11-06 13:47:00,452.5329392451439,452.5760424854059,452.4059159785175,452.40977471463225,98675
2025-11-06 13:48:00,452.40977471463225,452.4300289313343,452.2766423739656,452.3012683629216,82009
2025-11-06 13:49:00,452.3012683629216,452.37574300368317,452.13315345213044,452.20226012539723,92604
2025-11-06 13:50:00,452.20226012539723,452.24136083074563,452.08733589938936,452.11570128014455,81455
2025-11-06 13:51:00,452.11570128014455,452.1756286220063,452.08931414583697,452.10630455158275,74708
2025-11-06 13:52:00,452.10630455158275,452.207544905261,452.0557894930844,452.1908172087359,39810
2025-11-06 13:53:00,452.1908172087359,452.2409307387965,452.1037923441918,452.1870648294387,43290
2025-11-06 13:54:00,452.1870648294387,452.24933821731605,452.0516900452951,452.1298844191156,72402
2025-11-06 13:55:00,452.1298844191156,452.1626173904255,452.0088070619473,452.0494419313845,82644
2025-11-06 13:56:00,452.0494419313845,452.1216569049839,452.0339487007768,452.0829207703597,84642
2025-11-06 13:57:00,452.0829207703597,452.37657112717847,452.03511198968624,452.358088227798,171064
2025-11-06 13:58:00,452.358088227798,452.36869959993567,452.251472308151,452.2826010973729,98306
2025-11-06 13:59:00,452.2826010973729,452.3618612996405,452.24993058106736,452.3321476593781,55463
2025-11-06 14:00:00,452.3321476593781,452.40385303394436,452.29121315750376,452.3265709430298,40609
2025-11-06 14:01:00,452.3265709430298,452.3522380913207,452.18105389706056,452.26253027666974,68171
2025-11-06 14:02:00,452.26253027666974,452.48846488173217,452.21960555873403,452.44085508993504,12056
2025-11-06 14:03:00,452.44085508993504,452.48011815435177,452.35888013098787,452.36916723560876,96805
2025-11-06 14:04:00,452.36916723560876,452.4126299404748,452.2319298937861,452.2434226512853,46085
2025-11-06 14:05:00,452.2434226512853,452.3072661497525,452.2340193190932,452.26124565310676,64715
2025-11-06 14:06:00,452.26124565310676,452.3060996863388,452.12748627326306,452.15881133778214,86868
2025-11-06 14:07:00,452.15881133778214,452.1620370386744,451.9206754574849,451.998408642849,90746
2025-11-06 14:08:00,451.998408642849,452.01077722570733,451.8917361857875,451.9080543305967,66088
2025-11-06 14:09:00,451.9080543305967,451.97653277576643,451.8048383600511,451.829317263185,43193
2025-11-06 14:10:00,451.829317263185,451.85157177416284,451.69147700003964,451.7172021131121,61116
2025-11-06 14:11:00,451.7172021131121,451.7257882293419,451.6608916872892,451.6948650560463,28744
2025-11-06 14:12:00,451.6948650560463,451.7653379375754,451.6944114693364,451.75682269087076,29763
2025-11-06 14:13:00,451.75682269087076,451.9043626703994,451.73987425898696,451.8752357427163,17804
2025-11-06 14:14:00,451.8752357427163,451.90710725880564,451.7174270404581,451.73982274566583,32135
2025-11-06 14:15:00,451.73982274566583,451.87020817107134,451.7348347227703,451.8432159130965,65037
2025-11-06 14:16:00,451.8432159130965,451.86428825252284,451.80200480986093,451.82184285657087,69790
2025-11-06 14:17:00,451.82184285657087,451.87463967215734,451.81996590547493,451.837453965152,84874
2025-11-06 14:18:00,451.837453965152,451.91853731900954,451.7482436476203,451.81804237215283,55819
2025-11-06 14:19:00,451.81804237215283,451.9524040835196,451.75127630305315,451.91781259970566,33485
2025-11-06 14:20:00,451.91781259970566,451.95270753125834,451.80209255224725,451.82583578769186,73081
2025-11-06 14:21:00,451.82583578769186,451.93096018921227,451.8062907363173,451.89928545516875,66317
2025-11-06 14:22:00,451.89928545516875,451.900816203704,451.8210544564721,451.8862793361926,60317
2025-11-06 14:23:00,451.8862793361926,452.1243498422932,451.88018708128254,452.08515838979486,193556
2025-11-06 14:24:00,452.08515838979486,452.09078164049976,451.9790715614474,452.01651180707785,95483
2025-11-06 14:25:00,452.01651180707785,452.0368892690527,451.9726990662072,451.9821765025469,82369
2025-11-06 14:26:00,451.9821765025469,452.0125490156024,451.7865045788981,451.8378383763687,10982
2025-11-06 14:27:00,451.8378383763687,451.8478951537681,451.52955827608133,451.60551691429384,173474
2025-11-06 14:28:00,451.60551691429384,451.7146575948467,451.57272216520965,451.6980592872857,48237
2025-11-06 14:29:00,451.6980592872857,451.71797475357874,451.45489159079136,451.50529993861505,135932
2025-11-06 14:30:00,451.50529993861505,451.6010167527673,451.47700529289546,451.5627634767667,22941
2025-11-06 14:31:00,451.5627634767667,451.68951894641043,451.5140707836281,451.65985232533114,55852
2025-11-06 14:32:00,451.65985232533114,451.77854715640126,451.58423551046434,451.6953169578367,93794
2025-11-06 14:33:00,451.6953169578367,451.70308502164033,451.63336824990694,451.65019310786477,20977
2025-11-06 14:34:00,451.65019310786477,451.87250873950074,451.6271212486627,451.81092541274353,84225
2025-11-06 14:35:00,451.81092541274353,451.9374010070165,451.74514892170964,451.9051266316634,50950
2025-11-06 14:36:00,451.9051266316634,451.97975396688804,451.8870450190426,451.9659651449491,40740
2025-11-06 14:37:00,451.9659651449491,452.0161244152458,451.86404625362877,451.9132509337013,25162
2025-11-06 14:38:00,451.9132509337013,451.9554592679839,451.766851238705,451.7889513371158,11476
2025-11-06 14:39:00,451.7889513371158,451.8167657230237,451.70559599249725,451.73958650310755,20922
2025-11-06 14:40:00,451.73958650310755,451.76938015563206,451.6182013570487,451.66298818847923,95965
2025-11-06 14:41:00,451.66298818847923,451.7029083555677,451.4207742192574,451.4301169673498,171658
2025-11-06 14:42:00,451.4301169673498,451.55104157491394,451.4201981558858,451.4870792608771,39372
2025-11-06 14:43:00,451.4870792608771,451.4884764045681,451.45014302988847,451.45558483151234,23317
2025-11-06 14:44:00,451.45558483151234,451.5676440469393,451.4409420632388,451.5157314115238,12600
2025-11-06 14:45:00,451.5157314115238,451.5545753027718,451.44718739515355,451.4672991976063,91459
2025-11-06 14:46:00,451.4672991976063,451.52119508681295,451.4478038215941,451.48504733540983,60782
2025-11-06 14:47:00,451.48504733540983,451.54994893007813,451.4169091319826,451.429721942794,10205
2025-11-06 14:48:00,451.429721942794,451.4669723840619,451.4091312809866,451.41934410594644,68051
2025-11-06 14:49:00,451.41934410594644,451.6436508954563,451.401594252028,451.5654174309589,84624
2025-11-06 14:50:00,451.5654174309589,451.9259593191162,451.50142367147856,451.8557874796658,165590
2025-11-06 14:51:00,451.8557874796658,451.9564000068891,451.79963930864784,451.89754977780836,93301
2025-11-06 14:52:00,451.89754977780836,451.99958175079206,451.8606601564657,451.89040422902303,29575
2025-11-06 14:53:00,451.89040422902303,451.91177411397615,451.8175283582033,451.8341998207712,87332
2025-11-06 14:54:00,451.8341998207712,452.0352684156278,451.8207983457485,451.9916558438499,40041
2025-11-06 14:55:00,451.9916558438499,452.2339788147778,451.9324580978302,452.1163573754397,47075
2025-11-06 14:56:00,452.1163573754397,452.12648455438074,451.9999194832484,452.0332236342456,32555
2025-11-06 14:57:00,452.0332236342456,452.14142108992166,452.0202078937997,452.13437604261196,42264
2025-11-06 14:58:00,452.13437604261196,452.2964347385001,452.0965687989046,452.2007127534788,94544
2025-11-06 14:59:00,452.2007127534788,452.23702278826323,452.1751347933398,452.22189126947103,16094
2025-11-06 15:00:00,452.22189126947103,452.26577796562,452.216082990064,452.24344371471614,84329
2025-11-06 15:01:00,452.24344371471614,452.31055096414246,452.19961213444844,452.3046235498653,70040
2025-11-06 15:02:00,452.3046235498653,452.30479824252086,452.10295471018367,452.1288448287083,60396
2025-11-06 15:03:00,452.1288448287083,452.20354443052395,452.06539889774245,452.1872434268339,48973
2025-11-06 15:04:00,452.1872434268339,452.2778318995927,452.0535650637438,452.15639628685005,23335
2025-11-06 15:05:00,452.15639628685005,452.2430465938446,452.1418214574748,452.23192227428166,93611
2025-11-06 15:06:00,452.23192227428166,452.4342669477784,452.20195324993637,452.3924332330124,60119
2025-11-06 15:07:00,452.3924332330124,452.48874861526997,452.33825777739554,452.4455224871434,42632
2025-11-06 15:08:00,452.4455224871434,452.47652297043993,452.42169660574194,452.4679160677279,90876
2025-11-06 15:09:00,452.4679160677279,452.5985576002372,452.43004359385355,452.59347606767005,25839
2025-11-06 15:10:00,452.59347606767005,452.6696229300073,452.56690709041317,452.5806254573349,58974
2025-11-06 15:11:00,452.5806254573349,452.6451128993592,452.563877345226,452.6038235389204,68973
2025-11-06 15:12:00,452.6038235389204,452.72311960430403,452.585258030153,452.6849442470967,13331
2025-11-06 15:13:00,452.6849442470967,452.7215987494317,452.5183323038182,452.54473250685345,62243
2025-11-06 15:14:00,452.54473250685345,452.67097699331777,452.5286657927902,452.6585802684608,47538
2025-11-06 15:15:00,452.6585802684608,452.69492265243997,452.6374492261781,452.6390230074577,81778
2025-11-06 15:16:00,452.6390230074577,452.957005081901,452.58130275515015,452.9270910649712,78150
2025-11-06 15:17:00,452.9270910649712,453.0352310644538,452.9094083752581,453.01860425718854,85918
2025-11-06 15:18:00,453.01860425718854,453.08985389842366,453.01609414852106,453.0387818971322,16125
2025-11-06 15:19:00,453.0387818971322,453.17696113414274,452.9892820375661,453.07104548618076,53199
2025-11-06 15:20:00,453.07104548618076,453.204300861492,452.9791798270652,453.17023284220426,22938
2025-11-06 15:21:00,453.17023284220426,453.26923922394593,453.13759619815545,453.25409589592425,92048
2025-11-06 15:22:00,453.25409589592425,453.3079094051959,453.11970517673285,453.15925645619404,44961
2025-11-06 15:23:00,453.15925645619404,453.17158938373524,453.0283991714845,453.08427996686277,36547
2025-11-06 15:24:00,453.08427996686277,453.1092418101818,452.96266755907095,452.97450294564027,20367
2025-11-06 15:25:00,452.97450294564027,453.00414154660234,452.94216611760015,452.9971341189343,29322
2025-11-06 15:26:00,452.9971341189343,453.0413779792892,452.92693254446687,452.9654448580087,11658
2025-11-06 15:27:00,452.9654448580087,453.1111851781618,452.9522237204593,453.0574078794343,99891
2025-11-06 15:28:00,453.0574078794343,453.06259770587525,452.9903035735475,452.99643118420505,49316
2025-11-06 15:29:00,452.99643118420505,453.00764928434603,452.72139514172216,452.7341339092053,164246
2025-11-06 15:30:00,452.7341339092053,452.821759086335,452.69999597866547,452.77214468150856,69538
2025-11-06 15:31:00,452.77214468150856,452.7882207450805,452.5793841740342,452.6096631354373,61324
2025-11-06 15:32:00,452.6096631354373,452.62795867216613,452.4934018961488,452.5409233800459,66251
2025-11-06 15:33:00,452.5409233800459,452.5611758884867,452.51698007023714,452.54475016130505,17084
2025-11-06 15:34:00,452.54475016130505,452.6307723378347,452.3924154503589,452.41647384011696,46668
2025-11-06 15:35:00,452.41647384011696,452.46517092424114,452.4067293191017,452.42982822192033,94166
2025-11-06 15:36:00,452.42982822192033,452.44118684231154,452.24488492090916,452.3243564184137,30195
2025-11-06 15:37:00,452.3243564184137,452.35010901591136,452.26233967083476,452.26472184906686,60998
2025-11-06 15:38:00,452.26472184906686,452.2703280290534,452.0545408255772,452.1340291239318,55076
2025-11-06 15:39:00,452.1340291239318,452.1586148851817,452.08058013364314,452.13951628219905,22417
2025-11-06 15:40:00,452.13951628219905,452.237815480668,452.0891168587587,452.18450495859844,66422
2025-11-06 15:41:00,452.18450495859844,452.2009748774608,452.08562356304105,452.0913886618961,73411
2025-11-06 15:42:00,452.0913886618961,452.11740004395244,452.0157206432902,452.0591460430465,21075
2025-11-06 15:43:00,452.0591460430465,452.1222072628654,452.0533340669051,452.0855008594424,13569
2025-11-06 15:44:00,452.0855008594424,452.0953992720437,451.8238554464903,451.885705742938,134666
2025-11-06 15:45:00,451.885705742938,451.96902046820793,451.8811874207431,451.9273607350015,60420
2025-11-06 15:46:00,451.9273607350015,451.9459766730157,451.6891986551196,451.7710394985961,76013
2025-11-06 15:47:00,451.7710394985961,451.8017583990743,451.7362398122383,451.7781843751253,43149
2025-11-06 15:48:00,451.7781843751253,451.93597923458674,451.7537177492049,451.8735891556011,35293
2025-11-06 15:49:00,451.8735891556011,451.8821243318155,451.8700379536839,451.8792637904449,41236
2025-11-06 15:50:00,451.8792637904449,451.92648771059754,451.8357051296284,451.84116292954076,10792
2025-11-06 15:51:00,451.84116292954076,451.8760078036371,451.71452842435764,451.7733847054083,93568
2025-11-06 15:52:00,451.7733847054083,451.77361452398304,451.6086558177086,451.6759855555168,74874
2025-11-06 15:53:00,451.6759855555168,451.7605449024138,451.6368903446626,451.74127223334443,35688
2025-11-06 15:54:00,451.74127223334443,451.750784389276,451.65903466611667,451.72552229672783,43746
2025-11-06 15:55:00,451.72552229672783,451.7997803765022,451.6784251935854,451.7644411012927,38756
2025-11-06 15:56:00,451.7644411012927,451.8404029521718,451.69592368053645,451.8322964404799,21447
2025-11-06 15:57:00,451.8322964404799,451.860300411576,451.80782426515134,451.8459181101807,31637
2025-11-06 15:58:00,451.8459181101807,451.96329401048604,451.831505205793,451.93160490703195,13415
2025-11-06 15:59:00,451.93160490703195,451.9792788291328,451.80824673702136,451.8509033667671,60298
2025-11-06 16:00:00,451.8509033667671,451.864898429168,451.8134577116869,451.81615348115446,73815
2025-11-07 09:30:00,451.81615348115446,451.86356465314446,451.6922615705532,451.7010503584292,46366
2025-11-07 09:31:00,451.7010503584292,451.753378660191,451.5717610388081,451.6270308668211,46894
2025-11-07 09:32:00,451.6270308668211,451.7566790412906,451.60113409893853,451.71277645861574,78235
2025-11-07 09:33:00,451.71277645861574,451.93007674378174,451.66223988047017,451.88824566081905,82265
2025-11-07 09:34:00,451.88824566081905,451.90982497564477,451.81699629505357,451.8647447449454,94600
2025-11-07 09:35:00,451.8647447449454,451.9639470902803,451.7921999071673,451.8947975091232,10981
2025-11-07 09:36:00,451.8947975091232,451.9200497442926,451.8203724541652,451.8283441450379,20728
2025-11-07 09:37:00,451.8283441450379,451.8401191681648,451.6973737641934,451.7645680716274,59264
2025-11-07 09:38:00,451.7645680716274,451.84207993930545,451.7043027602023,451.7724472967397,72979
2025-11-07 09:39:00,451.7724472967397,451.7737570931247,451.7183453056105,451.7372575763955,27007
2025-11-07 09:40:00,451.7372575763955,451.7503965293142,451.6524095552962,451.66132765480216,19458
2025-11-07 09:41:00,451.66132765480216,451.7545121874414,451.5786218228881,451.7521259541286,47672
2025-11-07 09:42:00,451.7521259541286,451.82205030196405,451.7257106931255,451.812632232482,85561
2025-11-07 09:43:00,451.812632232482,451.97099919688765,451.7245331789911,451.9499714287289,30967
2025-11-07 09:44:00,451.9499714287289,451.9981615151173,451.82781191521013,451.86483276199766,30709
2025-11-07 09:45:00,451.86483276199766,451.88654543763545,451.63418506918106,451.65793826242543,87482
2025-11-07 09:46:00,451.65793826242543,451.6853155928826,451.4893309743126,451.5071259750104,75843
2025-11-07 09:47:00,451.5071259750104,451.5437599584929,451.46509007509604,451.49701887365455,91738
2025-11-07 09:48:00,451.49701887365455,451.5281418755807,451.32912705415424,451.39279453702403,99905
2025-11-07 09:49:00,451.39279453702403,451.5071729484713,451.3804246212148,451.43879922384474,29631
2025-11-07 09:50:00,451.43879922384474,451.458591536265,451.34203980613984,451.36964564415103,86670
2025-11-07 09:51:00,451.36964564415103,451.39405171530194,451.26529480961466,451.2879616825395,41941
2025-11-07 09:52:00,451.2879616825395,451.2970822700259,451.28030132522525,451.2860879203963,53025
2025-11-07 09:53:00,451.2860879203963,451.3236248235662,451.19946239452537,451.2399025861018,14539
2025-11-07 09:54:00,451.2399025861018,451.290128479761,451.1449657005042,451.16450400857775,69169
2025-11-07 09:55:00,451.16450400857775,451.3253183438101,451.15927988847875,451.2283994156666,68185
2025-11-07 09:56:00,451.2283994156666,451.2912885182884,451.1684816744561,451.2037108338363,15131
2025-11-07 09:57:00,451.2037108338363,451.43293499226553,451.0989205121236,451.3911398118341,61154
2025-11-07 09:58:00,451.3911398118341,451.39608822559455,451.29998170935,451.30597770111774,10891
2025-11-07 09:59:00,451.30597770111774,451.30947454504025,451.2529514638401,451.2782882333636,92755
2025-11-07 10:00:00,451.2782882333636,451.34157554795803,451.2524495350563,451.2812539712467,88059
2025-11-07 10:01:00,451.2812539712467,451.334772389886,451.2408919756703,451.2491459797324,35493
2025-11-07 10:02:00,451.2491459797324,451.25735138778,451.0170110420613,451.12697187618534,95909
2025-11-07 10:03:00,451.12697187618534,451.17483692604134,450.9759599507308,450.99096964882443,89045
2025-11-07 10:04:00,450.99096964882443,451.0623905616363,450.9314820262215,451.0540809820596,51908
2025-11-07 10:05:00,451.0540809820596,451.32072648349754,451.0463765487807,451.31516522400096,174900
2025-11-07 10:06:00,451.31516522400096,451.38630490474594,451.28293943724395,451.32763812292535,20862
2025-11-07 10:07:00,451.32763812292535,451.4129778932711,451.32254244076177,451.348858484709,32942
2025-11-07 10:08:00,451.348858484709,451.3871676359274,451.25612515955055,451.3711217688606,38668
2025-11-07 10:09:00,451.3711217688606,451.4795628276011,451.3460738569548,451.43382426436887,69183
2025-11-07 10:10:00,451.43382426436887,451.44420400457227,451.37880686892146,451.42639751166644,17645
2025-11-07 10:11:00,451.42639751166644,451.46084414535073,451.32189236768085,451.3725285788496,25076
2025-11-07 10:12:00,451.3725285788496,451.4342871995864,451.3550871313001,451.3999188210693,43539
2025-11-07 10:13:00,451.3999188210693,451.61455876604623,451.3695505851565,451.5745204002861,18039
2025-11-07 10:14:00,451.5745204002861,451.57861093946633,451.43409848504086,451.4680777122782,96298
2025-11-07 10:15:00,451.4680777122782,451.4956068193516,451.3605851188348,451.3756966772285,91619
2025-11-07 10:16:00,451.3756966772285,451.4137311645433,451.3485766875354,451.41076157286574,59249
2025-11-07 10:17:00,451.41076157286574,451.56744494173034,451.4032009684334,451.5207272932441,17485
2025-11-07 10:18:00,451.5207272932441,451.59579372047875,451.4165990820092,451.4841857674832,47748
2025-11-07 10:19:00,451.4841857674832,451.54596005711295,451.3998835914444,451.4219001338863,69185
2025-11-07 10:20:00,451.4219001338863,451.49641278556055,451.4072615805888,451.46141360100756,33731
2025-11-07 10:21:00,451.46141360100756,451.5698460435174,451.4485360551363,451.5624053549362,71072
2025-11-07 10:22:00,451.5624053549362,451.5856361504722,451.4819426055844,451.4953091334279,65578
2025-11-07 10:23:00,451.4953091334279,451.58031997216926,451.4938523923566,451.54841918261303,20707
2025-11-07 10:24:00,451.54841918261303,451.5878007091807,451.416744589584,451.4676973870545,82043
2025-11-07 10:25:00,451.4676973870545,451.48485640862793,451.3080785230482,451.33554137368594,94042
2025-11-07 10:26:00,451.33554137368594,451.3703507728396,451.2624940588412,451.33019519870584,27970
2025-11-07 10:27:00,451.33019519870584,451.47415773029894,451.3214775201724,451.46506546953543,29195
2025-11-07 10:28:00,451.46506546953543,451.5029803204908,451.272848418553,451.2864311343585,51581
2025-11-07 10:29:00,451.2864311343585,451.33155181321695,451.1825556961391,451.21719735584605,45133
2025-11-07 10:30:00,451.21719735584605,451.2313635763539,451.1179846663734,451.14846386982765,75667
2025-11-07 10:31:00,451.14846386982765,451.18678147714843,451.10498741040374,451.16328975048845,30069
2025-11-07 10:32:00,451.16328975048845,451.24709313780454,451.11816121651884,451.1790413180416,69682
2025-11-07 10:33:00,451.1790413180416,451.2732167091026,451.1417574483231,451.2667442381579,71915
2025-11-07 10:34:00,451.2667442381579,451.3285323236464,451.200070314917,451.2313442022169,36022
2025-11-07 10:35:00,451.2313442022169,451.3265859461356,451.1859743348482,451.305036509881,39639
2025-11-07 10:36:00,451.305036509881,451.5300342062186,451.2992914718598,451.506286011062,124284
2025-11-07 10:37:00,451.506286011062,451.50844564529007,451.368104325657,451.4717498059323,10527
2025-11-07 10:38:00,451.4717498059323,451.6580743920946,451.4296322160928,451.58778854453874,55724
2025-11-07 10:39:00,451.58778854453874,451.7252817699378,451.4912472019697,451.54445218870114,10445
2025-11-07 10:40:00,451.54445218870114,451.55824444438684,451.4045777574977,451.5043325434588,25437
2025-11-07 10:41:00,451.5043325434588,451.6380173763413,451.40773661139195,451.56562331324835,11979
2025-11-07 10:42:00,451.56562331324835,451.71775088698524,451.5457803851658,451.6790387361841,19734
2025-11-07 10:43:00,451.6790387361841,451.8180404849875,451.6312769621264,451.77663210202286,45297
2025-11-07 10:44:00,451.77663210202286,451.7820552535781,451.7146716763082,451.7241523213196,54084
2025-11-07 10:45:00,451.7241523213196,451.7669294602391,451.4883358415033,451.49368062708317,104226
2025-11-07 10:46:00,451.49368062708317,451.54611719322423,451.4846096252259,451.53719713784346,81633
2025-11-07 10:47:00,451.53719713784346,451.60570142774895,451.37076644381466,451.42173711441643,47632
2025-11-07 10:48:00,451.42173711441643,451.4410950267609,451.3691671673578,451.4179659943325,15818
2025-11-07 10:49:00,451.4179659943325,451.466314362377,451.30483776398205,451.3681373817142,79610
2025-11-07 10:50:00,451.3681373817142,451.3683270427865,451.2363316980224,451.31329696878686,33102
2025-11-07 10:51:00,451.31329696878686,451.3799889292691,451.26278933278957,451.3795547437322,12106
2025-11-07 10:52:00,451.3795547437322,451.4443663688757,451.26544152397946,451.27828340525144,71585
2025-11-07 10:53:00,451.27828340525144,451.3247240534147,451.25048474187827,451.2523543788438,59631
2025-11-07 10:54:00,451.2523543788438,451.2757204633528,451.1133962878828,451.1364450013008,37597
2025-11-07 10:55:00,451.1364450013008,451.1631329259239,450.99930959685827,451.01650402770935,23580
2025-11-07 10:56:00,451.01650402770935,451.02922832826465,450.92426674781143,450.95271570914986,81347
2025-11-07 10:57:00,450.95271570914986,451.0603931944525,450.90213680496703,450.9794275461633,10042
2025-11-07 10:58:00,450.9794275461633,451.0839816569104,450.9437982229698,451.002049913842,18576
2025-11-07 10:59:00,451.002049913842,451.07916125763495,450.9369720570967,451.05080505652523,48596
2025-11-07 11:00:00,451.05080505652523,451.0802264237666,450.8714333105412,450.9765522604635,92097
2025-11-07 11:01:00,450.9765522604635,451.0104127258363,450.9702304173249,451.0007485694184,65839
2025-11-07 11:02:00,451.0007485694184,451.0908786811013,450.9640399541779,451.05932477357015,69821
2025-11-07 11:03:00,451.05932477357015,451.1683102288058,451.0502560008883,451.1248402269424,33354
2025-11-07 11:04:00,451.1248402269424,451.1516900329823,451.0821195642124,451.13877612816236,47489
2025-11-07 11:05:00,451.13877612816236,451.2957070407097,451.0635575027478,451.2823790144394,86574
2025-11-07 11:06:00,451.2823790144394,451.50078221209753,451.2361458116774,451.45861859976003,45271
2025-11-07 11:07:00,451.45861859976003,451.5097475114319,451.2645718529657,451.2850876585219,93459
2025-11-07 11:08:00,451.2850876585219,451.44422690674577,451.26989733804754,451.40654213842635,30893
2025-11-07 11:09:00,451.40654213842635,451.50607507138324,451.3549403668989,451.49872216719086,19442
2025-11-07 11:10:00,451.49872216719086,451.6009173442591,451.48582345605047,451.554693507967,52427
2025-11-07 11:11:00,451.554693507967,451.63834220376305,451.49770542316895,451.53307823650573,91122
2025-11-07 11:12:00,451.53307823650573,451.65525181487476,451.5298651021087,451.6427379247892,11094
2025-11-07 11:13:00,451.6427379247892,451.73472778497086,451.59007754743214,451.6511370442307,14934
2025-11-07 11:14:00,451.6511370442307,451.7231649074434,451.5916620830716,451.7055782156658,63046
2025-11-07 11:15:00,451.7055782156658,451.80493395204314,451.6300446634397,451.7569487216339,48108
2025-11-07 11:16:00,451.7569487216339,451.77243264612116,451.7026802882135,451.7293023802635,73372
2025-11-07 11:17:00,451.7293023802635,451.7772429109667,451.69782851664775,451.76470317380813,54789
2025-11-07 11:18:00,451.76470317380813,452.03980182766196,451.73659781485026,452.0087837902676,196148
2025-11-07 11:19:00,452.0087837902676,452.0464243433229,451.87438773963544,452.0403896303821,66987
2025-11-07 11:20:00,452.0403896303821,452.0717562522054,451.88355197469815,451.9259658720283,99067
2025-11-07 11:21:00,451.9259658720283,451.94347584226165,451.72978237397905,451.7814632961368,87219
2025-11-07 11:22:00,451.7814632961368,451.9022381177858,451.7078172366479,451.86598186299784,66249
2025-11-07 11:23:00,451.86598186299784,451.8906335292472,451.81373201362106,451.83393637413474,71852
2025-11-07 11:24:00,451.83393637413474,451.9965850878398,451.7111258683961,451.94079662888277,17832
2025-11-07 11:25:00,451.94079662888277,452.07476604392826,451.93799354843725,451.99963533651925,79541
2025-11-07 11:26:00,451.99963533651925,452.01262940734654,451.9035165144988,451.91074012916204,11694
2025-11-07 11:27:00,451.91074012916204,451.9780601934007,451.8315763978738,451.9272453359531,18463
2025-11-07 11:28:00,451.9272453359531,452.0781314918555,451.87680262597445,452.02927539070737,97905
2025-11-07 11:29:00,452.02927539070737,452.1638381361508,451.9802538317335,452.12969398104025,36170
2025-11-07 11:30:00,452.12969398104025,452.13640005559927,452.0894647417733,452.11053367126055,50733
2025-11-07 11:31:00,452.11053367126055,452.32249176299496,452.0898715950617,452.2104936240948,25828
2025-11-07 11:32:00,452.2104936240948,452.23574930408427,452.1077647619495,452.23088019046816,42202
2025-11-07 11:33:00,452.23088019046816,452.3416273077673,452.22525551814186,452.2999034933402,67563
2025-11-07 11:34:00,452.2999034933402,452.4996090743856,452.26335441835096,452.44446857412424,56225
2025-11-07 11:35:00,452.44446857412424,452.53931052863845,452.4339753009357,452.48197646674976,38887
2025-11-07 11:36:00,452.48197646674976,452.4902458996923,452.4102980178298,452.4657091846745,38502
2025-11-07 11:37:00,452.4657091846745,452.51414707048497,452.4428103796695,452.4805431882117,88206
2025-11-07 11:38:00,452.4805431882117,452.48279731461406,452.3579727812951,452.3780072648524,70760
2025-11-07 11:39:00,452.3780072648524,452.38266655927015,452.3506692040247,452.36212235410363,19622
2025-11-07 11:40:00,452.36212235410363,452.36751956049557,452.2904145689129,452.3002463155575,84492
2025-11-07 11:41:00,452.3002463155575,452.33082501066286,452.19843130248427,452.22429530086094,81333
2025-11-07 11:42:00,452.22429530086094,452.35721921005927,452.1671863705459,452.2980371802163,41261
2025-11-07 11:43:00,452.2980371802163,452.38258000865324,452.28456098892786,452.3677842603322,31248
2025-11-07 11:44:00,452.3677842603322,452.39933881062683,452.290322446564,452.363552079449,86905
2025-11-07 11:45:00,452.363552079449,452.5599248022481,452.3438085933345,452.4643697034753,38610
2025-11-07 11:46:00,452.4643697034753,452.51762619100003,452.39195957226696,452.4626502784655,56380
2025-11-07 11:47:00,452.4626502784655,452.5729457634355,452.25219852277496,452.29415514854475,65942
2025-11-07 11:48:00,452.29415514854475,452.2948909677108,452.26222030854467,452.2861514521574,12438
2025-11-07 11:49:00,452.2861514521574,452.3631756880628,452.2758601803811,452.33542045126933,44603
2025-11-07 11:50:00,452.33542045126933,452.3617224875431,452.1121898623514,452.15949280645776,85400
2025-11-07 11:51:00,452.15949280645776,452.2604162483675,452.13588914789716,452.17563939071266,91838
2025-11-07 11:52:00,452.17563939071266,452.21709975021696,452.0431954727782,452.08129732962345,88565
2025-11-07 11:53:00,452.08129732962345,452.09152617297394,452.0200310277536,452.0891318596578,19127
2025-11-07 11:54:00,452.0891318596578,452.11117220208564,451.80010801902495,451.87711287324356,97328
2025-11-07 11:55:00,451.87711287324356,451.9684490956961,451.83110030992907,451.9277954167129,71829
2025-11-07 11:56:00,451.9277954167129,451.9781081458882,451.80698409890243,451.8296400283815,38820
2025-11-07 11:57:00,451.8296400283815,451.8478324950643,451.63871700073634,451.71874936514183,59490
2025-11-07 11:58:00,451.71874936514183,451.7523577064984,451.6837175891512,451.7496842920359,52817
2025-11-07 11:59:00,451.7496842920359,451.7973008995347,451.68745526031364,451.737665430612,87223
2025-11-07 12:00:00,451.737665430612,451.80858799559877,451.72799259644637,451.74190693116884,92819
2025-11-07 12:01:00,451.74190693116884,451.7500300734943,451.5399184503713,451.57687958292644,66172
2025-11-07 12:02:00,451.57687958292644,451.59507060918867,451.49740493985837,451.50505022327195,26279
2025-11-07 12:03:00,451.50505022327195,451.66442742957247,451.5024669168044,451.58954203557226,96821
2025-11-07 12:04:00,451.58954203557226,451.64691595607064,451.4519647846768,451.49545402480175,76103
2025-11-07 12:05:00,451.49545402480175,451.63647346870664,451.44191502063796,451.62137239049906,55955
2025-11-07 12:06:00,451.62137239049906,451.65124706496863,451.6069857185199,451.63720244805927,49265
2025-11-07 12:07:00,451.63720244805927,451.729897480744,451.63690714310223,451.7066376441144,96450
2025-11-07 12:08:00,451.7066376441144,451.72771526341495,451.66523114325156,451.6818758558005,65256
2025-11-07 12:09:00,451.6818758558005,451.7252025338288,451.66920294032565,451.71254956808144,27637
2025-11-07 12:10:00,451.71254956808144,451.7855013421246,451.68993330118315,451.7020673485629,37299
2025-11-07 12:11:00,451.7020673485629,451.78594136068807,451.641129360583,451.64192135573205,93114
2025-11-07 12:12:00,451.64192135573205,451.65313343424833,451.5901757151637,451.62193143584847,37491
2025-11-07 12:13:00,451.62193143584847,451.74166034083765,451.5769712671195,451.6659051469467,30221
2025-11-07 12:14:00,451.6659051469467,451.6969932266387,451.60201519679777,451.6585469684569,61313
2025-11-07 12:15:00,451.6585469684569,451.70179407727164,451.6113358039312,451.6327854085632,99552
2025-11-07 12:16:00,451.6327854085632,451.6722300993664,451.55858262362625,451.5738684210382,56162
2025-11-07 12:17:00,451.5738684210382,451.60348642812943,451.48513586976503,451.4885591883512,50428
2025-11-07 12:18:00,451.4885591883512,451.50307940263,451.3522544290612,451.3739634700271,64471
2025-11-07 12:19:00,451.3739634700271,451.4431622052468,451.33021486103485,451.3331690161854,17543
2025-11-07 12:20:00,451.3331690161854,451.48632298026433,451.2874383284406,451.4381380711248,27221
2025-11-07 12:21:00,451.4381380711248,451.5614948031667,451.3802025510392,451.5498572542672,59455
2025-11-07 12:22:00,451.5498572542672,451.5649797751246,451.5254354959907,451.5405022344589,58716
2025-11-07 12:23:00,451.5405022344589,451.62813384969996,451.48534979069694,451.5406347499865,19888
2025-11-07 12:24:00,451.5406347499865,451.6831201075998,451.4913427055583,451.5145351997678,83002
2025-11-07 12:25:00,451.5145351997678,451.6063423684634,451.45061218261594,451.59893863216774,30140
2025-11-07 12:26:00,451.59893863216774,451.70330116391,451.5227044165872,451.6911532933777,90336
2025-11-07 12:27:00,451.6911532933777,451.79193964852135,451.6392851109825,451.76822924538635,73474
2025-11-07 12:28:00,451.76822924538635,451.85379208448705,451.71239593696373,451.7270971779828,25409
2025-11-07 12:29:00,451.7270971779828,451.80988903962583,451.6306389366951,451.7655984711093,58426
2025-11-07 12:30:00,451.7655984711093,451.79473264746247,451.7022393491325,451.7351905875608,41368
2025-11-07 12:31:00,451.7351905875608,451.82323210982054,451.63101252739017,451.6642394394844,14435
2025-11-07 12:32:00,451.6642394394844,451.8015036838847,451.64309109692636,451.74787900063944,99780
2025-11-07 12:33:00,451.74787900063944,451.76942588793617,451.73813941795095,451.7677453933799,26375
2025-11-07 12:34:00,451.7677453933799,451.896347444172,451.66232667590873,451.8522868943272,98148
2025-11-07 12:35:00,451.8522868943272,451.9467511692425,451.8268830793123,451.94006771655046,80560
2025-11-07 12:36:00,451.94006771655046,452.08387747065234,451.91864335875755,451.9951720398019,87366
2025-11-07 12:37:00,451.9951720398019,452.0093339919836,451.8378295979501,451.87900132819664,39870
2025-11-07 12:38:00,451.87900132819664,451.9114929465231,451.8369215554228,451.848781729588,74930
2025-11-07 12:39:00,451.848781729588,451.93678443374426,451.8208174944897,451.9204806606585,83251
2025-11-07 12:40:00,451.9204806606585,452.04660468215195,451.8874752252746,452.02216160342897,43762
2025-11-07 12:41:00,452.02216160342897,452.0779717093726,452.0034824242692,452.0726478215938,59849
2025-11-07 12:42:00,452.0726478215938,452.0934267675358,451.99311754002815,452.03441573050816,72355
2025-11-07 12:43:00,452.03441573050816,452.1307779676917,451.97030063358307,452.0832129473218,80831
2025-11-07 12:44:00,452.0832129473218,452.12856531957016,452.0334660318972,452.1056159039849,87608
2025-11-07 12:45:00,452.1056159039849,452.19047099468366,452.0962734376316,452.16429297893836,89763
2025-11-07 12:46:00,452.16429297893836,452.20270531303953,452.16205940729407,452.1669944738054,10051
2025-11-07 12:47:00,452.1669944738054,452.17200627184553,452.0978179597625,452.10459187580216,81156
2025-11-07 12:48:00,452.10459187580216,452.32170799402417,452.0282019638845,452.28230787535875,60728
2025-11-07 12:49:00,452.28230787535875,452.43734856476715,452.2194658206498,452.3770553898811,26533
2025-11-07 12:50:00,452.3770553898811,452.54004107496974,452.36946258908415,452.49117641966495,61726
2025-11-07 12:51:00,452.49117641966495,452.5512482913906,452.4568988945277,452.5145322351108,47682
2025-11-07 12:52:00,452.5145322351108,452.6505644631911,452.4531737154544,452.64904067704185,76113
2025-11-07 12:53:00,452.64904067704185,452.7031711109451,452.62852392808213,452.6737858952949,96257
2025-11-07 12:54:00,452.6737858952949,452.88398299188833,452.66643659160394,452.8746317872098,119270
2025-11-07 12:55:00,452.8746317872098,452.9239181929842,452.8346848564915,452.8775145592654,58359
2025-11-07 12:56:00,452.8775145592654,452.9134105957265,452.8674041482375,452.90255768414465,21156
2025-11-07 12:57:00,452.90255768414465,452.978264774113,452.79258232342147,452.9687331465896,22420
2025-11-07 12:58:00,452.9687331465896,453.1316640533219,452.9344296331046,453.09310661477394,90853
2025-11-07 12:59:00,453.09310661477394,453.21739927165663,453.0600931199077,453.17136244562323,47097
2025-11-07 13:00:00,453.17136244562323,453.4082557689712,453.1644141875849,453.3198603672621,81980
2025-11-07 13:01:00,453.3198603672621,453.34162136897345,453.28689506267654,453.3400223393133,67450
2025-11-07 13:02:00,453.3400223393133,453.39736875383653,453.3259141796507,453.37174021491563,12599
2025-11-07 13:03:00,453.37174021491563,453.40267663044153,453.2752624104257,453.30385970810875,42580
2025-11-07 13:04:00,453.30385970810875,453.3181207131483,453.1546204696971,453.2239721503515,47487
2025-11-07 13:05:00,453.2239721503515,453.31701837929637,453.2224133410989,453.30575168672596,35280
2025-11-07 13:06:00,453.30575168672596,453.33255781273846,453.28427742356456,453.2928567266149,87166
2025-11-07 13:07:00,453.2928567266149,453.31380401018754,453.26826514002784,453.302104646569,18177
2025-11-07 13:08:00,453.302104646569,453.3441750534894,453.17234609941113,453.22248772093656,51003
2025-11-07 13:09:00,453.22248772093656,453.2250636948917,452.9941308510646,453.07022412174445,28165
2025-11-07 13:10:00,453.07022412174445,453.0914423752329,452.9282815463291,453.00604187522725,40480
2025-11-07 13:11:00,453.00604187522725,453.23498351323843,452.9761384990279,453.15425249117106,84525
2025-11-07 13:12:00,453.15425249117106,453.1978048498897,453.0122245555676,453.08802998949096,40255
2025-11-07 13:13:00,453.08802998949096,453.25630513354656,453.03711317510925,453.1623795741871,22935
2025-11-07 13:14:00,453.1623795741871,453.3132172878762,453.1450791397934,453.27959105141156,28540
2025-11-07 13:15:00,453.27959105141156,453.3423663806393,453.1967513390595,453.3288671099712,96998
2025-11-07 13:16:00,453.3288671099712,453.3312249088058,453.11196115979556,453.14451611492683,53488
2025-11-07 13:17:00,453.14451611492683,453.19357310557,453.04476705025553,453.0967907778567,39272
2025-11-07 13:18:00,453.0967907778567,453.22881301170196,453.0919188545943,453.1757407367366,55311
2025-11-07 13:19:00,453.1757407367366,453.1923528229654,453.1587637393721,453.1771114357908,55900
2025-11-07 13:20:00,453.1771114357908,453.19060267831605,453.0962593169899,453.1335910627567,72580
2025-11-07 13:21:00,453.1335910627567,453.2211758697639,453.1228713315361,453.1653893078243,21628
2025-11-07 13:22:00,453.1653893078243,453.1819856059744,453.0925230648985,453.12777238341994,79838
2025-11-07 13:23:00,453.12777238341994,453.15785250493167,453.07375910977174,453.0846813151045,54830
2025-11-07 13:24:00,453.0846813151045,453.1114949205137,452.98829927925175,453.04535054229973,95814
2025-11-07 13:25:00,453.04535054229973,453.04587853212615,452.9652415348646,453.0218923550971,50955
2025-11-07 13:26:00,453.0218923550971,453.0363925857473,452.99457438182276,453.01709930883646,68507
2025-11-07 13:27:00,453.01709930883646,453.0828587988626,452.90110135145596,452.90521462906867,58544
2025-11-07 13:28:00,452.90521462906867,452.9555301533984,452.88785306681353,452.9496795153404,10799
2025-11-07 13:29:00,452.9496795153404,453.06135254430495,452.94336137997806,452.97839510517423,53558
2025-11-07 13:30:00,452.97839510517423,453.02801539373104,452.7167346379636,452.75296723782697,42816
2025-11-07 13:31:00,452.75296723782697,452.8113147438403,452.6951024157011,452.7758501600024,28631
2025-11-07 13:32:00,452.7758501600024,452.8798941247152,452.7704441482886,452.77810204774613,72110
2025-11-07 13:33:00,452.77810204774613,452.81252090532035,452.77742486644013,452.79965831779026,10526
2025-11-07 13:34:00,452.79965831779026,452.81913517697,452.69223865386357,452.7152608237593,74555
2025-11-07 13:35:00,452.7152608237593,452.7273894842844,452.41747571093026,452.4383541065775,103466
2025-11-07 13:36:00,452.4383541065775,452.4521233291386,452.33577958468055,452.34680833013994,90123
2025-11-07 13:37:00,452.34680833013994,452.36827913631197,452.2300066804006,452.25311037767574,11238
2025-11-07 13:38:00,452.25311037767574,452.346240117721,452.2406289994129,452.3369716943615,60374
2025-11-07 13:39:00,452.3369716943615,452.35201278546947,452.2877772222739,452.30344288877956,83662
2025-11-07 13:40:00,452.30344288877956,452.33721656309024,452.14070172036116,452.15881010397123,18262
2025-11-07 13:41:00,452.15881010397123,452.35369717649155,452.0934009257311,452.2812453451491,50000
2025-11-07 13:42:00,452.2812453451491,452.3552748237065,452.0062371184234,452.1203239552287,69801
2025-11-07 13:43:00,452.1203239552287,452.1350143275101,452.0758152559187,452.0836746312504,36825
2025-11-07 13:44:00,452.0836746312504,452.2252911187771,452.0123226999619,452.1735552983756,68415
2025-11-07 13:45:00,452.1735552983756,452.3227609926714,452.13093671415686,452.2511732164976,88488
2025-11-07 13:46:00,452.2511732164976,452.27277222689344,452.06759944975835,452.1090696805282,55702
2025-11-07 13:47:00,452.1090696805282,452.1635142579263,452.09923750711965,452.12268494962524,74649
2025-11-07 13:48:00,452.12268494962524,452.2575186600527,452.07877525250217,452.2499893496809,54470
2025-11-07 13:49:00,452.2499893496809,452.3743038695533,452.2391337075454,452.3231609014939,41147
2025-11-07 13:50:00,452.3231609014939,452.32968116663676,452.126692625293,452.13287549913423,151230
2025-11-07 13:51:00,452.13287549913423,452.13372027011604,452.0077279395736,452.0165519454876,10947
2025-11-07 13:52:00,452.0165519454876,452.06884860425316,451.9973415882725,452.0685446409525,29439
2025-11-07 13:53:00,452.0685446409525,452.0724524874046,451.9440195785414,451.97452280091534,80854
2025-11-07 13:54:00,451.97452280091534,452.0811218311585,451.9365990881233,452.0248392003799,99523
2025-11-07 13:55:00,452.0248392003799,452.1334123172673,451.9574347749683,452.0888386913051,72293
2025-11-07 13:56:00,452.0888386913051,452.2256833042615,452.01288389253517,452.1068737822694,34122
2025-11-07 13:57:00,452.1068737822694,452.1782675880397,452.0791303151715,452.0871192960128,96314
2025-11-07 13:58:00,452.0871192960128,452.1225620917135,452.0008296504463,452.0103154498176,27528
2025-11-07 13:59:00,452.0103154498176,452.1983345127885,451.9431441094385,452.1736170593034,71321
2025-11-07 14:00:00,452.1736170593034,452.2686694906327,452.1345016706777,452.2520410367792,25063
2025-11-07 14:01:00,452.2520410367792,452.4968814579658,452.22927312649904,452.3269225424141,87990
2025-11-07 14:02:00,452.3269225424141,452.37266808091937,452.2030205070188,452.2403057847368,59151
2025-11-07 14:03:00,452.2403057847368,452.2836271426421,452.1408660425401,452.18566199952477,45191
2025-11-07 14:04:00,452.18566199952477,452.25844162354707,452.16273725606914,452.20495027784835,63424
2025-11-07 14:05:00,452.20495027784835,452.2448727125455,452.0678392356187,452.1414846109821,59738
2025-11-07 14:06:00,452.1414846109821,452.16146205497694,452.0501715323176,452.1237235426215,61714
2025-11-07 14:07:00,452.1237235426215,452.15324279028624,451.99525434306867,452.0559523224801,40268
2025-11-07 14:08:00,452.0559523224801,452.1346471910381,452.04991034599874,452.1334867796836,81982
2025-11-07 14:09:00,452.1334867796836,452.1948288542183,452.00043433707685,452.0006811465151,65812
2025-11-07 14:10:00,452.0006811465151,452.08140596285733,451.9233777123435,452.04434881054317,55534
2025-11-07 14:11:00,452.04434881054317,452.0874788708472,451.8346171964923,451.8557342777912,146404
2025-11-07 14:12:00,451.8557342777912,451.9006862866,451.77546129413076,451.78566140686496,79563
2025-11-07 14:13:00,451.78566140686496,451.79994412396087,451.6874943830136,451.69635555726114,24620
2025-11-07 14:14:00,451.69635555726114,451.7867409138834,451.67232429788794,451.7641458090031,98456
2025-11-07 14:15:00,451.7641458090031,451.7647135222253,451.71302558568163,451.7310849165289,95683
2025-11-07 14:16:00,451.7310849165289,451.85182865933535,451.64286434031294,451.83646695494247,37563
2025-11-07 14:17:00,451.83646695494247,451.84255777482645,451.77007388534366,451.7709023458347,53835
2025-11-07 14:18:00,451.7709023458347,451.79510180728255,451.7108811132159,451.76029383436844,91583
2025-11-07 14:19:00,451.76029383436844,451.8739560247269,451.74079886525965,451.7959987958596,42161
2025-11-07 14:20:00,451.7959987958596,451.8312768351028,451.7239840800146,451.7767241887158,79843
2025-11-07 14:21:00,451.7767241887158,451.93596350487036,451.73129538052785,451.93174686224614,38604
2025-11-07 14:22:00,451.93174686224614,452.2572592196172,451.9262979005313,452.20900717980476,93642
2025-11-07 14:23:00,452.20900717980476,452.244236103946,452.1798213357277,452.18937381444084,17313
2025-11-07 14:24:00,452.18937381444084,452.261633441153,452.14196619578865,452.2430068451502,52294
2025-11-07 14:25:00,452.2430068451502,452.2810990799107,452.20796505791293,452.2115759290665,36297
2025-11-07 14:26:00,452.2115759290665,452.2342161375814,452.19748413653167,452.2014821012571,70483
2025-11-07 14:27:00,452.2014821012571,452.4096285687839,452.1744291107956,452.3316735282051,20834
2025-11-07 14:28:00,452.3316735282051,452.4585577329836,452.29687874858934,452.40690532801017,66971
2025-11-07 14:29:00,452.40690532801017,452.596813468151,452.3224750732135,452.5718462045779,39098
2025-11-07 14:30:00,452.5718462045779,452.5933571387998,452.5344619631614,452.54828672279285,16023
2025-11-07 14:31:00,452.54828672279285,452.62552426798635,452.48393170914153,452.6000807958483,82613
2025-11-07 14:32:00,452.6000807958483,452.6888152463933,452.51010856702027,452.6648054988779,35757
2025-11-07 14:33:00,452.6648054988779,452.7553150760004,452.6355815459936,452.68434360894764,13846
2025-11-07 14:34:00,452.68434360894764,452.82389144545914,452.5682635654159,452.7933468008363,59962
2025-11-07 14:35:00,452.7933468008363,452.84529197231325,452.76758942933344,452.84499189818354,89049
2025-11-07 14:36:00,452.84499189818354,452.89784550918563,452.7693534706331,452.89774529605046,62204
2025-11-07 14:37:00,452.89774529605046,452.96924519702304,452.8833021586131,452.93301170823423,29290
2025-11-07 14:38:00,452.93301170823423,453.19297783703007,452.9321379605796,453.12754943960863,186976
2025-11-07 14:39:00,453.12754943960863,453.27243794134563,453.09338744928283,453.2483507231179,46589
2025-11-07 14:40:00,453.2483507231179,453.3297971950253,453.23925429499127,453.31647175823167,63952
2025-11-07 14:41:00,453.31647175823167,453.4437969432822,453.25215215326153,453.3459661673858,66764
2025-11-07 14:42:00,453.3459661673858,453.3875904634476,453.2212295731398,453.273041963248,91120
2025-11-07 14:43:00,453.273041963248,453.3784469899589,453.2564972312576,453.26725381772667,34886
2025-11-07 14:44:00,453.26725381772667,453.3766566486808,453.22707127670645,453.315115123143,97508
2025-11-07 14:45:00,453.315115123143,453.4539741424354,453.21822108233636,453.42146122434036,32036
2025-11-07 14:46:00,453.42146122434036,453.471031314915,453.3914718633225,453.39809176821694,59665
2025-11-07 14:47:00,453.39809176821694,453.4396116326217,453.38452610791677,453.4257681288766,85948
2025-11-07 14:48:00,453.4257681288766,453.5289837279559,453.40496446002686,453.41455972679597,39126
2025-11-07 14:49:00,453.41455972679597,453.5705456264647,453.38751808671685,453.5101997382696,15207
2025-11-07 14:50:00,453.5101997382696,453.6061270525711,453.5007923129437,453.55827307499544,27875
2025-11-07 14:51:00,453.55827307499544,453.5796900897391,453.5432494421045,453.56847916451323,35489
2025-11-07 14:52:00,453.56847916451323,453.7130537439623,453.5104236826278,453.6391669140362,58005
2025-11-07 14:53:00,453.6391669140362,453.90114840358245,453.5516232232815,453.82538103319155,103966
2025-11-07 14:54:00,453.82538103319155,453.82687346968873,453.7515197389636,453.7722151222625,31734
2025-11-07 14:55:00,453.7722151222625,453.79163056515375,453.75615678002026,453.76281280785105,40875
2025-11-07 14:56:00,453.76281280785105,453.84665302107044,453.4878440383284,453.57795066037687,46434
2025-11-07 14:57:00,453.57795066037687,453.5879799929793,453.3718688956292,453.37863224627154,110760
2025-11-07 14:58:00,453.37863224627154,453.4087389618139,453.35089938718437,453.402666001132,77916
2025-11-07 14:59:00,453.402666001132,453.44670304401086,453.2890641295456,453.3439534478222,71289
2025-11-07 15:00:00,453.3439534478222,453.36205350645355,453.1995371617514,453.2406402199217,64112
2025-11-07 15:01:00,453.2406402199217,453.2524781647922,453.12536013723746,453.1612389641689,28913
2025-11-07 15:02:00,453.1612389641689,453.17211453958157,453.03993438329877,453.0640899994751,64288
2025-11-07 15:03:00,453.0640899994751,453.0934044150169,453.0489481111768,453.04985982432,65214
2025-11-07 15:04:00,453.04985982432,453.1150966864915,452.782377365239,452.8704176129446,55420
2025-11-07 15:05:00,452.8704176129446,452.92469642868946,452.8337253145559,452.8369148636484,82082
2025-11-07 15:06:00,452.8369148636484,452.90848401189004,452.7314237164602,452.78529774384623,69870
2025-11-07 15:07:00,452.78529774384623,452.83356301386846,452.7543220626092,452.75512942707996,28639
2025-11-07 15:08:00,452.75512942707996,452.81974977207864,452.68694767278754,452.8038066576179,70639
2025-11-07 15:09:00,452.8038066576179,452.9242067786499,452.7907008767269,452.89633029168004,87391
2025-11-07 15:10:00,452.89633029168004,453.010000892577,452.8937629366358,452.94236220677624,37924
2025-11-07 15:11:00,452.94236220677624,452.97954484127916,452.81713645106555,452.8696033623909,82575
2025-11-07 15:12:00,452.8696033623909,452.9051284165015,452.82042261867844,452.82959262969956,25029
2025-11-07 15:13:00,452.82959262969956,452.8424760982209,452.594958769598,452.7091980054764,12632
2025-11-07 15:14:00,452.7091980054764,452.71765387204437,452.6232556322448,452.68195077045004,40283
2025-11-07 15:15:00,452.68195077045004,452.79055377875017,452.6800576840515,452.7854185039521,10975
2025-11-07 15:16:00,452.7854185039521,452.79562624003177,452.70648939380106,452.722312349953,68649
2025-11-07 15:17:00,452.722312349953,452.8006385558355,452.61467373679784,452.6162639286633,22427
2025-11-07 15:18:00,452.6162639286633,452.66023470223075,452.602384951602,452.6589413042229,86150
2025-11-07 15:19:00,452.6589413042229,452.7337086593497,452.6159045295657,452.7243329113403,93577
2025-11-07 15:20:00,452.7243329113403,452.78702177209004,452.6979519869271,452.71645767218484,93744
2025-11-07 15:21:00,452.71645767218484,452.7349099126148,452.6554501749613,452.68313246384304,19680
2025-11-07 15:22:00,452.68313246384304,452.774678724281,452.64252082560563,452.75443397964443,58436
2025-11-07 15:23:00,452.75443397964443,452.8757149073745,452.7318990282416,452.81782618311837,67602
2025-11-07 15:24:00,452.81782618311837,452.91620110894445,452.7692343619389,452.7698867652528,10393
2025-11-07 15:25:00,452.7698867652528,452.7910376136893,452.6832734880387,452.6900746118144,96290
2025-11-07 15:26:00,452.6900746118144,452.7134914416976,452.66038920821467,452.66575417393597,96113
2025-11-07 15:27:00,452.66575417393597,452.6831902987352,452.37575721925236,452.4342574399838,196424
2025-11-07 15:28:00,452.4342574399838,452.63270366114443,452.3282032804535,452.5567182658746,50576
2025-11-07 15:29:00,452.5567182658746,452.5987806644423,452.4993608223553,452.59792896331095,86213
2025-11-07 15:30:00,452.59792896331095,452.64737379530897,452.4231452004352,452.47746486419084,88579
2025-11-07 15:31:00,452.47746486419084,452.59111589109614,452.4297235903794,452.57004631207406,49720
2025-11-07 15:32:00,452.57004631207406,452.5973828953983,452.4295262083066,452.4394438703813,58865
2025-11-07 15:33:00,452.4394438703813,452.495559767693,452.2659819716317,452.3277405727813,58957
2025-11-07 15:34:00,452.3277405727813,452.36208923316974,452.26395000783134,452.29957092698083,97832
2025-11-07 15:35:00,452.29957092698083,452.3656711676182,452.1377672548342,452.15240992683226,98304
2025-11-07 15:36:00,452.15240992683226,452.1996447757718,452.0648027433287,452.0853670126575,29112
2025-11-07 15:37:00,452.0853670126575,452.2107907806673,451.99508688108585,452.1473674835967,94879
2025-11-07 15:38:00,452.1473674835967,452.18386552795334,452.06445425883055,452.06707019733653,29623
2025-11-07 15:39:00,452.06707019733653,452.0786908964506,451.9917208926719,452.0281499154993,69893
2025-11-07 15:40:00,452.0281499154993,452.0373821605674,451.94188236574996,451.9744144228406,99125
2025-11-07 15:41:00,451.9744144228406,452.00615174584607,451.88165900260265,451.9141109905632,93959
2025-11-07 15:42:00,451.9141109905632,451.9208841903908,451.7883334254919,451.8385910908359,24312
2025-11-07 15:43:00,451.8385910908359,451.931502812175,451.8033375692832,451.92549159016784,79519
2025-11-07 15:44:00,451.92549159016784,451.94771455805613,451.7998089774395,451.83430169534273,18002
2025-11-07 15:45:00,451.83430169534273,451.93511622840055,451.8247437079552,451.8886768550682,88538
2025-11-07 15:46:00,451.8886768550682,451.9129282403339,451.844556330871,451.8813766521263,79269
2025-11-07 15:47:00,451.8813766521263,451.8952220908654,451.82133884962894,451.86194889279176,68542
2025-11-07 15:48:00,451.86194889279176,451.88589458438395,451.69857178672294,451.7618334574759,22460
2025-11-07 15:49:00,451.7618334574759,451.77360248723744,451.61909881690354,451.68485089358603,80886
2025-11-07 15:50:00,451.68485089358603,451.722941778536,451.59861102789677,451.6392299824705,87081
2025-11-07 15:51:00,451.6392299824705,451.6609771771159,451.38221938687457,451.399146748731,182468
2025-11-07 15:52:00,451.399146748731,451.40415690170806,451.33498311732484,451.35795363811565,31553
2025-11-07 15:53:00,451.35795363811565,451.4170976710437,451.3185375625722,451.3612733745904,48795
2025-11-07 15:54:00,451.3612733745904,451.391040444606,451.297898020563,451.30559208953946,33459
2025-11-07 15:55:00,451.30559208953946,451.3078013123837,451.19584586877477,451.20899587401345,42527
2025-11-07 15:56:00,451.20899587401345,451.2555324534394,451.15357167271884,451.2532218604776,66915
2025-11-07 15:57:00,451.2532218604776,451.2597272764303,451.20308035646826,451.2032265507547,98249
2025-11-07 15:58:00,451.2032265507547,451.207943943141,451.1153203952999,451.1782280741344,58967
2025-11-07 15:59:00,451.1782280741344,451.3030442407019,451.1439615079191,451.2688268254909,51912
2025-11-07 16:00:00,451.2688268254909,451.30401554162506,451.23598847944396,451.2482274872096,13825
