,Open,High,Low,Close,Volume
2024-11-11 09:30:00,450.2235213688551,450.34802104996083,449.41708031570937,450.0,4234489
2024-11-11 10:00:00,449.58202735498475,449.99376253405785,449.42759950484583,449.83933468391893,10237155
2024-11-11 11:00:00,449.5823054103045,449.88813669200863,449.45785361677935,449.76368489848346,6187692
2024-11-11 12:00:00,449.57127918128776,449.8068289363858,449.4802440251625,449.7157937802605,12077289
2024-11-11 13:00:00,449.77986236200843,449.8995067860397,449.47895040041453,449.5985948244458,12362997
2024-11-11 14:00:00,449.7675081255723,449.9032140098227,449.3486529238111,449.4843588080615,15638720
2024-11-11 15:00:00,449.213901097273,449.51639400010873,449.11241121420073,449.4149041170365,13873451
2024-11-12 09:30:00,449.5836884609437,449.802896025994,449.0142963534787,449.23350391852904,17916808
2024-11-12 10:00:00,450.48161522116817,451.15161307789964,448.5550207258145,449.22501858254594,5450682
2024-11-12 11:00:00,449.76448966034064,450.19573566593346,448.6463466940167,449.0775926996095,20421169
2024-11-12 12:00:00,449.02565764735476,449.06764841335786,448.91647141842225,448.95846218442534,13530775
2024-11-12 13:00:00,449.4330661534496,449.7565635802031,448.5483509867363,448.8718484134898,10585423
2024-11-12 14:00:00,448.56799718398065,448.8452576980852,448.48162368291406,448.75888419701863,18745841
2024-11-12 15:00:00,448.3519852415084,448.90083618875275,448.1071093345694,448.65596028181375,10242259
2024-11-13 09:30:00,447.97931831943964,448.84018813748565,447.7006675503796,448.5615373684256,8910838
2024-11-13 10:00:00,449.1148365914105,449.59114041821954,447.97338199480794,448.449685821617,10905813
2024-11-13 11:00:00,448.0309401689781,448.72702679993404,447.7795717580492,448.47565838900516,1772467
2024-11-13 12:00:00,448.34972360253295,448.37522348559855,448.29433264710906,448.31983253017466,19096663
2024-11-13 13:00:00,448.22134926620777,448.2466395923398,448.15621109179284,448.1815014179249,9043252
2024-11-13 14:00:00,448.45403595563715,448.74013299047454,447.7928050757123,448.0789021105497,3432596
2024-11-13 15:00:00,448.0317386095071,448.0987456703482,448.00800942690796,448.07501648774905,3393917
2024-11-14 09:30:00,448.50904210785285,448.8983585098935,447.6410666710339,448.0303830730746,9104119
2024-11-14 10:00:00,447.8547067070207,448.05503346270893,447.7645642225775,447.96489097826577,3453111
2024-11-14 11:00:00,447.8598041786385,447.9927450883875,447.808031954192,447.940972863941,8318309
2024-11-14 12:00:00,447.8687263853483,447.88236732316216,447.835126675925,447.84876761373886,7634364
2024-11-14 13:00:00,447.8365071063219,447.89023262138346,447.68703026758965,447.7407557826512,17944739
2024-11-14 14:00:00,447.76772330237117,447.7824851321853,447.7217634419601,447.7365252717742,1389489
2024-11-14 15:00:00,448.21372004349655,448.6580314797493,447.12447004619247,447.5687814824452,15297012
2024-11-15 09:30:00,447.9228226870969,448.21695716590426,447.1508111534469,447.44494563225425,19965788
2024-11-15 10:00:00,448.4250539306546,448.92342544131276,446.910904526518,447.40927603717614,4320617
2024-11-15 11:00:00,447.45386098228613,447.5311764564079,447.2741278789973,447.35144335311907,11773285
2024-11-15 12:00:00,447.6223071056298,447.81527663203235,447.1113780741872,447.3043476005898,6226765
2024-11-15 13:00:00,447.5819215154853,447.79255304432513,446.95980739681073,447.17043892565056,18421255
2024-11-15 14:00:00,447.4191201543971,447.6722722596867,446.8270730848331,447.0802251901227,13591955
2024-11-15 15:00:00,447.10831282631887,447.2011998084314,446.90578410880033,446.99867109091286,16641806
2024-11-18 09:30:00,446.52269298064687,447.22894632606136,446.20216017281456,446.90841351822905,14113253
2024-11-18 10:00:00,446.60450474875523,446.9259138969801,446.4941694820496,446.81557863027444,4619463
2024-11-18 11:00:00,447.6147502295699,448.158071199283,446.1915960635828,446.73491703329586,11002052
2024-11-18 12:00:00,447.2036971535434,447.53045847332857,446.28381775052435,446.61057907030954,11862863
2024-11-18 13:00:00,446.10571794290803,446.71218846511454,445.83883157771544,446.44530209992195,5304222
2024-11-18 14:00:00,446.0579478113918,446.5427657313119,445.87323901530357,446.35805693522366,8813937
2024-11-18 15:00:00,446.2511119960939,446.3044724423503,446.2285243671597,446.28188481341607,8158776
2024-11-19 09:30:00,445.6542316199668,446.3970357294463,445.32988431011665,446.07268841959615,27146409
2024-11-19 10:00:00,446.15770929639586,446.2572962889999,445.88516881283084,445.9847558054349,11668469
2024-11-19 11:00:00,445.7829645472315,446.0015239690767,445.69904458368813,445.91760400553335,12156199
2024-11-19 12:00:00,445.6888637401553,445.83215246655334,445.62983471557874,445.7731234419768,15310522
2024-11-19 13:00:00,445.3918802045816,445.98882163740507,445.1691620358295,445.766103468653,6196130
2024-11-19 14:00:00,446.2358527032159,446.5349965854295,445.44772867420227,445.74687255641584,5262141
2024-11-19 15:00:00,446.0396379126856,446.2294051615246,445.45997859058855,445.64974583942757,16030847
2024-11-20 09:30:00,446.155810378358,446.5529085839026,445.2402294287852,445.6373276343298,6060879
2024-11-20 10:00:00,446.4793806022437,447.0431906614109,444.97222172988916,445.5360317890564,13742411
2024-11-20 11:00:00,445.69522383681107,445.87994227155843,445.2524737021212,445.4371921368686,6693075
2024-11-20 12:00:00,446.1322434856009,446.54357495043706,444.9690991295697,445.3804305944059,4559143
2024-11-20 13:00:00,446.2014510078503,446.83706721638305,444.7032143829482,445.3388305914809,8470231
2024-11-20 14:00:00,445.04411138115967,445.5383571591113,444.84985627786824,445.34410205581986,2710129
2024-11-20 15:00:00,445.0865698428309,445.2562947520997,445.03103070281156,445.20075561208034,14729944
2024-11-21 09:30:00,445.0519485545391,445.25682068118715,444.9781854172595,445.1830575439076,3789739
2024-11-21 10:00:00,445.4403275574568,445.6642357091614,444.8883552544639,445.1122634061685,12172481
2024-11-21 11:00:00,444.43597320167135,445.2664856778749,444.1212468499189,444.9517593261225,5270816
2024-11-21 12:00:00,444.5890030885896,445.0181444799905,444.4476231367091,444.87676452811,7379679
2024-11-21 13:00:00,444.86811517137113,444.8867633926022,444.82134256225135,444.8399907834824,3849893
2024-11-21 14:00:00,444.9019143389175,445.0060707988772,444.67900903624223,444.78316549620195,6015265
2024-11-21 15:00:00,445.6431727075417,446.32103021435876,444.0330820542901,444.7109395611072,8621703
2024-11-22 09:30:00,444.73802094847434,444.83716182709105,444.4999492739781,444.5990901525948,15247429
2024-11-22 10:00:00,444.13919580604954,444.80513974419904,443.84015466262866,444.50609860077816,7433183
2024-11-22 11:00:00,444.7676091869724,445.0878512092337,444.0845013874197,444.40474340968103,18125911
2024-11-22 12:00:00,444.1625261080841,444.4028741426689,444.08595494768997,444.3263029822748,15429299
2024-11-22 13:00:00,444.4185443502174,444.49902838735983,444.20246007015606,444.2829441072985,11525389
2024-11-22 14:00:00,444.27031693844054,444.2742405303116,444.26862038164614,444.2725439735172,4840213
2024-11-22 15:00:00,444.4090687134189,444.5098987774668,444.1790988024492,444.2799288664971,4905629
2024-11-25 09:30:00,445.0255663190174,445.6111678867889,443.6142039009483,444.19980546871983,8923785
2024-11-25 10:00:00,443.95650680413866,444.3493308638563,443.7932373110397,444.1860613707574,7326001
2024-11-25 11:00:00,444.69437525584465,444.9846499336455,443.883154037834,444.1734287156349,5563852
2024-11-25 12:00:00,444.58692489962186,445.03088982677906,443.6027947918769,444.04675971903407,16427535
2024-11-25 13:00:00,443.9264050800021,444.041175021169,443.8727633607238,443.9875333018907,3326868
2024-11-25 14:00:00,444.46048084667706,444.7812137141225,443.64767582696953,443.96840869441496,2917947
2024-11-25 15:00:00,443.81631005975015,443.93031222669987,443.76330690987805,443.87730907682777,15086754
2024-11-26 09:30:00,444.62093373640505,445.26287043317,443.14273272731344,443.7846694240784,8570292
2024-11-26 10:00:00,443.80933149537697,443.9003711302645,443.57642838027795,443.66746801516547,11418874
2024-11-26 11:00:00,443.56378151733213,443.6122010841432,443.5473015650977,443.59572113190876,12209077
2024-11-26 12:00:00,443.7243119067363,443.91736381834744,443.2617661306593,443.4548180422704,15097945
2024-11-26 13:00:00,443.36016387444636,443.3614946759986,443.3571689804343,443.35849978198655,3256974
2024-11-26 14:00:00,443.35006878457926,443.40550620978286,443.17282008310485,443.22825750830845,23564523
2024-11-26 15:00:00,442.86160537864083,443.4501668118137,442.60263725723104,443.1911986904039,10923942
2024-11-27 09:30:00,443.290514506035,443.4004113289707,442.9531861843409,443.0630830072766,22605103
2024-11-27 10:00:00,443.15931917902105,443.2621065497992,442.8606705863303,442.96345795710846,3419192
2024-11-27 11:00:00,443.49519640756534,443.9742906302902,442.45609937476235,442.9351935974872,5328210
2024-11-27 12:00:00,442.6691646467224,442.8097223645946,442.62243466130235,442.7629923791746,5673554
2024-11-27 13:00:00,442.1641773244378,442.89679388344496,441.89829300509194,442.6309095640991,20578941
2024-11-27 14:00:00,443.4613607691589,443.98387980214,442.05214534872965,442.57466438171076,13363558
2024-11-27 15:00:00,443.32026326451006,444.02363797548634,441.80244815627816,442.50582286725444,10426863
2024-11-28 09:30:00,442.29820990925055,442.71831203259984,442.0998824954147,442.519984618764,1468956
2024-11-28 10:00:00,443.03044552502223,443.5068365874694,441.87936240467883,442.355753467126,25185323
2024-11-28 11:00:00,441.95706096087537,442.3858249728882,441.800868447556,442.22963245956885,22712336
2024-11-28 12:00:00,442.9001557646929,443.568551660655,441.46800504190196,442.13640093786404,3615702
2024-11-28 13:00:00,441.8546559131623,442.0854453433421,441.7735091335221,442.0042985637019,19848438
2024-11-28 14:00:00,442.1527893521406,442.25321637860225,441.83918826617935,441.939615292641,14042052
2024-11-28 15:00:00,441.6088294406235,441.99262970955886,441.4529203319572,441.8367206008926,15250281
2024-11-29 09:30:00,441.58785226315473,441.92079591737763,441.4580170193675,441.7909606735904,8063905
2024-11-29 10:00:00,442.09405200717464,442.36249233995255,441.3006653116488,441.5691056444267,28594755
2024-11-29 11:00:00,441.9603639382687,442.17068798182197,441.4033795066188,441.6137035501721,4751876
2024-11-29 12:00:00,441.56796292509523,441.80181804988877,441.48173599204245,441.715591116836,5647609
2024-11-29 13:00:00,441.88523881364176,441.99123244723626,441.6214409775284,441.7274346111229,4680998
2024-11-29 14:00:00,441.1215659530779,442.246211107042,440.6982008005237,441.8228459544878,5250633
2024-11-29 15:00:00,442.15305022518993,442.33840023554944,441.6882567743373,441.8736067846968,6340030
2024-12-02 09:30:00,441.6634201705258,442.06809710775127,441.5343353412846,441.93901227851006,12773640
2024-12-02 10:00:00,441.9614815932958,441.97540769835,441.9273870666518,441.94131317170604,3414084
2024-12-02 11:00:00,441.411921442836,442.39040640753274,441.01707078755106,441.9955557522478,11236167
2024-12-02 12:00:00,442.8637468340328,443.4172154011175,441.496647834876,442.05011640196074,9217758
2024-12-02 13:00:00,441.77588454620235,442.4427368888221,441.4822599697149,442.14911231233464,16140957
2024-12-02 14:00:00,442.1335500172374,442.3346115871954,442.0446892404583,442.2457508104163,3401198
2024-12-02 15:00:00,442.13561568012386,442.48523249543564,442.0243998476272,442.37401666293897,12005242
2024-12-03 09:30:00,442.58274066423553,442.6385466223452,442.406588668715,442.4623946268247,3351651
2024-12-03 10:00:00,441.3753764410524,443.3069619243428,440.68269221819867,442.614277701489,24938412
2024-12-03 11:00:00,442.1445477077558,443.02133843144117,441.8166521262286,442.69344284991394,10232293
2024-12-03 12:00:00,442.16519442110643,443.11637011602744,441.78588395204594,442.73705964696694,2912395
2024-12-03 13:00:00,443.4289751300463,443.82658834852884,442.4641403953509,442.86175361383346,13617429
2024-12-03 14:00:00,442.7774598930768,443.0518391025396,442.6769916654,442.9513708748628,4755312
2024-12-03 15:00:00,442.963636610983,442.98378131731516,442.95643211966507,442.97657682599726,3051462
2024-12-04 09:30:00,442.4189392876658,443.4838445211518,441.99188732868606,443.05679256217206,15126546
2024-12-04 10:00:00,443.0528978464915,443.2674365615595,442.95920536761207,443.1737440826801,12221295
2024-12-04 11:00:00,443.5067391274003,443.66381176283693,443.1275695953752,443.2846422308118,13764628
2024-12-04 12:00:00,443.5686023965817,443.708459445276,443.22559113775196,443.36544818644626,5233684
2024-12-04 13:00:00,443.719136905094,443.95808192779907,443.14438609920524,443.3833311219104,1800157
2024-12-04 14:00:00,442.6164641388298,444.0353130548533,442.05522599406055,443.474074910084,14495746
2024-12-04 15:00:00,443.5759242589514,443.5936116036808,443.5682976476066,443.585984992336,14637408
2024-12-05 09:30:00,444.1575039878145,444.4111311212801,443.3946004162488,443.6482275497144,13943458
2024-12-05 10:00:00,443.3802705921617,444.1024750210821,443.04380695234613,443.76601138126654,8714791
2024-12-05 11:00:00,444.2842333689319,444.5043535356759,443.6349433643071,443.8550635310511,7467603
2024-12-05 12:00:00,444.13822828077576,444.27434664399925,443.8363766229428,443.9724949861663,17082149
2024-12-05 13:00:00,442.9921564112243,445.05241884823175,442.04872461984115,444.1089870568486,7454955
2024-12-05 14:00:00,443.93206585406676,444.5295883502918,443.6566838993157,444.25420639554073,23611659
2024-12-05 15:00:00,443.5521728254777,445.07011013525596,442.8526150208257,444.3705523306039,20385571
2024-12-06 09:30:00,444.39495684967966,444.46974250359057,444.36832489572095,444.44311054963185,6918504
2024-12-06 10:00:00,444.0511655503904,445.00105767618186,443.6160132229661,444.56590534875755,7932005
2024-12-06 11:00:00,445.26966686686785,445.79207462246114,444.1661356119499,444.6885433675432,11022955
2024-12-06 12:00:00,445.359921373299,445.90854501007334,444.16168884908797,444.7103124858623,3312013
2024-12-06 13:00:00,444.28902000475745,445.1480290378485,443.9601097638285,444.81911879691955,11374448
2024-12-06 14:00:00,444.3660173916243,445.3491966859773,443.98452802758334,444.9677073219363,11752536
2024-12-06 15:00:00,445.5709223919275,445.84682262068225,444.93307984936894,445.20898007812366,23715807
2024-12-09 09:30:00,445.5003095445872,445.62866718881287,445.1246385415536,445.2529961857793,4485553
2024-12-09 10:00:00,444.8360105135189,445.7345701808343,444.46083285624485,445.35939252356025,12854698
2024-12-09 11:00:00,445.45597362325304,445.5855829579928,445.4117098051996,445.5413191399394,7629010
2024-12-09 12:00:00,445.45957605122453,445.7211294668565,445.37417726119793,445.6357306768299,12916117
2024-12-09 13:00:00,445.6605636888346,445.6902835343515,445.6481623543205,445.6778821998374,6669560
2024-12-09 14:00:00,445.37018650893754,446.1067925798555,445.1111174618051,445.8477235327231,18872056
2024-12-09 15:00:00,445.74523224910706,446.0288494120171,445.63819939128985,445.9218165541999,8217805
2024-12-10 09:30:00,445.8055490558318,446.13476224320397,445.675424903837,446.00463809120913,5704706
2024-12-10 10:00:00,446.4679593700995,446.69107200323674,445.85676687670843,446.0798795098457,6167498
2024-12-10 11:00:00,446.2714477314022,446.36559549745914,446.04295427946766,446.1371020455246,9935263
2024-12-10 12:00:00,445.7485770153498,446.45649048498524,445.47177789111964,446.1796913607551,9962622
2024-12-10 13:00:00,446.2488655536206,446.27806130370584,446.16518075194944,446.1943765020347,5740860
2024-12-10 14:00:00,446.8139541017909,447.09987896118236,446.08702077117425,446.3729456305657,13003328
2024-12-10 15:00:00,446.36494503223867,446.3874101319606,446.35749328156453,446.3799583812865,3037807
2024-12-11 09:30:00,445.8842195816082,446.62132801599483,445.6514880460378,446.38859648042444,6978203
2024-12-11 10:00:00,446.8458263300586,447.0522456433825,446.3437938790737,446.55021319239756,16647647
2024-12-11 11:00:00,445.7872806886663,447.18822825657696,445.2074014930935,446.60834906100416,9635047
2024-12-11 12:00:00,446.9267801127865,447.0316586447586,446.6099181081916,446.7147966401637,17692870
2024-12-11 13:00:00,445.95838958527054,447.2207752914436,445.5437454173889,446.80613112356195,8644885
2024-12-11 14:00:00,447.59460406530417,448.25690215860476,446.15468905510545,446.81698714840604,6780664
2024-12-11 15:00:00,446.6121162661224,446.9834200673841,446.49419251797775,446.8654963192394,7248795
2024-12-12 09:30:00,447.64965329231,448.12142998146845,446.5023864147677,446.9741631039262,11975349
2024-12-12 10:00:00,447.0485463757722,447.0664192744998,447.0401129797344,447.057985878462,7349887
2024-12-12 11:00:00,447.6597456907545,447.91910051960247,446.83671226596556,447.0960670948135,10594557
2024-12-12 12:00:00,446.4887551717735,447.81112063757706,445.9262500385836,447.24861550438715,4927033
2024-12-12 13:00:00,447.7635889089731,448.10905338869844,446.9969098810557,447.3423743607811,7947850
2024-12-12 14:00:00,447.5250031178618,447.6044068292056,447.3387503612236,447.4181540725674,15537224
2024-12-12 15:00:00,448.1208218832568,448.6094708585266,446.98000312199315,447.468652097263,11533985
2024-12-13 09:30:00,447.640307316103,447.6736272394369,447.5362646793047,447.56958460263854,6999438
2024-12-13 10:00:00,447.46998180838204,447.5979667915544,447.4284315616172,447.55641654478956,7639304
2024-12-13 11:00:00,447.1196582086851,447.893536776912,446.7996987552247,447.5735773234516,2363818
2024-12-13 12:00:00,447.65630508855236,447.77246457732326,447.6054163007128,447.7215757894837,6093993
2024-12-13 13:00:00,447.84853085568545,447.90134965086384,447.73214262732904,447.7849614225074,4057033
2024-12-13 14:00:00,448.22697989881135,448.548799450443,447.5013263470136,447.8231458986453,10840738
2024-12-13 15:00:00,448.5642835212619,449.0957139330453,447.2939638070783,447.8253942188617,4194730
2024-12-16 09:30:00,447.57350731321185,448.1637896301952,447.3093951908556,447.89967750783893,12964820
2024-12-16 10:00:00,447.57399300128304,448.332223515883,447.2228024982838,447.98103301288376,4024570
2024-12-16 11:00:00,448.43355722781575,448.6791621373461,447.8291878087206,448.07479271825093,13291259
2024-12-16 12:00:00,448.4407347372888,448.6093415318481,448.0462504874772,448.2148572820365,19548494
2024-12-16 13:00:00,448.21994383892127,448.43010017913633,448.1229869533827,448.33314329359774,6460891
2024-12-16 14:00:00,448.4549010873296,448.4618432173852,448.4399051593476,448.4468472894032,14818380
2024-12-16 15:00:00,448.18348817049645,448.6506620814582,448.0203314160928,448.4875053270546,2296768
2024-12-17 09:30:00,448.27875673589415,448.91176756256533,447.99297941036895,448.6259902370401,14038419
2024-12-17 10:00:00,447.7233915305771,449.4779559482826,447.0216850432039,448.7762494609094,8696701
2024-12-17 11:00:00,448.6591066291902,448.9608175973093,448.546926809487,448.8486377776061,7425271
2024-12-17 12:00:00,449.066407962672,449.1249972798456,448.9328996072862,448.9914889244598,15623163
2024-12-17 13:00:00,449.0284337353192,449.1882257960077,448.95397422174,449.1137662824285,21353435
2024-12-17 14:00:00,448.8644075410494,449.5257969493356,448.58949254523424,449.25088195352043,7579660
2024-12-17 15:00:00,448.8588518745544,449.407446029986,448.67605706010954,449.22465121554114,9111293
2024-12-18 09:30:00,449.021454253099,449.63600201401437,448.75371693831823,449.3682646992336,23620763
2024-12-18 10:00:00,448.9398104061124,449.94251922887577,448.47034755276275,449.47305637552614,19278676
2024-12-18 11:00:00,449.37687415568183,449.7451581944492,449.20499471533697,449.5732787541043,11617093
2024-12-18 12:00:00,450.0849699055301,450.3202549164877,449.4247956793311,449.66008069028874,10035078
2024-12-18 13:00:00,449.69333888268216,449.7018314333391,449.6903990597579,449.6988916104149,8995992
2024-12-18 14:00:00,449.7423079084185,449.9094436641723,449.67241345411173,449.8395492098655,5317933
2024-12-18 15:00:00,449.07087794535255,450.3971407751296,448.5382931293906,449.86455595916766,3173271
2024-12-19 09:30:00,449.54730664441104,450.24763028221145,449.260974318475,449.9612979562754,18617333
2024-12-19 10:00:00,449.56606491684374,450.1979254384131,449.3359387410806,449.96779926265,1706469
2024-12-19 11:00:00,450.26412297974156,450.35498033387273,449.9875179800557,450.0783753341869,7171159
2024-12-19 12:00:00,450.1243413529672,450.34245893688194,450.0353125482595,450.2534301321743,6860451
2024-12-19 13:00:00,450.3215847573169,450.4094151589531,450.1163262466748,450.204156648311,9381831
2024-12-19 14:00:00,450.4123979293646,450.7548550544111,449.6648499461054,450.0073070711519,18086948
2024-12-19 15:00:00,449.8874982362626,449.9987017956823,449.8457836987643,449.956987258184,5837106
2024-12-20 09:30:00,450.48311997927516,450.89089297221517,449.51550771995574,449.92328071289575,7484894
2024-12-20 10:00:00,449.90455423408537,449.9777809737888,449.74472829369046,449.8179550333939,19620025
2024-12-20 11:00:00,449.74937068023934,449.7659852837252,449.69587604542033,449.71249064890617,4823119
2024-12-20 12:00:00,450.0059436512716,450.162219313032,449.5384423227244,449.6947179844848,6925406
2024-12-20 13:00:00,449.7800344637121,449.8373855755441,449.6233748113577,449.68072592318964,6095472
2024-12-20 14:00:00,450.2243818014435,450.79454270976123,448.998420784891,449.5685816932087,17708003
2024-12-20 15:00:00,449.78967639961127,450.0041996050219,449.3059507613483,449.5204739667589,2356923
2024-12-23 09:30:00,449.5802465577046,449.7258628163414,449.194199539361,449.33981579799786,15272533
2024-12-23 10:00:00,449.50931211245614,449.7079333198188,449.0596588287651,449.25828003612776,16709273
2024-12-23 11:00:00,449.20751754254746,449.30293550012925,449.00304259308183,449.0984605506636,16910835
2024-12-23 12:00:00,449.0186376459058,449.0233602411303,449.00806782524074,449.01279042046525,6939435
2024-12-23 13:00:00,448.68795803787026,448.9552551311257,448.5977843627696,448.865081456025,20259729
2024-12-23 14:00:00,448.8205648738512,448.85327505034485,448.73665523093155,448.7693654074252,18066102
2024-12-23 15:00:00,448.2682759046272,449.1398980991512,447.8874346801843,448.7590568747083,2360402
2024-12-24 09:30:00,448.6298357071822,448.8187953607211,448.54752953136784,448.7364891849067,3118440
2024-12-24 10:00:00,448.8902825535949,449.0446329693318,448.5422471794296,448.6965975951665,10271640
2024-12-24 11:00:00,448.70705563638217,448.8170101905261,448.46111279804506,448.571067352189,18901047
2024-12-24 12:00:00,448.73502309835465,448.8812500378043,448.32364878177816,448.4698757212278,12614199
2024-12-24 13:00:00,448.1644445690403,448.6229914514789,447.9977711143858,448.4563179968244,5128758
2024-12-24 14:00:00,448.40295260277907,448.4417520309183,448.31284512534654,448.35164455348576,17851965
2024-12-24 15:00:00,448.12932213709774,448.58398798714364,447.9621923370071,448.416858187053,10333567
2024-12-25 09:30:00,448.27185981026435,448.3520537411656,448.2397708743967,448.31996480529796,7415866
2024-12-25 10:00:00,448.3320182636897,448.3994532397493,448.15160939127645,448.21904436733604,5115383
2024-12-25 11:00:00,447.59809431361214,448.5226653214009,447.1627505869494,448.08732159473817,4139135
2024-12-25 12:00:00,448.3349006322182,448.45186797218975,447.9682871699853,448.0852545099568,3129065
2024-12-25 13:00:00,448.89717608504685,449.6943495845787,447.1531688600715,447.9503423596033,9259095
2024-12-25 14:00:00,448.4381647537769,448.9423356306154,447.3166452862553,447.8208161630938,4505232
2024-12-25 15:00:00,448.42603633640744,448.8541673486128,447.35545830695423,447.7835893191596,9791286
2024-12-26 09:30:00,447.2397476619028,447.9934685038507,446.9103781003156,447.6640989422635,19573942
2024-12-26 10:00:00,446.9668250479027,448.147028164697,446.49691067904837,447.6771137958427,2058200
2024-12-26 11:00:00,447.4202814338948,447.667660357919,447.3145517904808,447.56193071450497,5856999
2024-12-26 12:00:00,447.3427598722152,447.6961998396459,447.22705655438097,447.58049652181165,6990780
2024-12-26 13:00:00,447.67520230371605,447.83447200301333,447.1725262047374,447.33179590403466,23696377
2024-12-26 14:00:00,447.7491023801887,448.1084166592086,446.8296478631865,447.18896214220644,8368601
2024-12-26 15:00:00,447.532458642837,447.8277083509185,446.8012102013991,447.0964599094806,7441008
2024-12-27 09:30:00,447.849338019075,448.39070845991586,446.4987454369967,447.0401158778376,5913752
2024-12-27 10:00:00,447.236501833537,447.39369452362996,446.86824260689986,447.02543529699284,4486088
2024-12-27 11:00:00,446.72481539753414,447.0805788240992,446.5638628330343,446.91962625959934,13609735
2024-12-27 12:00:00,447.5400904532556,447.9922970290877,446.46054665828456,446.9127532341167,4582818
2024-12-27 13:00:00,446.864787877931,447.00042698409266,446.8199485121288,446.95558761829045,8047751
2024-12-27 14:00:00,445.682415577431,447.69446460754887,444.91880309847073,446.9308521285886,9252628
2024-12-27 15:00:00,446.54025675596,447.01736960975614,446.3229960132539,446.80010886705,20301062
2024-12-30 09:30:00,447.48711387948634,447.8849970113231,446.4561597933691,446.8540429252059,8840245
2024-12-30 10:00:00,445.9178133156312,447.5679468039947,445.1728557669523,446.8229892553158,3260691
2024-12-30 11:00:00,446.201013290901,447.1698250235957,445.780156577012,446.7489683097067,14366580
2024-12-30 12:00:00,446.017763108437,447.0952727223881,445.57780282964325,446.6553124435943,10282134
2024-12-30 13:00:00,446.84739282988414,447.0753664099208,446.2998642235303,446.5278378035669,21793491
2024-12-30 14:00:00,446.3842241200407,446.4998339713694,446.34708620893537,446.4626960602641,13190273
2024-12-30 15:00:00,446.2230623245084,446.43883393087026,446.15211845549834,446.3678900618602,12330803
2024-12-31 09:30:00,446.8133697288587,447.18950576871384,445.87582066134246,446.2519567011976,16708709
2024-12-31 10:00:00,446.2929252077407,446.3157407218881,446.2253489567398,446.2481644708872,5578273
2024-12-31 11:00:00,446.371582947582,446.465342033249,446.1335097548635,446.2272688405305,7488980
2024-12-31 12:00:00,446.2153124724109,446.24469339917675,446.13345307394707,446.1628340007129,10831675
2024-12-31 13:00:00,446.65607858402274,446.9560188601421,445.80785536766456,446.1077956437839,8779449
2024-12-31 14:00:00,446.5496000208902,446.94931910295907,445.5866848055176,445.9864038875865,18383445
2024-12-31 15:00:00,446.13830686526893,446.370097727484,445.61022273076196,445.842013592977,6440129
2025-01-01 09:30:00,445.42572098367873,445.7652451065052,445.2801644230203,445.61968854584677,31313831
2025-01-01 10:00:00,446.1944294483214,446.532142774031,445.18677504908226,445.5244883747919,11719246
2025-01-01 11:00:00,444.7921616334587,445.85423053971107,444.3325277001237,445.39459660637607,17072118
2025-01-01 12:00:00,446.1259412862466,446.7426493102554,444.66300266941465,445.27971069342345,12856058
2025-01-01 13:00:00,445.29441696556034,445.3118872112281,445.25705269238284,445.2745229380506,4311396
2025-01-01 14:00:00,444.1985385310928,446.0087254260434,443.45490128542593,445.2650881803765,5282017
2025-01-01 15:00:00,445.43966973306794,445.6566849380533,444.9723964243134,445.1894116292987,12465481
2025-01-02 09:30:00,445.3632146190855,445.50339669591693,445.0185030625315,445.15868513936294,2954472
2025-01-02 10:00:00,444.8838234172169,445.34936963040656,444.69332151703725,445.1588677302269,4285231
2025-01-02 11:00:00,445.2996269981263,445.5135632382118,444.82492910677223,445.03886534685773,19515876
2025-01-02 12:00:00,444.6079144294003,445.1707027842345,444.4125660007367,444.9753543555709,12761510
2025-01-02 13:00:00,444.26651140450645,445.5089557339431,443.6837777172603,444.9262220466969,12260009
2025-01-02 14:00:00,443.9131638820013,445.2996879227316,443.45065843083256,444.83718247156287,11133461
2025-01-02 15:00:00,444.710874596424,444.711193676539,444.70997049923795,444.71028957935295,19494459
2025-01-03 09:30:00,444.57647446576715,444.7139347988953,444.5131163224264,444.6505766555546,7800737
2025-01-03 10:00:00,444.9585858103068,445.26106217109873,444.25395570432835,444.5564320651203,15652068
2025-01-03 11:00:00,444.2087810946446,444.6191338569808,444.0466312539266,444.45698401626277,12565379
2025-01-03 12:00:00,444.42131232264535,444.46092382416145,444.3243685552435,444.3639800567596,12544158
2025-01-03 13:00:00,444.29865766223963,444.3495260481503,444.17745060600794,444.2283189919186,21886095
2025-01-03 14:00:00,444.3679770430014,444.5532462275426,443.8204279416814,444.00569712622257,7560459
2025-01-03 15:00:00,443.1562669742343,444.40089831970874,442.6136594376892,443.8582907831636,23428689
2025-01-06 09:30:00,444.160689738659,444.4472685697696,443.514845601372,443.8014244324826,9713467
2025-01-06 10:00:00,443.485749089617,443.79814475153506,443.36741833499934,443.6798139969174,20839803
2025-01-06 11:00:00,443.4486950504457,443.5853939917416,443.3906456991757,443.52734464047165,23778956
2025-01-06 12:00:00,444.4666716661403,445.07349730591136,442.8415971004159,443.44842274018697,14366688
2025-01-06 13:00:00,443.4429779575675,443.4856109698231,443.3293025109131,443.3719355231687,7369561
2025-01-06 14:00:00,443.40563418066944,443.46095850433255,443.2457045360778,443.30102885974094,8759040
2025-01-06 15:00:00,442.61124947418966,443.79854357359955,442.0763818410222,443.2636759404321,2411279
2025-01-07 09:30:00,443.5336847430609,443.73605946882776,443.09795240583264,443.3003271315995,3922455
2025-01-07 10:00:00,443.0127747945627,443.4269062003276,442.86315064120004,443.27728204696496,6693782
2025-01-07 11:00:00,443.43760506073164,443.669848863737,442.9227335327386,443.154977335744,16321497
2025-01-07 12:00:00,442.64235796180304,443.3171869387275,442.38776198539153,443.062590962316,13340472
2025-01-07 13:00:00,443.2876629158043,443.48912065484996,442.76574004599325,442.96719778503893,16434836
2025-01-07 14:00:00,442.9645085703661,442.9657859089674,442.9618063798183,442.9630837184196,3053811
2025-01-07 15:00:00,442.91927925269425,442.96810712741313,442.79185905755253,442.8406869322714,20268284
2025-01-08 09:30:00,442.6806506108851,442.68703751332936,442.67777602390174,442.684162926346,9644059
2025-01-08 10:00:00,442.5278883087749,442.5970538242168,442.49796056333156,442.56712607877347,9850565
2025-01-08 11:00:00,442.6216637465032,442.70463469543097,442.41405742859047,442.49702837751823,12374146
2025-01-08 12:00:00,442.630539692775,442.88262469252714,442.0833484335464,442.33543343329853,24841508
2025-01-08 13:00:00,442.5611479205941,442.7285284356263,442.0621848331974,442.2295653482296,9533309
2025-01-08 14:00:00,442.24553433537045,442.3490173891359,441.9291163645215,442.03259941828696,28372819
2025-01-08 15:00:00,441.61738255243165,442.4106327311697,441.28045026826044,442.0737004469985,2838921
2025-01-09 09:30:00,442.6124830087419,442.8291111977203,441.97798538387394,442.19461357285235,16613111
2025-01-09 10:00:00,442.15964537661273,442.2877853028432,442.1031154408209,442.23125536705135,4633494
2025-01-09 11:00:00,442.0495287659317,442.3359985648828,441.9534520133071,442.2399218122582,3973757
2025-01-09 12:00:00,442.6544147565049,442.9295182342358,442.0049878983858,442.28009137611673,5014469
2025-01-09 13:00:00,442.80669051932585,443.01816136009927,442.23546166966304,442.44693251043645,22173322
2025-01-09 14:00:00,442.83499332150564,442.9909509922838,442.4323293656451,442.58828703642325,17177894
2025-01-09 15:00:00,441.79075160128156,443.40560735700575,441.06201458881094,442.67687034453513,7642484
2025-01-10 09:30:00,442.43506056173965,442.8390885800572,442.2699766046296,442.67400462294717,2702419
2025-01-10 10:00:00,442.45542522393026,443.05898544134203,442.20010273331525,442.803662950727,16684087
2025-01-10 11:00:00,442.79918358807447,442.81832601864556,442.79223605129147,442.81137848186256,5210316
2025-01-10 12:00:00,442.7936268323118,443.07167451937624,442.68978311814317,442.9678308052076,24566655
2025-01-10 13:00:00,443.41607142023213,443.60262437991105,442.9317850492271,443.118338008906,26006703
2025-01-10 14:00:00,443.5791388456726,443.8639961428817,442.91930186601405,443.20415916322315,4237557
2025-01-10 15:00:00,443.1653175228571,443.36177113601104,443.0779123152403,443.2743659283943,12721976
2025-01-13 09:30:00,443.8127133964103,444.15981208534885,443.05860547353575,443.4057041624743,10808474
2025-01-13 10:00:00,442.87747931940163,443.93374794996885,442.4140055247624,443.4702741553296,7764353
2025-01-13 11:00:00,443.4366513940204,443.59759796602543,443.3854079734268,443.5463545454319,4039436
2025-01-13 12:00:00,442.94884159059865,444.0333694450771,442.5390371958478,443.62356505032625,13442635
2025-01-13 13:00:00,443.86163685759647,443.9774119355327,443.526735721101,443.6425107990372,5958985
2025-01-13 14:00:00,443.5866389168716,443.89164048735273,443.4867248214819,443.79172639196304,22836318
2025-01-13 15:00:00,444.37360785769636,444.6904449892336,443.5472821100688,443.86411924160603,9515179
2025-01-14 09:30:00,443.85206458748314,444.01598009732163,443.7766030435725,443.940518553411,5451092
2025-01-14 10:00:00,444.73928810944335,445.2485299601013,443.58267716100715,444.0919190116651,8740851
2025-01-14 11:00:00,443.9859882355083,444.2945889870878,443.8591802557872,444.1677810073667,6823714
2025-01-14 12:00:00,444.02055879910546,444.31157536857364,443.9186538084122,444.2096703778804,3663557
2025-01-14 13:00:00,444.05420670937764,444.4260781335055,443.90175338008703,444.2736248042149,14340050
2025-01-14 14:00:00,444.9840726805571,445.2962859490522,444.08418328310563,444.39639655160073,21928909
2025-01-14 15:00:00,444.5740164371047,444.6671032937673,444.3671319399426,444.4602187966052,8931137
2025-01-15 09:30:00,444.44255643428033,444.51805929895556,444.4141230494844,444.4896259141596,4320102
2025-01-15 10:00:00,444.74098908499724,444.8058490652732,444.5907868441621,444.65564682443807,10348891
2025-01-15 11:00:00,444.7468130985898,444.7822601463889,444.6564272942078,444.6918743420069,7207721
2025-01-15 12:00:00,445.06028133339845,445.32120560204066,444.50824911658026,444.7691733852225,9729900
2025-01-15 13:00:00,444.58111965879306,444.995395576803,444.4355372220085,444.84981314001845,7615027
2025-01-15 14:00:00,445.5368952441446,445.87691299229874,444.6474577147133,444.98747546286745,16785954
2025-01-15 15:00:00,444.4951821782187,445.3845899272286,444.19206841091494,445.0814761599248,15366930
2025-01-16 09:30:00,444.9534747244576,445.1998601761605,444.848729641746,445.0951150934489,7494903
2025-01-16 10:00:00,445.5102067170966,445.7370354154367,444.92113981162225,445.14796850996237,7002166
2025-01-16 11:00:00,445.5844294156534,445.85363186302703,444.9190784925241,445.1882809398977,8031802
2025-01-16 12:00:00,444.8820192769784,445.54119212735185,444.60998756355656,445.26916041393,4186461
2025-01-16 13:00:00,445.9843158915822,446.28077903723016,445.04381534379814,445.3402784894461,4926397
2025-01-16 14:00:00,445.51212834807365,445.54156435533616,445.44410985542663,445.47354586268915,15133004
2025-01-16 15:00:00,444.44712922336697,446.14413191211565,443.8776509730245,445.5746536617732,19146926
2025-01-17 09:30:00,445.51439285539175,445.7378943075739,445.4351533305932,445.6586547827754,9936811
2025-01-17 10:00:00,445.2543860755853,446.07770938166306,444.969863638103,445.7931869441808,18422634
2025-01-17 11:00:00,446.0526821345229,446.0989645441609,445.9144329263227,445.9607153359607,22987450
2025-01-17 12:00:00,446.8011667930677,447.19558150073203,445.6667818869092,446.0611965945735,15930282
2025-01-17 13:00:00,446.80859326988895,447.21620409806934,445.8300314314742,446.2376422596546,13575777
2025-01-17 14:00:00,446.6985896559713,447.0731892850904,445.8720499377672,446.2466495668863,4064334
2025-01-17 15:00:00,445.8898761143777,446.57824796981964,445.5692617929126,446.2576336483545,6281884
2025-01-20 09:30:00,446.9989832543152,447.4819480262021,445.9081186198723,446.3910833917592,16074003
2025-01-20 10:00:00,446.2365943938326,446.5811600054981,446.10348667817016,446.44805228983563,9589408
2025-01-20 11:00:00,446.0121514516672,446.8615482296088,445.70684202520505,446.55623880314664,3490625
2025-01-20 12:00:00,445.6914742806929,447.31445116971304,444.9552947780015,446.5782716670216,5091027
2025-01-20 13:00:00,445.4956586414833,447.34581346561407,444.7973121001517,446.64746692428247,7544625
2025-01-20 14:00:00,446.8779098689569,446.9649877337489,446.69092281269405,446.77800067748603,17814071
2025-01-20 15:00:00,446.96044031362067,446.9793282685447,446.9048933948758,446.9237813497998,14266255
2025-01-21 09:30:00,446.3174926799672,447.4836061695255,445.85437825441056,447.0204917439689,18185051
2025-01-21 10:00:00,447.2305905976141,447.37470757019355,446.92476838955884,447.0688853621383,9658638
2025-01-21 11:00:00,447.3787513134157,447.43825033702745,447.1954122874316,447.2549113110434,22979415
2025-01-21 12:00:00,447.5014917656454,447.52447608684275,447.4427555354359,447.4657398566332,13925687
2025-01-21 13:00:00,448.36515015038856,448.8993788050174,446.9900065186653,447.5242351732942,8082998
2025-01-21 14:00:00,447.38897111824605,447.73168780826074,447.2590970814739,447.6018137714886,14719957
2025-01-21 15:00:00,447.8714836631897,447.97700177493044,447.5796626663722,447.68518077811297,10778358
2025-01-22 09:30:00,447.84528385929906,447.8564852080541,447.8414386122402,447.85263996099525,15225426
2025-01-22 10:00:00,448.13872064948856,448.32133579699246,447.7243098777748,447.90692502527867,9351829
2025-01-22 11:00:00,447.5658608482428,448.29081264315556,447.241599857618,447.96655165253077,10730899
2025-01-22 12:00:00,448.1929647406912,448.3035487082073,447.90436093233006,448.01494489984617,4056896
2025-01-22 13:00:00,448.584206604475,448.8985374494729,447.72264121360075,448.0369720585986,8149181
2025-01-22 14:00:00,448.2769305562054,448.45740798061985,447.88502991743763,448.0655073418521,6271878
2025-01-22 15:00:00,447.777154859735,448.4708833812062,447.4613295538348,448.155058075306,12039225
2025-01-23 09:30:00,447.97416097481977,448.44640020129367,447.8099906789182,448.2822299053921,7354454
2025-01-23 10:00:00,449.2068231754259,449.6294617914909,447.91733817506366,448.33997679112866,6774353
2025-01-23 11:00:00,448.9731317221676,449.49604562916215,447.85949279756693,448.3824067045615,10172075
2025-01-23 12:00:00,448.2984945086178,448.50712090979465,448.22685150323474,448.4354779044116,10519000
2025-01-23 13:00:00,448.5597226713136,448.5624539442518,448.5510950444325,448.5538263173707,14467893
2025-01-23 14:00:00,448.6753729836048,448.7118398121636,448.5863115773908,448.6227784059496,7601908
2025-01-23 15:00:00,448.95123333972396,449.08011516875615,448.60439807535045,448.73327990438264,9646745
2025-01-24 09:30:00,448.28485973606917,449.3396286598443,447.8258686957801,448.8806376195553,23200000
2025-01-24 10:00:00,449.6172716770714,450.2045506057537,448.34504902537975,448.93232795406203,12614242
2025-01-24 11:00:00,449.80499713294137,450.42608823154876,448.389805027178,449.0108961257854,9648563
2025-01-24 12:00:00,449.3101395797161,449.4468409063708,448.8788246074879,449.0155259341426,5904835
2025-01-24 13:00:00,448.80690555403805,449.22899906920816,448.6609253646041,449.0830188797742,5389803
2025-01-24 14:00:00,448.91322683214815,449.3634433984389,448.7540380165318,449.20425458282256,19634243
2025-01-24 15:00:00,449.5293035372669,449.696364399577,449.13926986606583,449.30633072837594,10598159
2025-01-27 09:30:00,449.4618705811358,449.46795317697877,449.44227365173634,449.4483562475793,24039742
2025-01-27 10:00:00,449.9459318346238,450.2513362683202,449.20172269377633,449.5071271274727,8767234
2025-01-27 11:00:00,449.4664317718348,449.6649893254675,449.3792384125452,449.5777959661779,3763044
2025-01-27 12:00:00,450.0288183454008,450.2588473658634,449.4848453153101,449.7148743357727,8765356
2025-01-27 13:00:00,450.6553562628669,451.08198591536194,449.4506305056443,449.87726015813934,26525457
2025-01-27 14:00:00,449.0291515238861,450.5756049338482,448.3821854685222,449.92863887848426,5479910
2025-01-27 15:00:00,449.5300399002616,450.38034574537227,449.1742521008691,450.0245579459798,3644980
2025-01-28 09:30:00,449.9775532325796,450.3824324448037,449.79666612116154,450.20154533338564,21364646
2025-01-28 10:00:00,449.89337417643674,450.59818593044037,449.60121393333964,450.30602568734326,12191296
2025-01-28 11:00:00,450.7451630562703,451.07041726451354,450.03523867992635,450.3604928881696,12563923
2025-01-28 12:00:00,450.05067465282633,450.66881029965043,449.8081756119116,450.4263112587357,7135904
2025-01-28 13:00:00,450.2691193691498,450.65736686331235,450.087755286381,450.4760027805436,10537427
2025-01-28 14:00:00,449.75435562500905,450.9484313752129,449.3579783341983,450.5520540844022,3416525
2025-01-28 15:00:00,451.2184561540232,451.5936078809824,450.2898361343288,450.664987861288,14378951
2025-01-29 09:30:00,450.5819047735304,450.90128869658406,450.4605473953363,450.7799313183899,12030008
2025-01-29 10:00:00,450.1420990777124,451.2715799437462,449.6654468107467,450.7949276767805,7020766
2025-01-29 11:00:00,451.13755704996225,451.3724615659019,450.4701643441641,450.7050688601038,15176324
2025-01-29 12:00:00,450.48649175807293,451.09348179961927,450.2455368881721,450.85252692971846,23324769
2025-01-29 13:00:00,452.0837453225269,452.7158401115685,450.3657075693433,450.9978023583849,6273220
2025-01-29 14:00:00,451.38102274815043,451.57402937470346,450.90797971229176,451.1009863388448,16794069
2025-01-29 15:00:00,451.11060004458125,451.27751228050926,451.0435099718579,451.2104222077859,19418995
2025-01-30 09:30:00,451.8784699452343,452.39132165906506,450.76013793142613,451.27298964525687,12853879
2025-01-30 10:00:00,451.96403468958806,452.317790619721,451.0098963943273,451.36365232446025,14745450
2025-01-30 11:00:00,452.09135011558243,452.418874019781,451.11076298003013,451.4382868842287,14351073
2025-01-30 12:00:00,451.9283654337588,452.092833914038,451.42929052630615,451.59375900658534,16246922
2025-01-30 13:00:00,451.82494073117925,451.89461126121006,451.6624822722725,451.7321528023033,20397120
2025-01-30 14:00:00,451.87007556361124,451.88530797837296,451.8336697132765,451.8489021280382,6670966
2025-01-30 15:00:00,452.27957586964993,452.51114663805345,451.74950756618824,451.98107833459176,16516568
2025-01-31 09:30:00,452.03014526747234,452.03917291573026,452.02732104594685,452.0363486942048,3743338
2025-01-31 10:00:00,451.9522146277165,452.192502138934,451.84114447728587,452.08143198850337,2414669
2025-01-31 11:00:00,451.41008104465305,452.7180990793508,450.8217327351115,452.1297507698092,10761448
2025-01-31 12:00:00,452.96176768434765,453.3547433808513,451.8840717307229,452.27704742722653,11835455
2025-01-31 13:00:00,452.925351486981,453.4131395738594,451.83481352457636,452.32260161145473,3358514
2025-01-31 14:00:00,452.16020759133426,452.70408259987823,451.91026451141323,452.4541395199572,13827258
2025-01-31 15:00:00,451.7019381380517,453.30703649669414,451.00495065559255,452.610049014235,21726967
2025-02-03 09:30:00,452.81317158674,452.9317454322574,452.7752519745329,452.8938258200503,13141911
2025-02-03 10:00:00,452.69901053565525,452.98855227294763,452.6075880920142,452.8971298293066,1091512
2025-02-03 11:00:00,452.8289208406584,453.06097667605826,452.7428076774086,452.9748635128085,6338833
2025-02-03 12:00:00,453.0252217069421,453.1268937488605,452.98296878765086,453.08464082956925,19519520
2025-02-03 13:00:00,453.06381252504315,453.3236189949279,452.9816646818882,453.241471151773,17159733
2025-02-03 14:00:00,453.42696402544874,453.4976215556896,453.2051829759949,453.27584050623574,2420818
2025-02-03 15:00:00,453.5300917404576,453.58428459837074,453.36800140970763,453.4221942676208,19498127
2025-02-04 09:30:00,452.3853455978698,454.1904603900192,451.67433428069376,453.4794490728432,9234133
2025-02-04 10:00:00,453.71932062642117,453.86563313528643,453.29129403793377,453.43760654679903,9991607
2025-02-04 11:00:00,453.4935285871083,453.5559194215209,453.31994561787525,453.38233645228786,8495396
2025-02-04 12:00:00,453.0251692142285,453.53184833306835,452.86178225774955,453.3684613765894,4958310
2025-02-04 13:00:00,453.7067919919508,453.9727425313952,453.11801143780474,453.38396197724916,3586619
2025-02-04 14:00:00,453.67007288162125,453.8229270226236,453.32139250279675,453.4742466437991,7604753
2025-02-04 15:00:00,453.1865883817666,453.83911774729023,452.9277061531148,453.5802355186384,8343605
2025-02-05 09:30:00,454.7796573967706,455.40633454085264,453.01869707201524,453.6453742160973,14345318
2025-02-05 10:00:00,454.35392584065085,454.7289483836766,453.36316070238036,453.7381832454061,13884625
2025-02-05 11:00:00,453.5740909741297,453.90712386322514,453.4683055565953,453.8013384456907,11203378
2025-02-05 12:00:00,453.26921480414313,454.6063242508504,452.6390304476679,453.97613989437514,25389894
2025-02-05 13:00:00,453.9381869721868,454.2680138721829,453.8040914390741,454.1339183390702,8544785
2025-02-05 14:00:00,454.75809729583636,455.19737176403106,453.67290121421485,454.11217568240954,2355139
2025-02-05 15:00:00,454.06376970361424,454.3375505538816,453.9559613909665,454.22974224123385,12135923
2025-02-06 09:30:00,454.90741651763784,455.37033721742114,453.9185817725082,454.3815024722915,4885577
2025-02-06 10:00:00,454.3200454087032,454.65037534468684,454.1863761823749,454.5167061183585,4698897
2025-02-06 11:00:00,454.4069792357248,454.99105579947314,454.1519194578917,454.73599602164006,33998191
2025-02-06 12:00:00,455.2291695083405,455.3977244544371,454.77970524019605,454.94826018629266,20987397
2025-02-06 13:00:00,455.18168750549285,455.22817600714563,455.0554012024614,455.10188970411417,16471854
2025-02-06 14:00:00,454.8225495855685,455.33040950476243,454.6643231063697,455.17218302556364,6231854
2025-02-06 15:00:00,455.238291649341,455.31099323440503,455.2067804041047,455.2794819891687,16169309
2025-02-07 09:30:00,455.20524094629485,455.41221374759476,455.1249966931714,455.3319694944713,4947260
2025-02-07 10:00:00,455.27060505191685,455.50148020759,455.1627675327777,455.3936426884509,2868684
2025-02-07 11:00:00,455.33150538107844,455.6415521409873,455.2260642416748,455.53611100158366,24088673
2025-02-07 12:00:00,455.1886623221911,455.6499266438837,455.02411249245256,455.4853768141452,10424015
2025-02-07 13:00:00,455.3648941719779,455.73908334485304,455.2318508560072,455.6060400288824,11861065
2025-02-07 14:00:00,455.73241463718085,455.8081865848047,455.5326329979499,455.60840494557374,2600884
2025-02-07 15:00:00,456.6050432419612,457.2357359777018,455.1117499814033,455.7424427171439,10241579
2025-02-10 09:30:00,456.0989165295445,456.38506787417197,455.44175617049643,455.7279075151239,2843732
2025-02-10 10:00:00,455.2689057978623,456.12125979156207,454.87417770874936,455.7265317024491,5698194
2025-02-10 11:00:00,455.71373313978563,455.7648408367064,455.6964666073348,455.7475743042556,5551563
2025-02-10 12:00:00,455.3509519792649,456.0931788439977,455.0922391791489,455.8344660438817,5340522
2025-02-10 13:00:00,455.3636486505756,456.2398650244385,455.08018714808685,455.9564035219497,6376129
2025-02-10 14:00:00,455.8319386403523,456.18442085819555,455.70372783615284,456.0562100539961,15721550
2025-02-10 15:00:00,456.53960252687494,456.89905849633544,455.7613173218958,456.1207732913563,4736319
2025-02-11 09:30:00,456.20507046333177,456.2699923130864,456.01087635088595,456.0757982006406,3486706
2025-02-11 10:00:00,455.4700856376638,456.856097668898,454.86857806745905,456.25459009869326,14578075
2025-02-11 11:00:00,456.1777081748672,456.3720759923767,456.1067251711296,456.30109298863914,8041406
2025-02-11 12:00:00,456.3911283615921,456.4134517360075,456.38289692792597,456.4052203023414,14519782
2025-02-11 13:00:00,456.3415762941689,456.78192495471035,456.135385905623,456.5757345661645,12895763
2025-02-11 14:00:00,457.0833182877627,457.30325485346134,456.4234556992967,456.6433922649953,9651765
2025-02-11 15:00:00,457.3838852354499,457.81300647046095,456.259293288463,456.6884145234741,7296000
2025-02-12 09:30:00,456.6538138515787,456.8730478328949,456.57628780578125,456.7955217870974,4477821
2025-02-12 10:00:00,456.9655267741433,457.014306840942,456.8618492101407,456.9106292769394,12585398
2025-02-12 11:00:00,457.80831932764414,458.4107564983995,456.35812997498954,456.9605671457449,4791731
2025-02-12 12:00:00,457.19562808946046,457.3010143047602,456.9385442963322,457.04393051163197,5947159
2025-02-12 13:00:00,456.5257269755781,457.35965567558054,456.26349236416087,457.0974210641633,3771984
2025-02-12 14:00:00,458.2002213514022,458.7167805803946,456.5470324343618,457.0635916633542,6925996
2025-02-12 15:00:00,457.3136598912038,457.40563512094207,457.09984606259206,457.1918212923303,12858462
2025-02-13 09:30:00,456.8429158919601,457.44337193205456,456.6126179226101,457.2130739627046,4900962
2025-02-13 10:00:00,456.9508157328879,457.4535646572466,456.79291173597505,457.29566066033374,6902672
2025-02-13 11:00:00,457.583169695266,457.70629025847575,457.2858528966787,457.40897345988844,18003036
2025-02-13 12:00:00,458.3197902683055,459.0388416726535,456.75045941172203,457.46951081607006,3894847
2025-02-13 13:00:00,456.75934545811685,458.09735426244157,456.28837600208453,457.62638480640925,7878972
2025-02-13 14:00:00,457.8855298781793,457.98912764732165,457.6631028394292,457.76670060857157,17070395
2025-02-13 15:00:00,457.7762617474061,458.0487965677294,457.64844241056204,457.92097723088534,12748578
2025-02-14 09:30:00,457.5243137403502,458.4355047606164,457.1401637678305,458.0513547880967,5034462
2025-02-14 10:00:00,458.06114893886166,458.0699949435178,458.0419915766948,458.05083758135095,2323764
2025-02-14 11:00:00,458.2878989413468,458.3582586449216,458.13724999147433,458.20760969504914,11484821
2025-02-14 12:00:00,458.0610531259517,458.4859167537263,457.9163896214529,458.3412532492275,4405975
2025-02-14 13:00:00,458.3340792636877,458.39110948398417,458.3158436938854,458.37287391418187,8242977
2025-02-14 14:00:00,458.58171713022216,458.6728574708745,458.38736472349075,458.47850506414306,16445624
2025-02-14 15:00:00,459.1079265804923,459.4922360896388,458.17141627370916,458.5557257828557,13419942
2025-02-17 09:30:00,458.99303739139555,459.21002352085725,458.48806386812004,458.70504999758174,9380771
2025-02-17 10:00:00,458.97502235461815,459.1502494545977,458.6011886046366,458.77641570461617,5387158
2025-02-17 11:00:00,458.79064829645756,458.81446633386247,458.72341444974614,458.74723248715105,3844187
2025-02-17 12:00:00,458.44354999513104,459.2609444829592,458.0582895344439,458.875684022272,14482520
2025-02-17 13:00:00,459.500310245038,459.7990810356063,458.7256705682847,459.02444135885304,17821718
2025-02-17 14:00:00,459.2088892470245,459.3275873024904,458.9479355879069,459.06663364337277,6739962
2025-02-17 15:00:00,459.5889165999282,459.8995377783789,458.89146443239224,459.2020856108429,4500624
2025-02-18 09:30:00,459.479680309489,459.61238791694063,459.12384151449123,459.25654912194284,5808660
2025-02-18 10:00:00,458.86860755473026,459.75983113399343,458.5237299485822,459.41495352784534,6580659
2025-02-18 11:00:00,464.0091030631238,459.64926831555454,459.3566399655799,459.36901203249255,8048181
2025-02-18 12:00:00,454.7753219121676,460.6891866788983,458.7886294528492,468.41858156953265,21024882
2025-02-18 13:00:00,459.8532266350462,460.296821318339,458.8581696335036,459.30176431679644,15526819
2025-02-18 14:00:00,459.8190300038162,460.41075446004663,458.5360438128853,459.12776826911573,13065592
2025-02-18 15:00:00,459.14272462127144,459.1960661304137,458.9752881382934,459.0286296474357,14863463
2025-02-19 09:30:00,459.80142568971775,460.36812784370187,458.4291722854655,458.9958744394496,9613414
2025-02-19 10:00:00,458.77850719689536,459.02362362307747,458.6952140776071,458.9403305037892,6152982
2025-02-19 11:00:00,458.8817930683277,458.8902651298617,458.8607491854949,458.8692212470289,8999033
2025-02-19 12:00:00,458.1235422573222,458.99401531895967,457.84734435879415,458.71781742043163,19917993
2025-02-19 13:00:00,458.6678281452229,458.6836687734387,458.66259905605466,458.6784396842704,6447166
2025-02-19 14:00:00,459.11772871009464,459.56332785590047,458.08745209250395,458.5330512383098,22796815
2025-02-19 15:00:00,458.5832471284044,458.63677093474445,458.4369791901664,458.49050299650645,5751072
2025-02-20 09:30:00,457.47835599370126,458.9727860206439,456.86851303750296,458.36294306444563,13323153
2025-02-20 10:00:00,458.02764442774463,458.31123538022837,457.9227751641453,458.20636611662906,25652763
2025-02-20 11:00:00,457.67998137636255,458.55488618120745,457.29553438087277,458.17043918571767,7677534
2025-02-20 12:00:00,457.77918925448756,458.21708556159354,457.631981529328,458.069877836434,17290144
2025-02-20 13:00:00,457.2819506710552,458.60579894628347,456.7156882585188,458.0395365337471,4024368
2025-02-20 14:00:00,457.2387086102842,458.337436922659,456.7740588291961,457.8727871415709,12256642
2025-02-20 15:00:00,458.2358504329615,458.6072188014405,457.38311750000696,457.754485868486,18259303
2025-02-21 09:30:00,457.2025428452951,457.8765577365651,456.9687474919831,457.64276238325306,11993095
2025-02-21 10:00:00,457.6088002660305,457.6383025696354,457.5406098640022,457.5701121676071,7759911
2025-02-21 11:00:00,457.4016232871121,457.5911125716352,457.3204559453092,457.50994522983234,13015838
2025-02-21 12:00:00,457.8663164268916,458.1936129088121,457.11788409608414,457.4451805780046,7412651
2025-02-21 13:00:00,457.65294447893524,457.8018926377227,457.31315941715235,457.4621075759398,3940676
2025-02-21 14:00:00,457.67015913275975,457.8234674468543,457.24098646316236,457.3942947772569,14081023
2025-02-21 15:00:00,458.22639708222465,458.9935868025788,456.54391207454125,457.3111017948954,9790413
2025-02-24 09:30:00,457.9452816540408,458.40047220036985,456.76578343487205,457.2209739812011,13888592
2025-02-24 10:00:00,457.70294372115205,458.04596432691915,456.780933934099,457.1239545398661,3182743
2025-02-24 11:00:00,457.4060027395112,457.64684462343786,456.7371577161034,456.97799960003005,23477741
2025-02-24 12:00:00,456.5198919820696,457.09139877242785,456.3036162099826,456.8751230003408,6025817
2025-02-24 13:00:00,457.19628510048176,457.50360634809766,456.52531010231064,456.83263134992654,2228612
2025-02-24 14:00:00,456.3225665520583,456.94380867355306,456.1223732077346,456.7436153292294,14018994
2025-02-24 15:00:00,456.72510883154683,456.82723620035307,456.49582892603496,456.5979562948412,23348128
2025-02-25 09:30:00,457.29214008347157,457.6512782979356,456.20837452180814,456.5675127362722,5310704
2025-02-25 10:00:00,456.4907667206092,456.5159367026726,456.4791171456946,456.504287127758,13613812
2025-02-25 11:00:00,456.5559159995305,456.70014859771834,456.2497209116371,456.39395350982494,15273623
2025-02-25 12:00:00,456.86643504656786,457.19254440240525,456.0309611930856,456.357070548923,8184290
2025-02-25 13:00:00,456.53532083973033,456.71751532913095,456.1204602020169,456.3026546914175,5509674
2025-02-25 14:00:00,456.52590346516786,456.7329726038208,455.9165816981327,456.12365083678566,21998469
2025-02-25 15:00:00,455.9407184098665,456.0714748296166,455.8976330789058,456.0283894986559,11639638
2025-02-26 09:30:00,456.49065441409,456.94229859529503,455.4156256910722,455.86726987227723,12464842
2025-02-26 10:00:00,455.8062342928576,455.88762879507135,455.7720108944159,455.8534053966297,2392921
2025-02-26 11:00:00,456.00866415076723,456.1133262100413,455.7106077436759,455.81526980294996,3451768
2025-02-26 12:00:00,455.7107099990523,455.7243992610795,455.67780279430957,455.69149205633676,22041976
2025-02-26 13:00:00,455.7220150962823,455.78276623851195,455.55064999090825,455.6114011331379,15981391
2025-02-26 14:00:00,455.2175747061917,455.79952125270313,454.96132513428256,455.54327168079396,7705768
2025-02-26 15:00:00,455.6789580204386,455.8554703567191,455.2865980367371,455.46311037301757,14703060
2025-02-27 09:30:00,454.8745323864857,455.64620544896434,454.5385069988848,455.31018006136344,5323142
2025-02-27 10:00:00,454.4553612032317,455.56879954688554,454.06170743851436,455.1751457821682,20941814
2025-02-27 11:00:00,455.5248020274095,455.7401760368087,454.9634333944472,455.17880740384635,6045225
2025-02-27 12:00:00,454.86349072198925,455.27279478156623,454.7054704760115,455.1147745355885,9580533
2025-02-27 13:00:00,454.48851737095254,455.359109527769,454.09894898947596,454.96954114629244,18858866
2025-02-27 14:00:00,455.58949038964886,456.1804873464929,454.29757519317695,454.888572150021,7348600
2025-02-27 15:00:00,454.3638017802833,455.1756116143635,454.00229835605927,454.81410819013945,8577121
2025-02-28 09:30:00,454.81429978478366,454.86968624330757,454.68193213787475,454.73731859639867,5746158
2025-02-28 10:00:00,454.52215050723754,454.86332439622686,454.40187074034486,454.7430446293342,4843928
2025-02-28 11:00:00,454.6709147986829,454.6748762081707,454.659036053409,454.66299746289684,12237314
2025-02-28 12:00:00,454.922434078604,455.1132765939641,454.3496730569834,454.5405155723435,5676216
2025-02-28 13:00:00,453.6379516720213,454.87680953594094,453.1908495629918,454.4297074269114,8507262
2025-02-28 14:00:00,454.12611627593816,454.4220834701885,453.98916822578803,454.2851354200384,14429903
2025-02-28 15:00:00,454.94340831488284,455.40839946307455,453.6657434151442,454.1307345633359,9114171
2025-03-03 09:30:00,454.21030345370866,454.3021323994191,453.94754676152417,454.0393757072346,18010559
2025-03-03 10:00:00,454.40393480489644,454.79539981144524,453.4173840399077,453.8088490464565,17916072
2025-03-03 11:00:00,454.0237874741058,454.2432630873358,453.39072505703894,453.6102006702689,19008729
2025-03-03 12:00:00,452.5172385399112,454.2285998195262,451.8472795757765,453.5586408553915,5731956
2025-03-03 13:00:00,453.43118196612136,453.51826829327024,453.398205948069,453.4852922752179,3882434
2025-03-03 14:00:00,452.7927205023074,453.79917509291505,452.37022946556027,453.3766840561679,16743344
2025-03-03 15:00:00,453.0425517054953,453.4988357237893,452.8287219842929,453.28500600258684,16860047
2025-03-04 09:30:00,453.3858320616984,453.5123654003013,453.0989755596494,453.22550889825226,6033936
2025-03-04 10:00:00,452.83197648297494,453.2056799164441,452.68137281890046,453.05507625236964,16200879
2025-03-04 11:00:00,453.9301245642604,454.79170103067617,452.0781247383605,452.93970120477627,7565548
2025-03-04 12:00:00,453.07185154538047,453.23661755236554,452.68899799397866,452.85376400096374,6259065
2025-03-04 13:00:00,452.83102865116615,452.87333386691915,452.7362837951457,452.7785890108987,10503471
2025-03-04 14:00:00,452.659709169928,452.82150483419804,452.58924151864653,452.75103718291655,6472650
2025-03-04 15:00:00,452.81080979256154,452.93442716219505,452.53637051616306,452.65998788579657,7039074
2025-03-05 09:30:00,452.5518416016383,452.7198567738865,452.4934576212945,452.6614727935427,2238367
2025-03-05 10:00:00,453.1247200181579,453.4246826643872,452.2050829020332,452.5050455482625,25647125
2025-03-05 11:00:00,452.49299233225463,452.51771764325485,452.42177125031475,452.446496561315,11102056
2025-03-05 12:00:00,452.54209112766733,452.6456163242789,452.2713095229255,452.37483471953703,14571180
2025-03-05 13:00:00,452.6935485328352,452.9826378875674,452.02803360055225,452.31712295528445,5611808
2025-03-05 14:00:00,452.89377076608315,453.4497062672536,451.6148500966174,452.1707855977878,14261559
2025-03-05 15:00:00,451.99464925476275,452.04722902638923,451.97238539990883,452.0249651715353,7181881
2025-03-06 09:30:00,452.06202921006735,452.20864293652653,451.7309798734465,451.87759359990565,25437156
2025-03-06 10:00:00,451.91547297481395,451.99243206741414,451.68853885050163,451.7654979431018,6635712
2025-03-06 11:00:00,452.0807865625365,452.31841187289496,451.39178522118874,451.6294105315472,6255171
2025-03-06 12:00:00,451.8739261127344,452.13305754317105,451.26666807171677,451.5257995021534,9746402
2025-03-06 13:00:00,452.0505631426071,452.5873330391499,450.83538559001187,451.3721554865547,9392820
2025-03-06 14:00:00,450.98955713313035,451.3203162897963,450.86666283971084,451.1974219963768,8259211
2025-03-06 15:00:00,450.5632337808803,451.62004522550933,450.0750507480377,451.13186219266674,6881986
2025-03-07 09:30:00,451.0570775235949,451.1164669303138,450.90671857123266,450.96610797795154,13942380
2025-03-07 10:00:00,452.0573520379045,452.87623494311333,450.12667639560794,450.9455593008168,2618232
2025-03-07 11:00:00,450.57695599618796,451.2056281479855,450.30495936804726,450.9336315198448,3503179
2025-03-07 12:00:00,451.2122520474429,451.4821191304869,450.58154511184614,450.85141219489014,8723851
2025-03-07 13:00:00,451.1847292772733,451.39168235897586,450.5780782134076,450.7850312951102,7080972
2025-03-07 14:00:00,450.07964162885105,450.93507791897446,449.8071099855612,450.66254627568463,16996296
2025-03-07 15:00:00,450.69318723121876,450.76084190305204,450.5389404535301,450.60659512536336,10643448
2025-03-10 09:30:00,450.8970688645582,451.12560422952976,450.34643316729097,450.5749685322625,7912454
2025-03-10 10:00:00,450.5690331133736,450.6383271434903,450.4017309183922,450.4710249485089,18010952
2025-03-10 11:00:00,450.44043132707003,450.4819030438292,450.35024213859185,450.39171385535104,9105521
2025-03-10 12:00:00,450.28531505921114,450.3209313081406,450.27414231616825,450.3097585650977,11072894
2025-03-10 13:00:00,450.52778014105144,450.6934419442891,450.0808733278048,450.24653513104244,6385121
2025-03-10 14:00:00,450.9822146392576,451.512613977234,449.85972330528097,450.39012264325737,19856395
2025-03-10 15:00:00,450.91698943776186,451.08654453702565,450.41646335974445,450.58601845900824,21781114
2025-03-11 09:30:00,450.7516760901265,450.8037035222973,450.60422682696543,450.65625425913623,9692878
2025-03-11 10:00:00,450.6479204585195,450.71157592638104,450.6226689144645,450.68632438232606,5094863
2025-03-11 11:00:00,451.5670364134074,452.18115889072965,450.1393873205644,450.7535097978867,3301044
2025-03-11 12:00:00,450.82267385634486,450.83566352133084,450.79212858597447,450.80511825096045,4000857
2025-03-11 13:00:00,451.14335143018167,451.31289032766085,450.70733510547,450.8768740029492,14185666
2025-03-11 14:00:00,451.6974468515303,452.2343785119228,450.4450758927479,450.9820075531404,4162247
2025-03-11 15:00:00,451.1691044293582,451.1699065438597,451.1673933147258,451.16819542922735,22283461
2025-03-12 09:30:00,451.2288652987151,451.34664266454706,451.1748642048562,451.29264157068815,12078067
2025-03-12 10:00:00,451.36083659909934,451.38682684439306,451.2985865322872,451.3245767775809,4148349
2025-03-12 11:00:00,451.25732706904034,451.54602034710854,451.13617858793094,451.42487186599914,4794855
2025-03-12 12:00:00,451.4437065355636,451.5859595183541,451.3767482000277,451.5190011828182,8930162
2025-03-12 13:00:00,451.9687180178749,452.18847308107917,451.4780577821013,451.6978128453056,29335174
2025-03-12 14:00:00,452.0891276720632,452.3423403945605,451.4883560424338,451.74156876493106,6373269
2025-03-12 15:00:00,451.5226418068113,452.07970917117603,451.34193127352563,451.8989986378904,18619189
2025-03-13 09:30:00,451.75220721350405,452.22871220202865,451.5562724680691,452.0327774565937,9861388
2025-03-13 10:00:00,451.3327512257382,452.6125693311511,450.8676612492416,452.14747935465454,12690849
2025-03-13 11:00:00,452.1195528273734,452.2761802777211,452.0623545963247,452.2189820466724,5261459
2025-03-13 12:00:00,451.7477497833204,452.5977632603132,451.44449967540305,452.29451315239584,11532317
2025-03-13 13:00:00,451.6819797145029,453.03419368306606,451.04563270610595,452.3978466746691,6015040
2025-03-13 14:00:00,452.54807227834664,452.6185633521611,452.3609108906338,452.4314019644483,4741310
2025-03-13 15:00:00,453.0431021034226,453.3565604312476,452.11708167918664,452.43054000701164,3736843
2025-03-14 09:30:00,452.8865908723319,453.1075055029676,452.29140986351706,452.5123244941528,5254651
2025-03-14 10:00:00,452.6539833460678,452.68473508039415,452.574269229083,452.60502096340934,7535629
2025-03-14 11:00:00,452.317364293277,452.93502757649543,452.07261984614047,452.6902831293589,7797301
2025-03-14 12:00:00,452.76903365146353,452.7863406591888,452.72993824495126,452.7472452526765,11628646
2025-03-14 13:00:00,452.5211503871668,452.91121100511054,452.3646273072878,452.7546879252315,3072643
2025-03-14 14:00:00,452.3918236190539,453.39578692485435,451.94257507605266,452.9465383818531,9414668
2025-03-14 15:00:00,452.0568188835371,453.81273901231805,451.2801631688087,453.03608329758964,15788740
2025-03-17 09:30:00,453.07880848680895,453.24599628091295,453.002418351765,453.169606145869,11272657
2025-03-17 10:00:00,452.48230983908394,453.8817913516547,451.94805279508324,453.34753430765403,7444443
2025-03-17 11:00:00,453.0805729837165,453.59774791481226,452.89739989198483,453.4145748230806,5744892
2025-03-17 12:00:00,453.79242056437613,454.08887012027594,453.15412644348885,453.45057599938866,3120798
2025-03-17 13:00:00,454.00286027854537,454.31358041054284,453.18717169259725,453.4978918245947,11519748
2025-03-17 14:00:00,453.10017753183837,453.9591170561877,452.7441445939386,453.60308411828794,6747035
2025-03-17 15:00:00,453.78842965325475,453.85807067144043,453.59494958325377,453.66459060143944,8967429
2025-03-18 09:30:00,454.41832755874094,454.71974805546097,453.48110817209164,453.78252866881166,7708532
2025-03-18 10:00:00,453.15540333671686,454.19386957998046,452.77324833390844,453.81171457717204,6982614
2025-03-18 11:00:00,453.5086683916913,454.0950446251009,453.29885845603843,453.88523468944805,5224337
2025-03-18 12:00:00,454.50801826637587,454.8265249840475,453.72168000890895,454.0401867265806,22580386
2025-03-18 13:00:00,453.8743095222569,454.3629447733895,453.7057091454767,454.19434439660927,14412102
2025-03-18 14:00:00,454.5432597697281,454.7584654369366,454.0113116804086,454.2265173476171,4305354
2025-03-18 15:00:00,455.0099203003192,455.62769815592713,453.6457014306185,454.2634792862264,5890426
2025-03-19 09:30:00,453.96928366901017,454.6956382832928,453.6806088399638,454.4069634542464,8889501
2025-03-19 10:00:00,454.6275619147559,454.7536123526883,454.3276120639784,454.4536625019108,7449142
2025-03-19 11:00:00,454.6013663664975,454.60730094110846,454.58476998553493,454.5907045601459,21687306
2025-03-19 12:00:00,454.64246853106056,454.71000686525304,454.61651028463456,454.68404861882703,12058687
2025-03-19 13:00:00,454.4043137195675,454.92386774098867,454.2132519724732,454.7328059938944,3623876
2025-03-19 14:00:00,454.8475079771465,454.930659264515,454.6687741570366,454.75192544440506,2247022
2025-03-19 15:00:00,455.14915872034,455.3934674824485,454.5654532318023,454.8097619939108,6866920
2025-03-20 09:30:00,455.2442420134355,455.4971876917322,454.55270826440693,454.80565394270366,3289876
2025-03-20 10:00:00,453.8684366071632,455.681921636003,453.1566774521145,454.9701624809543,20192071
2025-03-20 11:00:00,454.86572469192765,455.2010088967094,454.7337343130162,455.069018517798,18150185
2025-03-20 12:00:00,455.3604810295805,455.4414108386613,455.1101760206988,455.1911058297796,12598492
2025-03-20 13:00:00,454.7418662000998,455.6163958927277,454.42336041597184,455.29789010859974,19488569
2025-03-20 14:00:00,456.24292350217803,456.97480720542717,454.58228839216287,455.314172095412,1724365
2025-03-20 15:00:00,455.15633590714833,455.5536960663488,454.9710493564815,455.36840951568195,11631111
2025-03-21 09:30:00,455.79290010566314,456.06851693564556,455.19416982945074,455.46978665943317,16696955
2025-03-21 10:00:00,454.9856374633874,455.7834293138709,454.72035447306104,455.51814632354456,7418463
2025-03-21 11:00:00,455.1372844146534,455.9288507030563,454.7797082109946,455.57127449939753,9148934
2025-03-21 12:00:00,454.9780117232429,455.87474151548645,454.67806117222557,455.5747909644691,3448445
2025-03-21 13:00:00,454.9514211266793,455.9043130700195,454.62379354876975,455.57668549210996,1351544
2025-03-21 14:00:00,455.4598068467299,455.90887192736227,455.31059145820007,455.7596565388324,9303847
2025-03-21 15:00:00,456.3943224853854,456.78801376332643,455.55028483845246,455.9439761163935,20269920
2025-03-24 09:30:00,456.17485108950086,456.28359726963464,455.8473017136585,455.9560478937923,4988529
2025-03-24 10:00:00,456.0355936643844,456.0452649195275,456.0083964271411,456.0180676822842,13484373
2025-03-24 11:00:00,456.46910339263997,456.74312694903296,455.8184797646824,456.0925033210754,4717942
2025-03-24 12:00:00,456.2100623223465,456.24936925388334,456.1033752668084,456.14268219834526,9458310
2025-03-24 13:00:00,455.4467289311316,456.74140884880245,454.86848698025983,456.1631668979307,4738216
2025-03-24 14:00:00,455.9666907161392,456.40664025366243,455.8252661790585,456.2652157165817,11648667
2025-03-24 15:00:00,456.32269781273516,456.3397717498777,456.2865520565981,456.30362599374064,3566393
2025-03-25 09:30:00,456.7976618474603,457.14839479930527,456.01884727691885,456.3695802287638,10720578
2025-03-25 10:00:00,456.4561521376343,456.4626549825448,456.4371734938714,456.44367633878187,13944154
2025-03-25 11:00:00,456.41251144969266,456.502029982284,456.37669460305773,456.46621313564907,8326084
2025-03-25 12:00:00,456.58808367388934,456.64399874582324,456.42313399428116,456.47904906621505,2935098
2025-03-25 13:00:00,455.62555115313864,457.42310361184497,454.7894367987125,456.5869892574188,5614311
2025-03-25 14:00:00,456.24050724761673,456.9558247889447,455.9408890480412,456.65620658936916,13179519
2025-03-25 15:00:00,457.1985859233074,457.5140437699409,456.3568820827271,456.6723399293606,3489103
2025-03-26 09:30:00,456.75018601853475,456.869907784106,456.70355668847435,456.8232784540456,25090696
2025-03-26 10:00:00,456.8581058511586,457.08365291540116,456.76205655767814,456.9876036219207,24565666
2025-03-26 11:00:00,457.51032282646236,457.928423140204,456.58552011955874,457.0036204333004,2614249
2025-03-26 12:00:00,457.7330203722552,458.2321737860175,456.5096663741924,457.0088197879547,4335827
2025-03-26 13:00:00,457.10222737806515,457.1244440401424,457.0446263543673,457.0668430164446,3617180
2025-03-26 14:00:00,457.1121242062175,457.15976430109487,457.09140623877056,457.1390463336479,2866991
2025-03-26 15:00:00,456.4184344167552,457.74056267305167,455.83942182791117,457.16155008420765,8457598
2025-03-27 09:30:00,457.1385626417052,457.3655113552404,457.0516342001446,457.27858291367977,6320019
2025-03-27 10:00:00,458.05710640393903,458.6527443323283,456.7061378202051,457.30177574859437,1792162
2025-03-27 11:00:00,457.4400232452673,457.5149594265694,457.19989352840173,457.27482970970385,7841018
2025-03-27 12:00:00,457.15329717336675,457.5756555341548,456.9661497692262,457.38850813001426,10632477
2025-03-27 13:00:00,458.46346525467743,459.03348915774166,456.925347739787,457.49537164285124,14464488
2025-03-27 14:00:00,457.38081542061377,457.54173311983203,457.3144588258833,457.4753765251016,3678370
2025-03-27 15:00:00,457.08017134243215,457.94791417685036,456.7077177979766,457.5754606323948,13354080
2025-03-28 09:30:00,457.4961722806433,457.8146760681509,457.37403170767016,457.69253549517776,6658686
2025-03-28 10:00:00,458.2794636850722,458.53275235379425,457.5237919848642,457.77708065358627,15440069
2025-03-28 11:00:00,458.2115906219479,458.4131398873062,457.7108305894943,457.91237985485265,19694646
2025-03-28 12:00:00,457.7746124520369,458.0744433838151,457.64221212430056,457.9420430560788,2661869
2025-03-28 13:00:00,458.5294217953973,459.00397738535617,457.470606278258,457.94516186821687,5136938
2025-03-28 14:00:00,458.2365236960714,458.44099594221444,457.79882552381304,458.0032977699561,9033365
2025-03-28 15:00:00,457.5599009813029,458.3217695457952,457.2817666010944,458.04363516558664,8132290
2025-03-31 09:30:00,457.72695547753034,458.24285420144736,457.5414342841338,458.0573330080508,3813568
2025-03-31 10:00:00,458.7421004255298,459.29299960277206,457.57096609908655,458.1218652763288,4598953
2025-03-31 11:00:00,458.011114480829,458.344035433598,457.87432463456173,458.2072455873307,7045382
2025-03-31 12:00:00,458.06570191813245,458.4044981867003,457.94551182801433,458.2843080965822,15908723
2025-03-31 13:00:00,457.37440246658736,459.228964965033,456.5267639694449,458.3813264678906,9129211
2025-03-31 14:00:00,458.02606526808455,458.68648069314287,457.8139720145204,458.4743874395787,7557761
2025-03-31 15:00:00,459.3626608866444,459.8657533267683,458.1395721204302,458.6426645605541,19611071
2025-04-01 09:30:00,458.52274526396303,458.9084245150998,458.3644260977079,458.75010534884467,11902388
2025-04-01 10:00:00,458.71421338636486,458.72225514193593,458.7105845756751,458.7186263312462,7872861
2025-04-01 11:00:00,458.3243576536574,459.16957901181917,458.0290361753759,458.8742575335377,20985606
2025-04-01 12:00:00,459.2700060240195,459.5998790324807,458.53072629516134,458.86059930362256,3987308
2025-04-01 13:00:00,459.1001899451717,459.1566165488358,458.954004460979,459.0104310646431,5492149
2025-04-01 14:00:00,459.1233002731619,459.25960606597266,459.0776971444728,459.21400293728357,30949727
2025-04-01 15:00:00,459.7262255267835,460.10233356825665,458.8203976773115,459.1965057187847,6524621
2025-04-02 09:30:00,460.16739945411916,460.7900814874071,458.7138258873971,459.33650792068505,16411643
2025-04-02 10:00:00,459.5373818328872,459.6844651625794,459.22133331431934,459.3684166440115,9028441
2025-04-02 11:00:00,459.2783772952682,459.801410863966,459.0682555707252,459.591289139423,33465447
2025-04-02 12:00:00,459.88421134017347,460.066628065839,459.4755156575398,459.6579323832053,11997762
2025-04-02 13:00:00,460.2019346351166,460.4824982083899,459.53029199429255,459.8108555675659,8118701
2025-04-02 14:00:00,460.63014604825736,461.1121492862203,459.3986175764119,459.8806208143748,8269754
2025-04-02 15:00:00,460.4143093028027,460.72114061745515,459.69479624483705,460.0016275594895,20476779
2025-04-03 09:30:00,460.15132904449695,460.1839730626294,460.0492663821712,460.0819104003036,12360358
2025-04-03 10:00:00,459.98574357346206,460.1235556815735,459.93098074433635,460.0687928524478,1343272
2025-04-03 11:00:00,460.2887987898202,460.33146585630953,460.1946578377983,460.2373249042876,10503327
2025-04-03 12:00:00,459.6480114576307,460.78033382535733,459.2309141051503,460.36323647287696,17188220
2025-04-03 13:00:00,460.79501830526357,461.02229807567267,460.24478960116187,460.47206937157097,7388534
2025-04-03 14:00:00,460.6453550389901,460.71778505834817,460.4330472505663,460.50547726992437,1961296
2025-04-03 15:00:00,460.9828588128664,461.2673106392817,460.28403302796534,460.5684848543806,8137034
2025-04-04 09:30:00,461.16910690054056,461.4454869457617,460.40280945024284,460.67918949546396,10345945
2025-04-04 10:00:00,460.35108421132423,461.1665936910531,460.00215989710154,460.8176693768304,19475567
2025-04-04 11:00:00,460.85749573689037,460.85833946013287,460.855666606012,460.8565103292545,5138327
2025-04-04 12:00:00,460.68230292803605,461.00803698370817,460.5748178269191,460.90055188259123,5557252
2025-04-04 13:00:00,461.0332855240286,461.1108401347928,460.82194991696633,460.8995045277305,5551982
2025-04-04 14:00:00,460.0217434337994,461.5862104510911,459.48877191780133,461.0532389350931,9956860
2025-04-04 15:00:00,461.08993778735385,461.28384349427995,461.0113486613438,461.2052543682699,24082123
2025-04-07 09:30:00,461.7563587354306,462.09576757808355,460.9642964569172,461.3037052995702,10597017
2025-04-07 10:00:00,461.17320860721446,461.37145297097146,461.10770322428135,461.30594758803835,6073411
2025-04-07 11:00:00,461.2211379285158,461.38954618795884,461.1665486193893,461.3349568788323,6478429
2025-04-07 12:00:00,460.7781155989663,461.95709146597505,460.3218983240422,461.50087419105097,17078371
2025-04-07 13:00:00,461.9887696842712,462.3192649508531,461.22489154177606,461.555386808358,4285616
2025-04-07 14:00:00,462.0634768547139,462.4189728687922,461.2574512099709,461.6129472240492,3757114
2025-04-07 15:00:00,461.61280242871044,461.9901690551026,461.4537399632682,461.8311065896604,32607803
2025-04-08 09:30:00,461.79389879787254,462.17981022808095,461.6213833404442,462.0072947706526,7285400
2025-04-08 10:00:00,461.8963424195069,462.08518929444296,461.8077558366476,461.99660271158365,4524770
2025-04-08 11:00:00,462.4222929327455,462.73811885373186,461.68160169774364,461.99742761873,2705034
2025-04-08 12:00:00,461.5797503944803,462.3997877731828,461.243523666924,462.0635610456265,13453039
2025-04-08 13:00:00,461.2520106128659,462.74097727772795,460.6767306012509,462.16569726611294,16156108
2025-04-08 14:00:00,461.451313981462,463.0365253396359,460.7210922428983,462.30630360107216,23122396
2025-04-08 15:00:00,462.3279860282332,462.48680309587735,462.2584133506297,462.41723041827385,7481608
2025-04-09 09:30:00,462.98600387652345,463.3546730305921,462.1284149130229,462.4970840670915,13911419
2025-04-09 10:00:00,462.8110878090258,462.9040361227235,462.55301417807317,462.64596249177083,14343678
2025-04-09 11:00:00,463.08249990002315,463.43404368947114,462.3007206307828,462.6522644202308,3824844
2025-04-09 12:00:00,461.6969072089334,463.31252435643586,461.07227357647776,462.6878907239802,8723993
2025-04-09 13:00:00,463.1320510528604,463.3771985878619,462.4942109867223,462.73935852172383,7802433
2025-04-09 14:00:00,461.6866788799231,463.4645780157136,460.90831734514353,462.68621648093404,7590807
2025-04-09 15:00:00,462.4353099178102,463.11168270525104,462.1540651247207,462.8304379121616,23057718
2025-04-10 09:30:00,463.0538434114486,463.10872946397797,462.8814632685432,462.93634932107256,14981588
2025-04-10 10:00:00,463.48749754102727,463.83013990269353,462.73809084499146,463.0807332066577,18443456
2025-04-10 11:00:00,463.20693003508933,463.26081199872385,463.0817073446556,463.13558930829015,11324005
2025-04-10 12:00:00,463.5079129613539,463.7265352701687,462.9145180820866,463.1331403909014,5083541
2025-04-10 13:00:00,463.7694952100477,464.1035498007577,462.94823095932406,463.2822855500341,18070858
2025-04-10 14:00:00,463.97216527430294,464.5041530759676,462.7936175777946,463.32560537945926,2837942
2025-04-10 15:00:00,463.21860846231897,463.56595184729605,463.0899762273986,463.4373196123757,14498799
2025-04-11 09:30:00,462.2637822740425,464.51765472223326,461.326970046524,463.5808424947148,10965999
2025-04-11 10:00:00,462.8640713566721,464.350708291452,462.1839674433242,463.6706043781041,4552479
2025-04-11 11:00:00,463.483709890644,463.9838711936973,463.28705648781676,463.7872177908701,13670524
2025-04-11 12:00:00,464.1771396972378,464.3820014162263,463.6431547804984,463.84801649948685,4048712
2025-04-11 13:00:00,463.7232400954606,463.9851797239598,463.62824601963655,463.89018564813574,9741736
2025-04-11 14:00:00,463.74951979848726,464.1600915755763,463.6019108844832,464.0124826615722,20161116
2025-04-11 15:00:00,464.4250069838596,464.54673634044997,464.08163697104624,464.2033663276366,19407369
2025-04-14 09:30:00,464.40489660774733,464.50826704297367,464.1730333284276,464.27640376365395,4352256
2025-04-14 10:00:00,464.33781489914185,464.3501863260461,464.3089468042237,464.321318231128,2200628
2025-04-14 11:00:00,464.5789887961305,464.6866130445588,464.2986950313646,464.4063192797929,13436994
2025-04-14 12:00:00,464.6733682550922,464.8112237843547,464.27897684741305,464.41683237667553,3432131
2025-04-14 13:00:00,464.88749831916226,465.17082550699195,464.20002027957105,464.48334746740073,10858741
2025-04-14 14:00:00,464.72688817976535,464.82596810468056,464.5120936231574,464.6111735480726,20526307
2025-04-14 15:00:00,464.0739356975171,464.92409533702397,463.73802558510835,464.58818522461524,3015726
2025-04-15 09:30:00,465.1067937094496,465.25707553443965,464.67011550911485,464.8203973341049,19190262
2025-04-15 10:00:00,465.3566096558462,465.6678837186133,464.55502823128296,464.86630229405006,7358641
2025-04-15 11:00:00,465.1021851844785,465.15944804725495,464.9713097664878,465.02857262926426,22054160
2025-04-15 12:00:00,464.44197675604266,465.52821645779704,463.9893111149226,465.075550816677,10957950
2025-04-15 13:00:00,465.0531860276422,465.31240171039553,464.9687935127915,465.2280091955448,18836069
2025-04-15 14:00:00,465.2490480664233,465.40314749860755,465.1942973845285,465.34839681671275,17380054
2025-04-15 15:00:00,465.6950331708316,465.8336873226835,465.3652700635486,465.5039242154005,23939288
2025-04-16 09:30:00,465.24600930208453,465.87988679728835,464.98276363680634,465.61664113201016,11952063
2025-04-16 10:00:00,465.63457062385993,465.81253394519376,465.5728053677211,465.75076868905495,6642559
2025-04-16 11:00:00,466.3467054930477,466.6756768940876,465.4965770519332,465.82554845297307,3505618
2025-04-16 12:00:00,465.8738884915902,465.93841599811213,465.7215399232931,465.78606742981503,3413172
2025-04-16 13:00:00,465.67220866667407,466.00914404676035,465.54461886999036,465.88155425007665,4301209
2025-04-16 14:00:00,466.84495366894384,467.4357353085368,465.32858138087977,465.9193630204727,4841102
2025-04-16 15:00:00,466.26568653439466,466.3943688495416,465.8984678943544,466.0271502095013,11245602
2025-04-17 09:30:00,466.18499284511205,466.32854318300036,465.85834775385666,466.001898091745,5742306
2025-04-17 10:00:00,465.24632533743716,466.7929828073996,464.5770900659263,466.12374753588875,18902531
2025-04-17 11:00:00,465.9493894502193,466.3369472660917,465.7923933445535,466.1799511604259,12494553
2025-04-17 12:00:00,467.023510736765,467.5656167607626,465.685557582043,466.2276636060406,11367391
2025-04-17 13:00:00,465.4182477367129,466.90180445685,464.73290004494294,466.21645676508007,3322129
2025-04-17 14:00:00,466.16371460527546,466.4340168204329,466.07468459390316,466.3449868090606,14759953
2025-04-17 15:00:00,466.9877426865202,467.3165485001004,466.0096605348444,466.33846634842456,1581812
2025-04-18 09:30:00,465.84604752397416,466.80712595042723,465.44548164165934,466.4065600681124,2621949
2025-04-18 10:00:00,461.7424944674313,467.4377597454904,466.06673201427316,466.3599194121056,13526614
2025-04-18 11:00:00,471.0235186062267,466.5131072155376,466.0737048405876,456.89281304803984,17292502
2025-04-18 12:00:00,467.1781558603855,467.5582673137297,466.0066724548478,466.38678390819194,3237662
2025-04-18 13:00:00,466.06232101183457,466.36698524662205,465.94455120924647,466.24921544403395,7177196
2025-04-18 14:00:00,466.10507272203745,466.30419045149387,466.0312681541127,466.2303858835691,4816796
2025-04-18 15:00:00,466.81747868287226,467.5429673925673,465.25740726740185,465.98289597709686,29491694
2025-04-21 09:30:00,466.2971778628189,466.5456021377909,465.56147291019437,465.8098971851664,12662748
2025-04-21 10:00:00,465.6269260343917,465.79281031599584,465.5640462239693,465.7299305055734,5376219
2025-04-21 11:00:00,465.4606144480111,465.8823360878759,465.2790236906481,465.7007453305129,2027349
2025-04-21 12:00:00,466.1684842779147,466.6301786722362,465.1257764788737,465.58747087319523,7109044
2025-04-21 13:00:00,465.166877329685,465.6770954965874,465.00268480067894,465.51290296758134,11735147
2025-04-21 14:00:00,464.87381917895596,465.7435905269141,464.5226934270711,465.3924647750292,15029921
2025-04-21 15:00:00,464.9513226469971,465.6506141613581,464.643715022454,465.343006536815,11174457
2025-04-22 09:30:00,465.5683524087921,465.7625411116581,465.04816808622434,465.2423567890903,8883256
2025-04-22 10:00:00,464.81844006088795,465.3726696477554,464.58297030638147,465.1371998932489,5769243
2025-04-22 11:00:00,464.67673369760877,465.27770912351303,464.46054435898174,465.061519784886,8679000
2025-04-22 12:00:00,466.2259390635713,467.1074564994643,464.0772647514744,464.95878218736743,9052422
2025-04-22 13:00:00,465.1129091711101,465.2700061546598,464.7483257037024,464.9054226872521,11721504
2025-04-22 14:00:00,464.9095269366048,464.9323437074604,464.85314408042024,464.87596085127586,7333561
2025-04-22 15:00:00,464.489239258925,465.02778200659657,464.2571753907135,464.79571813838504,5240745
2025-04-23 09:30:00,464.59759033846484,464.80289377505676,464.52831618650765,464.73361962309957,4179519
2025-04-23 10:00:00,464.9907862773828,465.17649924763185,464.45199763341,464.637710603659,14911963
2025-04-23 11:00:00,464.61810767782595,464.64939015226344,464.5286296645965,464.559912139034,5426984
2025-04-23 12:00:00,464.8400857528854,465.07305950672645,464.26450411053526,464.4974778643763,10371105
2025-04-23 13:00:00,464.44496017049715,464.53001825843296,464.40486927659447,464.4899273645303,5398187
2025-04-23 14:00:00,464.709654755825,464.9197767674069,464.2243817989181,464.4345038105,5709688
2025-04-23 15:00:00,464.23768786704767,464.2993977668259,464.2117434491827,464.2734533489609,10640689
2025-04-24 09:30:00,464.09506183722084,464.2301678595946,464.0365971746113,464.17170319698505,13089940
2025-04-24 10:00:00,464.31448829310335,464.52563017908716,463.8390812472565,464.0502231332403,12063406
2025-04-24 11:00:00,463.45310126733744,464.234918694593,463.18383105767197,463.9656484849275,15046840
2025-04-24 12:00:00,463.90568312500795,463.9427560184564,463.80962765814235,463.8467005515908,20376568
2025-04-24 13:00:00,462.7919362498178,464.27568393811555,462.2157798867348,463.69952757503256,11344232
2025-04-24 14:00:00,463.8864871489846,464.1193273706199,463.24841951413754,463.4812597357728,33679664
2025-04-24 15:00:00,463.89681177470294,464.3100944534035,463.0233446502591,463.4366273289597,8450847
2025-04-25 09:30:00,464.66387424639873,465.7259701993104,462.33426125982453,463.3963572127362,3691376
2025-04-25 10:00:00,463.7798649537877,464.1093026574196,463.0327735163939,463.3622112200258,4999155
2025-04-25 11:00:00,463.22858117239605,463.3624683212559,463.1663694834476,463.3002566323075,10852138
2025-04-25 12:00:00,463.2613478109371,463.3132145327224,463.2385411227912,463.2904078445765,1543060
2025-04-25 13:00:00,463.44287985830954,463.5646101528676,463.0599345023909,463.18166479694895,6074014
2025-04-25 14:00:00,462.79197562877675,463.30629464156726,462.57476214007806,463.0890811528686,16987833
2025-04-25 15:00:00,463.59534732050105,464.02438250749486,462.5061386942391,462.9351738812329,15817459
2025-04-28 09:30:00,462.8368330576274,462.87806185207427,462.74953745123037,462.7907662456772,18454048
2025-04-28 10:00:00,461.93056438136693,463.06253970311866,461.5169612904973,462.64893661224903,7643316
2025-04-28 11:00:00,462.9564606305406,463.1454102917393,462.45353615023606,462.64248581143477,2555201
2025-04-28 12:00:00,462.29101487268497,462.67592483893395,462.166059070684,462.550969036933,8360559
2025-04-28 13:00:00,461.7039711990106,463.27375550516865,460.9854073269488,462.55519163310686,5788289
2025-04-28 14:00:00,462.9226630118819,463.1882058923068,462.2732037824471,462.53874666287203,2252122
2025-04-28 15:00:00,462.1129414048793,462.74182195940955,461.83296933563304,462.4618498901633,15650867
2025-04-29 09:30:00,462.6096678087534,462.72794657035786,462.2458655136724,462.3641442752769,18090830
2025-04-29 10:00:00,461.9920684869734,462.44793644580045,461.7786897166644,462.2345576754915,17969752
2025-04-29 11:00:00,462.4285391431262,462.62965719236286,461.9170690522148,462.11818710145144,10004930
2025-04-29 12:00:00,462.0422448140307,462.0578845579435,461.99954120818705,462.01518095209985,4626966
2025-04-29 13:00:00,461.43132853598644,462.3999865315784,461.01135441955824,461.9800124151502,8676455
2025-04-29 14:00:00,462.2825980436806,462.6219963928975,461.48485705890766,461.82425540812454,23802476
2025-04-29 15:00:00,461.8693619571418,461.99442645677055,461.5425198036828,461.66758430331157,12214637
2025-04-30 09:30:00,461.48398847983407,461.68112737233173,461.39190623626774,461.5890451287654,9361289
2025-04-30 10:00:00,461.59573364511,461.59832713584535,461.5893186880801,461.59191217881545,6083344
2025-04-30 11:00:00,462.144523777487,462.53253173675193,461.0331699502293,461.42117790949425,26166154
2025-04-30 12:00:00,461.8188384339777,462.15498137497895,461.0696017335979,461.40574467459913,5217899
2025-04-30 13:00:00,461.65466078832026,461.88230228684256,461.1145934124995,461.3422349110218,8380035
2025-04-30 14:00:00,461.51743776097976,461.66590052592994,461.130271828934,461.27873459388417,4583801
2025-04-30 15:00:00,461.7302755307624,462.1176435937733,460.8052140071584,461.1925820701693,12318972
2025-05-01 09:30:00,461.2670944218355,461.3080803134951,461.17292841244955,461.21391430410915,3288896
2025-05-01 10:00:00,461.3675040938701,461.50503305671,461.01370004966446,461.15122901250436,3643319
2025-05-01 11:00:00,461.68019777664824,461.94045803367476,460.8721173564062,461.1323776134327,4057546
2025-05-01 12:00:00,461.23147300333915,461.3218511985422,460.97470629466017,461.06508448986324,13067981
2025-05-01 13:00:00,460.9656744413039,461.07384222039667,460.92935691505903,461.0375246941518,8723939
2025-05-01 14:00:00,461.90223351747295,462.6205046189956,460.25309285907446,460.9713639605971,6743505
2025-05-01 15:00:00,461.4305459327907,461.8598146636497,460.37964559520606,460.808914326065,7351223
2025-05-02 09:30:00,460.2141401870697,461.2853017480582,459.7217951236326,460.7929566846211,6740396
2025-05-02 10:00:00,460.7121110996232,460.73424912171515,460.6588981359378,460.68103615802977,15804112
2025-05-02 11:00:00,461.0237375533346,461.43483804216424,460.13662996831647,460.5477304571461,4057733
2025-05-02 12:00:00,460.50088353023557,460.5048251340798,460.4993305114292,460.50327211527343,8440922
2025-05-02 13:00:00,459.6762374568715,461.15665631688717,459.0292469826607,460.5096658426764,5127803
2025-05-02 14:00:00,461.11427020511695,461.5071780626075,460.06939450241845,460.462302359909,5598953
2025-05-02 15:00:00,460.38920777892025,460.3915473733438,460.38358472607666,460.38592432050024,3385995
2025-05-05 09:30:00,460.6105491198117,460.86544162516225,460.03186692327154,460.2867594286221,13639937
2025-05-05 10:00:00,460.0715490816949,460.2073500975752,460.0195129341654,460.1553139500457,14732968
2025-05-05 11:00:00,460.40762614040796,460.6375510297732,459.83132196788847,460.0612468572537,9297275
2025-05-05 12:00:00,459.5846643578558,460.2907586170495,459.3362730682161,460.0423673274098,7125102
2025-05-05 13:00:00,459.49910170796403,460.17292080170796,459.240077637893,459.91389673163695,16835979
2025-05-05 14:00:00,459.7982333272379,459.8373160522085,459.6928227793875,459.7319055043581,5533182
2025-05-05 15:00:00,461.41346772447736,462.39122330781066,458.5918895800628,459.5696451633961,18791882
2025-05-06 09:30:00,458.8133807496774,459.8126603191848,458.41497424167,459.4142538111774,23796276
2025-05-06 10:00:00,459.59224553536393,459.9098727688776,458.89337378130097,459.21100101481466,11946913
2025-05-06 11:00:00,459.0824250103835,459.1211437626204,459.06910434916955,459.1078231014065,5917595
2025-05-06 12:00:00,458.2656397020639,459.71980403352944,457.625400391931,459.0795647233966,5732785
2025-05-06 13:00:00,458.7436875431606,459.1168404661469,458.5691359924439,458.9422889154302,12476925
2025-05-06 14:00:00,459.22015938708887,459.4591160706492,458.4952434696068,458.73420015316714,28658113
2025-05-06 15:00:00,459.8741408572304,460.764965466716,457.74651065898956,458.63733526847517,6314978
2025-05-07 09:30:00,459.1014061186147,459.59779269942464,458.02394743548643,458.5203340162964,13539324
2025-05-07 10:00:00,458.7524558038057,458.931707412919,458.2390354867169,458.41828709583024,12507942
2025-05-07 11:00:00,458.412748481301,458.5062993277918,458.1527277416699,458.2462785881607,11680536
2025-05-07 12:00:00,458.4997571305757,458.7244297426063,457.85403360403654,458.07870621606713,24296059
2025-05-07 13:00:00,456.9687602107032,458.8917667449146,456.09359915783796,458.0166056920494,6699660
2025-05-07 14:00:00,457.07076336473085,458.7956034305771,456.3140047859731,458.03884485181936,8896392
2025-05-07 15:00:00,457.8921360154208,457.901498223322,457.87194094227175,457.8813031501729,9860026
2025-05-08 09:30:00,457.79758994294247,457.8200772247374,457.74522876577186,457.7677160475668,9943551
2025-05-08 10:00:00,457.38668818445535,457.8713129328024,457.1947273311388,457.67935207948585,12702787
2025-05-08 11:00:00,457.3520824079686,457.7992224983991,457.1715398513141,457.6186799417446,12722911
2025-05-08 12:00:00,457.3101577474934,457.6839371673326,457.1849606024553,457.5587400222945,2404846
2025-05-08 13:00:00,457.32041429994473,457.87119499220216,457.1448337247605,457.6956144170179,12455980
2025-05-08 14:00:00,458.0542599700987,458.2991500960141,457.3956970552251,457.6405871811405,13125784
2025-05-08 15:00:00,457.72571445276304,457.7421253468022,457.71905753527653,457.7354684293157,3727271
2025-05-09 09:30:00,458.1292413035024,458.2658615766351,457.75727975493254,457.8939000280652,10057022
2025-05-09 10:00:00,458.13060668426715,458.1989695200125,457.9184132118777,457.98677604762304,3516791
2025-05-09 11:00:00,458.33753817168724,458.51923220270766,457.8947456756431,458.0764397066635,15440318
2025-05-09 12:00:00,458.397414148364,458.4980073564619,458.09352466289107,458.194117870989,9748730
2025-05-09 13:00:00,458.9597564459454,459.4085440859007,457.97497530145984,458.42376294141513,26294474
2025-05-09 14:00:00,457.9563103759005,458.9629337910896,457.5377453206231,458.5443687358122,14893445
2025-05-09 15:00:00,458.7330360494537,458.8064085936785,458.5536036579718,458.6269762021966,9409533
2025-05-12 09:30:00,458.4452929188343,458.9343156046405,458.27365096608634,458.76267365189256,14557899
2025-05-12 10:00:00,459.5327416440985,459.9721652386806,458.3410131819133,458.7804367764954,4235473
2025-05-12 11:00:00,458.07502295199953,459.4485459768175,457.49660210615934,458.8701251309773,16383135
2025-05-12 12:00:00,458.8220392509591,458.9849760330958,458.74517148484506,458.90810826698174,2714738
2025-05-12 13:00:00,458.2141127355386,459.41930512930463,457.830551687269,459.03574408103503,14947559
2025-05-12 14:00:00,459.3847589988273,459.6373301453176,458.8254105804939,459.0779817269842,9203400
2025-05-12 15:00:00,459.9661512810686,460.48094123790895,458.5099364881744,459.0247264450147,6935743
2025-05-13 09:30:00,458.753950165798,459.35496191006916,458.4901410956033,459.09115283987444,9684556
2025-05-13 10:00:00,459.71141845162305,460.270570765048,458.52363636527565,459.0827886787006,2444743
2025-05-13 11:00:00,458.47722916272477,459.8056137086555,457.9130871965822,459.24147174251294,21584638
2025-05-13 12:00:00,458.9713668699981,459.46587862925867,458.76374561338696,459.2582573726475,3457925
2025-05-13 13:00:00,459.6026780892854,459.7080556798845,459.2760612748557,459.3814388654548,21098631
2025-05-13 14:00:00,459.01789152154265,459.6899630164025,458.7034427116318,459.37551420649163,2762300
2025-05-13 15:00:00,459.4708821027923,459.54774712238583,459.44464331903964,459.52150833863317,6901485
2025-05-14 09:30:00,459.42676198805316,459.7920485580765,459.2746714447881,459.63995801481144,12085176
2025-05-14 10:00:00,459.68523179136207,459.71256639043025,459.6748151763106,459.70214977537876,7570073
2025-05-14 11:00:00,459.6531107350602,459.76415593107447,459.6109575245828,459.72200272059706,7576366
2025-05-14 12:00:00,459.8652763957132,459.8931799802743,459.85422687660184,459.88213046116294,14091266
2025-05-14 13:00:00,460.24761682546335,460.5486717224761,459.58758138260845,459.8886362796212,4648913
2025-05-14 14:00:00,459.8727600961749,460.08776441828445,459.7844246629301,459.9994289850397,20227780
2025-05-14 15:00:00,459.74751955362774,460.3208924882176,459.56208702847636,460.13545996306624,11389475
2025-05-15 09:30:00,460.3562453966874,460.4427093610151,460.12093521025844,460.2073991745861,9795156
2025-05-15 10:00:00,459.6772118742268,460.82487538343776,459.2123012383307,460.35996474754165,14272520
2025-05-15 11:00:00,461.0543014689024,461.3799815391836,460.13901297814795,460.4646930484291,5657319
2025-05-15 12:00:00,459.55290367511066,460.97905298741864,459.0945428284215,460.52069214072947,11901346
2025-05-15 13:00:00,460.3627893300845,460.93063886282494,460.09496540614106,460.66281493888147,5255175
2025-05-15 14:00:00,460.27292848786743,460.9690669131742,460.0510915768129,460.74723000211964,7240449
2025-05-15 15:00:00,460.1594104575178,461.3548016768281,459.60288264348924,460.79827386279953,2365061
2025-05-16 09:30:00,460.01117539421256,461.4895294739672,459.44249712804054,460.9208512077952,14754999
2025-05-16 10:00:00,460.9622677868915,461.25419071327127,460.84521887006525,461.137141796445,7138734
2025-05-16 11:00:00,461.24950119216135,461.3278558211551,461.0353847126003,461.11373934159406,5856602
2025-05-16 12:00:00,461.87030199882713,462.43300370688223,460.62076414910916,461.18346585716426,8348259
2025-05-16 13:00:00,460.9260293113218,461.5372876734482,460.7268226702573,461.3380810323837,6753432
2025-05-16 14:00:00,461.0898591119781,461.69631326593674,460.8051396122208,461.4115937661794,6282761
2025-05-16 15:00:00,461.432584060776,461.48062164526425,461.41753052207366,461.46556810656193,10897710
2025-05-19 09:30:00,461.24324969901687,461.98262644858175,460.9192713089756,461.6586480585405,14130772
2025-05-19 10:00:00,461.5153636255128,461.8524617357939,461.40439176859667,461.74148987887776,3208513
2025-05-19 11:00:00,462.3674141458522,462.8657091073594,461.2442731669452,461.74256812845243,3399593
2025-05-19 12:00:00,462.408403588717,462.7597541695169,461.4735030567463,461.8248536375462,7703834
2025-05-19 13:00:00,461.4917926851326,462.15895672279373,461.2224542697445,461.8896183074056,13583270
2025-05-19 14:00:00,461.9147226910861,461.98781010576374,461.8815702865418,461.9546577012194,11578898
2025-05-19 15:00:00,462.5567848505312,463.0054668478406,461.575627295801,462.0243092931104,2582431
2025-05-20 09:30:00,461.6380282547603,462.4306359625867,461.37680060516857,462.16940831299496,19595015
2025-05-20 10:00:00,461.4433734223327,463.04994630790463,460.74284329245427,462.3494161780262,28164718
2025-05-20 11:00:00,462.7565183823607,462.8519230453576,462.5008627628286,462.5962674258255,15604610
2025-05-20 12:00:00,461.6731418726589,463.52127571395573,460.875384781997,462.72351862329384,4347175
2025-05-20 13:00:00,462.9144525170906,462.9757386051285,462.72320221069344,462.78448829873145,6509091
2025-05-20 14:00:00,463.5226080156003,464.05907994864066,462.3161444073963,462.8526163404366,13221873
2025-05-20 15:00:00,463.2131923528766,463.4083562035115,462.76528880853255,462.96045265916746,3773065
2025-05-21 09:30:00,462.6780762761972,463.17229037137326,462.51805196464215,463.0122660598182,6119579
2025-05-21 10:00:00,462.85824279868405,463.3106059456586,462.6905009526949,463.14286409966945,9166799
2025-05-21 11:00:00,462.43556720460754,463.97404044409484,461.80466186210606,463.34313510159336,20039011
2025-05-21 12:00:00,463.7644049896128,464.02524301380186,463.16703873588347,463.42787676007254,10800112
2025-05-21 13:00:00,463.44128227526596,463.4447298722752,463.4337294292373,463.43717702624656,3738554
2025-05-21 14:00:00,464.1475953400569,464.73853868764894,462.8499893281781,463.4409326757701,6253781
2025-05-21 15:00:00,463.1350468501493,463.7903819130693,462.8572014632121,463.5125365261321,10808434
2025-05-22 09:30:00,464.0781529467301,464.45822221213496,463.21989512792646,463.59996439333133,7027124
2025-05-22 10:00:00,464.0174514959172,464.27704633945194,463.358999626723,463.61859447025773,4147554
2025-05-22 11:00:00,462.5664705188958,464.7023435893044,461.7297549755169,463.8656280459255,31838728
2025-05-22 12:00:00,463.04597267319855,464.42440192240605,462.5289543144367,463.9073835636442,4583024
2025-05-22 13:00:00,463.6980856146919,464.0762583124037,463.57854797829833,463.95672067601015,2501397
2025-05-22 14:00:00,463.91827691010735,464.12114720771945,463.8478463191873,464.0507166167994,5970876
2025-05-22 15:00:00,464.9519910983757,465.4327507530085,463.64812521540176,464.1288848700346,8617668
2025-05-23 09:30:00,463.7275980424213,464.3913162327215,463.4476433773286,464.1113615676288,7405332
2025-05-23 10:00:00,464.2540310569222,464.2636064905979,464.24970115384366,464.25927658751937,24047183
2025-05-23 11:00:00,465.23326438742953,465.88243449155846,463.640421015937,464.28959112006595,3719947
2025-05-23 12:00:00,464.07123426628385,464.49456834308586,463.87075776777124,464.29409184457324,4854034
2025-05-23 13:00:00,465.51585407785393,466.3517842081917,463.4611684977565,464.29709862809426,5271070
2025-05-23 14:00:00,464.70975340766114,465.01257520077354,464.03884140593306,464.34166319904546,10837741
2025-05-23 15:00:00,464.8390116981751,465.1628309282091,464.071412030519,464.395231260553,12439033
2025-05-26 09:30:00,464.07652650259473,464.76427946690524,463.7557038378447,464.4434568021552,10802791
2025-05-26 10:00:00,464.6664130080662,464.8010412497156,464.3332619092553,464.46789015090474,6163497
2025-05-26 11:00:00,464.04955721414984,464.97464460100736,463.6194859563005,464.544573343158,4393361
2025-05-26 12:00:00,464.982540631212,465.2683959898859,464.35076851103764,464.63662386971157,4596901
2025-05-26 13:00:00,464.2280768862649,465.21738968225117,463.80649148149996,464.79580427748624,5579791
2025-05-26 14:00:00,465.1714106759828,465.339759305917,464.76753185985785,464.93588048979205,20655484
2025-05-26 15:00:00,464.88209010220737,465.27279709306487,464.708090751783,465.0987977426405,13424072
2025-05-27 09:30:00,464.387274296288,465.9373176707539,463.6665011687666,465.2165445432325,8694014
2025-05-27 10:00:00,464.1972206343557,466.1626948072141,463.3503170062367,465.31579117909513,4785679
2025-05-27 11:00:00,465.8287438701409,466.0565730649783,465.1219724641092,465.3498016589466,3598629
2025-05-27 12:00:00,465.34765095693206,465.4845102820945,465.2851228780829,465.42198220324536,8011264
2025-05-27 13:00:00,465.7458525305799,465.89683820968014,465.35879879884584,465.5097844779461,14648077
2025-05-27 14:00:00,466.4079068366444,466.88313186519076,465.14097803549504,465.61620306404143,8266817
2025-05-27 15:00:00,466.1651405413024,466.46274492936493,465.3748771193186,465.6724815073812,6975794
2025-05-28 09:30:00,465.0793463646462,466.1269200670908,464.71436250887336,465.76193621131796,11137076
2025-05-28 10:00:00,465.7028857046824,466.01429645044084,465.5827044914689,465.89411523722737,4736306
2025-05-28 11:00:00,465.6432492114413,466.16450611472374,465.4462928842661,465.96754978754853,9694941
2025-05-28 12:00:00,465.7795444343783,466.2562967657119,465.56370032391106,466.0404526552447,11122524
2025-05-28 13:00:00,465.7701415810273,466.4485765301451,465.54197054134573,466.2204054904635,24712492
2025-05-28 14:00:00,465.85206299007876,466.6313236145902,465.5235321323575,466.30279275686894,16037786
2025-05-28 15:00:00,466.8106008462432,467.0070610738194,466.2064251020683,466.4028853296445,6281805
2025-05-29 09:30:00,466.6127200947515,466.6903040059412,466.4010844037402,466.47866831492985,6556455
2025-05-29 10:00:00,466.0844220218822,466.76682752803606,465.84060231948945,466.52300782564333,3878894
2025-05-29 11:00:00,466.2274986400222,466.83065208671655,466.0384307951651,466.64158424185945,12965798
2025-05-29 12:00:00,466.25906314588394,467.0543916354996,465.89299586305305,466.6883243526687,7697010
2025-05-29 13:00:00,467.1908768088813,467.44429647532235,466.54853045880577,466.80195012524683,8897126
2025-05-29 14:00:00,467.20737222492124,467.42427956904254,466.6055670399858,466.82247438410707,8545023
2025-05-29 15:00:00,466.6850861911805,466.91141767561146,466.6099888122793,466.83632029671026,3038001
2025-05-30 09:30:00,466.95177497878706,466.97394373332264,466.90035169543285,466.92252044996843,12318902
2025-05-30 10:00:00,467.416437713445,467.6830989103428,466.6510984231115,466.91775962000924,5838016
2025-05-30 11:00:00,467.16695512290755,467.27334335992197,466.9043358181012,467.0107240551156,12735728
2025-05-30 12:00:00,465.97282037980455,468.1521638798705,465.01773136746255,467.1970748675285,8742847
2025-05-30 13:00:00,468.1187662814,468.7209231843617,466.72136994673616,467.3235268496979,5169970
2025-05-30 14:00:00,467.2718709646618,467.5919490129651,467.1393818335761,467.4594598818794,9948910
2025-05-30 15:00:00,468.36847873981577,468.8777297169884,466.93637874093173,467.4456297181044,6569099
2025-06-02 09:30:00,467.14759220799823,467.73635572696327,466.9518189548326,467.54058247379766,3550380
2025-06-02 10:00:00,466.8344537091797,468.0535154462904,466.4361786624664,467.6552403995771,9544706
2025-06-02 11:00:00,467.22889012513417,468.1925813266617,466.7796549286708,467.74334613019835,15902756
2025-06-02 12:00:00,467.6837261749366,467.9291632406356,467.5702095047943,467.8156465704933,6549478
2025-06-02 13:00:00,467.34563354721104,468.20824814463515,467.02483693184405,467.88745152926816,6316016
2025-06-02 14:00:00,467.4169432643425,468.4240290565076,466.96309443335673,467.97018022552186,10570852
2025-06-02 15:00:00,468.0588165390455,468.0850452881298,468.05042091182514,468.0766496609094,10247317
2025-06-03 09:30:00,468.47567032746855,468.72499298339386,467.94445256792824,468.19377522385355,17377029
2025-06-03 10:00:00,468.79710055091687,469.2914673682765,467.75025790526604,468.2446247226257,7085814
2025-06-03 11:00:00,468.6233968223534,468.8219729247752,468.1046616610703,468.30323776349206,7148776
2025-06-03 12:00:00,467.92276411881863,468.64698691405727,467.6405399641794,468.36476275941806,11157413
2025-06-03 13:00:00,468.2061349563113,468.48591397165876,468.11597472994356,468.395753745291,8188939
2025-06-03 14:00:00,468.4597702694001,468.5247791092055,468.433606662932,468.4986155027374,18962859
2025-06-03 15:00:00,468.5769049023493,468.5888955312301,468.5453333516765,468.55732398055727,10907768
2025-06-04 09:30:00,468.64927411057147,468.6560319082233,468.6314866508867,468.63824444853856,14979816
2025-06-04 10:00:00,468.50817659550205,468.91899438133186,468.324533813955,468.7353515997848,8306158
2025-06-04 11:00:00,469.17478044185185,469.3843531865682,468.6749154030255,468.8844881477419,24161031
2025-06-04 12:00:00,468.2568723481894,469.4286921972353,467.7942343060439,468.9660541550898,13114710
2025-06-04 13:00:00,468.0187768044485,469.66858106060147,467.4521396308714,469.10194388702433,16642789
2025-06-04 14:00:00,468.5267917885915,469.51439100033076,468.2162821429678,469.2038813547071,7781048
2025-06-04 15:00:00,470.27082331602617,470.91337192977926,468.687647975826,469.3301965895791,12321263
2025-06-05 09:30:00,470.1127494723804,470.45953451702076,469.1409672015936,469.4877522462339,16371103
2025-06-05 10:00:00,469.2906129292562,469.68335084997676,469.1420733904562,469.5348113111767,8256296
2025-06-05 11:00:00,468.8094094456173,470.43041612300584,468.0693103444109,469.69031702179944,8434139
2025-06-05 12:00:00,468.3215192020596,470.5129130506018,467.5513407026332,469.7427345511754,10392472
2025-06-05 13:00:00,471.0434015963776,472.08086991616545,468.8031275197104,469.8405958394983,3571236
2025-06-05 14:00:00,470.1593634922021,470.3159758084862,469.78775317234374,469.94436548862785,17618492
2025-06-05 15:00:00,469.87848023801047,470.0583433486889,469.8063794262283,469.98624253690673,7454836
2025-06-06 09:30:00,470.1124896352901,470.1882701967308,470.08248606708304,470.15826662852373,24650744
2025-06-06 10:00:00,470.8550227346233,471.19020474538286,469.90954418298446,470.24472619374404,8978921
2025-06-06 11:00:00,470.1954246907792,470.49072185476285,470.05803105850106,470.3533282224847,16977550
2025-06-06 12:00:00,469.77251443121924,470.8667752955345,469.31682270001255,470.41108356432784,3255254
2025-06-06 13:00:00,470.1090920382247,470.86009811911657,469.7569217258895,470.5079278067814,7970253
2025-06-06 14:00:00,470.99375397290476,471.27515327041147,470.3819229794535,470.66332227696023,13574266
2025-06-06 15:00:00,470.66739359815074,470.91716813282557,470.5705636951037,470.82033822977854,17705689
2025-06-09 09:30:00,471.0307448151594,471.1108416466452,470.84180142960844,470.92189826109427,10536530
2025-06-09 10:00:00,470.6944854428066,471.14001111902945,470.5543563206677,470.99988199689057,8209170
2025-06-09 11:00:00,470.5013165234786,471.62720426841645,469.9682852681759,471.0941730131138,12247015
2025-06-09 12:00:00,471.22176251756235,471.2654238138623,471.0944348262327,471.13809612253266,10403994
2025-06-09 13:00:00,471.2564020075101,471.2720062524007,471.21021986267164,471.22582410756223,9323760
2025-06-09 14:00:00,471.1651964539257,471.5029400963527,471.0342884668366,471.37203210926356,10299454
2025-06-09 15:00:00,470.83271220202363,472.13489816927677,470.2475220217242,471.54970798897733,11044714
2025-06-10 09:30:00,471.2879442687113,471.9101902531854,471.0052484631924,471.6274944476665,3649081
2025-06-10 10:00:00,471.7357570767956,471.7919229677838,471.5983575403036,471.6545234312918,6147137
2025-06-10 11:00:00,471.70725400997424,471.8063758137697,471.6647837182666,471.7639055220621,8905065
2025-06-10 12:00:00,471.8974953814702,471.9175353123254,471.8529617136225,471.8730016444777,15286280
2025-06-10 13:00:00,471.6478989982206,472.1928114521663,471.45577513474274,472.00068758868844,18733638
2025-06-10 14:00:00,471.83149771219456,472.35264100545515,471.61272935559913,472.1338726488597,11747526
2025-06-10 15:00:00,472.1499290230334,472.2896185686953,472.0908881566886,472.2305777023505,4261484
2025-06-11 09:30:00,472.23134225846354,472.4465664318215,472.14618407523966,472.3614082485976,4426547
2025-06-11 10:00:00,472.6202835443027,472.688564989841,472.431640763246,472.49992220878426,4281488
2025-06-11 11:00:00,472.6850365851164,472.7206476851033,472.5775600215342,472.61317112152113,4724042
2025-06-11 12:00:00,472.74939200482316,472.79933471320624,472.612346071796,472.6622887801791,8780397
2025-06-11 13:00:00,472.0442334535215,473.16284108524184,471.68656834757724,472.8051759792976,5305466
2025-06-11 14:00:00,472.68566820399076,472.86073746846955,472.60977952747726,472.78484879195605,7913089
2025-06-11 15:00:00,471.7380209983184,473.63942153404355,471.01656863793994,472.9179691736651,10560162
2025-06-12 09:30:00,473.4866299758916,473.8137694025447,472.6655879310585,472.9927273577116,3446664
2025-06-12 10:00:00,474.0040846867739,474.82377983247676,472.2427990146652,473.06249416036803,7863199
2025-06-12 11:00:00,474.19384904890745,474.86606486579154,472.5624874551342,473.2347032720183,15878938
2025-06-12 12:00:00,472.95690417599667,473.5547832568021,472.7210890907563,473.3189681715618,2816426
2025-06-12 13:00:00,473.49368139876043,473.5162823740362,473.43215770725186,473.45475868252765,21984064
2025-06-12 14:00:00,472.88443808764526,473.9344605593489,472.5193636420275,473.5693861137311,14196761
2025-06-12 15:00:00,473.13166950140123,473.89069734793753,472.8839505341851,473.6429783807214,13130870
2025-06-13 09:30:00,473.6976785951157,473.7402090598067,473.6058479955683,473.6483784602593,5803653
2025-06-13 10:00:00,474.10422543144614,474.2880042401905,473.5753893944033,473.7591682031477,12040097
2025-06-13 11:00:00,473.74552266247673,473.8818809612224,473.7008725077114,473.83723080645706,10240602
2025-06-13 12:00:00,473.36515999523067,474.2718455707229,472.9676647782957,473.874350353788,3864968
2025-06-13 13:00:00,474.2860393581106,474.42731305698584,473.84634886821215,473.9876225670874,8702236
2025-06-13 14:00:00,473.57558297431365,474.3872924921723,473.2082263054931,474.0199358233518,2116426
2025-06-13 15:00:00,473.63574807754964,474.4519827236638,473.33673842814306,474.1529730742572,19685185
2025-06-16 09:30:00,474.04661045732786,474.3326583442656,473.94657990742974,474.2326277943675,13929613
2025-06-16 10:00:00,474.7857587632222,475.0689614700477,474.07337557900723,474.35657828583277,8859041
2025-06-16 11:00:00,474.1295804950654,474.65923689266367,473.95471669745314,474.4843730950514,5706050
2025-06-16 12:00:00,474.5366933094798,474.7869835204346,474.43423284314,474.6845230540948,9198700
2025-06-16 13:00:00,474.8817785596163,474.95560666890475,474.7185956491728,474.79242375846127,10149641
2025-06-16 14:00:00,474.7543917292111,475.0117390500486,474.6639229225808,474.92127024341835,5498843
2025-06-16 15:00:00,474.67329885495025,475.1349801777972,474.52472176274574,474.9864030855927,7486884
2025-06-17 09:30:00,475.01603625059715,475.01828607009463,475.01045138339896,475.01270120289644,6673675
2025-06-17 10:00:00,475.3042955141543,475.36105954469815,475.1502905665166,475.20705459706045,23919677
2025-06-17 11:00:00,475.19687254757383,475.350592879404,475.1240605424013,475.2777808742315,4957256
2025-06-17 12:00:00,475.5037115867851,475.5892018605166,475.2654371125536,475.35092738628515,6866774
2025-06-17 13:00:00,475.7627797890347,476.01490247397135,475.2198579915784,475.47198067651505,20307758
2025-06-17 14:00:00,475.4130119818065,475.58661900816924,475.34314806098195,475.5167550873447,4206797
2025-06-17 15:00:00,475.588816422074,475.5946917242523,475.574602436482,475.5804777386603,12589791
2025-06-18 09:30:00,476.1645992000311,476.53575264994606,475.20700194252254,475.5781553924375,4543545
2025-06-18 10:00:00,475.4938385132736,475.70364851863735,475.4092490967461,475.6190591021099,9529191
2025-06-18 11:00:00,475.4404005714314,475.9635540747097,475.2179279974827,475.741081500761,8676699
2025-06-18 12:00:00,475.2098337725805,475.9915295039264,474.9326263999704,475.7143221313163,6228638
2025-06-18 13:00:00,476.09963018773595,476.27113173393434,475.6909277303622,475.8624292765606,17747019
2025-06-18 14:00:00,475.7087797676975,476.080159091752,475.5698777646028,475.9412570886573,6892197
2025-06-18 15:00:00,474.8983489761334,476.9630420935893,474.0279400944894,476.0926332119453,10533338
2025-06-19 09:30:00,476.01293942848616,476.38330590591045,475.8420848830423,476.21245136046656,4606744
2025-06-19 10:00:00,475.54572024930155,476.70635111873776,475.10709786374906,476.26772873318527,8083306
2025-06-19 11:00:00,476.54281153383323,476.65589745311115,476.27332584237973,476.38641176165766,6313642
2025-06-19 12:00:00,476.98338721150975,477.32715372039905,476.2061108914018,476.5498774002911,18072787
2025-06-19 13:00:00,476.1435984988828,476.7783031305443,475.9090038707864,476.54370850244794,3343194
2025-06-19 14:00:00,476.48269810399125,476.7586197698024,476.37989024745644,476.6558119132676,16464608
2025-06-19 15:00:00,477.2334728091666,477.54660191917407,476.41306894661216,476.72619805661964,3920396
2025-06-20 09:30:00,477.41876468435333,477.79007952557794,476.4918970470641,476.86321188828873,13286032
2025-06-20 10:00:00,476.7054425870498,477.0823304682571,476.56216922680915,476.93905710801647,4879043
2025-06-20 11:00:00,476.8796077332291,477.19793545427626,476.761183811226,477.07951153227316,10544722
2025-06-20 12:00:00,477.96589127758347,478.32573327778925,476.8291627311894,477.1890047313952,16250950
2025-06-20 13:00:00,477.84691581855526,478.1084841490847,477.04550321880527,477.3070715493347,11180795
2025-06-20 14:00:00,476.9933029806706,477.6067756148092,476.79803923967944,477.41151187381803,8453997
2025-06-20 15:00:00,477.07175739903624,477.72058959668254,476.81863179348863,477.46746399113493,8212024
2025-06-23 09:30:00,477.38518194823445,477.63358064751066,477.29411452488006,477.54251322415627,10374542
2025-06-23 10:00:00,478.2244729567006,478.7304788676877,477.0957624005603,477.6017683115474,12153105
2025-06-23 11:00:00,477.62904789319674,477.7204029794216,477.5893238862558,477.6806789724806,9801472
2025-06-23 12:00:00,478.39287068840343,478.79046526603463,477.38488346511735,477.78247804274855,11843553
2025-06-23 13:00:00,477.0209101020033,478.415333698817,476.4657868372369,477.8602104340506,6998412
2025-06-23 14:00:00,477.5557759649908,478.2670590237357,477.25458311941816,477.9658661781631,4931567
2025-06-23 15:00:00,478.17096942290124,478.23198885403366,478.02911440420917,478.0901338353416,9470948
2025-06-24 09:30:00,478.52113043352387,478.7887595041111,477.8648014127912,478.13243048337847,5910224
2025-06-24 10:00:00,478.1623899584583,478.37301677278657,478.0628342376103,478.27346105193857,12142208
2025-06-24 11:00:00,477.4640928242513,478.955702405056,476.97378929049233,478.46539887129705,20213555
2025-06-24 12:00:00,477.472828931905,479.37703177739826,476.7238987217075,478.62810156720076,21809338
2025-06-24 13:00:00,478.7961792283071,478.82583430887047,478.71176754552084,478.7414226260842,7912737
2025-06-24 14:00:00,478.53364319349936,479.05117859036,478.3324149626504,478.849950359511,9164245
2025-06-24 15:00:00,478.663417811662,479.1638524342335,478.4703330772715,478.970767699843,10485475
2025-06-25 09:30:00,479.0392363843423,479.10410448575834,478.8785940176681,478.94346211908413,2172388
2025-06-25 10:00:00,478.1000731255525,479.55737062501356,477.61670491818273,479.0740024176438,8518011
2025-06-25 11:00:00,478.4322908612581,479.83316754356287,477.81813943930166,479.21901612160644,7327425
2025-06-25 12:00:00,479.71604238858316,480.0367207700617,478.9938101381615,479.31448851964007,17612986
2025-06-25 13:00:00,478.84159571254315,479.8972422396867,478.39070776266675,479.4463542898103,18905756
2025-06-25 14:00:00,480.5609104312163,481.4055423836458,478.76293335023286,479.60756530266235,24999640
2025-06-25 15:00:00,479.60712088571216,479.7672618222672,479.54007037034324,479.70021130689827,5381272
2025-06-26 09:30:00,480.06548659526425,480.30674504770747,479.50608819989674,479.74734665233996,6617211
2025-06-26 10:00:00,479.5577553785193,480.1429811642277,479.34584870287455,479.93107448858296,19895046
2025-06-26 11:00:00,480.2762653857077,480.42331256733064,479.90371598911963,480.0507631707426,6411039
2025-06-26 12:00:00,480.36600975126436,480.4381957092433,480.18966471675617,480.2618506747351,28590298
2025-06-26 13:00:00,481.4814187924622,482.2628756301509,479.6297061424773,480.411162980166,9074273
2025-06-26 14:00:00,480.26031623077864,480.57388965383683,480.14588388026743,480.4594573033256,2849491
2025-06-26 15:00:00,480.838128322739,481.0213477613011,480.36171257761265,480.54493201617476,6861968
2025-06-27 09:30:00,480.2324261120064,480.7806533582397,480.0531199428223,480.6013471890556,4075144
2025-06-27 10:00:00,480.474187643556,480.8767404983237,480.32656915137716,480.7291220061449,19735471
2025-06-27 11:00:00,480.979342419399,481.1143284252922,480.67762200246756,480.8126080083607,10571009
2025-06-27 12:00:00,481.29001768606037,481.5662823621076,480.6623857912605,480.9386504673077,10360835
2025-06-27 13:00:00,480.6625432633044,481.1391865146471,480.5079569323512,480.9846001836939,6271633
2025-06-27 14:00:00,481.4192590608034,481.5596448657713,480.9900184612272,481.13040426619506,5583052
2025-06-27 15:00:00,481.5143751356897,481.72485563080613,481.0561896569082,481.26667015202463,19593063
2025-06-30 09:30:00,481.9662942947829,482.5324775720596,480.7616181711497,481.3278014484263,5775413
2025-06-30 10:00:00,481.39391301536284,481.4000758564721,481.3757834092521,481.38194625036135,8147996
2025-06-30 11:00:00,481.91981140722226,482.13486819318956,481.3826547941972,481.5977115801645,21565964
2025-06-30 12:00:00,481.7105707477191,481.73981073745284,481.64091825886493,481.6701582485987,13481221
2025-06-30 13:00:00,481.79350428428,481.79998274037547,481.7764104076022,481.7828888636977,8042293
2025-06-30 14:00:00,481.17708676266017,482.4961763853171,480.6175921357325,481.9366817583894,7081387
2025-06-30 15:00:00,482.04584299618836,482.0513656953031,482.03066198035503,482.0361846794698,10462432
2025-07-01 09:30:00,480.64591787922853,483.19445164660885,479.68737394182415,482.23590770920447,11095479
2025-07-01 10:00:00,482.92976145433653,483.2807552595066,481.9795444338309,482.33053823900093,15765234
2025-07-01 11:00:00,482.04793790162813,482.69841323221596,481.81352734240266,482.4640026729905,17270060
2025-07-01 12:00:00,482.9018327662149,483.153942931284,482.2884352814994,482.5405454465685,14854247
2025-07-01 13:00:00,482.0455224911577,483.0023221777995,481.72317198946615,482.6799716761079,23318733
2025-07-01 14:00:00,482.8727142847955,482.9549256180996,482.6927827970332,482.7749941303373,8371077
2025-07-01 15:00:00,482.94628915520616,483.02098883807355,482.771757430247,482.8464571131144,5963940
2025-07-02 09:30:00,481.72169446481814,484.0656358870368,480.6971976293251,483.0411390515438,28007210
2025-07-02 10:00:00,483.6791156976914,484.0095614137619,482.7219417412246,483.05238745729514,5459454
2025-07-02 11:00:00,483.9387017086925,484.52590590533714,482.58369709083047,483.1709012874751,10843562
2025-07-02 12:00:00,482.4955223546403,484.05686768229987,481.77447290147387,483.33581822913345,4662886
2025-07-02 13:00:00,482.9286403645484,483.93005164534736,482.48656416448904,483.487975445288,11610240
2025-07-02 14:00:00,483.19796870960556,484.0015747678787,482.82772096749744,483.6313270257706,5708400
2025-07-02 15:00:00,483.83633325867726,483.91594411931806,483.5942340002998,483.6738448609406,6090481
2025-07-03 09:30:00,483.4480858317413,483.85738096483124,483.30064968833796,483.7099448214279,3659673
2025-07-03 10:00:00,483.59645471548896,483.83761330802764,483.49699800924674,483.7381566017854,4625890
2025-07-03 11:00:00,483.42623371420274,484.04721002213415,483.2240492345663,483.8450255424977,16979897
2025-07-03 12:00:00,484.0687816032276,484.1178533740607,483.92323399039424,483.97230576122735,20186641
2025-07-03 13:00:00,484.22324193940926,484.3158303279386,484.02088843628906,484.1134768248184,11732978
2025-07-03 14:00:00,484.2951012006112,484.4294402897513,484.24715745341234,484.38149654255244,38027157
2025-07-03 15:00:00,483.21621380390656,485.2008718471898,482.4846333025519,484.46929134583513,3829957
2025-07-04 09:30:00,484.5075470010817,484.6399341211869,484.4484818335908,484.580868953696,17261723
2025-07-04 10:00:00,484.50852817524003,484.6393444126011,484.45146064227265,484.5822768796337,1298871
2025-07-04 11:00:00,485.2874703231328,485.72000578674806,484.11812164903705,484.5506571126523,1708261
2025-07-04 12:00:00,485.1915938132736,485.74767387598,483.9952113837672,484.5512914464736,1715985
2025-07-04 13:00:00,484.19369358674237,484.876285623264,483.93701434399077,484.6196063805124,3981493
2025-07-04 14:00:00,484.7572657639123,484.77578550629624,484.7096634306486,484.72818317303256,7112974
2025-07-04 15:00:00,484.56012329107284,484.9373881893411,484.4214768205007,484.79874171876895,10715667
2025-07-07 09:30:00,484.8159132377369,485.10443135093624,484.68454059141766,484.973058704617,17393581
2025-07-07 10:00:00,484.83968784904613,485.16181462016425,484.7017384685597,485.02386523967783,5695107
2025-07-07 11:00:00,485.3769664199591,485.6095414671093,484.82911359236635,485.06168863951655,5963689
2025-07-07 12:00:00,485.2279660507961,485.24266192104716,485.19049469993394,485.205190570185,14917939
2025-07-07 13:00:00,484.6171113178474,485.8622332789711,484.03312732962604,485.2782492907497,12470528
2025-07-07 14:00:00,485.25025572236643,485.46005801124306,485.16248937793586,485.3722916668125,6267267
2025-07-07 15:00:00,485.2037769620441,485.53382734082345,485.0936460682865,485.4236964470658,9879551
2025-07-08 09:30:00,485.6281439115578,485.64768159049703,485.57107799671195,485.5906156756512,9990662
2025-07-08 10:00:00,485.483583284122,485.8213955194909,485.34465438728165,485.68246662265057,14990419
2025-07-08 11:00:00,485.86481894969086,485.9709914547233,485.636948115338,485.7431206203704,6169080
2025-07-08 12:00:00,485.3403865396342,486.24872089797657,485.0023951214996,485.91072947984196,15737267
2025-07-08 13:00:00,485.4939151625252,486.2502067691917,485.1358420031418,485.89213360980835,3912331
2025-07-08 14:00:00,485.7996970800167,486.0507240041924,485.7012735496282,485.95230047380386,10541667
2025-07-08 15:00:00,486.5650931166526,486.8716514733211,485.6810441738852,485.9876025305537,2869729
2025-07-09 09:30:00,485.81188043983593,486.4283316686172,485.5251480810133,486.1415993097946,6460111
2025-07-09 10:00:00,486.33395657465417,486.38703447551677,486.2153559577535,486.2684338586161,11180525
2025-07-09 11:00:00,485.98327868257496,486.66384428193555,485.6906673401466,486.3712329395072,12532851
2025-07-09 12:00:00,486.1505960532503,486.6715217787793,485.95035227693575,486.47127800246477,15249369
2025-07-09 13:00:00,485.9467558312828,486.99866399571494,485.4527086121301,486.5046167765622,6656852
2025-07-09 14:00:00,486.82758972122616,486.93637240299876,486.58029366193915,486.68907634371175,20855013
2025-07-09 15:00:00,486.3486789271978,486.78146683456083,486.19474177313623,486.62752968049926,4277773
2025-07-10 09:30:00,487.412850509109,487.73298079209906,486.4502251587627,486.77035544175277,9956886
2025-07-10 10:00:00,486.8869990139796,486.91269015938576,486.8080462989671,486.83373744437324,10236367
2025-07-10 11:00:00,486.9506760904142,486.9893654266412,486.9368631125741,486.97555244880107,14499373
2025-07-10 12:00:00,486.5690373446941,487.36198927323227,486.2815402202701,487.07449214880825,14533655
2025-07-10 13:00:00,487.67268664626965,488.0079495832303,486.77666327321623,487.1119262101769,10005474
2025-07-10 14:00:00,488.0303644076974,488.44272361725666,486.72816032635865,487.1405195359179,1680744
2025-07-10 15:00:00,486.6309320606595,487.58200479854816,486.25297798845776,487.2040507263464,11984863
2025-07-11 09:30:00,485.7077735246498,488.5443008808634,484.4000894999895,487.2366168562031,3946276
2025-07-11 10:00:00,487.5566864287341,487.66549508993194,487.2848761089633,487.39368477016114,9807368
2025-07-11 11:00:00,487.0593084511441,487.52507377160316,486.9110375813299,487.37680290178895,5923897
2025-07-11 12:00:00,487.7474484438361,487.912257048053,487.3126024194521,487.477411023669,11562192
2025-07-11 13:00:00,486.20785072228307,488.85961159218857,484.9591125718151,487.6108734417206,12014010
2025-07-11 14:00:00,488.3536153468578,488.9256740958915,487.05722730762557,487.6292860566593,4050835
2025-07-11 15:00:00,487.9610610932714,488.0509708861665,487.6805872986886,487.7704970915837,18993337
2025-07-14 09:30:00,488.32654331985566,488.5036668825395,487.7707895086378,487.94791307132164,18479724
2025-07-14 10:00:00,488.2843918098687,488.5413935800329,487.6821129734697,487.9391147436339,4838632
2025-07-14 11:00:00,487.80790001365284,488.10170023316675,487.6777916764734,487.97159189598733,8540249
2025-07-14 12:00:00,487.81218463137054,488.29317660349983,487.6133249871637,488.094316959293,11525154
2025-07-14 13:00:00,487.9513274762118,488.3373873031598,487.82986349145347,488.21592331840145,15098271
2025-07-14 14:00:00,488.1815829672501,488.4383828416552,488.0636393311893,488.32043920559437,11783613
2025-07-14 15:00:00,488.5404827678044,488.60275095578334,488.39694396584156,488.4592121538205,18724253
2025-07-15 09:30:00,488.3530131174424,488.54654928927533,488.2693728815431,488.46290905337605,3318992
2025-07-15 10:00:00,487.87255741005026,489.2011165039864,487.34343580610766,488.6719949000438,8095179
2025-07-15 11:00:00,488.44547997329744,489.1460541450772,488.2041897616766,488.90476393345637,8228312
2025-07-15 12:00:00,489.2072619432744,489.2747120332433,488.99552303871604,489.062973128685,18233883
2025-07-15 13:00:00,488.40135728228546,489.815863205132,487.83760055633195,489.2521064791785,14362562
2025-07-15 14:00:00,488.0134330080835,489.8915173298985,487.37026653594125,489.24835085775624,6179595
2025-07-15 15:00:00,489.31467503567376,489.3396256296003,489.3039805669243,489.3289311608508,10388380
2025-07-16 09:30:00,488.58565530153976,489.948536676919,488.1515090216758,489.514390397055,28312502
2025-07-16 10:00:00,490.0039668205672,490.18697786809673,489.4516649040796,489.63467595160915,5111066
2025-07-16 11:00:00,489.25213784439137,490.0297332309086,488.9035232946393,489.68111868115653,5103382
2025-07-16 12:00:00,489.56545981230005,490.14281586205016,489.31191388930705,489.88926993905716,30948436
2025-07-16 13:00:00,491.11443425818044,491.6374056041171,489.47407699838465,489.9970483443213,12389696
2025-07-16 14:00:00,489.648135265773,490.4774509797637,489.2698916700341,490.0992073840248,15612204
2025-07-16 15:00:00,489.2801684031213,490.98046767651607,488.58479702893493,490.2850963023297,12952403
2025-07-17 09:30:00,489.80816435755054,490.9462173561489,489.2787962196313,490.4168492182297,7587962
2025-07-17 10:00:00,490.75053426837917,490.88851606136683,490.44175746510837,490.579739258096,17850122
2025-07-17 11:00:00,490.9578628181852,491.1113232459008,490.5745709536425,490.72803138135805,7732730
2025-07-17 12:00:00,490.6821501658666,490.99619035983994,490.55788461145727,490.87192480543064,15213540
2025-07-17 13:00:00,490.6253010408937,491.1934159995625,490.3845904910295,490.95270544969827,12113078
2025-07-17 14:00:00,490.9983297995546,491.03218208043296,490.91424448276865,490.948096763647,3658147
2025-07-17 15:00:00,490.8623433799358,491.20852048829215,490.73722234827136,491.0833994566277,12993724
2025-07-18 09:30:00,489.73825317260935,492.2053094354176,488.68770538703427,491.1547616498425,10674160
2025-07-18 10:00:00,491.1511493766826,491.58786537278525,490.9583812805103,491.39509727661294,34802959
2025-07-18 11:00:00,490.9604618419467,491.8668511606565,490.58208147069325,491.48847078940304,8658463
2025-07-18 12:00:00,491.7274170501634,491.84313941468224,491.43007286904486,491.5457952335637,12469482
2025-07-18 13:00:00,491.9236209692188,492.0859884390098,491.4583713929531,491.6207388627441,8677784
2025-07-18 14:00:00,492.04205598987244,492.2097780843332,491.54228762731907,491.71000972177984,12889947
2025-07-18 15:00:00,492.3920151041509,492.66398442749806,491.5616960979845,491.83366542133166,3927476
2025-07-21 09:30:00,492.0256606575777,492.09270116984965,491.84247240447837,491.9095129167503,3350023
2025-07-21 10:00:00,492.4893740441794,492.79382582289014,491.7251978419999,492.02964962071064,20362225
2025-07-21 11:00:00,492.4442621986406,492.6683011111335,491.8895606834049,492.11359959589777,14009583
2025-07-21 12:00:00,492.3999476833012,492.4577205546471,492.22588053397044,492.28365340531633,7450732
2025-07-21 13:00:00,490.88899890387694,493.2879649808374,489.99739889025767,492.3963649672181,15870455
2025-07-21 14:00:00,492.46070833981577,492.62751191909973,492.38460602446446,492.5514096037484,5826832
2025-07-21 15:00:00,492.0822267451035,493.19037864533925,491.5930486112347,492.7012005114704,13373306
2025-07-22 09:30:00,491.90324331180113,493.5816057481521,491.1325580486656,492.8109204850166,18453841
2025-07-22 10:00:00,492.93381288358927,492.96010385862576,492.874521941608,492.9008129166445,8726065
2025-07-22 11:00:00,492.1928822190668,493.6059230903498,491.56441170100084,492.9774525722838,14873682
2025-07-22 12:00:00,494.2086219193218,495.0225221908543,492.235238188439,493.0491384599715,3264812
2025-07-22 13:00:00,493.44167147756116,493.6507953275245,492.9757638579083,493.18488770787167,15757889
2025-07-22 14:00:00,492.34270083861065,493.8850965617202,491.6666056707316,493.20900139384116,6293123
2025-07-22 15:00:00,493.4514968874932,493.56348286235914,493.1725701023906,493.2845560772565,14618172
2025-07-23 09:30:00,493.18043916213037,493.2690323735809,493.149869633403,493.23846284485353,9792618
2025-07-23 10:00:00,493.2535246187057,493.42962877268724,493.179495328564,493.35559948254553,6340782
2025-07-23 11:00:00,493.3283097353213,493.52401884621844,493.2481763562147,493.44388546711184,9425979
2025-07-23 12:00:00,493.23463081509817,493.838740391751,492.9867440282425,493.59085360489536,23067113
2025-07-23 13:00:00,493.57826993620506,493.7738446990188,493.51567309118286,493.7112478539966,16868484
2025-07-23 14:00:00,494.12882727537965,494.30481068685435,493.6106440064353,493.78662741791,8702656
2025-07-23 15:00:00,494.418780599794,494.828327345167,493.53163498284164,493.94118172821464,15115889
2025-07-24 09:30:00,494.3491913657318,494.5557069531671,493.89127396805054,494.0977895554858,14523056
2025-07-24 10:00:00,493.84775892656927,494.53532111604784,493.57738154540806,494.26494373488663,10976519
2025-07-24 11:00:00,493.9578327245484,494.51691943449447,493.6942525072291,494.2533392171752,4406844
2025-07-24 12:00:00,493.87421356593876,494.80619541123934,493.4743430434579,494.4063248887585,11158105
2025-07-24 13:00:00,493.99809584726705,494.7833567380639,493.7413297038743,494.5265905946712,13576508
2025-07-24 14:00:00,494.5937766924624,494.6584961542627,494.44144587200185,494.50616533380213,4079612
2025-07-24 15:00:00,494.41198852069584,494.7852415050059,494.2741290598732,494.64738204418325,17208917
2025-07-25 09:30:00,495.29207421297247,495.75968295188864,494.2647737653188,494.732382504235,6268443
2025-07-25 10:00:00,495.0404341496732,495.1613150858514,494.7192398191288,494.840120755307,15834717
2025-07-25 11:00:00,493.7170821579852,495.73153320586715,492.8618780191635,494.87632906704545,2699801
2025-07-25 12:00:00,495.32217761924056,495.5818321964688,494.6424333124525,494.90208788968073,1834319
2025-07-25 13:00:00,494.91665315094974,495.0693346977871,494.86021100666295,495.0128925535003,10697323
2025-07-25 14:00:00,495.9902443970336,496.76627341139175,494.3293600437433,495.1053890581014,4669784
2025-07-25 15:00:00,494.91198280656346,495.43440636080635,494.7294121134323,495.2518356676752,4101883
2025-07-28 09:30:00,494.60659940694956,495.79291185800906,494.1872035911319,495.3735160421914,7864039
2025-07-28 10:00:00,495.14039219804937,495.6043707105059,494.9591252325841,495.42310374504063,3687178
2025-07-28 11:00:00,494.9659695712294,496.0539126364463,494.4982942010895,495.5862372663064,5056700
2025-07-28 12:00:00,497.12171182476214,497.88682530084117,494.9014518567051,495.6665653327841,10488937
2025-07-28 13:00:00,495.9294515435637,496.09851088722303,495.5415517717359,495.71061111539524,9288593
2025-07-28 14:00:00,495.09751738040586,496.39242594807126,494.5303898060675,495.8252983737329,18399175
2025-07-28 15:00:00,496.402888366503,496.6514110454635,495.6548881454534,495.90341082441387,10461641
2025-07-29 09:30:00,496.01199577713436,496.12594346595716,495.9737894087909,496.0877370976137,16318965
2025-07-29 10:00:00,495.56857943076676,496.45570424950773,495.2490531190127,496.13617793775364,4378726
2025-07-29 11:00:00,496.15290718077597,496.179101383394,496.14160157532535,496.1677957779434,8591352
2025-07-29 12:00:00,495.7267222924393,496.5903174572377,495.44426559124634,496.3078607560447,18164246
2025-07-29 13:00:00,495.7521071005755,496.974992955923,495.2354007030987,496.4582865584463,6696363
2025-07-29 14:00:00,497.17537696188737,497.54659948016763,496.19918817553884,496.5704106938191,3501963
2025-07-29 15:00:00,496.3042397280146,496.8751403763166,496.11642083753645,496.6873214858385,6012749
2025-07-30 09:30:00,496.51284911861313,496.9302519199797,496.32462347122186,496.7420262725884,10049205
2025-07-30 10:00:00,496.27996554790684,497.1955973263775,495.97382801250296,496.8894597909736,21345729
2025-07-30 11:00:00,496.4032095345144,497.32707555501287,496.0476423453089,496.9715083658073,3171447
2025-07-30 12:00:00,496.82192972596886,497.0449015901022,496.7264664998851,496.9494383640184,8068535
2025-07-30 13:00:00,496.68238927787917,497.2124659573182,496.47469521393083,497.0047718933699,12634782
2025-07-30 14:00:00,496.6799977159394,497.334672910984,496.4020775068793,497.0567527019239,10166825
2025-07-30 15:00:00,496.90262856334647,497.40661757120523,496.66671343101194,497.1707024388707,11849956
2025-07-31 09:30:00,497.5604681867156,497.67532989481646,497.21694549275577,497.33180720085664,4845189
2025-07-31 10:00:00,497.109400718522,497.4948111361828,496.94783157989804,497.33324199755884,2088688
2025-07-31 11:00:00,497.5053758892488,497.5510991171251,497.36196516212556,497.40768839000185,13823809
2025-07-31 12:00:00,496.65148605098364,498.25819688127126,495.92445177159675,497.5311626018844,9430514
2025-07-31 13:00:00,497.0417532436432,498.0474390691253,496.66904751036896,497.67473333585104,12476265
2025-07-31 14:00:00,497.83050368824547,497.9460296217927,497.5435043995975,497.65903033314476,7229392
2025-07-31 15:00:00,497.4636684614963,497.96772778922707,497.24400218001784,497.7480615077486,13877793
2025-08-01 09:30:00,497.8533984845617,497.86928627861204,497.845957046032,497.86184484008237,16686576
2025-08-01 10:00:00,497.0392280681504,498.6060020784532,496.3907006990504,497.95747470935316,5595594
2025-08-01 11:00:00,499.20601937034394,500.2133115016224,496.9998354070051,498.00712753828356,8726289
2025-08-01 12:00:00,497.68715726991667,498.3435467887271,497.40442606880976,498.0608155876202,8952449
2025-08-01 13:00:00,498.55455681767614,498.7449213401289,498.0074840802466,498.19784860269937,21219891
2025-08-01 14:00:00,499.00404529487406,499.6583720330793,497.5346302018738,498.18895694007904,3152729
2025-08-01 15:00:00,497.03612574052505,499.19896120769,496.14393427966263,498.30676974682757,4803212
2025-08-04 09:30:00,498.18640574016644,498.48893621062894,498.07626247758805,498.37879294805055,3821689
2025-08-04 10:00:00,498.49437356004483,498.5546241438354,498.47052219306613,498.5307727768567,7007871
2025-08-04 11:00:00,497.9830594690763,499.1386718989482,497.5376505028706,498.69326293274247,12801415
2025-08-04 12:00:00,498.91701286839725,499.0463736800837,498.5849107116656,498.71427152335207,3615592
2025-08-04 13:00:00,498.97903609452214,499.13976347774724,498.63473631031565,498.79546369354074,10801310
2025-08-04 14:00:00,498.7964151021319,499.0774354319672,498.6817958819671,498.9628162118024,11465968
2025-08-04 15:00:00,499.1667679359651,499.19857334923375,499.0961608121998,499.12796622546847,6269230
2025-08-05 09:30:00,498.64854347318084,499.4247036500584,498.3495315851879,499.12569176206546,2059496
2025-08-05 10:00:00,499.348791820773,499.409957954067,499.1528271487396,499.21399328203364,10265510
2025-08-05 11:00:00,499.109054655703,499.5041032792688,498.93589080538953,499.33093942895533,3519797
2025-08-05 12:00:00,498.91618437483197,499.80078795969496,498.5288828038305,499.4134863886935,6959645
2025-08-05 13:00:00,500.46933400512245,501.2488174937245,498.79880670092007,499.57829018952214,22099680
2025-08-05 14:00:00,499.0795577976376,500.16102442251423,498.6301201776332,499.7115868025098,9642852
2025-08-05 15:00:00,499.10323602108207,500.26755757248236,498.6976492990456,499.8619708504459,4389116
2025-08-06 09:30:00,499.39107079042475,500.32226768935334,498.9616335989678,499.8928304978964,6497357
2025-08-06 10:00:00,499.8762563846119,500.01032563497546,499.81935619120804,499.9534254415716,4859422
2025-08-06 11:00:00,500.07978828201004,500.0914222085703,500.04896530564,500.0605992322003,6058746
2025-08-06 12:00:00,499.88079233350277,500.2661662212042,499.7314460114336,500.116819899135,8228136
2025-08-06 13:00:00,500.62097367591963,500.9754846382783,499.83781393163287,500.19232489399155,11975042
2025-08-06 14:00:00,499.663460243128,500.84137648690796,499.1214691006576,500.29938534443755,12027975
2025-08-06 15:00:00,500.6404098995725,500.8298422178698,500.1943245627495,500.3837568810468,11310103
2025-08-07 09:30:00,499.87149859041375,500.83427879719886,499.46967660833405,500.43245681511917,6392674
2025-08-07 10:00:00,500.84666876220103,501.04886343479365,500.37532025114825,500.57751492374086,11089131
2025-08-07 11:00:00,500.4798893489685,500.9249580376514,500.28531164350363,500.7303803321865,4549825
2025-08-07 12:00:00,500.0568907180956,501.4594405612182,499.4607465297656,500.86329637288816,20936758
2025-08-07 13:00:00,500.516733369918,501.24689617940476,500.2154196554355,500.94558246492227,2915157
2025-08-07 14:00:00,500.0170279714589,501.6919350092557,499.4088695775653,501.0837766153621,4571266
2025-08-07 15:00:00,500.47233630283324,501.7101209267462,499.9626661572651,501.20045078117806,10637063
2025-08-08 09:30:00,501.9309441790728,502.41141213625514,500.7702009137323,501.25066887091464,2604070
2025-08-08 10:00:00,501.5186092147003,501.61514389979527,501.2874081288532,501.3839428139482,10688044
2025-08-08 11:00:00,501.8372852739587,502.02602031574594,501.2672622058719,501.4559972476591,6024725
2025-08-08 12:00:00,502.1262720959725,502.4326897329998,501.17083281863944,501.4772504556667,3701710
2025-08-08 13:00:00,502.0897020870243,502.28858206755353,501.46316179573813,501.66204177626736,19620652
2025-08-08 14:00:00,500.8452723806634,502.2268590146342,500.40041345525816,501.782000089229,4097099
2025-08-08 15:00:00,502.15600868414475,502.27420175775154,501.776561779644,501.8947548532508,5923793
2025-08-11 09:30:00,501.9533626596461,502.04538938658226,501.9237415656445,502.0157682925807,14318273
2025-08-11 10:00:00,501.7642161627369,502.4690147151434,501.43394839918614,502.1387469515926,9331761
2025-08-11 11:00:00,502.25323014885356,502.29200049003447,502.23957186668025,502.27834220786116,13092081
2025-08-11 12:00:00,502.41681733175807,502.44706544552866,502.3527868416274,502.383034955398,8840264
2025-08-11 13:00:00,502.5613175335431,502.6549681972954,502.348174410514,502.44182507426626,4616849
2025-08-11 14:00:00,503.80266945603637,504.77252155246146,501.54201807274677,502.51187016917186,6969513
2025-08-11 15:00:00,501.8924860708413,503.0399320139473,501.5154105810921,502.6628565241981,19692500
2025-08-12 09:30:00,502.92274171480466,503.03430560887625,502.6607439601329,502.7723078542045,14903997
2025-08-12 10:00:00,502.78980812167237,503.0163494938642,502.7082973554001,502.9348387275919,8222595
2025-08-12 11:00:00,502.73525857557064,503.41628121591407,502.4184798444679,503.09950248481135,9746047
2025-08-12 12:00:00,503.5502658844103,503.72499340279956,503.0753886660973,503.25011618448656,23908452
2025-08-12 13:00:00,503.2821475820797,503.44104432929856,503.2168836625817,503.3757804098006,12064312
2025-08-12 14:00:00,503.63511450974823,503.78729001135116,503.30808053337745,503.4602560349804,5991007
2025-08-12 15:00:00,503.0990775925869,503.7343762832702,502.8878354771956,503.5231341678789,9106565
2025-08-13 09:30:00,502.6909417745537,504.36803239590074,501.9303036035104,503.60739422485744,13489280
2025-08-13 10:00:00,503.65391586018205,503.69542179926657,503.63894702045735,503.68045295954187,13862381
2025-08-13 11:00:00,503.78299983018655,503.8511495814255,503.6219986268461,503.69014837808504,1767044
2025-08-13 12:00:00,503.5069999431201,503.83678239288656,503.35688370615907,503.68666615592554,4446060
2025-08-13 13:00:00,503.031448895349,504.39218099651265,502.5072811435185,503.8680132446822,22743685
2025-08-13 14:00:00,504.0380596671803,504.0989473316056,503.8603563881024,503.9212440525277,7203014
2025-08-13 15:00:00,504.5453797387816,504.8875835305789,503.6642867814023,504.00649057319964,5463867
2025-08-14 09:30:00,504.66957757094747,505.10631183995247,503.6317309196395,504.0684651886445,3486054
2025-08-14 10:00:00,504.4441364926244,504.69998483497807,503.8787125157118,504.13456085806547,8084735
2025-08-14 11:00:00,503.4132293985724,504.4442826182003,503.0643752884228,504.0954285080507,6695998
2025-08-14 12:00:00,504.821159059491,505.2475370184372,503.70550956688396,504.13188752583017,4370524
2025-08-14 13:00:00,504.529736341767,504.756255842808,504.0198617119747,504.24638121301575,18879063
2025-08-14 14:00:00,505.18804217066696,505.83723769082314,503.6665066032574,504.3157021234136,5753458
2025-08-14 15:00:00,505.0864623126162,505.44372669595134,504.00337513135406,504.3606395146892,8917843
2025-08-15 09:30:00,504.6434105780094,504.7807774670444,504.28707565664917,504.42444254568414,4173554
2025-08-15 10:00:00,504.147022065925,504.8873525624225,503.9056200529595,504.645950549457,22821057
2025-08-15 11:00:00,504.62966214555183,504.9534670010056,504.48903320519275,504.8128380606465,8377295
2025-08-15 12:00:00,503.9526102713104,505.48090133866054,503.2725408045181,504.80083187186824,3357576
2025-08-15 13:00:00,504.78644932500424,504.8772996662153,504.75276266896986,504.84361301018095,10946026
2025-08-15 14:00:00,504.60289407210433,505.293787911558,504.3054753984037,504.9963692378574,15424720
2025-08-15 15:00:00,505.76431027065183,506.15590405350457,504.7818736944435,505.17346747729624,23827244
2025-08-18 09:30:00,505.14814345169043,505.3828106702396,505.06094052715974,505.29560774570893,12983010
2025-08-18 10:00:00,505.5471379920449,505.6840107388713,505.24330870993356,505.38018145675994,14385476
2025-08-18 11:00:00,506.3699677344843,506.8820018544951,504.91719692327564,505.42923104328645,6831307
2025-08-18 12:00:00,505.261755905554,505.770960431135,505.0466810366008,505.55588556218174,8849560
2025-08-18 13:00:00,505.0379954402962,506.03229895286677,504.71301262102514,505.7073161335957,12439561
2025-08-18 14:00:00,505.95912443773983,506.10159142651196,505.6512278858625,505.79369487463464,14610355
2025-08-18 15:00:00,505.40197705821544,506.2044871885118,505.0826716960237,505.88518182632004,10648096
2025-08-19 09:30:00,506.69816292981716,507.32228805750844,505.35757249885626,505.98169762654754,5787135
2025-08-19 10:00:00,505.8606363420144,506.19788351928366,505.72967370392473,506.066920881194,11832911
2025-08-19 11:00:00,506.58256422792056,506.7797603027806,506.02029362000985,506.21748969486987,5156646
2025-08-19 12:00:00,506.12813601409545,506.4479843900347,506.0087715221363,506.3286198980756,18023452
2025-08-19 13:00:00,506.21277266537925,506.47256071193976,506.09514885056853,506.35493689712905,4645521
2025-08-19 14:00:00,506.9322441014324,507.3231232266941,506.0984440710303,506.48932319629205,10613076
2025-08-19 15:00:00,505.75948138348326,507.4922157402247,504.9589276000817,506.69166195682317,25690480
2025-08-20 09:30:00,506.58604635506407,506.8514560190779,506.5001978943493,506.7656075583631,10549176
2025-08-20 10:00:00,506.2183989297468,507.1268862965154,505.92882695732715,506.83731432409576,12580229
2025-08-20 11:00:00,507.1873516672614,507.31236636062624,506.9055803345861,507.03059502795094,16327282
2025-08-20 12:00:00,507.45641343482123,507.75889627045467,506.76379354090125,507.0662763765347,9891636
2025-08-20 13:00:00,506.86959764812906,507.42965551888403,506.6700445497474,507.23010242050236,16526896
2025-08-20 14:00:00,507.54409456540213,507.6504083873658,507.28280350326764,507.3891173252313,19877252
2025-08-20 15:00:00,507.16421026707485,507.8337972502767,506.8650780678553,507.5346650510571,16598580
2025-08-21 09:30:00,507.55964787551477,507.6438013354639,507.52632330973745,507.61047676968656,10544488
2025-08-21 10:00:00,507.53755368722295,507.7738272674388,507.426815990811,507.66308957102683,3269572
2025-08-21 11:00:00,508.30919986501726,508.64608514337243,507.412090967975,507.7489762463302,3952007
2025-08-21 12:00:00,506.7375975265905,508.72590246794954,505.81135081039815,507.7996557517572,8786856
2025-08-21 13:00:00,507.6256294818085,507.9619439286307,507.499509524424,507.8358239712462,4193821
2025-08-21 14:00:00,508.6349542406367,509.20667041730826,507.30963567250956,507.8813518491811,5743037
2025-08-21 15:00:00,508.7891117623645,509.28964527811536,507.4765274345243,507.9770609502752,6238940
2025-08-22 09:30:00,507.8455259814233,508.1693306077887,507.7059754066615,508.0297800330269,7036686
2025-08-22 10:00:00,508.4830884063039,508.8184251842975,507.7450267390117,508.08036351700525,5938176
2025-08-22 11:00:00,507.95009041338375,508.36232630300634,507.77848620241326,508.19072209203586,12776869
2025-08-22 12:00:00,508.413649080687,508.5552817627585,508.0614642833556,508.2030969654271,1899047
2025-08-22 13:00:00,508.35253428768715,508.4172314044006,508.33220718286265,508.3969042995761,11150471
2025-08-22 14:00:00,508.0589977391667,508.7586361045659,507.75263638549785,508.452274750897,7788940
2025-08-22 15:00:00,508.8997462916935,509.0815973214276,508.35641443256185,508.53826546229595,10137714
2025-08-25 09:30:00,508.4803484497513,508.60929949669526,508.4374488701795,508.5663999171234,5463723
2025-08-25 10:00:00,508.74930539458074,508.7836504811294,508.65939675234716,508.69374183889585,14498868
2025-08-25 11:00:00,508.367830082404,509.1765173823429,507.9884465967634,508.79713389670235,13062974
2025-08-25 12:00:00,508.5664104537889,509.1401104869686,508.33057581388084,508.90427584706055,12689288
2025-08-25 13:00:00,508.55650925990034,509.3472162890403,508.20470216108936,508.99540919022934,11002125
2025-08-25 14:00:00,509.2867506457623,509.4149715029897,508.9527942430448,509.0810151002722,4531048
2025-08-25 15:00:00,508.5635218460982,509.51647851608806,508.18242253535755,509.1353792053474,11102994
2025-08-26 09:30:00,509.3987739250532,509.5307914742692,509.1040032858834,509.2360208350994,3788595
2025-08-26 10:00:00,508.6250655724507,509.92620483924304,508.02369790273667,509.324837169529,11764019
2025-08-26 11:00:00,509.34215892772335,509.42627065254936,509.31015560633296,509.39426733115897,5860675
2025-08-26 12:00:00,509.0033986798681,509.81133043187407,508.7326152552215,509.5405470072275,8287016
2025-08-26 13:00:00,508.9382792543982,509.98202614890994,508.50500352168444,509.5487504161962,5594099
2025-08-26 14:00:00,509.4777862207416,509.85796088975246,509.3323215535246,509.71249622253544,4423767
2025-08-26 15:00:00,509.6880612210234,509.93393783808335,509.57554338547817,509.8214200025381,6926214
2025-08-27 09:30:00,509.4831860387834,510.18676021131984,509.26246209744596,509.9660362699824,22548974
2025-08-27 10:00:00,509.0329606870455,510.6180903177468,508.4493035387234,510.03443316942474,12195189
2025-08-27 11:00:00,509.6927505732701,510.44123822049283,509.4109478016343,510.15943544885704,7774182
2025-08-27 12:00:00,510.28073155035844,510.3574749203053,510.0921684610025,510.16891183094936,5137811
2025-08-27 13:00:00,510.05254575498543,510.3808559218219,509.9155929036607,510.24390307049714,14632334
2025-08-27 14:00:00,510.8802147033138,511.21987168377643,510.0211789361205,510.36083591658314,13681530
2025-08-27 15:00:00,510.6973209595836,510.84678180456024,510.33908453295084,510.4885453779275,19997718
2025-08-28 09:30:00,510.81067675603936,510.8986300591507,510.56042025042865,510.64837355354,23848777
2025-08-28 10:00:00,510.5166030306904,510.9810372705106,510.34925143880946,510.81368567862967,14442234
2025-08-28 11:00:00,510.80766759761144,510.93237035504524,510.75789697526295,510.88259973269675,13598666
2025-08-28 12:00:00,510.07565789892334,511.5845239250209,509.42253933862344,510.931405364721,7652068
2025-08-28 13:00:00,510.4143860472992,511.3535464698965,510.11622846393647,511.05538888653376,10559300
2025-08-28 14:00:00,511.01709726625876,511.26933391328,510.9224099823321,511.17464662935333,10616872
2025-08-28 15:00:00,510.9983234137633,511.6143974904558,510.7140989929187,511.33017306961125,11054060
2025-08-29 09:30:00,510.91986637845093,511.913848552159,510.45284689562766,511.4468290693357,11789687
2025-08-29 10:00:00,511.62085259867325,511.6953923088874,511.4616336705119,511.53617338072604,14626979
2025-08-29 11:00:00,511.9557856722528,512.1950572763361,511.4053290034187,511.64460060750196,3265133
2025-08-29 12:00:00,512.0254472507578,512.2318007358346,511.53541025292384,511.7417637380006,17135251
2025-08-29 13:00:00,511.9298443771479,511.9615378653252,511.8619547077213,511.8936481958986,6882316
2025-08-29 14:00:00,512.2091907559609,512.3317569879539,511.9044355346416,512.0270017666346,4718034
2025-08-29 15:00:00,511.4876804866701,512.5967874356388,511.03307113863616,512.1421780876049,13640605
2025-09-01 09:30:00,512.4931440442106,512.683997992017,512.0670698571332,512.2579238049397,5562955
2025-09-01 10:00:00,512.9241951912462,513.2281457397364,512.094440599037,512.3983911475271,4834068
2025-09-01 11:00:00,512.6968001576747,512.9539386850297,512.0720688666179,512.3292073939729,3463759
2025-09-01 12:00:00,512.5260419659264,512.5544223584728,512.4402260392918,512.4686064318382,15779377
2025-09-01 13:00:00,512.1567724089708,512.8538679495804,511.9017528117779,512.5988483523874,17298215
2025-09-01 14:00:00,513.1204878684159,513.3376933478957,512.4255460134094,512.6427514928891,8142978
2025-09-01 15:00:00,512.9079057290181,512.9841565413907,512.6794257464146,512.7556765587872,4323014
2025-09-02 09:30:00,512.6293273664537,513.1927681444164,512.3928090006227,512.9562497785854,26591327
2025-09-02 10:00:00,512.6975669596234,513.1921976900505,512.4923673781467,512.9869981085739,7381326
2025-09-02 11:00:00,513.016981932222,513.0511332786572,513.0023645295068,513.036515875942,10205532
2025-09-02 12:00:00,513.6614706783604,513.9457881949743,512.8879356130656,513.1722531296795,9156703
2025-09-02 13:00:00,513.6945238632801,513.9233669697632,513.0669688647096,513.2958119711926,11755738
2025-09-02 14:00:00,513.3657098614373,513.4383218801743,513.3360058272334,513.4086178459704,9617680
2025-09-02 15:00:00,512.5756301629339,514.1527012047776,511.9714700249403,513.5485410667841,8933287
2025-09-03 09:30:00,514.326420546163,514.7060013848417,513.2132626445007,513.5928434831793,5993966
2025-09-03 10:00:00,513.209226765264,513.9272283884146,512.9846337336229,513.7026353567735,4670916
2025-09-03 11:00:00,513.5608477469821,513.9076426437026,513.4163285472654,513.7631234439859,7982425
2025-09-03 12:00:00,512.9433798319019,514.2569470325657,512.529540533464,513.8431077341278,3492739
2025-09-03 13:00:00,512.9856243630276,514.5910436455109,512.3166041569489,513.9220234394322,9279090
2025-09-03 14:00:00,513.4378836391137,514.528630264149,512.9356441364052,514.0263907614406,5834030
2025-09-03 15:00:00,514.2201961042941,514.2568610637641,514.1245739348569,514.1612388943269,13754945
2025-09-04 09:30:00,514.1174975653621,514.3065322944849,514.0303316320801,514.2193663612029,9926667
2025-09-04 10:00:00,514.6868430259785,514.9022655462932,514.2276814434528,514.4431039637674,29823789
2025-09-04 11:00:00,513.553580815868,514.9347707308153,513.0769052615801,514.4580951765274,2442193
2025-09-04 12:00:00,515.2322112268956,515.5456617266144,514.3160195201616,514.6294700198804,24193671
2025-09-04 13:00:00,514.6162920705248,514.7888551247852,514.5490286483955,514.7215917026559,3934749
2025-09-04 14:00:00,514.7372785709385,514.9683549741953,514.6548796658625,514.8859560691193,12966400
2025-09-04 15:00:00,515.0239714698037,515.0812117288341,514.8801207631907,514.9373610222211,11252860
2025-09-05 09:30:00,514.5207465581376,515.2932546753766,514.2589256481122,515.0314337653512,12395201
2025-09-05 10:00:00,514.1163126973186,515.5640730362506,513.5795541663174,515.0273145052495,5986019
2025-09-05 11:00:00,515.1769094536845,515.3722682003145,514.7557855827733,514.9511443294033,12238363
2025-09-05 12:00:00,515.5316745479766,515.9114086848077,514.5123263425462,514.8920604793773,4446424
2025-09-05 13:00:00,514.4810201484933,514.8333827746907,514.3599805492051,514.7123431754026,20937183
2025-09-05 14:00:00,514.580859685301,514.6636091708333,514.548509344757,514.6312588302893,5977309
2025-09-05 15:00:00,513.4190313639476,515.158704026514,512.6850303537348,514.4247030163011,29947621
2025-09-08 09:30:00,514.2484042066258,514.3234186902522,514.2149649562516,514.289979439878,8589022
2025-09-08 10:00:00,514.728896006886,515.1696105369248,513.749167481583,514.1898820116218,10834279
2025-09-08 11:00:00,514.7484879813363,515.1904702629843,513.6039704202929,514.0459527019408,8876217
2025-09-08 12:00:00,513.9863696628847,514.010641624435,513.9114944599122,513.9357664214625,17185438
2025-09-08 13:00:00,513.4815145834223,514.0715721329715,513.2900928040441,513.8801503535933,11859456
2025-09-08 14:00:00,514.2972697347768,514.6524297908926,513.4107323032907,513.7658923594065,17313329
2025-09-08 15:00:00,513.3399240676194,513.8256932726335,513.1593703036727,513.6451395086868,16463548
2025-09-09 09:30:00,512.8683549957697,513.89139243224,512.4965766792515,513.5196141157218,9853847
2025-09-09 10:00:00,513.785729711182,514.0069154282442,513.198964476686,513.4201501937482,15502408
2025-09-09 11:00:00,513.0778978612732,513.4415570204567,512.963595128582,513.3272542877655,9185437
2025-09-09 12:00:00,513.64618859561,513.9084265437709,513.0050290030222,513.267266951183,12304180
2025-09-09 13:00:00,513.4198239548696,513.6297619812742,512.9048941873641,513.1148322137688,5911039
2025-09-09 14:00:00,512.2421244419304,513.1640892953612,511.95573004666096,512.8776949000918,29658559
2025-09-09 15:00:00,512.7921274566686,512.815622678419,512.7315506590138,512.7550458807642,10949279
2025-09-10 09:30:00,513.2641896597472,513.745085365853,512.2240849818412,512.704980687947,10263218
2025-09-10 10:00:00,512.8275732130281,513.0366697002557,512.3543201303326,512.5634166175602,19006797
2025-09-10 11:00:00,512.5837578924186,512.6654565906741,512.3911147589207,512.4728134571762,4279788
2025-09-10 12:00:00,512.2564423487254,512.6436086818552,512.0893769324675,512.4765432655973,2876680
2025-09-10 13:00:00,512.3424646221027,512.3611231909831,512.3348196039758,512.3534781728562,5310006
2025-09-10 14:00:00,512.3572158372203,512.4131477716941,512.2354194764968,512.2913514109705,9082308
2025-09-10 15:00:00,512.9218298653504,513.3685419245742,511.6968073673834,512.1435194266071,16500770
2025-09-11 09:30:00,511.7010377459876,512.6342574788004,511.29405836176926,512.227278094582,12212170
2025-09-11 10:00:00,512.5780497530367,512.9300774962737,511.82704579348666,512.1790735367236,8363654
2025-09-11 11:00:00,511.44975199006313,512.3418698113588,511.1445197215395,512.0366375428351,16072497
2025-09-11 12:00:00,511.2782366662889,512.1132611370066,511.01279607331355,511.8478205440313,6367353
2025-09-11 13:00:00,511.5644058027098,511.76472163450194,511.47446723724573,511.67478306903786,11450339
2025-09-11 14:00:00,511.09839517730006,511.88804640568014,510.8193891841268,511.6090404125069,6655514
2025-09-11 15:00:00,511.7591176205035,511.87484263790526,511.418564000835,511.53428901823673,11471372
2025-09-12 09:30:00,511.7703713239598,512.0962449311501,510.9936472197079,511.31952082689816,27177920
2025-09-12 10:00:00,510.6316566321751,511.825394413724,510.1308280727906,511.3245658543395,2613350
2025-09-12 11:00:00,510.88948791691934,511.4427584989139,510.6889081559398,511.2421787379344,6549915
2025-09-12 12:00:00,511.1580563396576,511.1676170343888,511.1542663172887,511.1638270120199,5152454
2025-09-12 13:00:00,511.65084330097125,512.0131095000221,510.63791380944184,511.00018000849263,20710256
2025-09-12 14:00:00,511.20506043845154,511.37853225121677,510.7142159360214,510.8876877487866,16732698
2025-09-12 15:00:00,511.34672631594015,511.8172011813495,510.2479938157682,510.71846868117757,19326305
2025-09-15 09:30:00,510.9441046766016,511.22605872718606,510.3185751710542,510.6005292216386,18754457
2025-09-15 10:00:00,510.9635893303645,511.2649861977048,510.1798332323556,510.48123009969584,10399075
2025-09-15 11:00:00,509.91325761338675,510.7654721636629,509.5491961947818,510.40141074505794,11932420
2025-09-15 12:00:00,510.0270404634692,510.435124905026,509.87997446426,510.2880589058168,17641732
2025-09-15 13:00:00,510.18895029237564,510.3443588260348,510.1319390150203,510.28734754867946,1729086
2025-09-15 14:00:00,509.3136948260905,510.5811527488776,508.90595609526474,510.17341401805186,16027481
2025-09-15 15:00:00,510.1128068127437,510.16476594241277,510.00106986881883,510.0530289984879,15616966
2025-09-16 09:30:00,510.28246473137506,510.54271550813894,509.5600746506601,509.820325427424,7079007
2025-09-16 10:00:00,509.7992742519216,509.83977800579817,509.67049331859147,509.71099707246805,5864849
2025-09-16 11:00:00,508.9509238112294,510.0684672646981,508.5876857133639,509.70522916683257,5450001
2025-09-16 12:00:00,509.4359957213444,509.6595289948414,509.35498005270966,509.5785133262067,4930681
2025-09-16 13:00:00,510.1713447668362,510.5239172720862,509.13334910689923,509.4859216121492,8471051
2025-09-16 14:00:00,508.662447462945,509.7539201267917,508.31997026231926,509.41144292616593,5698002
2025-09-16 15:00:00,509.56610241607905,509.6222275005976,509.39206865155006,509.4481937360686,1930937
2025-09-17 09:30:00,507.56495638329,510.46508533608704,506.57152271148254,509.4716516642796,5550994
2025-09-17 10:00:00,509.9063152020806,510.28680897047224,508.9548127859134,509.3353065543051,21100293
2025-09-17 11:00:00,509.39524602945863,509.4378052429939,509.27082713848137,509.3133863520166,5102661
2025-09-17 12:00:00,508.6507139855368,509.78721500012244,508.13505324516336,509.271554259749,6224878
2025-09-17 13:00:00,509.35523409366965,509.40008149055393,509.23454381653465,509.27939121341893,4202634
2025-09-17 14:00:00,509.15617028823806,509.17463399248146,509.1474409134919,509.1659046177353,6408142
2025-09-17 15:00:00,509.51470751206705,509.9122544622487,508.6375346566812,509.0350816068629,19049934
2025-09-18 09:30:00,508.70554386506814,509.3891763963441,508.42878913181454,509.1124216630905,4746685
2025-09-18 10:00:00,509.58458365093804,509.96048304699207,508.7402746746776,509.11617407073163,4485552
2025-09-18 11:00:00,509.2343372048162,509.3145121171124,509.0107026791018,509.090877591398,5584358
2025-09-18 12:00:00,508.79638902037306,509.1762033992437,508.6203321217752,509.0001465006459,9371967
2025-09-18 13:00:00,508.9739115089136,509.03582152261123,508.79870082631953,508.86061084001716,4344842
2025-09-18 14:00:00,508.0623738254238,509.4309063056243,507.4433097805429,508.81184226074345,7984670
2025-09-18 15:00:00,509.681507101755,510.3757932246868,508.00172024346864,508.6960063664004,12326907
2025-09-19 09:30:00,508.21891650194874,508.785369058196,508.0315405815546,508.5979931378019,12869214
2025-09-19 10:00:00,508.2563572924363,508.5665031827438,508.13788371210717,508.4480296024147,21012746
2025-09-19 11:00:00,508.4366220359931,508.5503866858283,508.38554817534117,508.4993128251764,4151696
2025-09-19 12:00:00,507.80471308285917,508.6024934972075,507.5272962141245,508.3250766284728,22464258
2025-09-19 13:00:00,508.11409905015114,508.32511668196327,508.02645732252694,508.23747495433906,12956707
2025-09-19 14:00:00,508.3967420595186,508.5514466491958,507.9451891062214,508.0998936958986,13833308
2025-09-19 15:00:00,508.9168751675253,509.5981222837514,507.31140369816313,507.99265081438926,6506650
2025-09-22 09:30:00,508.0090006020698,508.1456779764034,507.6969903452334,507.833667719567,13104843
2025-09-22 10:00:00,507.81584455211583,507.8514487964671,507.7279838175843,507.76358806193554,13182304
2025-09-22 11:00:00,508.0986248458964,508.266035825403,507.5962027149113,507.7636136944179,4334883
2025-09-22 12:00:00,507.5949931433938,507.6719464815403,507.5628465654997,507.6397999036462,12947186
2025-09-22 13:00:00,507.76823708119724,507.90538071226854,507.3827976790222,507.5199413100935,17370049
2025-09-22 14:00:00,506.7224143247633,507.8204873770473,506.2866039749463,507.3846770272303,8320894
2025-09-22 15:00:00,507.0877880597524,507.52861452205167,506.9277836953463,507.36861015764555,2882225
2025-09-23 09:30:00,507.77347775350296,508.0399618611641,506.91794295804607,507.1844270657072,11909252
2025-09-23 10:00:00,507.3472467793284,507.44839390767106,507.02715280213926,507.12829993048194,11509831
2025-09-23 11:00:00,505.7157417856302,507.69507792729667,505.0965495811432,507.0758857228097,3531591
2025-09-23 12:00:00,507.37969825549607,507.67962114181296,506.6446128091231,506.94453569544,19427505
2025-09-23 13:00:00,507.4347136052836,507.90538083676074,506.2137279976005,506.6843952290776,13033587
2025-09-23 14:00:00,506.9943781800105,507.4337656010988,505.98744985918034,506.42683728026867,26648290
2025-09-23 15:00:00,506.30230374858013,506.34012117322027,506.21235001991505,506.2501674445552,13603031
2025-09-24 09:30:00,506.9998663771647,507.8425966297272,505.19310619888427,506.03583645144676,24652409
2025-09-24 10:00:00,505.73381949401994,506.23000417286005,505.5357411067557,506.03192578559583,6368760
2025-09-24 11:00:00,506.65890497601384,507.1462723311632,505.4785315884025,505.96589894355185,6754709
2025-09-24 12:00:00,505.72461571645715,506.0211078066636,505.5991587741697,505.8956508643762,9899230
2025-09-24 13:00:00,506.29321345787895,506.646796089737,505.2632012766432,505.61678390850125,32080940
2025-09-24 14:00:00,505.5055391009541,505.50561885872037,505.5052987674116,505.5053785251779,9097428
2025-09-24 15:00:00,505.888233011649,506.29694093094906,504.94015612453995,505.34886404384,12047090
2025-09-25 09:30:00,506.05201825495357,506.5737321135371,504.6828690471009,505.20458290568445,5150321
2025-09-25 10:00:00,504.74120790822855,505.25089715253046,504.5195446856858,505.0292339299877,16340803
2025-09-25 11:00:00,503.808824523125,505.75860559734724,502.9994630240617,504.94924409828394,11231941
2025-09-25 12:00:00,504.08215410009683,505.1821018481993,503.6538588220723,504.7538065701748,20001695
2025-09-25 13:00:00,505.42835037249887,505.8055476052014,504.5093645700565,504.88656180275905,12285462
2025-09-25 14:00:00,504.8019130354641,505.1622297263274,504.64516414386105,505.0054808347243,13680362
2025-09-25 15:00:00,505.0566013920934,505.1979869082192,505.00044181831,505.1418273344358,15268653
2025-09-26 09:30:00,505.14454013741454,505.16530508416093,505.0830048220767,505.1037697688231,6335846
2025-09-26 10:00:00,503.9450912266876,506.2248897294614,502.9436717862478,505.2234702890216,17612295
2025-09-26 11:00:00,505.23922735142673,505.3957348374571,505.16641153967373,505.3229190257041,8213747
2025-09-26 12:00:00,505.9130057841805,506.2515045925149,505.0086533030987,505.3471521114331,1649800
2025-09-26 13:00:00,505.3182106724239,505.47086501909916,505.26393848515994,505.4165928318352,10842896
2025-09-26 14:00:00,505.52735724428555,505.55417682802664,505.46873150143847,505.49555108517956,10090935
2025-09-26 15:00:00,505.8428319423534,505.98969279687253,505.39552671180303,505.54238756632213,10356043
2025-09-29 09:30:00,504.92222730575355,506.13165990616875,504.51580081762273,505.72523341803793,21833179
2025-09-29 10:00:00,505.3589353498605,506.0559988660615,505.1219433887416,505.8190069049426,11235376
2025-09-29 11:00:00,506.27715841507,506.6419471500931,505.4627041210577,505.82749285608077,4294669
2025-09-29 12:00:00,505.6032040527685,505.96595438145226,505.4584468553693,505.82119718405306,2402148
2025-09-29 13:00:00,505.1362557572395,506.4538100669207,504.53239303123905,505.84994734092027,4078505
2025-09-29 14:00:00,506.1367871889568,506.33247009108635,505.6667491529511,505.86243205508066,5639704
2025-09-29 15:00:00,505.2876356286705,506.6295957514061,504.72860273533036,506.07056285806595,26888573
2025-09-30 09:30:00,506.65491938251694,506.97271443949313,505.860364954424,506.1781600114002,5364991
2025-09-30 10:00:00,505.96954302939207,506.4769956256309,505.79449288216114,506.30194547839994,5241685
2025-09-30 11:00:00,505.75160779278974,506.7425849832657,505.36739197144254,506.3583691619185,11136968
2025-09-30 12:00:00,506.60330595813144,506.688970242473,506.4129485627746,506.49861284711614,7479484
2025-09-30 13:00:00,506.47288231814883,506.60011243093396,506.41370095879694,506.54093107158207,4078112
2025-09-30 14:00:00,506.2227476897778,507.07356346142575,505.8240112776756,506.67482704932354,5971681
2025-09-30 15:00:00,505.7819820731582,507.49649240322873,505.1344864688618,506.8489967989323,13401923
2025-10-01 09:30:00,507.5439676430944,508.00405497338505,506.4225716005491,506.88265893083974,5019298
2025-10-01 10:00:00,507.58094425662637,507.8096269187737,506.84699363109723,507.07567629324456,6607749
2025-10-01 11:00:00,507.6792668981755,508.1096632463331,506.6930915402279,507.1234878883855,4641693
2025-10-01 12:00:00,507.32694946449675,507.3452951710673,507.2713141693029,507.28965987587344,13401826
2025-10-01 13:00:00,505.9506610829026,508.50279828688633,504.78211168469204,507.33424888867575,10396367
2025-10-01 14:00:00,508.5784201364182,509.57895645342063,506.42755224455385,507.4280885615563,16553892
2025-10-01 15:00:00,506.7467920160152,508.1246750186101,506.17957620053886,507.55745920313376,3957882
2025-10-02 09:30:00,508.4235200369473,508.87584208374517,507.2086455968672,507.66096764366506,6317465
2025-10-02 10:00:00,507.90481499839467,507.93127962954424,507.8478370765938,507.87430170774337,11183407
2025-10-02 11:00:00,508.4372969888377,508.7493982852007,507.5730383587437,507.8851396551067,5804821
2025-10-02 12:00:00,507.8439888524692,508.1717445024905,507.73543275799705,508.0631884080184,6938883
2025-10-02 13:00:00,507.5522503436824,508.43353870024066,507.2759665483098,508.15725490486807,12782685
2025-10-02 14:00:00,507.4769471734747,508.6498698223452,507.05069543346855,508.22361808233904,12353198
2025-10-02 15:00:00,508.8133069630867,509.20654668761165,507.9111105471288,508.3043502716538,8718200
2025-10-03 09:30:00,508.5562144007315,508.6731079651758,508.2093818811777,508.326275445622,5296674
2025-10-03 10:00:00,509.07905931612447,509.4930764965876,507.97369735121663,508.38771453167976,11015830
2025-10-03 11:00:00,508.158811240907,508.556329390778,508.01139976816467,508.4089179180356,3852081
2025-10-03 12:00:00,508.77810472757636,508.9367584188944,508.29197543394406,508.4506291252621,3601779
2025-10-03 13:00:00,508.4675533253771,508.6315473619582,508.39359691081694,508.55759094739807,6248853
2025-10-03 14:00:00,509.3746262783396,509.7916227546717,508.32611432608184,508.743110802414,20576725
2025-10-03 15:00:00,509.72765458641044,510.30543252319615,508.362138249233,508.9399161860187,10214293
2025-10-06 09:30:00,508.7037945453146,509.202409532158,508.5032560687716,509.00187105561497,10134789
2025-10-06 10:00:00,509.2799892334358,509.41953625113985,508.9328104229964,509.07235744070044,9262815
2025-10-06 11:00:00,508.7312775975282,509.32125711275955,508.5085616534025,509.09854116863386,3583732
2025-10-06 12:00:00,509.83677836637315,510.34148907684823,508.68202354091613,509.1867342513912,10671816
2025-10-06 13:00:00,510.41680179509893,511.4851994956024,508.1548416928616,509.2232393933651,6838756
2025-10-06 14:00:00,509.0838052065554,509.46311239030314,508.9386815701955,509.31798875394327,4598941
2025-10-06 15:00:00,509.078942155634,509.7683714871641,508.8140586194759,509.5034879510059,11130089
2025-10-07 09:30:00,510.35302653530556,510.8206936641693,509.11201601153783,509.5796831404016,8082934
2025-10-07 10:00:00,509.6539029738041,509.83426600315903,509.5741449294513,509.7545079588062,26475057
2025-10-07 11:00:00,510.1856844131515,510.33977889525255,509.7466228462859,509.900717328387,5813715
2025-10-07 12:00:00,510.8596033300245,511.48117510137274,509.36706069644924,509.98863246779746,12439457
2025-10-07 13:00:00,510.0497984084615,510.0799606520357,510.0366848429733,510.06684708654745,13806740
2025-10-07 14:00:00,510.3422955260562,510.4499722314644,510.1020954995816,510.2097722049898,9306894
2025-10-07 15:00:00,510.69635431602677,510.8803743705183,510.13364183065596,510.3176618851475,11685069
2025-10-08 09:30:00,510.2237191055882,510.5952158394211,510.0629536088229,510.4344503426558,13855538
2025-10-08 10:00:00,509.47738197744314,511.2687569681918,508.7455578727128,510.53693286346146,5642654
2025-10-08 11:00:00,510.74114763947273,510.7728699956082,510.66121232019583,510.6929346763313,9558101
2025-10-08 12:00:00,510.43840884772715,511.034151264537,510.1859951423146,510.78173755912445,6217257
2025-10-08 13:00:00,511.5814632221874,511.9255342870804,510.5601756354912,510.9042467003842,19875159
2025-10-08 14:00:00,510.4623096003332,511.31306878093363,510.13245692243964,510.9832161030401,4964400
2025-10-08 15:00:00,511.06619118522036,511.0977945045892,510.9880290483416,511.01963236771047,10013874
2025-10-09 09:30:00,510.94005200328354,511.2591957573895,510.7930966096512,511.1122403637571,12091409
2025-10-09 10:00:00,511.434688606902,511.6276083033472,510.9611302792634,511.1540499757086,4423976
2025-10-09 11:00:00,510.2438759515112,512.1944314952829,509.3324607184811,511.2830162622527,11864909
2025-10-09 12:00:00,511.03558931084785,511.77279009537176,510.74664979591165,511.48385058043556,16402907
2025-10-09 13:00:00,512.1767071437189,512.6968820619342,511.0784145097805,511.5985894279958,16599975
2025-10-09 14:00:00,511.8581299663991,511.9842463021036,511.4880289368441,511.6141452725486,7167640
2025-10-09 15:00:00,511.3754491509496,511.84215860550876,511.22621691494817,511.69292636950735,3986308
2025-10-10 09:30:00,512.2975238687089,512.6822743774459,511.2644053393343,511.64915584807125,8578816
2025-10-10 10:00:00,511.8231342688305,511.88709073697595,511.6460435298734,511.7099999980189,11348900
2025-10-10 11:00:00,512.138746669442,512.3386793401517,511.60767373632575,511.8076064070354,4228536
2025-10-10 12:00:00,510.909633524135,512.5127294424551,510.3299600782859,511.933055996606,14109556
2025-10-10 13:00:00,512.0330893648293,512.1477188426966,511.7445854630909,511.85921494095817,7088204
2025-10-10 14:00:00,511.2566991919047,512.2986011779271,510.9164016560368,511.95830364205926,10347424
2025-10-10 15:00:00,511.18421945544014,512.9676792014575,510.38503935690665,512.168499102924,22929651
2025-10-13 09:30:00,512.7061793497933,512.8732204373082,512.2216899567793,512.3887310442942,18634563
2025-10-13 10:00:00,513.2078822173952,513.5978899961207,512.1014737391251,512.4914815178506,15159057
2025-10-13 11:00:00,512.5096740467553,512.850622939525,512.3503194238014,512.691268316571,18188010
2025-10-13 12:00:00,512.7584591731387,512.8264524567444,512.7266066636608,512.7945999472665,3472720
2025-10-13 13:00:00,512.7258211771763,513.1876017083769,512.5243240218464,512.986104553047,7558352
2025-10-13 14:00:00,512.5700177633282,513.2865279717619,512.282352364176,512.9988625726096,2357226
2025-10-13 15:00:00,513.5003421492742,513.7075167786296,512.872515285195,513.0796899145505,9151538
2025-10-14 09:30:00,512.6547596366952,513.7096392335221,512.1598618719795,513.2147414688064,16384523
2025-10-14 10:00:00,514.2548941489243,514.9889409582912,512.6015822566623,513.3356290660291,11801170
2025-10-14 11:00:00,512.8541164349452,513.7907934258232,512.4366776553901,513.373354646268,2867822
2025-10-14 12:00:00,512.7075040165316,514.0713064713663,512.0921772319556,513.4559796867902,6522761
2025-10-14 13:00:00,514.148701173916,514.652958132854,512.9633610262968,513.4676179852347,4154761
2025-10-14 14:00:00,514.2339998079008,514.8340520976669,512.9253151261909,513.525367415957,9485493
2025-10-14 15:00:00,513.2853528099158,513.8777997756303,513.043401372803,513.6358483385175,6597704
2025-10-15 09:30:00,512.6239094415122,514.7785268985875,511.6388121141379,513.7934295712132,20820910
2025-10-15 10:00:00,513.2725191280041,514.2960675657469,512.8852698773946,513.9088183151374,5005239
2025-10-15 11:00:00,514.0953694181854,514.1001172534561,514.0814030554321,514.0861508907028,26026707
2025-10-15 12:00:00,513.5005012889512,514.3781675278368,513.2155218929278,514.0931881318133,5891403
2025-10-15 13:00:00,514.1197045903889,514.1422870857053,514.0526274063923,514.0752099017087,5470244
2025-10-15 14:00:00,514.6034200298803,514.7712201951424,514.1122950596773,514.2800952249394,19745965
2025-10-15 15:00:00,513.9392939937621,514.7070173146535,513.6311201593354,514.3988434802268,15639244
2025-10-16 09:30:00,514.6879050834641,514.7821563268845,514.4534155274623,514.5476667708828,8743301
2025-10-16 10:00:00,513.3155040385789,515.5234531870514,512.4438696768938,514.6518188253663,6483772
2025-10-16 11:00:00,515.0552270788783,515.2498536449505,514.5254509335981,514.7200774996703,13421774
2025-10-16 12:00:00,514.3312070559926,515.0749297587005,514.0450624787466,514.7887851814544,5830273
2025-10-16 13:00:00,514.2469456912054,515.3041333268776,513.8051497753777,514.8623374110499,14015964
2025-10-16 14:00:00,514.7409893095222,515.0708283505799,514.593345115131,514.9231841561887,4893889
2025-10-16 15:00:00,514.7478466098825,515.1857670901201,514.6099267025276,515.0478471827652,18810203
2025-10-17 09:30:00,514.4030881615025,515.578518722343,513.9455403616064,515.1209709224469,12301376
2025-10-17 10:00:00,515.5510085905349,515.7066293535405,515.1073491782927,515.2629699412983,7321695
2025-10-17 11:00:00,516.2430823688081,516.9738580459411,514.6672889752642,515.3980646523972,8781408
2025-10-17 12:00:00,515.6516371433344,515.752810465499,515.4063645839497,515.5075379061143,17848614
2025-10-17 13:00:00,515.0230654111919,515.8843101478251,514.7455872815534,515.6068320181867,9779104
2025-10-17 14:00:00,516.3095292121014,516.7464218278958,515.2572785002908,515.6941711160852,12050899
2025-10-17 15:00:00,514.7920395937763,516.4288143355689,514.2368219723807,515.8735967141732,12012687
2025-10-20 09:30:00,517.1768297030245,517.9533759576185,515.0985946835955,515.8751409381895,5212039
2025-10-20 10:00:00,514.964400160037,516.6200650591378,514.3538996442534,516.0095645433541,8080324
2025-10-20 11:00:00,515.6162920811785,516.3816656817678,515.3312030006664,516.0965766012557,15655082
2025-10-20 12:00:00,515.5729032760648,516.6044024650508,515.1740780426758,516.2055772316618,9349622
2025-10-20 13:00:00,515.728483510698,516.8040465217238,515.2471461694264,516.3227091804522,8943184
2025-10-20 14:00:00,515.7285851163501,516.8507639703887,515.3313013054285,516.4534801594671,8346505
2025-10-20 15:00:00,514.5936872249185,517.6250439048014,513.5221052447191,516.553461924602,7681622
2025-10-21 09:30:00,516.3522120597244,516.8651588274156,516.1439763552147,516.6569231229059,14195682
2025-10-21 10:00:00,516.9374845094801,517.0276276572813,516.6784625799006,516.7686057277018,12139466
2025-10-21 11:00:00,516.5214533720567,516.9920007612641,516.3083991439216,516.778946533129,5479490
2025-10-21 12:00:00,517.2453565654481,517.3795916318494,516.8181981713558,516.9524332377571,19800521
2025-10-21 13:00:00,517.4767547540661,517.7506337344983,516.7371406809859,517.0110196614181,10206570
2025-10-21 14:00:00,517.6554280390893,518.0782290376679,516.7046599642885,517.1274609628671,17074220
2025-10-21 15:00:00,517.2995192649887,517.4032708783013,517.0760131328914,517.179764746204,5572379
2025-10-22 09:30:00,517.8362253081332,518.3104558913875,516.7536455993047,517.227876182559,3455219
2025-10-22 10:00:00,516.8585417981291,517.6999302602858,516.5674286159884,517.4088170781451,21251836
2025-10-22 11:00:00,518.9471124446328,519.7128896998488,516.82728640579,517.593063661006,17720942
2025-10-22 12:00:00,517.2713301803371,517.8317240953771,517.0862851521298,517.6466790671698,7837850
2025-10-22 13:00:00,517.6476081771544,517.7906126376615,517.5960513800045,517.7390558405116,9865867
2025-10-22 14:00:00,517.8477853436258,518.082104823201,517.7566376991577,517.990957178733,22584572
2025-10-22 15:00:00,517.619176056401,518.59840251273,517.158836371093,518.138062827422,4341071
2025-10-23 09:30:00,517.5829372386397,518.6102014783146,517.1538977339609,518.1811619736358,2704952
2025-10-23 10:00:00,518.2262228530823,518.2273803609252,518.2236584225006,518.2248159303435,5224526
2025-10-23 11:00:00,517.7293626633788,518.7039512818224,517.3586142025429,518.3332028209865,5855399
2025-10-23 12:00:00,518.702912401226,518.7977757320227,518.4824576149693,518.5773209457661,33775420
2025-10-23 13:00:00,517.7156516584208,519.1573265875128,517.264508076793,518.706183005885,20362658
2025-10-23 14:00:00,518.2333771492608,519.1851915562469,517.8059908414594,518.7578052484455,3202837
2025-10-23 15:00:00,519.3316483047854,519.6379797640733,518.5275779712541,518.833909430542,12280740
2025-10-24 09:30:00,518.8636652141564,519.039179375126,518.7811237890917,518.9566379500612,18514235
2025-10-24 10:00:00,517.8690328567243,519.7478953515562,517.2266529852932,519.1055154801251,5781884
2025-10-24 11:00:00,519.4648997937492,519.6757530255481,519.017198407837,519.228051639636,19515053
2025-10-24 12:00:00,518.8626721337813,519.6001867910331,518.5417183553686,519.2792330126205,9493521
2025-10-24 13:00:00,518.8948472641922,519.7535956442097,518.5492941187429,519.4080424987603,9549146
2025-10-24 14:00:00,518.3154676337211,520.4589715553136,517.4294544754033,519.5729583969958,8068238
2025-10-24 15:00:00,520.311263961124,520.6393766564884,519.4130507218885,519.7411634172528,16976491
2025-10-27 09:30:00,519.5079578011478,520.0401530944074,519.2689284980099,519.8011237912696,3605385
2025-10-27 10:00:00,520.1442421534629,520.3346100693126,519.7390157387628,519.9293836546125,18524981
2025-10-27 11:00:00,519.4011563731098,520.5728811344308,518.9181657250406,520.0898904863616,19090846
2025-10-27 12:00:00,521.0555578230463,521.5877173046434,519.6602599730425,520.1924194546395,12673791
2025-10-27 13:00:00,519.3180305746962,521.0866639046269,518.509850128643,520.2784834585738,7109123
2025-10-27 14:00:00,521.4809817885454,522.0285303878997,519.8190179403764,520.3665665397307,10597318
2025-10-27 15:00:00,520.331028028424,520.5472302039223,520.2380385202982,520.4542406957964,15203274
2025-10-28 09:30:00,520.011973714546,520.756547667593,519.7602799825249,520.504853935572,7863041
2025-10-28 10:00:00,519.3847079599251,521.6725404274356,518.3617659804407,520.6495984479512,5567866
2025-10-28 11:00:00,521.0714600146937,521.2823990342443,520.5793092475994,520.7902482671501,21378102
2025-10-28 12:00:00,522.2824227479911,523.1409856329824,520.1449152976705,521.0034781826619,27045365
2025-10-28 13:00:00,521.7857575150178,522.1647891895724,520.6914467677283,521.0704784422828,12091609
2025-10-28 14:00:00,521.037324601603,521.2598553463433,520.9368234766802,521.1593542214205,12050431
2025-10-28 15:00:00,521.8373907040016,522.3184894735277,520.6894851426215,521.1705839121477,1435641
2025-10-29 09:30:00,520.5482089577313,521.6495843036818,520.1986061068045,521.299981452755,17157667
2025-10-29 10:00:00,521.6448724587441,521.8968474729023,521.0991343637672,521.3511093779255,10821731
2025-10-29 11:00:00,521.0568650165455,521.6977139653827,520.8165941183889,521.4574430672261,7904571
2025-10-29 12:00:00,521.6151900496807,521.7165342422679,521.3973608199341,521.4987050125213,6922622
2025-10-29 13:00:00,521.9017441594937,522.1551811501421,521.34970100473,521.6031379953785,9684089
2025-10-29 14:00:00,522.9260442051102,523.4749642069266,521.1953151836225,521.7442351854389,10194249
2025-10-29 15:00:00,521.9946899982732,522.0674794226072,521.8210631082399,521.8938525325739,17157854
2025-10-30 09:30:00,522.1379371226682,522.2706554923741,521.8509853350376,521.9837037047436,5267755
2025-10-30 10:00:00,522.0022938104087,522.0423475495415,521.9834436744679,522.0234974136008,9604923
2025-10-30 11:00:00,522.4110707516938,522.6353072646598,521.8162897669392,522.0405262799052,7423939
2025-10-30 12:00:00,522.0708859538245,522.2943146421917,521.9652402774344,522.1886689658016,8575471
2025-10-30 13:00:00,521.4160153443264,522.9927840951633,520.7884323014114,522.3652010522483,15661711
2025-10-30 14:00:00,522.7257667294421,522.8653328232365,522.3762347396616,522.5158008334561,9857739
2025-10-30 15:00:00,522.2743442150354,522.6894223854464,522.0822298487889,522.4973080191999,3363989
2025-10-31 09:30:00,523.3091788739265,523.7885197651375,522.0966156887854,522.5759565799964,14186048
2025-10-31 10:00:00,522.996930550912,523.1698220333078,522.5685128661993,522.7414043485951,4940239
2025-10-31 11:00:00,522.6000700237151,522.8762035827837,522.5110722927819,522.7872058518504,6879484
2025-10-31 12:00:00,523.8847492434384,524.6630572876253,522.0618842978243,522.8401923420113,10055348
2025-10-31 13:00:00,522.8584459839275,522.9842610652693,522.8177335206493,522.9435486019911,8524469
2025-10-31 14:00:00,522.579033572328,523.2650280809518,522.3435694384916,523.0295639471154,12879845
2025-10-31 15:00:00,522.9858521975287,523.252544398021,522.8890845006753,523.1557767011675,17667728
2025-11-03 09:30:00,522.2514083174012,524.0383593632006,521.5015210620516,523.2884721078509,11102527
2025-11-03 10:00:00,523.3332202474628,523.3643034308418,523.3216392815924,523.3527224649714,13345848
2025-11-03 11:00:00,523.5902948534746,523.7054735740278,523.2252209446724,523.3403996652256,1338713
2025-11-03 12:00:00,523.4558646785301,523.4611265949363,523.4391446313504,523.4444065477566,3522050
2025-11-03 13:00:00,524.4651208271189,524.9773980124938,523.0047879388936,523.5170651242686,3819081
2025-11-03 14:00:00,523.6882523321674,523.736918935326,523.5705769526708,523.6192435558294,11765204
2025-11-03 15:00:00,523.0936907104424,524.1535685822654,522.6030995664881,523.6629774383111,6521538
2025-11-04 09:30:00,524.0180313660071,524.1447028226394,523.7060799671764,523.8327514238086,13899626
2025-11-04 10:00:00,524.4682861864238,524.7315392076201,523.7081833373401,523.9714363585364,18147135
2025-11-04 11:00:00,523.7736966029194,524.2329656299169,523.6101382801527,524.0694073071502,10176830
2025-11-04 12:00:00,524.5818673007952,524.783560696773,524.0761653767353,524.277858772713,27244102
2025-11-04 13:00:00,523.7946999922141,524.7203668406142,523.4298853111119,524.3555521595121,9153310
2025-11-04 14:00:00,522.8786466482505,525.4352220037297,522.0118511772873,524.5684265327665,27035389
2025-11-04 15:00:00,525.5785492005397,526.3178289864659,523.8883257361767,524.627605522103,9123411
2025-11-05 09:30:00,524.3047744735255,524.8444169887937,524.0984129166795,524.6380554319477,6629305
2025-11-05 10:00:00,524.6471942776506,524.686064960386,524.6304596407107,524.6693303234462,3915045
2025-11-05 11:00:00,524.5296615627983,525.0109552587562,524.3025347310862,524.7838284270441,7140812
2025-11-05 12:00:00,524.0837241345642,525.604760280173,523.392495000483,524.9135311460917,18980477
2025-11-05 13:00:00,524.5845194130801,525.3004707525431,524.3379710627287,525.0539224021917,21250210
2025-11-05 14:00:00,525.2873206841854,525.4156692611298,525.0086386966082,525.1369872735526,4819415
2025-11-05 15:00:00,525.2160742129208,525.3428017361877,525.1625939985037,525.2893215217705,14009738
2025-11-06 09:30:00,524.7493400276317,525.7713452441625,524.383631918832,525.4056371353628,4899426
2025-11-06 10:00:00,525.6154155328591,525.7139164448763,525.3946570238744,525.4931579358916,7011491
2025-11-06 11:00:00,526.1965723800176,526.7286741781476,524.9468214759576,525.4789232740875,4381474
2025-11-06 12:00:00,526.1800325944422,526.7239560541586,524.9544073018639,525.4983307615803,5143531
2025-11-06 13:00:00,524.7760596376506,526.1376913779105,524.226026212748,525.5876579530079,8185215
2025-11-06 14:00:00,525.1194622252807,526.0781291936219,524.6693332495911,525.6280002179323,2233086
2025-11-06 15:00:00,525.6445191340117,525.8464773319089,525.5630877761018,525.765045973999,8832957
2025-11-07 09:30:00,525.3081093693626,526.1646642063174,524.9913169533788,525.8478717903337,11510031
2025-11-07 10:00:00,524.5878970183805,526.7993091164536,523.7676896585695,525.9791017566425,5970565
2025-11-07 11:00:00,526.6122038062472,527.0569197989496,525.6120040712516,526.056720063954,5488492
2025-11-07 12:00:00,525.8204512934309,526.5710545936577,525.5265054923555,526.2771087925822,25874468
2025-11-07 13:00:00,526.1742615080555,526.6785693364086,525.9465870994388,526.450894927792,17263888
2025-11-07 14:00:00,526.5134680194802,526.5281728147625,526.5087210851965,526.5234258804787,5511954
2025-11-07 15:00:00,525.9020062244547,527.1784991149469,525.3908805715711,526.6673734620633,20683807
