date,open,high,low,close,volume,average,barCount
2025-08-29 09:30:00-04:00,647.46,647.84,647.28,647.41,1516761.0,647.526,9069
2025-08-29 09:35:00-04:00,647.39,647.44,646.85,646.87,1016100.0,647.167,6541
2025-08-29 09:40:00-04:00,646.87,647.28,646.8,647.01,853774.0,647.019,5768
2025-08-29 09:45:00-04:00,647.01,647.01,646.06,646.1,1302374.0,646.416,9009
2025-08-29 09:50:00-04:00,646.1,646.35,645.77,645.96,1009088.0,646.081,6987
2025-08-29 09:55:00-04:00,645.96,646.16,645.34,645.51,1068464.0,645.645,6589
2025-08-29 10:00:00-04:00,645.5,646.07,644.6,644.62,1354034.0,645.394,8191
2025-08-29 10:05:00-04:00,644.62,644.75,643.79,644.08,1538492.0,644.166,10137
2025-08-29 10:10:00-04:00,644.06,644.39,643.84,644.33,1521488.0,644.124,9425
2025-08-29 10:15:00-04:00,644.32,644.32,643.63,644.13,1166667.0,643.924,6361
2025-08-29 10:20:00-04:00,644.09,644.79,644.08,644.43,790196.0,644.519,4981
2025-08-29 10:25:00-04:00,644.42,644.68,643.81,644.67,657355.0,644.17,3996
2025-08-29 10:30:00-04:00,644.67,644.93,644.33,644.83,554632.0,644.675,3557
2025-08-29 10:35:00-04:00,644.8,645.01,644.53,644.97,485396.0,644.789,3290
2025-08-29 10:40:00-04:00,644.96,645.11,644.17,644.2,640782.0,644.759,3985
2025-08-29 10:45:00-04:00,644.2,644.36,643.52,643.71,625719.0,643.969,3966
2025-08-29 10:50:00-04:00,643.71,643.78,643.14,643.72,923281.0,643.463,5562
2025-08-29 10:55:00-04:00,643.73,644.03,643.52,643.82,635847.0,643.736,4010
2025-08-29 11:00:00-04:00,643.82,644.24,643.68,644.08,402275.0,644.012,2622
2025-08-29 11:05:00-04:00,644.09,644.7,644.03,644.64,415943.0,644.364,2718
2025-08-29 11:10:00-04:00,644.62,644.76,644.34,644.36,416091.0,644.57,2505
2025-08-29 11:15:00-04:00,644.37,644.61,644.21,644.35,378465.0,644.41,2352
2025-08-29 11:20:00-04:00,644.34,644.61,644.2,644.56,282545.0,644.404,1964
2025-08-29 11:25:00-04:00,644.55,644.77,644.3,644.41,369441.0,644.535,2218
2025-08-29 11:30:00-04:00,644.41,644.55,644.0,644.06,315788.0,644.228,2080
2025-08-29 11:35:00-04:00,644.07,644.51,644.06,644.35,370568.0,644.298,2479
2025-08-29 11:40:00-04:00,644.34,644.47,644.13,644.15,297208.0,644.259,1981
2025-08-29 11:45:00-04:00,644.13,644.26,643.97,644.0,274805.0,644.098,1827
2025-08-29 11:50:00-04:00,643.99,644.12,643.71,643.91,372471.0,643.897,2518
2025-08-29 11:55:00-04:00,643.91,644.1,643.73,643.78,427769.0,643.87,2441
2025-08-29 12:00:00-04:00,643.79,644.42,643.75,644.34,476621.0,644.151,2967
2025-08-29 12:05:00-04:00,644.33,644.4,643.98,644.35,273790.0,644.245,1790
2025-08-29 12:10:00-04:00,644.34,644.68,644.26,644.54,377494.0,644.506,2500
2025-08-29 12:15:00-04:00,644.54,644.76,644.39,644.52,282948.0,644.594,2093
2025-08-29 12:20:00-04:00,644.53,644.68,644.48,644.63,246818.0,644.578,1543
2025-08-29 12:25:00-04:00,644.63,644.66,644.09,644.17,202393.0,644.323,1353
2025-08-29 12:30:00-04:00,644.18,644.76,644.18,644.68,224521.0,644.551,1358
2025-08-29 12:35:00-04:00,644.69,644.95,644.65,644.92,258326.0,644.796,1730
2025-08-29 12:40:00-04:00,644.91,644.94,644.73,644.94,168727.0,644.838,1188
2025-08-29 12:45:00-04:00,644.93,645.04,644.62,644.68,197814.0,644.888,1430
2025-08-29 12:50:00-04:00,644.69,644.83,644.59,644.81,413753.0,644.707,2403
2025-08-29 12:55:00-04:00,644.8,644.91,644.67,644.73,351645.0,644.822,2180
2025-08-29 13:00:00-04:00,644.7,644.7,643.9,643.92,568860.0,644.285,3406
2025-08-29 13:05:00-04:00,643.93,644.26,643.78,644.23,290540.0,644.078,2092
2025-08-29 13:10:00-04:00,644.23,644.24,643.78,643.83,370246.0,643.971,2651
2025-08-29 13:15:00-04:00,643.83,643.95,643.46,643.72,481154.0,643.66,2973
2025-08-29 13:20:00-04:00,643.72,644.09,643.72,643.88,438501.0,643.928,2616
2025-08-29 13:25:00-04:00,643.88,644.11,643.87,644.0,206546.0,643.995,1300
2025-08-29 13:30:00-04:00,644.0,644.26,643.84,643.98,272790.0,644.029,1810
2025-08-29 13:35:00-04:00,643.99,644.25,643.92,644.21,294263.0,644.075,1759
2025-08-29 13:40:00-04:00,644.22,644.42,644.19,644.35,354569.0,644.297,2109
2025-08-29 13:45:00-04:00,644.36,644.67,644.33,644.57,335407.0,644.515,2201
2025-08-29 13:50:00-04:00,644.57,645.02,644.5,644.77,374630.0,644.798,2424
2025-08-29 13:55:00-04:00,644.76,644.85,644.4,644.64,305991.0,644.651,2130
2025-08-29 14:00:00-04:00,644.65,644.67,644.23,644.24,328794.0,644.407,2339
2025-08-29 14:05:00-04:00,644.25,644.65,644.22,644.61,241718.0,644.457,1452
2025-08-29 14:10:00-04:00,644.61,644.7,644.4,644.54,320122.0,644.563,1892
2025-08-29 14:15:00-04:00,644.55,644.66,644.45,644.54,326937.0,644.549,2075
2025-08-29 14:20:00-04:00,644.53,644.53,644.17,644.42,374665.0,644.32,2415
2025-08-29 14:25:00-04:00,644.42,644.51,644.21,644.26,227718.0,644.318,1436
2025-08-29 14:30:00-04:00,644.26,644.65,644.26,644.63,244297.0,644.491,1698
2025-08-29 14:35:00-04:00,644.63,644.74,644.45,644.47,341838.0,644.627,2209
2025-08-29 14:40:00-04:00,644.48,644.55,644.26,644.27,203919.0,644.409,1330
2025-08-29 14:45:00-04:00,644.27,644.48,644.27,644.37,203130.0,644.389,1497
2025-08-29 14:50:00-04:00,644.37,644.44,644.17,644.39,316154.0,644.32,1694
2025-08-29 14:55:00-04:00,644.38,644.5,644.24,644.49,250837.0,644.38,1628
2025-08-29 15:00:00-04:00,644.49,644.61,644.3,644.59,469360.0,644.469,2886
2025-08-29 15:05:00-04:00,644.59,644.84,644.55,644.69,494432.0,644.701,3243
2025-08-29 15:10:00-04:00,644.69,644.8,644.53,644.61,391992.0,644.647,2653
2025-08-29 15:15:00-04:00,644.61,644.86,644.59,644.84,566837.0,644.744,3063
2025-08-29 15:20:00-04:00,644.84,644.99,644.63,644.78,653438.0,644.805,3731
2025-08-29 15:25:00-04:00,644.77,644.8,644.37,644.58,475398.0,644.594,3052
2025-08-29 15:30:00-04:00,644.58,644.8,644.43,644.43,902518.0,644.628,5044
2025-08-29 15:35:00-04:00,644.44,644.48,644.08,644.44,1056181.0,644.293,6433
2025-08-29 15:40:00-04:00,644.44,644.89,644.36,644.78,759332.0,644.66,4821
2025-08-29 15:45:00-04:00,644.77,645.14,644.52,644.61,1236559.0,644.825,7966
2025-08-29 15:50:00-04:00,644.61,644.78,643.8,643.87,2191187.0,644.141,14712
2025-08-29 15:55:00-04:00,643.86,645.04,643.76,645.0,5887343.0,644.558,28399
2025-09-02 09:30:00-04:00,637.53,637.53,636.05,636.39,3533420.0,636.604,21335
2025-09-02 09:35:00-04:00,636.38,637.34,636.33,636.86,1815893.0,637.035,12277
2025-09-02 09:40:00-04:00,636.85,637.44,636.57,637.1,999669.0,636.973,6333
2025-09-02 09:45:00-04:00,637.07,637.87,636.44,637.81,1249131.0,637.079,7446
2025-09-02 09:50:00-04:00,637.81,639.14,637.67,639.14,1371531.0,638.537,8581
2025-09-02 09:55:00-04:00,639.12,639.36,638.82,639.07,795860.0,639.09,5338
2025-09-02 10:00:00-04:00,639.01,640.14,638.87,639.34,1142558.0,639.592,6505
2025-09-02 10:05:00-04:00,639.34,639.44,638.83,638.97,574556.0,639.126,3657
2025-09-02 10:10:00-04:00,638.96,639.52,638.67,638.9,604386.0,639.091,3623
2025-09-02 10:15:00-04:00,638.9,639.28,638.44,638.91,587568.0,638.855,3487
2025-09-02 10:20:00-04:00,638.91,639.45,638.36,638.46,504196.0,639.0,2860
2025-09-02 10:25:00-04:00,638.45,639.49,638.18,639.47,774305.0,638.783,4332
2025-09-02 10:30:00-04:00,639.45,639.63,638.94,639.52,553467.0,639.272,3329
2025-09-02 10:35:00-04:00,639.51,639.58,638.85,638.98,324543.0,639.325,1990
2025-09-02 10:40:00-04:00,638.99,639.0,637.97,638.11,597801.0,638.404,3510
2025-09-02 10:45:00-04:00,638.13,638.27,637.39,637.46,681407.0,637.76,3927
2025-09-02 10:50:00-04:00,637.45,637.71,637.23,637.43,561650.0,637.46,3502
2025-09-02 10:55:00-04:00,637.41,637.76,637.23,637.65,570649.0,637.52,3333
2025-09-02 11:00:00-04:00,637.65,637.94,637.27,637.27,344228.0,637.642,2054
2025-09-02 11:05:00-04:00,637.3,637.33,636.89,637.15,427742.0,637.118,2797
2025-09-02 11:10:00-04:00,637.15,637.52,636.91,637.0,328948.0,637.192,1984
2025-09-02 11:15:00-04:00,637.01,637.1,636.37,636.57,636786.0,636.665,4075
2025-09-02 11:20:00-04:00,636.57,636.6,636.17,636.48,521159.0,636.434,3223
2025-09-02 11:25:00-04:00,636.48,636.81,636.41,636.56,457019.0,636.595,2941
2025-09-02 11:30:00-04:00,636.55,636.57,636.18,636.24,388579.0,636.332,2428
2025-09-02 11:35:00-04:00,636.23,636.28,635.45,635.5,674687.0,635.748,4043
2025-09-02 11:40:00-04:00,635.52,635.77,635.41,635.48,314467.0,635.557,2084
2025-09-02 11:45:00-04:00,635.49,635.74,635.39,635.42,362343.0,635.562,2268
2025-09-02 11:50:00-04:00,635.43,635.43,634.97,635.18,772217.0,635.134,4560
2025-09-02 11:55:00-04:00,635.17,635.57,634.92,635.21,575651.0,635.22,3340
2025-09-02 12:00:00-04:00,635.22,635.61,635.03,635.09,476738.0,635.337,2916
2025-09-02 12:05:00-04:00,635.09,635.49,635.07,635.12,337166.0,635.243,1944
2025-09-02 12:10:00-04:00,635.12,635.69,635.09,635.57,419332.0,635.45,2498
2025-09-02 12:15:00-04:00,635.57,636.0,635.56,635.99,465444.0,635.821,2668
2025-09-02 12:20:00-04:00,635.99,636.07,635.73,635.75,301385.0,635.884,1885
2025-09-02 12:25:00-04:00,635.76,635.91,635.56,635.61,297791.0,635.742,2036
2025-09-02 12:30:00-04:00,635.61,635.87,635.61,635.72,240238.0,635.737,1560
2025-09-02 12:35:00-04:00,635.71,636.13,635.61,635.84,258501.0,635.876,1525
2025-09-02 12:40:00-04:00,635.84,636.51,635.84,636.14,538874.0,636.191,3092
2025-09-02 12:45:00-04:00,636.13,636.27,635.68,635.92,345894.0,635.961,2090
2025-09-02 12:50:00-04:00,635.92,636.48,635.87,636.38,377640.0,636.26,2186
2025-09-02 12:55:00-04:00,636.36,636.97,636.36,636.95,472970.0,636.79,2924
2025-09-02 13:00:00-04:00,636.95,637.13,636.89,637.04,476188.0,637.02,2642
2025-09-02 13:05:00-04:00,637.04,637.28,636.9,637.01,402144.0,637.117,2247
2025-09-02 13:10:00-04:00,637.02,637.06,636.53,636.73,293585.0,636.778,1719
2025-09-02 13:15:00-04:00,636.71,636.97,636.66,636.95,229043.0,636.833,1342
2025-09-02 13:20:00-04:00,636.94,637.41,636.88,637.35,342226.0,637.132,2058
2025-09-02 13:25:00-04:00,637.34,637.85,637.34,637.64,528703.0,637.607,3071
2025-09-02 13:30:00-04:00,637.63,638.38,637.63,638.33,528079.0,637.993,3286
2025-09-02 13:35:00-04:00,638.34,638.78,638.23,638.73,560388.0,638.464,3564
2025-09-02 13:40:00-04:00,638.72,638.95,638.51,638.85,566267.0,638.74,3553
2025-09-02 13:45:00-04:00,638.86,638.99,638.66,638.87,426699.0,638.812,2725
2025-09-02 13:50:00-04:00,638.87,639.04,638.52,638.54,527112.0,638.798,3061
2025-09-02 13:55:00-04:00,638.54,638.65,638.33,638.35,393752.0,638.514,2510
2025-09-02 14:00:00-04:00,638.33,638.81,638.28,638.44,350203.0,638.588,2016
2025-09-02 14:05:00-04:00,638.44,638.47,638.06,638.1,286233.0,638.23,1789
2025-09-02 14:10:00-04:00,638.11,638.33,637.98,638.09,359186.0,638.158,2135
2025-09-02 14:15:00-04:00,638.09,638.19,637.77,637.8,263044.0,637.988,1660
2025-09-02 14:20:00-04:00,637.8,638.21,637.73,637.98,271811.0,638.02,1725
2025-09-02 14:25:00-04:00,637.98,638.08,637.65,637.73,217245.0,637.846,1383
2025-09-02 14:30:00-04:00,637.72,638.09,637.68,637.77,279793.0,637.867,1686
2025-09-02 14:35:00-04:00,637.75,637.75,637.47,637.64,347597.0,637.578,1829
2025-09-02 14:40:00-04:00,637.64,637.67,637.32,637.52,311959.0,637.466,2020
2025-09-02 14:45:00-04:00,637.51,638.23,637.39,637.97,513339.0,637.816,3170
2025-09-02 14:50:00-04:00,637.95,638.94,637.94,638.59,777334.0,638.542,4202
2025-09-02 14:55:00-04:00,638.61,638.63,637.92,638.05,386086.0,638.249,2141
2025-09-02 15:00:00-04:00,638.06,638.58,638.04,638.46,496856.0,638.345,3016
2025-09-02 15:05:00-04:00,638.43,638.59,638.31,638.52,241249.0,638.457,1458
2025-09-02 15:10:00-04:00,638.55,638.8,638.33,638.76,358393.0,638.603,2173
2025-09-02 15:15:00-04:00,638.76,639.14,638.64,639.1,560894.0,638.858,3464
2025-09-02 15:20:00-04:00,639.1,639.31,638.82,638.86,525172.0,639.085,3051
2025-09-02 15:25:00-04:00,638.85,639.24,638.74,639.14,449518.0,639.051,2800
2025-09-02 15:30:00-04:00,639.13,639.46,639.04,639.14,718571.0,639.274,4186
2025-09-02 15:35:00-04:00,639.14,639.59,639.06,639.58,895170.0,639.418,4955
2025-09-02 15:40:00-04:00,639.57,639.86,639.45,639.59,1020814.0,639.673,6163
2025-09-02 15:45:00-04:00,639.59,639.74,639.31,639.7,1035146.0,639.526,6105
2025-09-02 15:50:00-04:00,639.68,640.25,639.49,640.16,2373566.0,640.031,13274
2025-09-02 15:55:00-04:00,640.15,640.49,639.92,640.34,4488550.0,640.23,23272
2025-09-03 09:30:00-04:00,642.65,643.14,642.41,642.87,1869175.0,642.791,12899
2025-09-03 09:35:00-04:00,642.88,643.23,642.65,642.89,1387581.0,642.913,9657
2025-09-03 09:40:00-04:00,642.89,643.13,642.52,643.0,867133.0,642.824,6284
2025-09-03 09:45:00-04:00,643.02,643.1,642.1,642.52,1184690.0,642.538,7900
2025-09-03 09:50:00-04:00,642.52,643.05,642.25,642.39,776232.0,642.613,4991
2025-09-03 09:55:00-04:00,642.38,642.51,641.83,641.94,769794.0,642.088,4576
2025-09-03 10:00:00-04:00,642.0,642.87,641.74,642.67,948453.0,642.435,6373
2025-09-03 10:05:00-04:00,642.66,642.9,642.26,642.42,567853.0,642.578,3950
2025-09-03 10:10:00-04:00,642.42,642.77,641.59,641.62,831735.0,642.077,4809
2025-09-03 10:15:00-04:00,641.62,642.72,641.62,642.64,787274.0,642.166,4716
2025-09-03 10:20:00-04:00,642.64,642.96,642.6,642.82,546001.0,642.804,3392
2025-09-03 10:25:00-04:00,642.81,643.22,642.32,642.36,658198.0,642.841,4247
2025-09-03 10:30:00-04:00,642.36,643.27,642.34,643.25,618612.0,642.918,3957
2025-09-03 10:35:00-04:00,643.25,643.32,643.05,643.23,510584.0,643.188,3226
2025-09-03 10:40:00-04:00,643.22,643.88,643.22,643.69,771509.0,643.614,5040
2025-09-03 10:45:00-04:00,643.68,644.09,643.58,643.93,622415.0,643.867,4220
2025-09-03 10:50:00-04:00,643.94,644.16,643.74,643.96,513751.0,644.003,3800
2025-09-03 10:55:00-04:00,643.95,644.07,643.74,643.97,397954.0,643.93,2788
2025-09-03 11:00:00-04:00,643.98,644.12,643.82,644.03,463667.0,643.998,3007
2025-09-03 11:05:00-04:00,644.04,644.21,643.74,643.95,464739.0,643.968,3270
2025-09-03 11:10:00-04:00,643.96,644.08,643.51,643.63,357094.0,643.78,2559
2025-09-03 11:15:00-04:00,643.62,643.68,643.38,643.54,415317.0,643.538,2773
2025-09-03 11:20:00-04:00,643.52,643.58,643.0,643.36,577290.0,643.267,3731
2025-09-03 11:25:00-04:00,643.34,643.34,642.29,642.43,860519.0,642.681,5495
2025-09-03 11:30:00-04:00,642.43,642.68,642.13,642.34,704942.0,642.346,4523
2025-09-03 11:35:00-04:00,642.34,642.81,642.33,642.8,597394.0,642.567,3905
2025-09-03 11:40:00-04:00,642.79,642.97,642.6,642.73,324139.0,642.821,2360
2025-09-03 11:45:00-04:00,642.72,642.83,642.34,642.63,416316.0,642.586,2665
2025-09-03 11:50:00-04:00,642.62,642.85,642.33,642.59,261233.0,642.614,1777
2025-09-03 11:55:00-04:00,642.58,642.58,642.12,642.38,302039.0,642.344,1949
2025-09-03 12:00:00-04:00,642.37,642.55,641.99,642.21,389944.0,642.211,2378
2025-09-03 12:05:00-04:00,642.23,642.55,642.09,642.5,300441.0,642.348,1860
2025-09-03 12:10:00-04:00,642.51,642.61,642.23,642.32,256494.0,642.365,1975
2025-09-03 12:15:00-04:00,642.3,642.68,642.17,642.67,241805.0,642.393,1694
2025-09-03 12:20:00-04:00,642.65,643.13,642.46,642.46,475976.0,642.88,3052
2025-09-03 12:25:00-04:00,642.48,642.74,642.23,642.43,297915.0,642.469,2001
2025-09-03 12:30:00-04:00,642.44,642.52,642.28,642.36,183272.0,642.392,1245
2025-09-03 12:35:00-04:00,642.37,642.43,642.09,642.13,241937.0,642.264,1709
2025-09-03 12:40:00-04:00,642.13,642.16,641.71,641.86,477740.0,641.921,3200
2025-09-03 12:45:00-04:00,641.85,642.03,641.55,641.67,425627.0,641.807,2680
2025-09-03 12:50:00-04:00,641.68,641.85,641.43,641.68,454000.0,641.606,2861
2025-09-03 12:55:00-04:00,641.69,642.11,641.69,641.82,558257.0,641.909,3095
2025-09-03 13:00:00-04:00,641.82,642.29,641.82,642.13,354707.0,642.041,2306
2025-09-03 13:05:00-04:00,642.12,642.31,642.08,642.22,277081.0,642.197,1817
2025-09-03 13:10:00-04:00,642.23,642.78,642.23,642.54,413253.0,642.599,2821
2025-09-03 13:15:00-04:00,642.57,642.85,642.53,642.57,273646.0,642.702,1832
2025-09-03 13:20:00-04:00,642.58,642.69,642.38,642.38,199746.0,642.526,1397
2025-09-03 13:25:00-04:00,642.37,642.39,641.95,642.27,307520.0,642.165,2010
2025-09-03 13:30:00-04:00,642.26,642.43,641.98,641.99,280602.0,642.285,1911
2025-09-03 13:35:00-04:00,641.98,642.14,641.79,641.81,258184.0,641.959,1628
2025-09-03 13:40:00-04:00,641.8,641.91,641.17,641.22,526394.0,641.488,3020
2025-09-03 13:45:00-04:00,641.24,641.46,640.62,641.36,893600.0,641.003,5696
2025-09-03 13:50:00-04:00,641.37,641.68,641.13,641.15,348046.0,641.393,2256
2025-09-03 13:55:00-04:00,641.17,641.24,640.69,640.98,447186.0,640.942,2943
2025-09-03 14:00:00-04:00,640.98,641.14,640.54,640.91,645533.0,640.85,4707
2025-09-03 14:05:00-04:00,640.91,641.09,640.64,640.93,436527.0,640.895,2988
2025-09-03 14:10:00-04:00,640.94,641.19,640.73,641.07,314618.0,640.918,2243
2025-09-03 14:15:00-04:00,641.07,641.16,640.78,640.93,333923.0,640.99,2186
2025-09-03 14:20:00-04:00,640.94,641.14,640.76,640.89,330810.0,640.968,2316
2025-09-03 14:25:00-04:00,640.9,641.29,640.81,641.13,301709.0,641.111,2097
2025-09-03 14:30:00-04:00,641.11,641.11,640.67,640.99,360707.0,640.88,2445
2025-09-03 14:35:00-04:00,640.96,641.04,640.46,640.51,393083.0,640.716,2651
2025-09-03 14:40:00-04:00,640.51,641.16,640.47,641.1,560945.0,640.827,3561
2025-09-03 14:45:00-04:00,641.09,641.28,640.89,640.94,361918.0,641.072,2404
2025-09-03 14:50:00-04:00,640.95,641.13,640.79,640.99,381080.0,640.951,2503
2025-09-03 14:55:00-04:00,640.99,641.05,640.72,640.88,415779.0,640.861,2848
2025-09-03 15:00:00-04:00,640.88,640.99,640.56,640.88,494367.0,640.776,3148
2025-09-03 15:05:00-04:00,640.88,641.14,640.78,640.85,339392.0,640.964,2103
2025-09-03 15:10:00-04:00,640.85,640.91,640.66,640.74,240291.0,640.777,1561
2025-09-03 15:15:00-04:00,640.74,641.01,640.67,640.97,547674.0,640.821,3149
2025-09-03 15:20:00-04:00,640.97,641.11,640.82,641.05,473264.0,640.988,2904
2025-09-03 15:25:00-04:00,641.05,641.2,640.98,641.02,306694.0,641.097,2037
2025-09-03 15:30:00-04:00,641.04,641.57,641.01,641.54,570298.0,641.32,3562
2025-09-03 15:35:00-04:00,641.54,641.84,641.52,641.8,784505.0,641.701,4787
2025-09-03 15:40:00-04:00,641.8,642.29,641.76,642.2,917881.0,641.987,5758
2025-09-03 15:45:00-04:00,642.2,642.6,642.01,642.51,1618161.0,642.365,10584
2025-09-03 15:50:00-04:00,642.51,643.08,642.5,643.0,2276345.0,642.871,14563
2025-09-03 15:55:00-04:00,643.0,643.73,642.87,643.64,4596061.0,643.228,26342
2025-09-04 09:30:00-04:00,644.43,644.94,644.19,644.91,1048831.0,644.478,7088
2025-09-04 09:35:00-04:00,644.91,645.3,644.56,644.74,1085264.0,644.938,7484
2025-09-04 09:40:00-04:00,644.74,645.16,644.62,645.05,739442.0,644.891,4853
2025-09-04 09:45:00-04:00,645.04,645.27,644.48,644.89,1172919.0,644.926,7446
2025-09-04 09:50:00-04:00,644.92,645.16,644.72,644.86,620657.0,644.94,4465
2025-09-04 09:55:00-04:00,644.86,645.15,644.67,644.85,445554.0,644.932,2994
2025-09-04 10:00:00-04:00,644.8,645.02,644.0,644.06,897602.0,644.464,5504
2025-09-04 10:05:00-04:00,644.08,644.24,643.8,643.88,827004.0,644.028,5625
2025-09-04 10:10:00-04:00,643.89,644.5,643.79,643.9,824236.0,644.147,5503
2025-09-04 10:15:00-04:00,643.92,644.23,643.51,644.12,795367.0,643.847,5451
2025-09-04 10:20:00-04:00,644.12,644.81,644.11,644.79,619692.0,644.458,4101
2025-09-04 10:25:00-04:00,644.77,645.11,644.57,644.88,711302.0,644.839,4603
2025-09-04 10:30:00-04:00,644.87,645.37,644.84,645.17,755606.0,645.148,4984
2025-09-04 10:35:00-04:00,645.17,645.78,644.99,645.6,918540.0,645.486,6056
2025-09-04 10:40:00-04:00,645.6,645.7,645.23,645.35,572034.0,645.441,3835
2025-09-04 10:45:00-04:00,645.36,645.74,645.26,645.72,428669.0,645.518,3152
2025-09-04 10:50:00-04:00,645.71,645.73,645.29,645.57,447895.0,645.55,3273
2025-09-04 10:55:00-04:00,645.56,645.67,645.3,645.64,269100.0,645.452,1959
2025-09-04 11:00:00-04:00,645.64,645.88,645.58,645.63,522695.0,645.737,3694
2025-09-04 11:05:00-04:00,645.64,645.88,645.6,645.82,461173.0,645.752,3012
2025-09-04 11:10:00-04:00,645.81,645.87,645.31,645.51,504669.0,645.508,3391
2025-09-04 11:15:00-04:00,645.51,646.05,645.51,646.01,483519.0,645.85,3104
2025-09-04 11:20:00-04:00,646.0,646.25,645.87,646.04,377044.0,646.055,2395
2025-09-04 11:25:00-04:00,646.04,646.44,646.0,646.21,576817.0,646.268,3794
2025-09-04 11:30:00-04:00,646.22,646.26,645.91,646.12,367941.0,646.112,2621
2025-09-04 11:35:00-04:00,646.12,646.15,645.82,645.97,358578.0,645.993,2642
2025-09-04 11:40:00-04:00,645.98,646.31,645.91,646.05,267428.0,646.132,1948
2025-09-04 11:45:00-04:00,646.05,646.3,645.98,646.23,256343.0,646.131,2019
2025-09-04 11:50:00-04:00,646.24,646.48,646.14,646.46,347420.0,646.319,2250
2025-09-04 11:55:00-04:00,646.47,646.59,646.17,646.18,464108.0,646.399,2892
2025-09-04 12:00:00-04:00,646.18,646.39,646.14,646.31,244844.0,646.242,1716
2025-09-04 12:05:00-04:00,646.32,646.51,646.21,646.5,265335.0,646.348,1679
2025-09-04 12:10:00-04:00,646.49,646.56,646.37,646.41,276901.0,646.462,1886
2025-09-04 12:15:00-04:00,646.42,646.48,646.26,646.4,236168.0,646.379,1648
2025-09-04 12:20:00-04:00,646.39,646.51,646.14,646.15,275260.0,646.322,1791
2025-09-04 12:25:00-04:00,646.14,646.24,645.83,645.95,344364.0,646.025,2238
2025-09-04 12:30:00-04:00,645.94,646.15,645.88,645.97,235077.0,646.015,1651
2025-09-04 12:35:00-04:00,645.97,646.17,645.91,646.01,207020.0,646.036,1358
2025-09-04 12:40:00-04:00,646.03,646.03,645.81,645.99,266977.0,645.913,1945
2025-09-04 12:45:00-04:00,645.97,646.46,645.93,646.35,307247.0,646.218,2152
2025-09-04 12:50:00-04:00,646.35,646.5,646.17,646.34,314797.0,646.33,2131
2025-09-04 12:55:00-04:00,646.34,646.4,645.93,645.94,242534.0,646.146,1569
2025-09-04 13:00:00-04:00,645.95,646.55,645.92,646.51,363821.0,646.281,2211
2025-09-04 13:05:00-04:00,646.51,646.8,646.43,646.61,371873.0,646.607,2319
2025-09-04 13:10:00-04:00,646.61,646.65,646.3,646.35,320723.0,646.456,1903
2025-09-04 13:15:00-04:00,646.34,646.69,646.34,646.66,245053.0,646.56,1525
2025-09-04 13:20:00-04:00,646.66,646.88,646.63,646.79,225402.0,646.769,1502
2025-09-04 13:25:00-04:00,646.8,646.97,646.74,646.86,298366.0,646.859,1856
2025-09-04 13:30:00-04:00,646.84,646.92,646.59,646.63,352471.0,646.723,2273
2025-09-04 13:35:00-04:00,646.65,646.86,646.6,646.69,303888.0,646.734,2156
2025-09-04 13:40:00-04:00,646.69,646.9,646.67,646.82,310557.0,646.827,2026
2025-09-04 13:45:00-04:00,646.83,647.01,646.78,646.96,269999.0,646.926,1599
2025-09-04 13:50:00-04:00,646.97,647.47,646.94,647.35,514851.0,647.255,3279
2025-09-04 13:55:00-04:00,647.35,647.36,647.06,647.14,398702.0,647.169,2621
2025-09-04 14:00:00-04:00,647.14,647.38,647.13,647.25,381490.0,647.282,2108
2025-09-04 14:05:00-04:00,647.25,647.31,647.16,647.26,235009.0,647.248,1420
2025-09-04 14:10:00-04:00,647.27,647.44,647.25,647.43,323201.0,647.355,1676
2025-09-04 14:15:00-04:00,647.43,647.61,647.41,647.42,378160.0,647.48,2178
2025-09-04 14:20:00-04:00,647.43,647.45,647.28,647.35,299184.0,647.358,1987
2025-09-04 14:25:00-04:00,647.35,647.38,647.2,647.23,283237.0,647.285,1906
2025-09-04 14:30:00-04:00,647.23,647.49,647.08,647.45,316079.0,647.321,2062
2025-09-04 14:35:00-04:00,647.45,647.49,647.29,647.32,253989.0,647.397,1640
2025-09-04 14:40:00-04:00,647.32,647.49,647.24,647.25,231931.0,647.379,1607
2025-09-04 14:45:00-04:00,647.25,647.56,647.24,647.55,295856.0,647.382,1820
2025-09-04 14:50:00-04:00,647.55,647.68,647.52,647.56,497168.0,647.587,2878
2025-09-04 14:55:00-04:00,647.57,647.68,647.53,647.63,293728.0,647.607,1907
2025-09-04 15:00:00-04:00,647.63,647.77,647.59,647.72,444271.0,647.692,2647
2025-09-04 15:05:00-04:00,647.73,647.9,647.7,647.81,481519.0,647.787,2820
2025-09-04 15:10:00-04:00,647.81,648.25,647.74,648.17,782315.0,647.986,4430
2025-09-04 15:15:00-04:00,648.16,648.22,647.97,648.08,527670.0,648.102,3120
2025-09-04 15:20:00-04:00,648.08,648.2,648.03,648.14,459028.0,648.118,2625
2025-09-04 15:25:00-04:00,648.13,648.16,647.89,647.92,370576.0,648.017,2419
2025-09-04 15:30:00-04:00,647.91,647.95,647.81,647.9,591161.0,647.876,3579
2025-09-04 15:35:00-04:00,647.89,648.15,647.87,648.14,512535.0,647.981,3435
2025-09-04 15:40:00-04:00,648.13,648.32,648.08,648.28,645552.0,648.232,4106
2025-09-04 15:45:00-04:00,648.27,648.27,647.99,648.02,859859.0,648.118,5059
2025-09-04 15:50:00-04:00,648.01,648.79,647.95,648.68,2045221.0,648.398,12033
2025-09-04 15:55:00-04:00,648.68,649.15,648.6,648.98,4504131.0,648.919,26747
2025-09-05 09:30:00-04:00,651.44,652.18,651.39,651.6,1954902.0,651.806,12022
2025-09-05 09:35:00-04:00,651.6,651.84,651.34,651.65,1070272.0,651.573,6972
2025-09-05 09:40:00-04:00,651.67,652.15,651.54,652.06,914321.0,651.888,6647
2025-09-05 09:45:00-04:00,652.06,652.21,651.13,652.13,1337870.0,651.619,8408
2025-09-05 09:50:00-04:00,652.14,652.16,650.86,651.3,1393341.0,651.445,9337
2025-09-05 09:55:00-04:00,651.28,651.3,650.54,651.07,1001211.0,650.857,6539
2025-09-05 10:00:00-04:00,651.06,651.1,649.82,650.5,1192271.0,650.277,7611
2025-09-05 10:05:00-04:00,650.5,650.5,649.64,649.83,1005086.0,649.964,6787
2025-09-05 10:10:00-04:00,649.82,649.94,648.94,648.96,1114798.0,649.463,7298
2025-09-05 10:15:00-04:00,648.97,649.09,647.48,647.53,1371378.0,648.358,9083
2025-09-05 10:20:00-04:00,647.51,648.31,646.67,646.75,1482490.0,647.504,9786
2025-09-05 10:25:00-04:00,646.81,647.23,646.05,646.56,1639276.0,646.703,10974
2025-09-05 10:30:00-04:00,646.52,646.66,645.88,646.13,1196605.0,646.282,7767
2025-09-05 10:35:00-04:00,646.16,646.3,645.2,645.36,1102003.0,645.709,6893
2025-09-05 10:40:00-04:00,645.35,646.0,644.9,645.19,1215502.0,645.332,7108
2025-09-05 10:45:00-04:00,645.23,645.23,644.44,644.7,1016026.0,644.768,6547
2025-09-05 10:50:00-04:00,644.7,645.85,644.17,645.83,1451806.0,645.05,9063
2025-09-05 10:55:00-04:00,645.83,645.98,644.08,644.14,1126387.0,645.127,7213
2025-09-05 11:00:00-04:00,644.15,644.54,643.74,644.24,1042677.0,644.13,6799
2025-09-05 11:05:00-04:00,644.21,644.72,643.81,644.05,664699.0,644.255,4608
2025-09-05 11:10:00-04:00,644.02,644.94,643.33,644.87,931353.0,644.036,5518
2025-09-05 11:15:00-04:00,644.87,645.33,644.66,644.96,784779.0,645.016,4983
2025-09-05 11:20:00-04:00,644.96,645.8,644.82,645.7,710254.0,645.408,4466
2025-09-05 11:25:00-04:00,645.67,646.28,645.35,646.21,746608.0,645.806,4151
2025-09-05 11:30:00-04:00,646.21,646.38,645.6,645.84,717083.0,645.979,4138
2025-09-05 11:35:00-04:00,645.85,646.64,645.85,646.26,545365.0,646.382,3592
2025-09-05 11:40:00-04:00,646.26,646.9,646.25,646.75,539570.0,646.667,3490
2025-09-05 11:45:00-04:00,646.75,646.75,645.84,646.38,631380.0,646.236,4020
2025-09-05 11:50:00-04:00,646.4,646.45,645.66,645.93,495696.0,645.986,3533
2025-09-05 11:55:00-04:00,645.93,646.28,645.34,645.67,713998.0,645.829,4419
2025-09-05 12:00:00-04:00,645.68,646.04,645.29,645.72,461655.0,645.672,3114
2025-09-05 12:05:00-04:00,645.73,646.13,645.37,646.09,453603.0,645.695,3105
2025-09-05 12:10:00-04:00,646.09,646.74,646.03,646.65,560392.0,646.413,3653
2025-09-05 12:15:00-04:00,646.66,646.75,645.91,646.28,469394.0,646.346,3018
2025-09-05 12:20:00-04:00,646.28,646.44,645.5,646.22,448660.0,645.961,2986
2025-09-05 12:25:00-04:00,646.22,646.25,645.63,645.73,276266.0,645.884,1625
2025-09-05 12:30:00-04:00,645.74,645.97,645.43,645.5,348906.0,645.711,2283
2025-09-05 12:35:00-04:00,645.51,645.73,645.23,645.49,370592.0,645.454,2261
2025-09-05 12:40:00-04:00,645.47,646.21,645.42,646.2,417086.0,645.931,2604
2025-09-05 12:45:00-04:00,646.15,646.39,645.57,645.6,412161.0,645.998,2631
2025-09-05 12:50:00-04:00,645.57,645.99,645.45,645.72,389866.0,645.717,2503
2025-09-05 12:55:00-04:00,645.72,646.47,645.56,646.47,382722.0,646.071,2159
2025-09-05 13:00:00-04:00,646.47,646.47,645.63,645.63,343024.0,646.09,2280
2025-09-05 13:05:00-04:00,645.64,646.16,645.37,646.16,444244.0,645.68,2880
2025-09-05 13:10:00-04:00,646.15,646.37,645.95,646.24,398958.0,646.192,2613
2025-09-05 13:15:00-04:00,646.23,646.51,645.99,646.22,423527.0,646.28,2923
2025-09-05 13:20:00-04:00,646.21,646.55,646.07,646.44,411592.0,646.335,2498
2025-09-05 13:25:00-04:00,646.45,646.51,645.8,645.85,312917.0,646.1,2105
2025-09-05 13:30:00-04:00,645.87,646.06,645.66,646.0,341018.0,645.865,2200
2025-09-05 13:35:00-04:00,645.98,646.06,645.35,645.57,354740.0,645.645,2165
2025-09-05 13:40:00-04:00,645.58,645.67,644.61,645.24,714563.0,645.039,4246
2025-09-05 13:45:00-04:00,645.24,645.45,644.97,645.07,447927.0,645.147,2370
2025-09-05 13:50:00-04:00,645.07,645.31,644.93,645.05,256924.0,645.107,1407
2025-09-05 13:55:00-04:00,645.06,645.25,644.76,645.12,406852.0,645.021,2099
2025-09-05 14:00:00-04:00,645.15,645.43,644.9,645.04,535788.0,645.171,3318
2025-09-05 14:05:00-04:00,645.02,645.34,644.91,645.06,357736.0,645.149,2338
2025-09-05 14:10:00-04:00,645.03,645.44,645.0,645.43,343148.0,645.211,2239
2025-09-05 14:15:00-04:00,645.44,645.96,645.37,645.89,544981.0,645.623,3428
2025-09-05 14:20:00-04:00,645.89,645.99,645.45,645.48,482466.0,645.772,2999
2025-09-05 14:25:00-04:00,645.47,645.77,645.25,645.71,376694.0,645.548,2237
2025-09-05 14:30:00-04:00,645.69,646.3,645.69,645.98,520902.0,646.043,2918
2025-09-05 14:35:00-04:00,645.99,646.22,645.78,645.99,387219.0,646.011,2288
2025-09-05 14:40:00-04:00,646.0,646.18,645.86,646.08,303862.0,646.008,1703
2025-09-05 14:45:00-04:00,646.09,646.22,645.92,646.08,236300.0,646.089,1595
2025-09-05 14:50:00-04:00,646.08,646.3,645.89,646.0,326490.0,646.06,2019
2025-09-05 14:55:00-04:00,646.01,646.31,645.85,646.31,537048.0,646.103,3279
2025-09-05 15:00:00-04:00,646.29,646.29,645.9,646.25,675735.0,646.122,4211
2025-09-05 15:05:00-04:00,646.25,646.78,646.25,646.7,666470.0,646.559,4302
2025-09-05 15:10:00-04:00,646.7,646.76,646.59,646.69,406866.0,646.679,2572
2025-09-05 15:15:00-04:00,646.7,647.28,646.68,646.92,903418.0,646.983,5294
2025-09-05 15:20:00-04:00,646.92,647.41,646.86,647.26,552271.0,647.086,3478
2025-09-05 15:25:00-04:00,647.26,647.37,647.05,647.11,472283.0,647.238,3069
2025-09-05 15:30:00-04:00,647.12,647.18,646.39,646.69,845806.0,646.656,5265
2025-09-05 15:35:00-04:00,646.69,647.18,646.69,646.83,727625.0,646.936,4421
2025-09-05 15:40:00-04:00,646.83,646.97,646.48,646.68,667916.0,646.75,4042
2025-09-05 15:45:00-04:00,646.69,646.98,646.57,646.78,791993.0,646.765,5222
2025-09-05 15:50:00-04:00,646.78,646.9,646.15,646.43,1636591.0,646.467,10307
2025-09-05 15:55:00-04:00,646.43,647.27,646.33,647.21,3044437.0,646.726,17651
2025-09-08 09:30:00-04:00,648.62,648.86,648.09,648.66,1637723.0,648.44,10399
2025-09-08 09:35:00-04:00,648.64,649.06,648.06,648.1,1040887.0,648.63,7632
2025-09-08 09:40:00-04:00,648.09,648.89,648.09,648.65,854870.0,648.581,6036
2025-09-08 09:45:00-04:00,648.64,648.76,648.05,648.66,894564.0,648.401,6432
2025-09-08 09:50:00-04:00,648.66,648.81,648.17,648.75,783612.0,648.46,5465
2025-09-08 09:55:00-04:00,648.76,648.97,648.33,648.37,697715.0,648.698,4675
2025-09-08 10:00:00-04:00,648.38,648.38,647.93,648.29,681578.0,648.187,4786
2025-09-08 10:05:00-04:00,648.3,648.7,648.11,648.43,498226.0,648.42,3539
2025-09-08 10:10:00-04:00,648.43,648.63,648.2,648.2,430245.0,648.395,3020
2025-09-08 10:15:00-04:00,648.21,648.29,647.75,647.92,575621.0,648.052,4027
2025-09-08 10:20:00-04:00,647.91,648.16,647.77,648.01,556908.0,647.99,3785
2025-09-08 10:25:00-04:00,648.01,648.9,648.0,648.77,699916.0,648.514,4936
2025-09-08 10:30:00-04:00,648.75,649.15,648.66,648.8,748856.0,648.949,5067
2025-09-08 10:35:00-04:00,648.8,649.28,648.74,649.1,403691.0,648.998,2931
2025-09-08 10:40:00-04:00,649.1,649.38,649.01,649.25,477814.0,649.229,3313
2025-09-08 10:45:00-04:00,649.31,649.49,649.2,649.39,386994.0,649.385,2704
2025-09-08 10:50:00-04:00,649.34,649.49,649.19,649.49,378028.0,649.331,2562
2025-09-08 10:55:00-04:00,649.5,649.77,649.33,649.38,426046.0,649.546,2875
2025-09-08 11:00:00-04:00,649.37,649.64,649.34,649.55,485160.0,649.512,3276
2025-09-08 11:05:00-04:00,649.55,649.64,649.46,649.58,379352.0,649.559,2926
2025-09-08 11:10:00-04:00,649.58,649.81,649.57,649.66,371964.0,649.711,2529
2025-09-08 11:15:00-04:00,649.68,649.68,649.14,649.2,414793.0,649.417,2944
2025-09-08 11:20:00-04:00,649.21,649.46,649.15,649.39,333816.0,649.294,1949
2025-09-08 11:25:00-04:00,649.38,649.81,649.35,649.8,334307.0,649.568,2476
2025-09-08 11:30:00-04:00,649.79,649.84,649.43,649.47,424029.0,649.699,3115
2025-09-08 11:35:00-04:00,649.49,649.58,649.22,649.32,319108.0,649.384,2290
2025-09-08 11:40:00-04:00,649.31,649.35,649.16,649.17,307483.0,649.249,2092
2025-09-08 11:45:00-04:00,649.16,649.21,648.5,648.86,596824.0,648.816,4339
2025-09-08 11:50:00-04:00,648.86,649.23,648.69,649.19,359858.0,648.989,2580
2025-09-08 11:55:00-04:00,649.17,649.46,649.17,649.38,329811.0,649.328,2335
2025-09-08 12:00:00-04:00,649.38,649.4,648.95,649.12,306163.0,649.175,2224
2025-09-08 12:05:00-04:00,649.12,649.18,648.7,648.76,243978.0,648.89,1731
2025-09-08 12:10:00-04:00,648.76,648.98,648.72,648.76,302880.0,648.851,2168
2025-09-08 12:15:00-04:00,648.75,648.79,648.41,648.58,363626.0,648.624,2537
2025-09-08 12:20:00-04:00,648.6,648.69,648.38,648.5,332627.0,648.517,2243
2025-09-08 12:25:00-04:00,648.5,648.66,648.4,648.63,320332.0,648.555,2117
2025-09-08 12:30:00-04:00,648.63,648.81,648.15,648.26,401055.0,648.429,2748
2025-09-08 12:35:00-04:00,648.25,648.32,647.78,648.15,415435.0,648.027,2652
2025-09-08 12:40:00-04:00,648.15,648.56,648.04,648.36,380907.0,648.303,2696
2025-09-08 12:45:00-04:00,648.35,648.36,647.96,648.13,232878.0,648.108,1661
2025-09-08 12:50:00-04:00,648.14,648.63,648.12,648.63,287272.0,648.375,1849
2025-09-08 12:55:00-04:00,648.63,648.69,648.3,648.56,282129.0,648.506,1761
2025-09-08 13:00:00-04:00,648.56,648.61,648.15,648.19,339729.0,648.388,1881
2025-09-08 13:05:00-04:00,648.2,648.28,647.99,648.07,254303.0,648.133,1781
2025-09-08 13:10:00-04:00,648.06,648.26,648.04,648.04,212988.0,648.148,1466
2025-09-08 13:15:00-04:00,648.05,648.47,648.01,648.47,218297.0,648.232,1484
2025-09-08 13:20:00-04:00,648.47,648.7,648.38,648.68,217784.0,648.544,1614
2025-09-08 13:25:00-04:00,648.68,648.76,648.37,648.48,268054.0,648.536,1860
2025-09-08 13:30:00-04:00,648.49,648.68,648.46,648.49,148188.0,648.565,1062
2025-09-08 13:35:00-04:00,648.49,648.56,648.24,648.29,179479.0,648.384,1151
2025-09-08 13:40:00-04:00,648.29,648.3,648.07,648.22,213890.0,648.186,1358
2025-09-08 13:45:00-04:00,648.23,648.27,647.81,647.84,245675.0,648.052,1635
2025-09-08 13:50:00-04:00,647.85,647.95,647.23,647.72,462014.0,647.578,2910
2025-09-08 13:55:00-04:00,647.72,647.75,647.43,647.59,246499.0,647.565,1551
2025-09-08 14:00:00-04:00,647.6,647.64,647.39,647.46,279778.0,647.497,1881
2025-09-08 14:05:00-04:00,647.46,647.73,647.36,647.58,402934.0,647.6,2484
2025-09-08 14:10:00-04:00,647.59,648.0,647.56,647.95,376512.0,647.842,2569
2025-09-08 14:15:00-04:00,647.95,648.31,647.93,648.26,494983.0,648.153,3068
2025-09-08 14:20:00-04:00,648.26,648.51,648.05,648.22,453043.0,648.322,2699
2025-09-08 14:25:00-04:00,648.22,648.41,648.08,648.39,262131.0,648.236,1544
2025-09-08 14:30:00-04:00,648.39,648.49,648.26,648.35,230674.0,648.378,1382
2025-09-08 14:35:00-04:00,648.34,648.43,648.13,648.15,273240.0,648.326,1716
2025-09-08 14:40:00-04:00,648.16,648.3,647.91,648.29,428376.0,648.08,2660
2025-09-08 14:45:00-04:00,648.28,648.58,648.24,648.43,360377.0,648.443,2195
2025-09-08 14:50:00-04:00,648.43,648.53,648.12,648.25,322806.0,648.336,1999
2025-09-08 14:55:00-04:00,648.25,648.38,648.17,648.24,302629.0,648.275,1849
2025-09-08 15:00:00-04:00,648.22,648.24,648.0,648.1,579089.0,648.112,3263
2025-09-08 15:05:00-04:00,648.11,648.21,647.95,647.95,417028.0,648.099,2662
2025-09-08 15:10:00-04:00,647.95,648.0,647.33,647.59,796518.0,647.65,5071
2025-09-08 15:15:00-04:00,647.6,647.91,647.48,647.76,586341.0,647.722,3828
2025-09-08 15:20:00-04:00,647.75,647.83,647.42,647.6,439858.0,647.63,2969
2025-09-08 15:25:00-04:00,647.6,647.62,647.43,647.58,403682.0,647.527,2649
2025-09-08 15:30:00-04:00,647.58,647.94,647.48,647.48,602483.0,647.686,3563
2025-09-08 15:35:00-04:00,647.47,647.93,647.47,647.86,449687.0,647.731,2741
2025-09-08 15:40:00-04:00,647.85,648.24,647.82,648.13,689860.0,648.067,4051
2025-09-08 15:45:00-04:00,648.13,648.57,648.13,648.52,849467.0,648.402,5539
2025-09-08 15:50:00-04:00,648.52,648.53,648.02,648.44,1829173.0,648.304,10687
2025-09-08 15:55:00-04:00,648.45,648.88,648.31,648.79,5305407.0,648.6,22795
2025-09-09 09:30:00-04:00,648.96,649.37,648.75,649.18,1269649.0,649.134,8306
2025-09-09 09:35:00-04:00,649.17,649.5,649.05,649.19,589517.0,649.29,4296
2025-09-09 09:40:00-04:00,649.18,649.28,648.89,649.28,542543.0,649.086,3680
2025-09-09 09:45:00-04:00,649.28,649.29,648.9,649.08,550611.0,649.076,3973
2025-09-09 09:50:00-04:00,649.08,649.13,648.63,648.66,601013.0,648.874,4082
2025-09-09 09:55:00-04:00,648.66,649.17,648.54,649.02,735088.0,648.872,4592
2025-09-09 10:00:00-04:00,649.02,649.51,648.43,648.76,1525113.0,648.912,9464
2025-09-09 10:05:00-04:00,648.77,649.22,648.62,649.19,739401.0,648.911,4834
2025-09-09 10:10:00-04:00,649.2,649.73,649.13,649.37,721191.0,649.474,4744
2025-09-09 10:15:00-04:00,649.37,649.45,648.76,648.93,569405.0,649.039,4031
2025-09-09 10:20:00-04:00,648.95,649.06,648.79,648.91,418938.0,648.934,3105
2025-09-09 10:25:00-04:00,648.91,648.99,648.53,648.75,579823.0,648.734,3860
2025-09-09 10:30:00-04:00,648.74,648.81,647.6,647.62,970242.0,648.22,6476
2025-09-09 10:35:00-04:00,647.62,647.85,647.26,647.66,1171231.0,647.586,8239
2025-09-09 10:40:00-04:00,647.67,647.79,647.22,647.7,819252.0,647.576,5550
2025-09-09 10:45:00-04:00,647.69,648.13,647.6,647.97,639019.0,647.905,4231
2025-09-09 10:50:00-04:00,647.97,648.43,647.66,648.43,558565.0,648.103,3373
2025-09-09 10:55:00-04:00,648.42,648.64,648.2,648.33,506217.0,648.434,3563
2025-09-09 11:00:00-04:00,648.33,648.66,648.11,648.17,611313.0,648.376,3871
2025-09-09 11:05:00-04:00,648.16,648.35,647.79,648.25,429972.0,648.051,2811
2025-09-09 11:10:00-04:00,648.25,648.44,648.1,648.37,278577.0,648.308,1866
2025-09-09 11:15:00-04:00,648.38,648.6,648.36,648.47,423179.0,648.464,2786
2025-09-09 11:20:00-04:00,648.46,648.61,648.38,648.47,286947.0,648.514,2079
2025-09-09 11:25:00-04:00,648.51,648.84,648.48,648.77,527035.0,648.706,2968
2025-09-09 11:30:00-04:00,648.76,648.83,648.54,648.61,357430.0,648.697,2387
2025-09-09 11:35:00-04:00,648.63,648.77,648.48,648.5,251268.0,648.6,1819
2025-09-09 11:40:00-04:00,648.5,648.53,648.05,648.1,456492.0,648.25,3088
2025-09-09 11:45:00-04:00,648.12,648.33,648.04,648.06,277794.0,648.194,1863
2025-09-09 11:50:00-04:00,648.06,648.8,648.06,648.75,424379.0,648.475,2722
2025-09-09 11:55:00-04:00,648.76,648.81,648.23,648.26,367353.0,648.51,2460
2025-09-09 12:00:00-04:00,648.26,648.49,648.17,648.46,374363.0,648.298,2518
2025-09-09 12:05:00-04:00,648.45,648.68,648.29,648.66,301907.0,648.457,2196
2025-09-09 12:10:00-04:00,648.65,648.89,648.64,648.82,330773.0,648.772,2108
2025-09-09 12:15:00-04:00,648.81,649.06,648.67,648.69,440550.0,648.919,2958
2025-09-09 12:20:00-04:00,648.7,648.72,648.3,648.67,391980.0,648.517,2690
2025-09-09 12:25:00-04:00,648.64,648.94,648.63,648.86,363211.0,648.848,2273
2025-09-09 12:30:00-04:00,648.86,648.96,648.76,648.95,198251.0,648.87,1413
2025-09-09 12:35:00-04:00,648.94,649.01,648.84,648.99,182137.0,648.956,1225
2025-09-09 12:40:00-04:00,649.0,649.11,648.86,648.96,333298.0,649.002,2191
2025-09-09 12:45:00-04:00,648.95,649.17,648.85,649.06,237536.0,649.031,1836
2025-09-09 12:50:00-04:00,649.05,649.11,648.84,648.95,311654.0,649.0,2064
2025-09-09 12:55:00-04:00,648.95,649.21,648.95,649.04,464982.0,649.09,2535
2025-09-09 13:00:00-04:00,649.05,649.42,649.02,649.38,531881.0,649.25,2696
2025-09-09 13:05:00-04:00,649.37,649.41,649.24,649.37,299684.0,649.338,2250
2025-09-09 13:10:00-04:00,649.38,649.72,649.34,649.36,540358.0,649.534,3758
2025-09-09 13:15:00-04:00,649.36,649.59,649.27,649.3,423813.0,649.465,2545
2025-09-09 13:20:00-04:00,649.29,649.65,649.25,649.64,274417.0,649.453,1815
2025-09-09 13:25:00-04:00,649.63,649.8,649.56,649.57,421591.0,649.688,2770
2025-09-09 13:30:00-04:00,649.57,649.69,649.48,649.57,304866.0,649.562,2030
2025-09-09 13:35:00-04:00,649.55,649.75,649.48,649.71,288327.0,649.584,1717
2025-09-09 13:40:00-04:00,649.71,649.72,649.49,649.67,246052.0,649.627,1792
2025-09-09 13:45:00-04:00,649.65,649.89,649.63,649.75,350689.0,649.771,2211
2025-09-09 13:50:00-04:00,649.75,649.86,649.69,649.82,232036.0,649.783,1605
2025-09-09 13:55:00-04:00,649.82,649.98,649.74,649.8,359327.0,649.873,2149
2025-09-09 14:00:00-04:00,649.8,649.94,649.77,649.88,211222.0,649.866,1402
2025-09-09 14:05:00-04:00,649.88,649.99,649.87,649.96,253514.0,649.932,1656
2025-09-09 14:10:00-04:00,649.96,649.99,649.57,649.84,510020.0,649.731,3111
2025-09-09 14:15:00-04:00,649.83,649.97,649.71,649.81,374248.0,649.846,2439
2025-09-09 14:20:00-04:00,649.81,649.99,649.77,649.95,236922.0,649.891,1639
2025-09-09 14:25:00-04:00,649.95,649.96,649.77,649.83,266307.0,649.86,1814
2025-09-09 14:30:00-04:00,649.84,649.95,649.71,649.72,297803.0,649.808,1928
2025-09-09 14:35:00-04:00,649.71,649.79,649.61,649.71,308147.0,649.705,1800
2025-09-09 14:40:00-04:00,649.71,649.87,649.66,649.7,331515.0,649.772,1864
2025-09-09 14:45:00-04:00,649.71,650.1,649.7,650.06,454464.0,649.976,2719
2025-09-09 14:50:00-04:00,650.04,650.07,649.92,649.95,234744.0,649.974,1603
2025-09-09 14:55:00-04:00,649.95,649.99,649.82,649.86,424692.0,649.905,2148
2025-09-09 15:00:00-04:00,649.86,649.94,649.76,649.9,449876.0,649.855,2866
2025-09-09 15:05:00-04:00,649.89,649.91,649.72,649.74,277851.0,649.811,1879
2025-09-09 15:10:00-04:00,649.74,649.75,649.55,649.57,329391.0,649.651,2079
2025-09-09 15:15:00-04:00,649.56,649.87,649.56,649.81,437471.0,649.732,2709
2025-09-09 15:20:00-04:00,649.82,649.98,649.81,649.93,409065.0,649.915,2417
2025-09-09 15:25:00-04:00,649.92,650.14,649.92,650.07,474160.0,650.043,2689
2025-09-09 15:30:00-04:00,650.07,650.13,649.96,650.08,409339.0,650.051,2781
2025-09-09 15:35:00-04:00,650.07,650.13,649.87,649.94,477704.0,649.993,3047
2025-09-09 15:40:00-04:00,649.94,649.95,649.69,649.94,590643.0,649.826,3387
2025-09-09 15:45:00-04:00,649.93,650.08,649.89,649.97,801420.0,649.987,4560
2025-09-09 15:50:00-04:00,649.99,650.44,649.98,650.39,1266733.0,650.225,8086
2025-09-09 15:55:00-04:00,650.4,650.86,650.22,650.33,3270705.0,650.535,16829
2025-09-10 09:30:00-04:00,653.63,653.64,652.68,653.32,2325263.0,653.085,14123
2025-09-10 09:35:00-04:00,653.31,653.73,653.06,653.22,1457385.0,653.382,10115
2025-09-10 09:40:00-04:00,653.22,653.61,652.99,653.34,982899.0,653.29,6841
2025-09-10 09:45:00-04:00,653.34,653.85,653.03,653.74,1058511.0,653.48,7329
2025-09-10 09:50:00-04:00,653.74,653.89,652.75,653.14,1303325.0,653.241,8924
2025-09-10 09:55:00-04:00,653.14,653.61,652.97,653.6,715851.0,653.332,4634
2025-09-10 10:00:00-04:00,653.59,654.19,653.48,654.13,971002.0,653.97,6703
2025-09-10 10:05:00-04:00,654.14,654.5,654.03,654.23,1017180.0,654.273,6471
2025-09-10 10:10:00-04:00,654.25,654.45,654.1,654.36,689593.0,654.289,4632
2025-09-10 10:15:00-04:00,654.38,654.55,653.97,654.41,747346.0,654.316,4449
2025-09-10 10:20:00-04:00,654.4,654.53,654.25,654.48,735841.0,654.394,4452
2025-09-10 10:25:00-04:00,654.48,654.48,653.91,653.94,471226.0,654.226,3200
2025-09-10 10:30:00-04:00,653.91,654.03,653.58,653.64,621060.0,653.843,4185
2025-09-10 10:35:00-04:00,653.63,653.93,653.4,653.67,739029.0,653.64,4808
2025-09-10 10:40:00-04:00,653.66,653.93,653.47,653.82,624116.0,653.74,4163
2025-09-10 10:45:00-04:00,653.81,653.97,653.6,653.66,533489.0,653.752,3751
2025-09-10 10:50:00-04:00,653.67,653.77,653.3,653.46,513450.0,653.525,3505
2025-09-10 10:55:00-04:00,653.46,653.71,653.37,653.42,540959.0,653.551,3339
2025-09-10 11:00:00-04:00,653.42,653.62,653.17,653.36,611849.0,653.381,4104
2025-09-10 11:05:00-04:00,653.37,653.38,652.91,653.09,778940.0,653.168,5392
2025-09-10 11:10:00-04:00,653.09,653.3,653.01,653.11,587281.0,653.156,4045
2025-09-10 11:15:00-04:00,653.09,653.11,652.48,652.56,831919.0,652.763,5481
2025-09-10 11:20:00-04:00,652.55,652.72,652.46,652.63,674234.0,652.578,4840
2025-09-10 11:25:00-04:00,652.64,652.97,652.52,652.82,653090.0,652.79,4337
2025-09-10 11:30:00-04:00,652.83,652.92,652.34,652.58,506833.0,652.557,3584
2025-09-10 11:35:00-04:00,652.59,653.18,652.49,653.07,427879.0,652.848,2947
2025-09-10 11:40:00-04:00,653.06,653.39,652.98,653.34,544556.0,653.19,3779
2025-09-10 11:45:00-04:00,653.35,653.45,653.23,653.44,477148.0,653.353,3358
2025-09-10 11:50:00-04:00,653.44,653.63,653.41,653.62,316433.0,653.549,2256
2025-09-10 11:55:00-04:00,653.62,653.62,653.3,653.31,342834.0,653.454,2371
2025-09-10 12:00:00-04:00,653.31,653.38,653.1,653.15,385719.0,653.258,2668
2025-09-10 12:05:00-04:00,653.16,653.3,653.03,653.19,231837.0,653.154,1479
2025-09-10 12:10:00-04:00,653.19,653.36,653.15,653.21,250552.0,653.248,1740
2025-09-10 12:15:00-04:00,653.21,653.41,653.03,653.04,240512.0,653.232,1877
2025-09-10 12:20:00-04:00,653.04,653.11,652.62,652.88,302308.0,652.858,2050
2025-09-10 12:25:00-04:00,652.88,652.97,652.63,652.63,293176.0,652.779,2121
2025-09-10 12:30:00-04:00,652.64,652.84,652.56,652.72,246953.0,652.706,1566
2025-09-10 12:35:00-04:00,652.7,652.71,652.42,652.46,248941.0,652.577,1619
2025-09-10 12:40:00-04:00,652.47,652.53,652.22,652.24,379144.0,652.373,2451
2025-09-10 12:45:00-04:00,652.25,652.54,652.16,652.35,297652.0,652.373,2072
2025-09-10 12:50:00-04:00,652.35,652.79,652.3,652.71,281656.0,652.618,2018
2025-09-10 12:55:00-04:00,652.73,653.03,652.72,652.94,291114.0,652.911,1826
2025-09-10 13:00:00-04:00,652.94,653.43,652.77,653.38,433475.0,653.187,2102
2025-09-10 13:05:00-04:00,653.38,653.46,653.15,653.27,276158.0,653.276,1516
2025-09-10 13:10:00-04:00,653.28,653.31,653.1,653.14,253691.0,653.204,1431
2025-09-10 13:15:00-04:00,653.15,653.22,652.81,652.85,269879.0,653.029,1657
2025-09-10 13:20:00-04:00,652.85,653.0,652.47,652.64,304761.0,652.699,2023
2025-09-10 13:25:00-04:00,652.64,652.65,652.11,652.29,554462.0,652.293,3675
2025-09-10 13:30:00-04:00,652.29,652.58,652.1,652.55,378595.0,652.323,2543
2025-09-10 13:35:00-04:00,652.54,652.72,652.31,652.42,422500.0,652.532,2625
2025-09-10 13:40:00-04:00,652.42,652.66,652.33,652.5,382047.0,652.539,2596
2025-09-10 13:45:00-04:00,652.48,652.52,652.24,652.33,265471.0,652.368,1784
2025-09-10 13:50:00-04:00,652.33,652.48,651.97,652.17,314897.0,652.197,2036
2025-09-10 13:55:00-04:00,652.16,652.39,651.94,652.35,373569.0,652.152,2317
2025-09-10 14:00:00-04:00,652.34,652.41,652.18,652.29,303393.0,652.307,1865
2025-09-10 14:05:00-04:00,652.29,652.29,652.06,652.06,278460.0,652.157,1793
2025-09-10 14:10:00-04:00,652.07,652.17,651.87,652.11,454605.0,652.032,3038
2025-09-10 14:15:00-04:00,652.1,652.1,651.55,651.64,504449.0,651.869,3273
2025-09-10 14:20:00-04:00,651.65,651.89,651.53,651.71,646595.0,651.685,4313
2025-09-10 14:25:00-04:00,651.72,651.83,651.4,651.69,683674.0,651.617,4500
2025-09-10 14:30:00-04:00,651.69,652.13,651.62,652.12,672431.0,651.839,4843
2025-09-10 14:35:00-04:00,652.12,652.13,651.65,651.76,502009.0,651.856,3476
2025-09-10 14:40:00-04:00,651.79,652.04,651.77,651.84,450425.0,651.913,3162
2025-09-10 14:45:00-04:00,651.84,651.98,651.46,651.6,506141.0,651.686,3535
2025-09-10 14:50:00-04:00,651.6,651.63,651.39,651.58,359771.0,651.526,2503
2025-09-10 14:55:00-04:00,651.58,652.12,651.56,652.0,596842.0,651.926,3589
2025-09-10 15:00:00-04:00,652.0,652.14,651.53,651.58,501698.0,651.846,3204
2025-09-10 15:05:00-04:00,651.58,651.75,651.15,651.22,582487.0,651.439,3701
2025-09-10 15:10:00-04:00,651.22,651.33,650.85,650.87,800760.0,651.095,5312
2025-09-10 15:15:00-04:00,650.88,651.33,650.84,651.33,838771.0,651.14,5222
2025-09-10 15:20:00-04:00,651.32,651.32,650.63,650.95,876993.0,650.861,5202
2025-09-10 15:25:00-04:00,650.95,651.07,650.76,650.84,648292.0,650.895,4464
2025-09-10 15:30:00-04:00,650.86,651.48,650.84,651.25,863991.0,651.21,5735
2025-09-10 15:35:00-04:00,651.25,651.49,650.81,650.82,689226.0,651.179,4460
2025-09-10 15:40:00-04:00,650.83,651.83,650.69,651.83,861517.0,651.252,5384
2025-09-10 15:45:00-04:00,651.83,651.97,651.61,651.85,1258206.0,651.807,7744
2025-09-10 15:50:00-04:00,651.86,652.4,651.86,652.2,1789609.0,652.187,12063
2025-09-10 15:55:00-04:00,652.2,652.7,652.18,652.23,3140426.0,652.447,16758
2025-09-11 09:30:00-04:00,654.18,654.62,653.87,654.49,1485338.0,654.342,10083
2025-09-11 09:35:00-04:00,654.49,654.58,653.81,653.94,1182169.0,654.2,8272
2025-09-11 09:40:00-04:00,653.97,654.36,653.7,653.87,977460.0,653.951,6825
2025-09-11 09:45:00-04:00,653.87,654.65,653.59,654.47,1297905.0,654.231,8702
2025-09-11 09:50:00-04:00,654.47,655.18,654.29,655.11,949183.0,654.757,6266
2025-09-11 09:55:00-04:00,655.1,655.63,654.91,655.57,1229452.0,655.322,8238
2025-09-11 10:00:00-04:00,655.57,655.79,655.38,655.72,1058789.0,655.577,6874
2025-09-11 10:05:00-04:00,655.71,656.25,655.71,655.94,844566.0,655.983,5622
2025-09-11 10:10:00-04:00,655.94,656.06,655.62,655.67,784662.0,655.854,5568
2025-09-11 10:15:00-04:00,655.67,656.02,655.55,655.69,476010.0,655.786,3568
2025-09-11 10:20:00-04:00,655.69,656.02,655.66,656.0,421467.0,655.8,3213
2025-09-11 10:25:00-04:00,656.0,656.08,655.74,655.96,487486.0,655.936,3478
2025-09-11 10:30:00-04:00,655.96,656.63,655.85,656.55,639998.0,656.217,4617
2025-09-11 10:35:00-04:00,656.54,656.86,656.5,656.81,646267.0,656.654,4189
2025-09-11 10:40:00-04:00,656.82,656.98,656.75,656.94,626529.0,656.847,4322
2025-09-11 10:45:00-04:00,656.93,657.0,656.56,656.7,707682.0,656.728,5102
2025-09-11 10:50:00-04:00,656.7,656.79,656.23,656.55,645066.0,656.503,4452
2025-09-11 10:55:00-04:00,656.55,656.67,656.19,656.65,613701.0,656.432,4262
2025-09-11 11:00:00-04:00,656.65,656.91,656.6,656.77,460012.0,656.77,3156
2025-09-11 11:05:00-04:00,656.77,656.82,656.56,656.59,386192.0,656.69,2588
2025-09-11 11:10:00-04:00,656.6,656.86,656.54,656.83,376583.0,656.709,2531
2025-09-11 11:15:00-04:00,656.83,657.59,656.76,657.47,857723.0,657.228,5789
2025-09-11 11:20:00-04:00,657.47,657.53,657.22,657.32,686395.0,657.371,4416
2025-09-11 11:25:00-04:00,657.34,657.47,657.28,657.42,352553.0,657.374,2654
2025-09-11 11:30:00-04:00,657.42,657.8,657.42,657.54,499707.0,657.587,3550
2025-09-11 11:35:00-04:00,657.54,657.56,657.11,657.16,603325.0,657.354,4416
2025-09-11 11:40:00-04:00,657.15,657.26,657.02,657.04,420128.0,657.128,2887
2025-09-11 11:45:00-04:00,657.05,657.13,656.64,656.78,524470.0,656.859,3176
2025-09-11 11:50:00-04:00,656.79,657.29,656.78,657.26,474249.0,657.063,3291
2025-09-11 11:55:00-04:00,657.25,657.35,657.18,657.21,180950.0,657.245,1339
2025-09-11 12:00:00-04:00,657.21,657.64,657.11,657.59,479608.0,657.413,3168
2025-09-11 12:05:00-04:00,657.58,657.6,657.43,657.51,298611.0,657.523,2046
2025-09-11 12:10:00-04:00,657.52,657.62,657.41,657.49,406375.0,657.501,2704
2025-09-11 12:15:00-04:00,657.49,657.64,657.4,657.55,284423.0,657.527,1946
2025-09-11 12:20:00-04:00,657.54,657.72,657.48,657.58,330032.0,657.603,2005
2025-09-11 12:25:00-04:00,657.58,657.64,657.32,657.35,264438.0,657.51,1708
2025-09-11 12:30:00-04:00,657.36,657.54,657.23,657.27,298832.0,657.337,2108
2025-09-11 12:35:00-04:00,657.27,657.41,657.12,657.35,261510.0,657.255,1807
2025-09-11 12:40:00-04:00,657.35,657.36,657.07,657.23,294702.0,657.2,2187
2025-09-11 12:45:00-04:00,657.23,657.33,657.04,657.22,240292.0,657.166,1750
2025-09-11 12:50:00-04:00,657.22,657.22,656.85,657.08,257540.0,657.019,1812
2025-09-11 12:55:00-04:00,657.06,657.23,656.97,657.16,197725.0,657.112,1476
2025-09-11 13:00:00-04:00,657.15,657.15,656.94,657.07,178187.0,657.057,1106
2025-09-11 13:05:00-04:00,657.07,657.18,656.88,657.17,300562.0,657.025,2266
2025-09-11 13:10:00-04:00,657.17,657.47,657.17,657.37,458954.0,657.379,3204
2025-09-11 13:15:00-04:00,657.37,657.41,657.13,657.22,270953.0,657.289,1808
2025-09-11 13:20:00-04:00,657.22,657.46,657.2,657.41,248641.0,657.321,1738
2025-09-11 13:25:00-04:00,657.41,657.56,657.06,657.12,342791.0,657.343,2510
2025-09-11 13:30:00-04:00,657.12,657.44,657.11,657.37,286548.0,657.287,1892
2025-09-11 13:35:00-04:00,657.38,657.43,657.19,657.26,233393.0,657.336,1686
2025-09-11 13:40:00-04:00,657.28,657.54,657.28,657.49,219009.0,657.442,1557
2025-09-11 13:45:00-04:00,657.5,657.52,657.14,657.19,242674.0,657.316,1898
2025-09-11 13:50:00-04:00,657.2,657.32,657.01,657.32,330555.0,657.152,2087
2025-09-11 13:55:00-04:00,657.3,657.57,657.25,657.55,310067.0,657.408,2093
2025-09-11 14:00:00-04:00,657.56,657.66,657.48,657.49,546898.0,657.568,3480
2025-09-11 14:05:00-04:00,657.49,657.59,657.31,657.39,577062.0,657.434,3802
2025-09-11 14:10:00-04:00,657.38,657.56,657.27,657.41,486648.0,657.429,3345
2025-09-11 14:15:00-04:00,657.42,657.5,657.26,657.28,440953.0,657.357,2656
2025-09-11 14:20:00-04:00,657.3,657.42,657.17,657.4,393167.0,657.299,2747
2025-09-11 14:25:00-04:00,657.38,657.52,657.18,657.33,392608.0,657.332,2580
2025-09-11 14:30:00-04:00,657.33,657.43,657.19,657.19,270798.0,657.291,1695
2025-09-11 14:35:00-04:00,657.19,657.46,657.16,657.45,341209.0,657.309,2636
2025-09-11 14:40:00-04:00,657.45,657.54,657.36,657.5,278712.0,657.464,1783
2025-09-11 14:45:00-04:00,657.5,657.59,657.46,657.54,364077.0,657.533,2174
2025-09-11 14:50:00-04:00,657.54,657.65,657.44,657.56,542645.0,657.544,3366
2025-09-11 14:55:00-04:00,657.56,657.74,657.47,657.54,381651.0,657.592,2549
2025-09-11 15:00:00-04:00,657.53,657.67,657.43,657.62,458702.0,657.571,2878
2025-09-11 15:05:00-04:00,657.61,657.71,657.46,657.47,300944.0,657.605,2080
2025-09-11 15:10:00-04:00,657.47,657.65,657.4,657.56,461405.0,657.56,2790
2025-09-11 15:15:00-04:00,657.55,657.81,657.5,657.75,549245.0,657.655,3400
2025-09-11 15:20:00-04:00,657.75,657.8,657.64,657.73,625270.0,657.716,3881
2025-09-11 15:25:00-04:00,657.72,657.83,657.68,657.76,621264.0,657.736,4026
2025-09-11 15:30:00-04:00,657.75,658.1,657.73,658.04,847825.0,657.954,5571
2025-09-11 15:35:00-04:00,658.05,658.16,657.94,658.06,834124.0,658.056,5547
2025-09-11 15:40:00-04:00,658.05,658.1,657.81,657.84,601081.0,657.929,3781
2025-09-11 15:45:00-04:00,657.85,658.02,657.77,658.0,1017616.0,657.928,6082
2025-09-11 15:50:00-04:00,658.0,658.33,657.82,658.14,2287847.0,658.078,12795
2025-09-11 15:55:00-04:00,658.14,658.22,657.46,657.59,3900395.0,657.863,18536
2025-09-12 09:30:00-04:00,657.59,657.77,657.43,657.66,1436703.0,657.599,9718
2025-09-12 09:35:00-04:00,657.66,657.71,657.14,657.41,1398665.0,657.445,10071
2025-09-12 09:40:00-04:00,657.42,657.65,657.38,657.44,883769.0,657.489,6246
2025-09-12 09:45:00-04:00,657.45,657.67,657.24,657.56,755090.0,657.458,5210
2025-09-12 09:50:00-04:00,657.56,657.7,657.38,657.56,596401.0,657.528,4101
2025-09-12 09:55:00-04:00,657.55,658.07,657.53,657.99,736242.0,657.859,4626
2025-09-12 10:00:00-04:00,658.01,658.06,657.55,657.84,576611.0,657.792,3167
2025-09-12 10:05:00-04:00,657.86,658.2,657.77,658.17,618951.0,658.034,4024
2025-09-12 10:10:00-04:00,658.17,658.19,657.49,657.51,678021.0,657.799,4580
2025-09-12 10:15:00-04:00,657.5,657.8,657.32,657.68,606021.0,657.556,4097
2025-09-12 10:20:00-04:00,657.68,658.11,657.67,657.98,664800.0,657.901,4226
2025-09-12 10:25:00-04:00,657.97,658.05,657.75,657.97,467725.0,657.889,2620
2025-09-12 10:30:00-04:00,657.96,658.03,657.68,657.91,464043.0,657.89,2985
2025-09-12 10:35:00-04:00,657.9,658.0,657.75,657.88,303023.0,657.879,2209
2025-09-12 10:40:00-04:00,657.88,658.0,657.78,657.8,421774.0,657.866,2243
2025-09-12 10:45:00-04:00,657.83,658.12,657.79,658.1,362841.0,657.957,2446
2025-09-12 10:50:00-04:00,658.09,658.23,657.88,658.22,405492.0,658.059,2697
2025-09-12 10:55:00-04:00,658.22,658.48,658.2,658.38,646694.0,658.332,4059
2025-09-12 11:00:00-04:00,658.38,658.44,657.94,657.98,549687.0,658.243,3439
2025-09-12 11:05:00-04:00,657.98,658.1,657.91,658.04,346340.0,658.007,2579
2025-09-12 11:10:00-04:00,658.03,658.15,657.84,658.08,432573.0,658.003,2930
2025-09-12 11:15:00-04:00,658.07,658.26,657.94,657.95,294832.0,658.111,1974
2025-09-12 11:20:00-04:00,657.95,657.96,657.69,657.88,358696.0,657.821,2474
2025-09-12 11:25:00-04:00,657.89,657.99,657.62,657.64,346296.0,657.797,2483
2025-09-12 11:30:00-04:00,657.64,657.82,657.42,657.71,446820.0,657.652,2910
2025-09-12 11:35:00-04:00,657.7,657.76,657.42,657.48,278783.0,657.551,1878
2025-09-12 11:40:00-04:00,657.48,657.62,657.35,657.47,258914.0,657.478,1704
2025-09-12 11:45:00-04:00,657.48,657.6,657.21,657.39,378125.0,657.407,2376
2025-09-12 11:50:00-04:00,657.39,657.52,657.34,657.47,316534.0,657.437,2060
2025-09-12 11:55:00-04:00,657.47,657.7,657.46,657.62,512109.0,657.597,3071
2025-09-12 12:00:00-04:00,657.61,657.63,657.39,657.52,397132.0,657.498,2505
2025-09-12 12:05:00-04:00,657.52,657.67,657.3,657.65,313282.0,657.457,2076
2025-09-12 12:10:00-04:00,657.63,657.85,657.63,657.71,248443.0,657.755,1722
2025-09-12 12:15:00-04:00,657.72,657.99,657.71,657.89,369224.0,657.881,2061
2025-09-12 12:20:00-04:00,657.9,657.94,657.71,657.88,314424.0,657.837,1650
2025-09-12 12:25:00-04:00,657.88,658.06,657.86,658.06,251143.0,657.953,1589
2025-09-12 12:30:00-04:00,658.05,658.15,658.0,658.03,253013.0,658.074,1598
2025-09-12 12:35:00-04:00,658.04,658.05,657.77,657.79,323533.0,657.894,1898
2025-09-12 12:40:00-04:00,657.79,657.87,657.65,657.84,284911.0,657.755,1799
2025-09-12 12:45:00-04:00,657.83,658.06,657.82,657.98,377434.0,657.951,2279
2025-09-12 12:50:00-04:00,657.99,658.06,657.91,658.04,265584.0,658.005,1690
2025-09-12 12:55:00-04:00,658.05,658.2,657.99,658.07,546167.0,658.084,3470
2025-09-12 13:00:00-04:00,658.08,658.09,657.8,657.82,514109.0,657.958,2852
2025-09-12 13:05:00-04:00,657.82,657.92,657.79,657.85,264571.0,657.848,1711
2025-09-12 13:10:00-04:00,657.85,658.09,657.83,658.09,362837.0,657.988,2383
2025-09-12 13:15:00-04:00,658.09,658.16,658.01,658.08,231261.0,658.103,1633
2025-09-12 13:20:00-04:00,658.08,658.28,658.06,658.24,237983.0,658.171,1602
2025-09-12 13:25:00-04:00,658.24,658.28,658.1,658.1,275871.0,658.195,1898
2025-09-12 13:30:00-04:00,658.1,658.2,657.98,658.01,275970.0,658.105,1607
2025-09-12 13:35:00-04:00,658.02,658.13,657.9,658.06,389681.0,657.999,2870
2025-09-12 13:40:00-04:00,658.06,658.19,658.05,658.11,260513.0,658.133,1609
2025-09-12 13:45:00-04:00,658.11,658.36,658.1,658.34,227494.0,658.269,1563
2025-09-12 13:50:00-04:00,658.34,658.39,658.24,658.28,367420.0,658.327,2045
2025-09-12 13:55:00-04:00,658.28,658.47,658.27,658.37,392819.0,658.377,2371
2025-09-12 14:00:00-04:00,658.38,658.39,658.23,658.29,512907.0,658.302,3327
2025-09-12 14:05:00-04:00,658.28,658.44,658.27,658.42,335339.0,658.394,2085
2025-09-12 14:10:00-04:00,658.41,658.44,658.29,658.42,328085.0,658.384,1940
2025-09-12 14:15:00-04:00,658.42,658.44,658.28,658.41,318931.0,658.359,1935
2025-09-12 14:20:00-04:00,658.42,658.46,658.32,658.42,425894.0,658.4,2427
2025-09-12 14:25:00-04:00,658.43,658.57,658.42,658.5,532759.0,658.506,3117
2025-09-12 14:30:00-04:00,658.5,658.88,658.47,658.73,765287.0,658.671,5041
2025-09-12 14:35:00-04:00,658.73,658.84,658.64,658.8,459857.0,658.739,3132
2025-09-12 14:40:00-04:00,658.79,658.88,658.7,658.73,429624.0,658.782,2839
2025-09-12 14:45:00-04:00,658.73,658.81,658.32,658.63,692797.0,658.65,4645
2025-09-12 14:50:00-04:00,658.64,659.11,658.63,658.99,751692.0,658.9,4797
2025-09-12 14:55:00-04:00,658.99,659.0,658.75,658.81,536686.0,658.906,3598
2025-09-12 15:00:00-04:00,658.81,658.92,658.79,658.88,434589.0,658.862,3044
2025-09-12 15:05:00-04:00,658.88,658.95,658.72,658.8,593497.0,658.838,3687
2025-09-12 15:10:00-04:00,658.8,658.83,658.53,658.58,761745.0,658.653,4579
2025-09-12 15:15:00-04:00,658.58,658.61,658.39,658.52,775443.0,658.494,4978
2025-09-12 15:20:00-04:00,658.51,658.6,658.3,658.34,813401.0,658.458,4848
2025-09-12 15:25:00-04:00,658.34,658.45,658.07,658.17,1211793.0,658.242,7169
2025-09-12 15:30:00-04:00,658.17,658.29,657.53,657.73,1655541.0,657.863,10953
2025-09-12 15:35:00-04:00,657.73,657.89,657.24,657.29,1466032.0,657.529,8542
2025-09-12 15:40:00-04:00,657.3,657.76,656.9,657.75,2018178.0,657.305,12616
2025-09-12 15:45:00-04:00,657.75,657.95,657.55,657.84,1460444.0,657.768,8505
2025-09-12 15:50:00-04:00,657.85,658.33,657.8,658.32,2156314.0,658.093,13082
2025-09-12 15:55:00-04:00,658.32,658.33,657.38,657.39,3878473.0,657.743,21267
2025-09-15 09:30:00-04:00,659.6,660.12,659.47,659.82,1897402.0,659.854,12079
2025-09-15 09:35:00-04:00,659.82,660.16,659.76,660.1,1038759.0,659.945,7233
2025-09-15 09:40:00-04:00,660.09,660.3,659.48,659.62,1134131.0,659.956,7754
2025-09-15 09:45:00-04:00,659.63,660.34,659.62,660.19,1022229.0,660.05,7013
2025-09-15 09:50:00-04:00,660.2,660.5,660.11,660.46,1009482.0,660.34,6658
2025-09-15 09:55:00-04:00,660.47,660.68,660.34,660.65,816147.0,660.503,5497
2025-09-15 10:00:00-04:00,660.64,660.73,660.18,660.26,888036.0,660.44,5728
2025-09-15 10:05:00-04:00,660.26,660.39,660.06,660.09,705280.0,660.246,4736
2025-09-15 10:10:00-04:00,660.09,660.26,659.98,660.21,426806.0,660.111,2952
2025-09-15 10:15:00-04:00,660.21,660.32,660.06,660.14,415525.0,660.184,2815
2025-09-15 10:20:00-04:00,660.14,660.42,660.04,660.31,479666.0,660.225,3125
2025-09-15 10:25:00-04:00,660.31,660.74,660.27,660.68,712296.0,660.57,4447
2025-09-15 10:30:00-04:00,660.66,660.83,660.33,660.51,1203238.0,660.638,7554
2025-09-15 10:35:00-04:00,660.53,660.6,660.4,660.49,580217.0,660.502,3713
2025-09-15 10:40:00-04:00,660.5,660.92,660.46,660.81,436329.0,660.708,2530
2025-09-15 10:45:00-04:00,660.81,661.0,660.72,660.78,488840.0,660.871,2866
2025-09-15 10:50:00-04:00,660.78,660.98,660.72,660.89,426388.0,660.864,2340
2025-09-15 10:55:00-04:00,660.88,660.99,660.81,660.95,304398.0,660.904,1843
2025-09-15 11:00:00-04:00,660.96,661.04,660.8,660.92,516063.0,660.909,3053
2025-09-15 11:05:00-04:00,660.92,660.96,660.63,660.66,440470.0,660.768,2608
2025-09-15 11:10:00-04:00,660.66,660.93,660.52,660.78,427181.0,660.767,2676
2025-09-15 11:15:00-04:00,660.78,660.91,660.61,660.65,412214.0,660.758,2612
2025-09-15 11:20:00-04:00,660.65,660.67,660.23,660.38,595321.0,660.412,3784
2025-09-15 11:25:00-04:00,660.38,660.7,660.33,660.36,547641.0,660.512,3388
2025-09-15 11:30:00-04:00,660.35,660.45,660.24,660.38,371266.0,660.333,2584
2025-09-15 11:35:00-04:00,660.39,660.67,660.35,660.63,347500.0,660.487,2342
2025-09-15 11:40:00-04:00,660.64,660.82,660.38,660.39,352105.0,660.631,2104
2025-09-15 11:45:00-04:00,660.39,660.61,660.3,660.6,383840.0,660.442,2517
2025-09-15 11:50:00-04:00,660.59,660.65,660.42,660.64,302772.0,660.531,1923
2025-09-15 11:55:00-04:00,660.64,660.78,660.54,660.62,429480.0,660.659,2843
2025-09-15 12:00:00-04:00,660.61,660.7,660.48,660.5,336776.0,660.575,1932
2025-09-15 12:05:00-04:00,660.5,660.74,660.44,660.74,329067.0,660.578,2019
2025-09-15 12:10:00-04:00,660.74,660.89,660.64,660.81,426972.0,660.768,2445
2025-09-15 12:15:00-04:00,660.81,660.9,660.69,660.72,246238.0,660.816,1544
2025-09-15 12:20:00-04:00,660.71,660.84,660.61,660.74,324640.0,660.716,1825
2025-09-15 12:25:00-04:00,660.77,660.8,660.55,660.6,338379.0,660.665,1940
2025-09-15 12:30:00-04:00,660.61,660.88,660.57,660.78,225381.0,660.749,1607
2025-09-15 12:35:00-04:00,660.78,660.82,660.64,660.74,221699.0,660.732,1323
2025-09-15 12:40:00-04:00,660.74,660.74,660.53,660.6,309493.0,660.6,1922
2025-09-15 12:45:00-04:00,660.6,660.6,660.4,660.51,382809.0,660.508,2243
2025-09-15 12:50:00-04:00,660.51,660.59,660.39,660.45,273881.0,660.493,1801
2025-09-15 12:55:00-04:00,660.45,660.47,660.07,660.13,528062.0,660.256,3145
2025-09-15 13:00:00-04:00,660.12,660.26,660.0,660.15,498784.0,660.121,3022
2025-09-15 13:05:00-04:00,660.15,660.39,660.13,660.23,331598.0,660.293,1978
2025-09-15 13:10:00-04:00,660.22,660.24,659.95,660.01,338478.0,660.109,1949
2025-09-15 13:15:00-04:00,660.0,660.1,659.74,659.78,353141.0,659.918,2242
2025-09-15 13:20:00-04:00,659.77,659.96,659.53,659.91,641778.0,659.737,3985
2025-09-15 13:25:00-04:00,659.91,659.93,659.67,659.75,449369.0,659.776,2740
2025-09-15 13:30:00-04:00,659.74,660.07,659.7,660.03,378138.0,659.875,2436
2025-09-15 13:35:00-04:00,660.03,660.23,659.84,660.19,517326.0,660.059,3117
2025-09-15 13:40:00-04:00,660.2,660.43,660.19,660.33,496469.0,660.319,2864
2025-09-15 13:45:00-04:00,660.33,660.48,660.22,660.42,359650.0,660.353,1980
2025-09-15 13:50:00-04:00,660.43,660.53,660.37,660.4,238838.0,660.449,1382
2025-09-15 13:55:00-04:00,660.41,660.66,660.37,660.61,399967.0,660.555,2296
2025-09-15 14:00:00-04:00,660.6,660.6,660.31,660.49,498052.0,660.479,2759
2025-09-15 14:05:00-04:00,660.49,660.52,660.13,660.18,464465.0,660.374,2512
2025-09-15 14:10:00-04:00,660.17,660.26,659.95,660.15,392601.0,660.128,2353
2025-09-15 14:15:00-04:00,660.16,660.23,659.91,660.1,407859.0,660.085,2258
2025-09-15 14:20:00-04:00,660.08,660.19,659.95,660.13,358884.0,660.061,2071
2025-09-15 14:25:00-04:00,660.13,660.25,659.89,659.9,334098.0,660.076,2167
2025-09-15 14:30:00-04:00,659.9,660.1,659.87,660.02,367188.0,659.973,2369
2025-09-15 14:35:00-04:00,660.0,660.07,659.84,659.85,387603.0,659.924,2078
2025-09-15 14:40:00-04:00,659.85,659.89,659.34,659.54,764055.0,659.608,4505
2025-09-15 14:45:00-04:00,659.55,659.79,659.38,659.77,695995.0,659.571,4094
2025-09-15 14:50:00-04:00,659.75,660.1,659.75,660.07,505241.0,659.975,2763
2025-09-15 14:55:00-04:00,660.07,660.11,659.88,660.0,373609.0,659.988,2384
2025-09-15 15:00:00-04:00,659.99,660.12,659.79,659.82,521794.0,660.0,3081
2025-09-15 15:05:00-04:00,659.82,659.98,659.7,659.96,452720.0,659.852,2816
2025-09-15 15:10:00-04:00,659.96,660.16,659.88,659.95,467939.0,660.029,2861
2025-09-15 15:15:00-04:00,659.94,660.06,659.74,660.06,429148.0,659.879,2561
2025-09-15 15:20:00-04:00,660.07,660.16,659.9,660.01,444776.0,660.043,2820
2025-09-15 15:25:00-04:00,660.01,660.16,659.98,660.07,403962.0,660.089,2573
2025-09-15 15:30:00-04:00,660.07,660.08,659.89,660.06,488357.0,659.981,3055
2025-09-15 15:35:00-04:00,660.06,660.15,659.87,659.93,455638.0,659.965,2929
2025-09-15 15:40:00-04:00,659.94,660.2,659.89,660.01,591631.0,660.049,3769
2025-09-15 15:45:00-04:00,659.99,660.42,659.97,660.41,944625.0,660.3,5047
2025-09-15 15:50:00-04:00,660.41,660.41,659.76,660.3,1423780.0,660.083,8666
2025-09-15 15:55:00-04:00,660.3,660.91,660.02,660.85,4560128.0,660.584,21080
2025-09-16 09:30:00-04:00,661.44,661.78,661.21,661.43,1595116.0,661.496,10039
2025-09-16 09:35:00-04:00,661.43,661.49,660.91,660.92,912284.0,661.184,6481
2025-09-16 09:40:00-04:00,660.93,661.1,660.66,660.79,1021763.0,660.82,7576
2025-09-16 09:45:00-04:00,660.79,660.95,660.47,660.9,1081829.0,660.704,7804
2025-09-16 09:50:00-04:00,660.91,660.91,660.03,660.31,1290303.0,660.306,9100
2025-09-16 09:55:00-04:00,660.31,660.44,660.11,660.28,858087.0,660.275,6344
2025-09-16 10:00:00-04:00,660.27,660.31,659.86,660.01,1117443.0,660.104,7492
2025-09-16 10:05:00-04:00,660.03,660.2,659.9,659.91,732691.0,660.055,4512
2025-09-16 10:10:00-04:00,659.92,660.01,659.63,659.93,794071.0,659.838,5540
2025-09-16 10:15:00-04:00,659.93,660.48,659.93,660.19,975364.0,660.258,6558
2025-09-16 10:20:00-04:00,660.2,660.52,659.97,660.38,670287.0,660.313,4330
2025-09-16 10:25:00-04:00,660.37,660.37,659.85,659.95,587459.0,660.05,3868
2025-09-16 10:30:00-04:00,659.94,660.0,659.76,659.93,403310.0,659.914,2780
2025-09-16 10:35:00-04:00,659.93,660.3,659.79,659.91,629287.0,660.041,4315
2025-09-16 10:40:00-04:00,659.93,660.05,659.73,659.79,327835.0,659.88,2375
2025-09-16 10:45:00-04:00,659.81,660.05,659.71,659.84,378766.0,659.876,2862
2025-09-16 10:50:00-04:00,659.83,660.12,659.77,660.02,425891.0,659.942,2630
2025-09-16 10:55:00-04:00,660.03,660.04,659.81,659.85,315439.0,659.924,2202
2025-09-16 11:00:00-04:00,659.86,659.91,659.39,659.53,536383.0,659.574,3787
2025-09-16 11:05:00-04:00,659.53,659.98,659.53,659.97,461867.0,659.756,3091
2025-09-16 11:10:00-04:00,659.96,660.12,659.76,659.9,493491.0,659.929,3728
2025-09-16 11:15:00-04:00,659.9,659.91,659.57,659.77,468709.0,659.722,3491
2025-09-16 11:20:00-04:00,659.78,660.09,659.74,659.79,379473.0,659.938,2808
2025-09-16 11:25:00-04:00,659.81,659.94,659.58,659.63,307394.0,659.772,2240
2025-09-16 11:30:00-04:00,659.62,659.68,659.47,659.5,380843.0,659.574,2829
2025-09-16 11:35:00-04:00,659.51,659.66,659.4,659.6,569357.0,659.506,3465
2025-09-16 11:40:00-04:00,659.6,659.71,659.21,659.49,496852.0,659.42,3477
2025-09-16 11:45:00-04:00,659.49,659.74,659.47,659.53,332125.0,659.612,2226
2025-09-16 11:50:00-04:00,659.52,659.88,659.43,659.81,306348.0,659.68,2076
2025-09-16 11:55:00-04:00,659.81,659.95,659.55,659.67,331984.0,659.757,2212
2025-09-16 12:00:00-04:00,659.67,659.77,659.53,659.6,295839.0,659.643,2221
2025-09-16 12:05:00-04:00,659.6,659.87,659.59,659.85,251184.0,659.713,1658
2025-09-16 12:10:00-04:00,659.85,659.89,659.65,659.74,237827.0,659.786,1751
2025-09-16 12:15:00-04:00,659.74,659.94,659.7,659.83,300126.0,659.811,2102
2025-09-16 12:20:00-04:00,659.83,659.92,659.76,659.83,194504.0,659.854,1397
2025-09-16 12:25:00-04:00,659.82,659.96,659.75,659.91,161007.0,659.883,1207
2025-09-16 12:30:00-04:00,659.9,659.93,659.73,659.81,235679.0,659.82,1704
2025-09-16 12:35:00-04:00,659.81,659.95,659.48,659.89,398926.0,659.759,2183
2025-09-16 12:40:00-04:00,659.88,659.94,659.6,659.76,218687.0,659.71,1344
2025-09-16 12:45:00-04:00,659.76,659.93,659.72,659.77,234871.0,659.827,1462
2025-09-16 12:50:00-04:00,659.77,660.06,659.72,660.05,235929.0,659.959,1555
2025-09-16 12:55:00-04:00,660.05,660.08,659.84,659.96,367182.0,659.979,2664
2025-09-16 13:00:00-04:00,659.96,660.27,659.9,660.19,324160.0,660.161,2157
2025-09-16 13:05:00-04:00,660.2,660.31,660.11,660.24,243012.0,660.223,1793
2025-09-16 13:10:00-04:00,660.24,660.31,660.08,660.29,249443.0,660.211,1715
2025-09-16 13:15:00-04:00,660.29,660.38,660.22,660.29,241009.0,660.305,1766
2025-09-16 13:20:00-04:00,660.29,660.44,660.23,660.36,217470.0,660.338,1568
2025-09-16 13:25:00-04:00,660.36,660.42,660.22,660.26,260284.0,660.335,1664
2025-09-16 13:30:00-04:00,660.27,660.34,660.15,660.28,299361.0,660.254,1907
2025-09-16 13:35:00-04:00,660.29,660.36,660.11,660.33,268822.0,660.219,1826
2025-09-16 13:40:00-04:00,660.32,660.33,660.04,660.09,267159.0,660.162,1824
2025-09-16 13:45:00-04:00,660.09,660.24,660.08,660.2,215242.0,660.174,1296
2025-09-16 13:50:00-04:00,660.19,660.21,659.92,660.17,350587.0,660.05,2235
2025-09-16 13:55:00-04:00,660.17,660.33,660.16,660.2,180891.0,660.238,1209
2025-09-16 14:00:00-04:00,660.18,660.22,660.04,660.19,292879.0,660.123,1939
2025-09-16 14:05:00-04:00,660.2,660.41,660.1,660.24,290250.0,660.285,1885
2025-09-16 14:10:00-04:00,660.23,660.32,660.13,660.13,295580.0,660.209,1820
2025-09-16 14:15:00-04:00,660.13,660.27,660.1,660.15,316888.0,660.175,1837
2025-09-16 14:20:00-04:00,660.14,660.26,660.03,660.2,164582.0,660.16,1078
2025-09-16 14:25:00-04:00,660.2,660.29,660.14,660.19,204465.0,660.222,1362
2025-09-16 14:30:00-04:00,660.2,660.33,660.09,660.26,336314.0,660.257,2183
2025-09-16 14:35:00-04:00,660.26,660.39,660.17,660.23,318253.0,660.297,2324
2025-09-16 14:40:00-04:00,660.24,660.49,660.23,660.38,294921.0,660.369,1755
2025-09-16 14:45:00-04:00,660.39,660.54,660.39,660.52,253131.0,660.473,1625
2025-09-16 14:50:00-04:00,660.51,660.74,660.51,660.64,461196.0,660.648,2994
2025-09-16 14:55:00-04:00,660.65,660.66,660.53,660.6,388681.0,660.596,2243
2025-09-16 15:00:00-04:00,660.6,660.68,660.52,660.58,325639.0,660.599,2247
2025-09-16 15:05:00-04:00,660.58,660.73,660.45,660.51,461599.0,660.594,2759
2025-09-16 15:10:00-04:00,660.52,660.66,660.44,660.63,360476.0,660.543,2126
2025-09-16 15:15:00-04:00,660.63,660.64,660.47,660.47,285686.0,660.55,1909
2025-09-16 15:20:00-04:00,660.48,660.63,660.39,660.42,487599.0,660.518,3035
2025-09-16 15:25:00-04:00,660.42,660.42,660.03,660.14,844534.0,660.231,4908
2025-09-16 15:30:00-04:00,660.14,660.19,659.89,659.93,703733.0,659.999,4584
2025-09-16 15:35:00-04:00,659.94,660.13,659.68,659.9,895540.0,659.919,5152
2025-09-16 15:40:00-04:00,659.9,660.21,659.89,660.09,766850.0,660.064,4735
2025-09-16 15:45:00-04:00,660.09,660.4,660.08,660.37,781425.0,660.297,4770
2025-09-16 15:50:00-04:00,660.37,660.66,660.28,660.4,2112208.0,660.527,12192
2025-09-16 15:55:00-04:00,660.4,660.52,659.69,659.93,3758322.0,660.104,17418
2025-09-17 09:30:00-04:00,660.01,660.56,659.98,660.26,1477077.0,660.27,9745
2025-09-17 09:35:00-04:00,660.26,660.44,660.01,660.13,650260.0,660.222,4568
2025-09-17 09:40:00-04:00,660.14,660.2,659.76,659.87,807114.0,659.935,5998
2025-09-17 09:45:00-04:00,659.86,660.33,659.64,660.17,891292.0,659.94,6587
2025-09-17 09:50:00-04:00,660.17,660.66,660.1,660.2,775814.0,660.405,5535
2025-09-17 09:55:00-04:00,660.21,660.37,659.76,659.88,900797.0,660.08,5966
2025-09-17 10:00:00-04:00,659.88,659.96,659.43,659.55,749646.0,659.706,5214
2025-09-17 10:05:00-04:00,659.55,659.61,659.29,659.4,808532.0,659.465,5648
2025-09-17 10:10:00-04:00,659.39,659.56,659.27,659.46,644696.0,659.398,4190
2025-09-17 10:15:00-04:00,659.47,659.58,659.09,659.27,598514.0,659.285,4275
2025-09-17 10:20:00-04:00,659.28,659.38,659.1,659.23,422352.0,659.231,2951
2025-09-17 10:25:00-04:00,659.23,659.36,659.14,659.16,484094.0,659.261,3745
2025-09-17 10:30:00-04:00,659.17,659.45,659.06,659.25,548390.0,659.287,3858
2025-09-17 10:35:00-04:00,659.24,659.38,659.11,659.38,378003.0,659.227,2622
2025-09-17 10:40:00-04:00,659.38,659.51,659.18,659.19,361534.0,659.339,2442
2025-09-17 10:45:00-04:00,659.19,659.36,659.07,659.27,304261.0,659.231,2222
2025-09-17 10:50:00-04:00,659.26,659.47,659.04,659.44,373788.0,659.217,2562
2025-09-17 10:55:00-04:00,659.46,659.64,659.28,659.32,479038.0,659.434,2880
2025-09-17 11:00:00-04:00,659.32,659.44,659.15,659.17,205839.0,659.271,1473
2025-09-17 11:05:00-04:00,659.17,659.35,658.99,659.34,326258.0,659.212,2274
2025-09-17 11:10:00-04:00,659.33,659.56,659.15,659.5,333725.0,659.403,2186
2025-09-17 11:15:00-04:00,659.5,659.67,659.4,659.53,229634.0,659.561,1652
2025-09-17 11:20:00-04:00,659.53,659.57,659.28,659.31,218375.0,659.426,1422
2025-09-17 11:25:00-04:00,659.3,659.34,658.86,658.94,272954.0,659.062,1863
2025-09-17 11:30:00-04:00,658.95,659.15,658.87,659.14,278556.0,659.021,2007
2025-09-17 11:35:00-04:00,659.15,659.27,658.93,658.96,283216.0,659.148,1971
2025-09-17 11:40:00-04:00,658.94,659.27,658.88,659.24,248303.0,659.065,1871
2025-09-17 11:45:00-04:00,659.24,659.33,658.98,659.1,266736.0,659.114,1937
2025-09-17 11:50:00-04:00,659.1,659.14,658.89,658.96,184120.0,659.012,1428
2025-09-17 11:55:00-04:00,658.95,659.31,658.95,659.26,137288.0,659.191,1034
2025-09-17 12:00:00-04:00,659.26,659.34,659.05,659.08,119461.0,659.174,822
2025-09-17 12:05:00-04:00,659.07,659.26,658.97,658.99,202777.0,659.102,1496
2025-09-17 12:10:00-04:00,658.98,659.01,658.83,658.88,181460.0,658.925,1368
2025-09-17 12:15:00-04:00,658.88,659.01,658.78,658.84,236967.0,658.905,1783
2025-09-17 12:20:00-04:00,658.85,658.93,658.73,658.88,149505.0,658.857,1115
2025-09-17 12:25:00-04:00,658.87,658.98,658.8,658.93,207415.0,658.874,1368
2025-09-17 12:30:00-04:00,658.93,658.99,658.63,658.63,356507.0,658.841,2415
2025-09-17 12:35:00-04:00,658.64,658.71,658.32,658.33,340036.0,658.552,2054
2025-09-17 12:40:00-04:00,658.33,658.59,658.14,658.56,407488.0,658.379,2597
2025-09-17 12:45:00-04:00,658.58,658.58,658.13,658.27,396923.0,658.268,2420
2025-09-17 12:50:00-04:00,658.28,658.57,658.28,658.41,258916.0,658.457,1521
2025-09-17 12:55:00-04:00,658.4,658.49,658.23,658.32,176053.0,658.326,1104
2025-09-17 13:00:00-04:00,658.31,658.63,658.29,658.61,402489.0,658.514,2140
2025-09-17 13:05:00-04:00,658.61,658.74,658.57,658.6,257072.0,658.669,1718
2025-09-17 13:10:00-04:00,658.61,658.63,658.38,658.63,315161.0,658.499,1806
2025-09-17 13:15:00-04:00,658.63,658.68,658.49,658.58,131743.0,658.598,939
2025-09-17 13:20:00-04:00,658.58,658.67,658.37,658.64,239290.0,658.504,1234
2025-09-17 13:25:00-04:00,658.63,658.73,658.53,658.64,130651.0,658.649,1001
2025-09-17 13:30:00-04:00,658.65,658.95,658.65,658.81,293052.0,658.805,2018
2025-09-17 13:35:00-04:00,658.81,659.07,658.75,659.06,284412.0,658.932,1854
2025-09-17 13:40:00-04:00,659.05,659.19,658.86,658.89,437830.0,659.048,2670
2025-09-17 13:45:00-04:00,658.89,658.97,658.76,658.88,313768.0,658.857,2151
2025-09-17 13:50:00-04:00,658.87,659.14,658.77,659.13,349955.0,658.923,2033
2025-09-17 13:55:00-04:00,659.12,659.66,659.05,659.66,389952.0,659.315,2086
2025-09-17 14:00:00-04:00,659.66,661.72,659.59,661.61,2580018.0,660.745,14016
2025-09-17 14:05:00-04:00,661.59,661.71,660.1,660.21,2213575.0,661.02,14935
2025-09-17 14:10:00-04:00,660.17,660.44,657.83,657.83,2182124.0,659.298,14829
2025-09-17 14:15:00-04:00,657.83,658.93,657.13,658.66,1898110.0,658.149,13401
2025-09-17 14:20:00-04:00,658.64,659.84,657.72,659.55,1209505.0,658.844,8215
2025-09-17 14:25:00-04:00,659.55,660.37,659.05,660.35,911876.0,659.83,5681
2025-09-17 14:30:00-04:00,660.36,660.57,657.9,658.33,1675633.0,659.017,10203
2025-09-17 14:35:00-04:00,658.29,659.27,656.83,656.88,2022050.0,657.994,12851
2025-09-17 14:40:00-04:00,656.89,658.17,656.01,656.74,2779338.0,656.871,17074
2025-09-17 14:45:00-04:00,656.75,657.61,655.33,656.92,2420322.0,656.34,15480
2025-09-17 14:50:00-04:00,656.91,657.21,654.3,654.85,2481017.0,655.493,16852
2025-09-17 14:55:00-04:00,654.85,657.84,654.83,657.75,2305530.0,656.496,16121
2025-09-17 15:00:00-04:00,657.72,659.32,657.5,658.83,1892426.0,658.48,11914
2025-09-17 15:05:00-04:00,658.86,660.29,658.45,659.47,1988835.0,659.383,13676
2025-09-17 15:10:00-04:00,659.48,660.27,657.8,658.18,1459025.0,658.959,9581
2025-09-17 15:15:00-04:00,658.19,659.93,658.17,659.17,1655494.0,659.014,11454
2025-09-17 15:20:00-04:00,659.17,660.42,658.78,660.14,1302009.0,659.573,8564
2025-09-17 15:25:00-04:00,660.2,660.68,659.76,660.19,1176891.0,660.266,7436
2025-09-17 15:30:00-04:00,660.2,660.57,659.02,659.46,981915.0,659.722,6099
2025-09-17 15:35:00-04:00,659.47,660.34,659.34,659.4,1192388.0,659.829,7494
2025-09-17 15:40:00-04:00,659.42,659.93,659.16,659.61,857586.0,659.62,5523
2025-09-17 15:45:00-04:00,659.61,659.68,658.96,659.46,1407861.0,659.315,8442
2025-09-17 15:50:00-04:00,659.45,659.86,658.8,659.33,1793585.0,659.209,11319
2025-09-17 15:55:00-04:00,659.39,659.91,658.5,659.18,3637307.0,658.951,23072
2025-09-18 09:30:00-04:00,661.88,662.27,661.34,661.99,2459000.0,661.785,15784
2025-09-18 09:35:00-04:00,661.99,662.44,661.68,661.7,1400625.0,662.137,10141
2025-09-18 09:40:00-04:00,661.7,661.86,660.76,660.77,2105315.0,661.285,14970
2025-09-18 09:45:00-04:00,660.77,661.47,660.27,661.45,1959437.0,660.722,13810
2025-09-18 09:50:00-04:00,661.45,662.29,661.25,661.33,1516722.0,661.901,10698
2025-09-18 09:55:00-04:00,661.33,662.09,660.94,662.07,1264405.0,661.458,9047
2025-09-18 10:00:00-04:00,662.06,662.85,662.0,662.74,1208557.0,662.509,7590
2025-09-18 10:05:00-04:00,662.74,663.5,662.74,663.5,1196748.0,663.17,7618
2025-09-18 10:10:00-04:00,663.5,663.76,663.41,663.62,1141407.0,663.611,7436
2025-09-18 10:15:00-04:00,663.6,664.11,663.53,664.1,1242278.0,663.834,7959
2025-09-18 10:20:00-04:00,664.09,664.21,663.62,664.07,1137046.0,663.908,7594
2025-09-18 10:25:00-04:00,664.07,664.49,664.05,664.4,935981.0,664.343,5865
2025-09-18 10:30:00-04:00,664.38,664.89,664.36,664.39,992075.0,664.609,6871
2025-09-18 10:35:00-04:00,664.39,664.41,663.8,663.8,887116.0,664.14,5917
2025-09-18 10:40:00-04:00,663.81,664.05,663.49,663.5,716767.0,663.8,4603
2025-09-18 10:45:00-04:00,663.49,663.84,663.31,663.57,822373.0,663.506,5801
2025-09-18 10:50:00-04:00,663.57,663.57,662.86,662.88,689546.0,663.145,4864
2025-09-18 10:55:00-04:00,662.88,663.16,662.71,662.77,757440.0,662.912,5264
2025-09-18 11:00:00-04:00,662.77,663.26,662.74,662.96,827557.0,663.021,5481
2025-09-18 11:05:00-04:00,662.98,663.29,662.6,662.84,747235.0,662.932,4989
2025-09-18 11:10:00-04:00,662.85,663.11,662.63,662.89,471067.0,662.877,3436
2025-09-18 11:15:00-04:00,662.91,663.76,662.76,663.75,635870.0,663.312,4229
2025-09-18 11:20:00-04:00,663.77,663.99,663.32,663.47,650823.0,663.712,4442
2025-09-18 11:25:00-04:00,663.47,663.7,663.19,663.33,387336.0,663.433,2831
2025-09-18 11:30:00-04:00,663.31,663.94,663.31,663.64,543021.0,663.737,3381
2025-09-18 11:35:00-04:00,663.64,663.75,663.56,663.7,264037.0,663.664,1767
2025-09-18 11:40:00-04:00,663.7,663.78,663.31,663.41,241641.0,663.502,1777
2025-09-18 11:45:00-04:00,663.41,663.48,663.14,663.21,392109.0,663.277,2567
2025-09-18 11:50:00-04:00,663.22,663.24,662.28,662.63,622020.0,662.663,4255
2025-09-18 11:55:00-04:00,662.64,662.77,662.17,662.6,612271.0,662.517,3992
2025-09-18 12:00:00-04:00,662.58,662.96,662.48,662.93,368452.0,662.725,2495
2025-09-18 12:05:00-04:00,662.92,663.0,662.39,662.48,415604.0,662.679,2745
2025-09-18 12:10:00-04:00,662.47,663.12,662.31,663.08,383620.0,662.792,2507
2025-09-18 12:15:00-04:00,663.06,663.44,663.03,663.16,478778.0,663.218,3215
2025-09-18 12:20:00-04:00,663.14,663.44,663.04,663.34,277927.0,663.23,1881
2025-09-18 12:25:00-04:00,663.35,663.56,663.26,663.46,299197.0,663.418,1862
2025-09-18 12:30:00-04:00,663.46,663.84,663.44,663.75,280714.0,663.647,1904
2025-09-18 12:35:00-04:00,663.74,663.92,663.69,663.87,444376.0,663.823,3017
2025-09-18 12:40:00-04:00,663.87,664.06,663.77,663.98,452711.0,663.938,2514
2025-09-18 12:45:00-04:00,664.0,664.19,663.87,664.06,345812.0,664.034,2453
2025-09-18 12:50:00-04:00,664.07,664.1,663.86,664.0,308531.0,664.018,1917
2025-09-18 12:55:00-04:00,664.0,664.13,663.8,664.05,296931.0,663.975,2138
2025-09-18 13:00:00-04:00,664.04,664.23,663.83,663.87,457664.0,664.021,3215
2025-09-18 13:05:00-04:00,663.87,664.04,663.73,663.93,516798.0,663.893,3781
2025-09-18 13:10:00-04:00,663.87,663.95,663.74,663.76,315095.0,663.864,2377
2025-09-18 13:15:00-04:00,663.78,663.94,663.7,663.73,248466.0,663.819,1841
2025-09-18 13:20:00-04:00,663.74,663.82,663.48,663.48,283956.0,663.674,1900
2025-09-18 13:25:00-04:00,663.5,663.54,663.26,663.32,280078.0,663.401,2043
2025-09-18 13:30:00-04:00,663.32,663.45,663.06,663.07,316023.0,663.268,2047
2025-09-18 13:35:00-04:00,663.07,663.1,662.66,663.09,653016.0,662.889,4114
2025-09-18 13:40:00-04:00,663.09,663.1,662.72,662.91,454073.0,662.9,2648
2025-09-18 13:45:00-04:00,662.92,663.06,662.68,662.84,306422.0,662.857,1976
2025-09-18 13:50:00-04:00,662.86,663.14,662.65,663.08,324320.0,662.955,2214
2025-09-18 13:55:00-04:00,663.07,663.13,662.52,662.79,385197.0,662.754,2265
2025-09-18 14:00:00-04:00,662.79,663.06,662.64,663.01,400426.0,662.886,2116
2025-09-18 14:05:00-04:00,663.02,663.28,662.98,663.07,420679.0,663.155,2648
2025-09-18 14:10:00-04:00,663.06,663.06,662.59,662.81,429708.0,662.829,2555
2025-09-18 14:15:00-04:00,662.82,663.06,662.69,662.75,252991.0,662.885,1796
2025-09-18 14:20:00-04:00,662.75,662.92,662.68,662.85,245848.0,662.803,1644
2025-09-18 14:25:00-04:00,662.85,663.08,662.77,662.77,275642.0,662.899,1708
2025-09-18 14:30:00-04:00,662.78,663.04,662.78,663.0,258533.0,662.915,1770
2025-09-18 14:35:00-04:00,663.01,663.07,662.77,662.87,343088.0,662.923,2261
2025-09-18 14:40:00-04:00,662.86,662.96,662.34,662.45,324644.0,662.619,2034
2025-09-18 14:45:00-04:00,662.44,663.14,662.38,662.99,520476.0,662.9,2788
2025-09-18 14:50:00-04:00,662.99,663.4,662.99,663.34,508832.0,663.241,3086
2025-09-18 14:55:00-04:00,663.34,663.51,663.23,663.24,521605.0,663.374,3038
2025-09-18 15:00:00-04:00,663.24,663.43,663.17,663.22,455979.0,663.276,2656
2025-09-18 15:05:00-04:00,663.21,663.44,663.2,663.36,538916.0,663.325,3460
2025-09-18 15:10:00-04:00,663.38,663.4,663.06,663.1,644921.0,663.204,3775
2025-09-18 15:15:00-04:00,663.11,663.2,662.91,663.12,692004.0,663.066,4195
2025-09-18 15:20:00-04:00,663.13,663.15,662.72,662.84,716067.0,662.877,4606
2025-09-18 15:25:00-04:00,662.83,662.9,662.68,662.71,685646.0,662.794,4166
2025-09-18 15:30:00-04:00,662.7,662.88,662.41,662.53,759063.0,662.649,5073
2025-09-18 15:35:00-04:00,662.53,662.68,662.23,662.41,1095335.0,662.427,6796
2025-09-18 15:40:00-04:00,662.41,662.62,662.15,662.39,898092.0,662.379,5596
2025-09-18 15:45:00-04:00,662.39,662.45,661.95,662.2,1109447.0,662.205,7405
2025-09-18 15:50:00-04:00,662.19,663.04,662.05,662.94,2439263.0,662.613,15095
2025-09-18 15:55:00-04:00,662.94,662.98,662.22,662.28,4885323.0,662.574,27542
2025-09-19 09:30:00-04:00,662.33,662.37,661.44,661.49,2847721.0,661.945,17245
2025-09-19 09:35:00-04:00,661.5,661.69,661.32,661.68,1366798.0,661.487,9081
2025-09-19 09:40:00-04:00,661.68,662.09,661.46,661.62,1234347.0,661.783,7962
2025-09-19 09:45:00-04:00,661.63,662.54,661.47,662.41,977260.0,661.922,6664
2025-09-19 09:50:00-04:00,662.41,662.7,662.25,662.49,910853.0,662.494,5622
2025-09-19 09:55:00-04:00,662.49,662.57,661.96,662.15,706327.0,662.304,4662
2025-09-19 10:00:00-04:00,662.14,662.26,661.92,662.2,665279.0,662.083,4841
2025-09-19 10:05:00-04:00,662.19,662.4,661.97,662.02,515092.0,662.187,3417
2025-09-19 10:10:00-04:00,662.01,662.32,661.87,662.08,544663.0,662.112,3634
2025-09-19 10:15:00-04:00,662.08,662.13,661.8,661.94,542977.0,661.946,4068
2025-09-19 10:20:00-04:00,661.93,662.16,661.67,662.04,442322.0,661.939,3013
2025-09-19 10:25:00-04:00,662.03,662.16,661.83,661.92,520771.0,662.011,3518
2025-09-19 10:30:00-04:00,661.9,662.19,661.81,662.12,386910.0,661.986,2676
2025-09-19 10:35:00-04:00,662.12,662.21,661.78,661.86,350322.0,661.971,2423
2025-09-19 10:40:00-04:00,661.85,661.87,661.35,661.35,478572.0,661.533,3251
2025-09-19 10:45:00-04:00,661.35,661.45,660.96,661.3,611349.0,661.211,4426
2025-09-19 10:50:00-04:00,661.29,661.95,661.11,661.61,1012898.0,661.569,6754
2025-09-19 10:55:00-04:00,661.6,661.66,661.23,661.59,552303.0,661.482,3789
2025-09-19 11:00:00-04:00,661.59,661.95,661.2,661.23,504064.0,661.614,3355
2025-09-19 11:05:00-04:00,661.21,661.29,661.04,661.14,493318.0,661.16,3560
2025-09-19 11:10:00-04:00,661.14,661.25,660.9,661.02,451573.0,661.071,3098
2025-09-19 11:15:00-04:00,661.01,661.06,660.84,660.99,349689.0,660.96,2575
2025-09-19 11:20:00-04:00,660.99,661.34,660.64,661.12,699901.0,660.971,4641
2025-09-19 11:25:00-04:00,661.11,661.16,660.63,660.76,334313.0,660.824,2262
2025-09-19 11:30:00-04:00,660.74,660.74,660.37,660.66,518187.0,660.527,3850
2025-09-19 11:35:00-04:00,660.65,660.91,660.55,660.74,313660.0,660.767,2348
2025-09-19 11:40:00-04:00,660.75,661.31,660.74,661.09,341685.0,661.102,2334
2025-09-19 11:45:00-04:00,661.08,661.25,660.97,661.17,400334.0,661.11,2485
2025-09-19 11:50:00-04:00,661.17,661.57,661.13,661.55,355670.0,661.34,2676
2025-09-19 11:55:00-04:00,661.55,661.62,661.37,661.6,499875.0,661.506,3352
2025-09-19 12:00:00-04:00,661.59,662.11,661.57,662.02,656605.0,661.857,4341
2025-09-19 12:05:00-04:00,662.01,662.21,661.95,662.03,540442.0,662.08,3403
2025-09-19 12:10:00-04:00,662.04,662.38,662.04,662.25,455229.0,662.202,2779
2025-09-19 12:15:00-04:00,662.25,662.43,662.2,662.4,442706.0,662.314,2751
2025-09-19 12:20:00-04:00,662.4,662.68,662.31,662.51,531893.0,662.491,3234
2025-09-19 12:25:00-04:00,662.51,662.58,662.4,662.49,399317.0,662.487,2614
2025-09-19 12:30:00-04:00,662.48,662.56,662.13,662.24,431681.0,662.325,2899
2025-09-19 12:35:00-04:00,662.25,662.49,662.24,662.31,340339.0,662.394,2164
2025-09-19 12:40:00-04:00,662.31,662.59,662.3,662.58,384936.0,662.485,2241
2025-09-19 12:45:00-04:00,662.58,662.76,662.46,662.57,475270.0,662.607,2928
2025-09-19 12:50:00-04:00,662.57,662.58,662.38,662.47,250707.0,662.472,1652
2025-09-19 12:55:00-04:00,662.47,662.55,662.39,662.53,267490.0,662.483,1826
2025-09-19 13:00:00-04:00,662.54,662.66,662.5,662.52,242906.0,662.565,1583
2025-09-19 13:05:00-04:00,662.52,662.56,662.26,662.3,340944.0,662.402,2077
2025-09-19 13:10:00-04:00,662.32,662.42,662.21,662.42,292075.0,662.329,1803
2025-09-19 13:15:00-04:00,662.41,662.5,662.38,662.41,244350.0,662.428,1546
2025-09-19 13:20:00-04:00,662.41,662.51,662.33,662.46,207822.0,662.446,1502
2025-09-19 13:25:00-04:00,662.47,662.5,662.24,662.48,245251.0,662.355,1862
2025-09-19 13:30:00-04:00,662.48,662.78,662.45,662.65,383474.0,662.612,2715
2025-09-19 13:35:00-04:00,662.64,662.79,662.55,662.7,317273.0,662.658,2012
2025-09-19 13:40:00-04:00,662.71,662.84,662.54,662.74,319415.0,662.672,2074
2025-09-19 13:45:00-04:00,662.74,662.83,662.66,662.77,335384.0,662.754,2381
2025-09-19 13:50:00-04:00,662.77,662.89,662.68,662.73,321695.0,662.79,2268
2025-09-19 13:55:00-04:00,662.73,662.77,662.6,662.69,370539.0,662.682,2576
2025-09-19 14:00:00-04:00,662.69,662.74,662.51,662.72,404002.0,662.628,2925
2025-09-19 14:05:00-04:00,662.74,662.78,662.62,662.7,538574.0,662.71,3023
2025-09-19 14:10:00-04:00,662.69,662.74,662.6,662.71,491778.0,662.683,2948
2025-09-19 14:15:00-04:00,662.72,662.83,662.55,662.61,514455.0,662.686,2921
2025-09-19 14:20:00-04:00,662.61,662.75,662.45,662.45,426549.0,662.616,2611
2025-09-19 14:25:00-04:00,662.44,662.56,662.32,662.53,482267.0,662.424,3396
2025-09-19 14:30:00-04:00,662.52,662.76,662.42,662.68,472088.0,662.561,3092
2025-09-19 14:35:00-04:00,662.68,662.83,662.66,662.74,287917.0,662.736,2241
2025-09-19 14:40:00-04:00,662.74,662.87,662.69,662.8,351177.0,662.782,2541
2025-09-19 14:45:00-04:00,662.8,662.85,662.56,662.63,293395.0,662.681,2060
2025-09-19 14:50:00-04:00,662.63,662.74,662.54,662.67,488793.0,662.605,3059
2025-09-19 14:55:00-04:00,662.67,663.11,662.66,663.09,612616.0,662.91,3979
2025-09-19 15:00:00-04:00,663.09,663.49,663.04,663.12,1057942.0,663.229,6298
2025-09-19 15:05:00-04:00,663.11,663.32,663.08,663.28,620896.0,663.228,3658
2025-09-19 15:10:00-04:00,663.28,663.46,663.24,663.38,592002.0,663.355,3695
2025-09-19 15:15:00-04:00,663.38,663.56,663.37,663.47,885953.0,663.469,4793
2025-09-19 15:20:00-04:00,663.46,663.49,663.34,663.38,589315.0,663.402,3604
2025-09-19 15:25:00-04:00,663.38,664.05,663.38,663.8,1235171.0,663.759,7418
2025-09-19 15:30:00-04:00,663.79,663.86,663.6,663.64,723566.0,663.704,4430
2025-09-19 15:35:00-04:00,663.64,663.7,663.53,663.64,735570.0,663.619,5104
2025-09-19 15:40:00-04:00,663.64,663.65,663.38,663.4,591711.0,663.51,4122
2025-09-19 15:45:00-04:00,663.41,663.91,663.39,663.79,1218128.0,663.726,7211
2025-09-19 15:50:00-04:00,663.8,664.34,663.73,664.34,3845886.0,664.075,23752
2025-09-19 15:55:00-04:00,664.32,664.55,663.51,663.61,4807623.0,664.035,25343
2025-09-22 09:30:00-04:00,662.19,662.8,662.17,662.65,1575938.0,662.481,9203
2025-09-22 09:35:00-04:00,662.65,662.71,662.3,662.41,978108.0,662.566,6752
2025-09-22 09:40:00-04:00,662.39,662.66,662.23,662.62,979831.0,662.451,6564
2025-09-22 09:45:00-04:00,662.61,663.04,662.53,662.89,870992.0,662.8,6467
2025-09-22 09:50:00-04:00,662.88,663.49,662.81,663.46,929442.0,663.101,6540
2025-09-22 09:55:00-04:00,663.45,663.57,663.25,663.42,1057481.0,663.385,7218
2025-09-22 10:00:00-04:00,663.41,663.62,663.17,663.48,854522.0,663.389,6193
2025-09-22 10:05:00-04:00,663.48,663.76,663.42,663.68,603079.0,663.608,4476
2025-09-22 10:10:00-04:00,663.68,663.69,663.28,663.44,688359.0,663.485,4884
2025-09-22 10:15:00-04:00,663.44,663.61,663.36,663.46,512585.0,663.48,3747
2025-09-22 10:20:00-04:00,663.47,663.77,663.46,663.7,556765.0,663.678,3988
2025-09-22 10:25:00-04:00,663.7,664.14,663.58,664.08,771998.0,663.884,4984
2025-09-22 10:30:00-04:00,664.07,664.14,663.89,664.1,471659.0,664.031,3189
2025-09-22 10:35:00-04:00,664.11,664.32,664.08,664.3,441537.0,664.222,2954
2025-09-22 10:40:00-04:00,664.3,664.6,664.29,664.54,747720.0,664.447,4271
2025-09-22 10:45:00-04:00,664.54,664.83,664.49,664.63,777177.0,664.679,4269
2025-09-22 10:50:00-04:00,664.64,665.02,664.64,664.86,765661.0,664.89,4819
2025-09-22 10:55:00-04:00,664.87,665.08,664.84,665.02,445352.0,664.969,2959
2025-09-22 11:00:00-04:00,665.01,665.32,664.9,664.92,770866.0,665.102,4939
2025-09-22 11:05:00-04:00,664.91,665.07,664.8,665.05,456048.0,664.928,3281
2025-09-22 11:10:00-04:00,665.05,665.11,664.74,664.82,629542.0,664.88,4105
2025-09-22 11:15:00-04:00,664.82,664.9,664.69,664.84,367389.0,664.788,2704
2025-09-22 11:20:00-04:00,664.84,665.13,664.8,664.95,483848.0,664.987,3244
2025-09-22 11:25:00-04:00,664.96,665.02,664.82,664.94,317339.0,664.922,2299
2025-09-22 11:30:00-04:00,664.94,665.04,664.65,664.68,514401.0,664.87,3810
2025-09-22 11:35:00-04:00,664.67,664.86,664.57,664.78,566316.0,664.713,3828
2025-09-22 11:40:00-04:00,664.78,664.85,664.64,664.68,303173.0,664.727,1976
2025-09-22 11:45:00-04:00,664.69,664.78,664.57,664.62,284882.0,664.655,1789
2025-09-22 11:50:00-04:00,664.62,664.77,664.52,664.59,267762.0,664.607,1941
2025-09-22 11:55:00-04:00,664.59,664.66,664.48,664.59,313931.0,664.566,2122
2025-09-22 12:00:00-04:00,664.58,664.86,664.56,664.81,568720.0,664.744,4007
2025-09-22 12:05:00-04:00,664.81,665.18,664.65,665.11,616009.0,664.964,3821
2025-09-22 12:10:00-04:00,665.1,665.36,665.04,665.33,835737.0,665.25,5583
2025-09-22 12:15:00-04:00,665.34,665.67,665.24,665.37,1012867.0,665.456,5923
2025-09-22 12:20:00-04:00,665.38,665.65,665.33,665.57,712944.0,665.535,4781
2025-09-22 12:25:00-04:00,665.57,665.93,665.49,665.85,665845.0,665.727,4580
2025-09-22 12:30:00-04:00,665.85,666.03,665.79,666.02,630754.0,665.891,4016
2025-09-22 12:35:00-04:00,666.02,666.19,665.91,666.19,567121.0,666.04,3492
2025-09-22 12:40:00-04:00,666.19,666.22,666.03,666.12,844778.0,666.139,5361
2025-09-22 12:45:00-04:00,666.11,666.27,666.05,666.19,394922.0,666.137,2907
2025-09-22 12:50:00-04:00,666.2,666.43,666.19,666.36,458686.0,666.322,3271
2025-09-22 12:55:00-04:00,666.37,666.5,666.3,666.41,560826.0,666.4,3509
2025-09-22 13:00:00-04:00,666.41,666.53,666.33,666.47,337142.0,666.423,2137
2025-09-22 13:05:00-04:00,666.46,666.46,666.27,666.35,374637.0,666.355,2729
2025-09-22 13:10:00-04:00,666.35,666.41,666.17,666.21,343917.0,666.31,2101
2025-09-22 13:15:00-04:00,666.21,666.42,666.11,666.15,380247.0,666.249,2152
2025-09-22 13:20:00-04:00,666.15,666.48,666.12,666.4,294896.0,666.345,1946
2025-09-22 13:25:00-04:00,666.39,666.53,666.33,666.51,304884.0,666.441,1859
2025-09-22 13:30:00-04:00,666.5,666.69,666.37,666.37,488478.0,666.539,3168
2025-09-22 13:35:00-04:00,666.36,666.6,666.27,666.59,362758.0,666.459,2267
2025-09-22 13:40:00-04:00,666.59,666.71,666.48,666.7,425333.0,666.59,2652
2025-09-22 13:45:00-04:00,666.7,666.78,666.58,666.68,349245.0,666.688,2290
2025-09-22 13:50:00-04:00,666.68,666.68,666.46,666.47,246067.0,666.577,1498
2025-09-22 13:55:00-04:00,666.47,666.52,666.29,666.36,373539.0,666.393,2254
2025-09-22 14:00:00-04:00,666.35,666.45,666.19,666.22,773875.0,666.336,4512
2025-09-22 14:05:00-04:00,666.21,666.3,666.03,666.18,592482.0,666.143,3696
2025-09-22 14:10:00-04:00,666.17,666.43,666.16,666.41,684177.0,666.283,3785
2025-09-22 14:15:00-04:00,666.4,666.62,666.35,666.52,542426.0,666.51,3350
2025-09-22 14:20:00-04:00,666.51,666.58,666.42,666.55,289053.0,666.495,1627
2025-09-22 14:25:00-04:00,666.55,666.62,666.48,666.57,324895.0,666.559,1817
2025-09-22 14:30:00-04:00,666.57,666.66,666.46,666.56,341873.0,666.58,1951
2025-09-22 14:35:00-04:00,666.55,666.79,666.54,666.76,422183.0,666.686,2404
2025-09-22 14:40:00-04:00,666.76,666.8,666.64,666.72,467080.0,666.712,2627
2025-09-22 14:45:00-04:00,666.73,666.77,666.62,666.64,217546.0,666.708,1502
2025-09-22 14:50:00-04:00,666.65,666.77,666.63,666.64,260175.0,666.69,1632
2025-09-22 14:55:00-04:00,666.63,666.82,666.61,666.77,364145.0,666.722,2133
2025-09-22 15:00:00-04:00,666.78,666.89,666.76,666.86,361650.0,666.838,2018
2025-09-22 15:05:00-04:00,666.87,667.0,666.79,666.95,429507.0,666.903,2584
2025-09-22 15:10:00-04:00,666.95,667.18,666.92,667.12,637651.0,667.084,4088
2025-09-22 15:15:00-04:00,667.12,667.24,666.94,667.07,417086.0,667.064,2693
2025-09-22 15:20:00-04:00,667.07,667.12,666.95,667.1,457814.0,667.055,3038
2025-09-22 15:25:00-04:00,667.1,667.23,667.06,667.14,350455.0,667.138,2484
2025-09-22 15:30:00-04:00,667.14,667.25,667.04,667.04,411650.0,667.146,2777
2025-09-22 15:35:00-04:00,667.05,667.05,666.81,667.0,852902.0,666.933,4837
2025-09-22 15:40:00-04:00,666.99,667.07,666.73,666.85,590572.0,666.839,3782
2025-09-22 15:45:00-04:00,666.85,667.13,666.79,667.11,1092660.0,666.98,6036
2025-09-22 15:50:00-04:00,667.11,667.29,666.97,667.07,1680351.0,667.136,9751
2025-09-22 15:55:00-04:00,667.07,667.27,666.71,666.75,3357991.0,667.021,18000
2025-09-23 09:30:00-04:00,666.71,667.18,666.61,667.05,1325522.0,666.861,8359
2025-09-23 09:35:00-04:00,667.05,667.28,666.86,667.08,879526.0,667.062,6377
2025-09-23 09:40:00-04:00,667.09,667.17,666.57,666.9,1200979.0,666.838,7680
2025-09-23 09:45:00-04:00,666.8,667.23,666.73,666.99,954590.0,666.998,7147
2025-09-23 09:50:00-04:00,666.99,667.34,666.84,667.01,950958.0,667.095,6824
2025-09-23 09:55:00-04:00,667.0,667.05,666.73,666.89,703655.0,666.874,5273
2025-09-23 10:00:00-04:00,666.9,667.06,666.46,666.68,859348.0,666.758,6086
2025-09-23 10:05:00-04:00,666.67,667.08,666.64,667.06,763001.0,666.888,5628
2025-09-23 10:10:00-04:00,667.05,667.25,666.87,667.06,702650.0,667.067,4746
2025-09-23 10:15:00-04:00,667.06,667.07,666.74,666.88,572337.0,666.897,4295
2025-09-23 10:20:00-04:00,666.88,666.92,666.43,666.46,639261.0,666.668,4455
2025-09-23 10:25:00-04:00,666.46,666.75,666.36,666.62,682401.0,666.585,4933
2025-09-23 10:30:00-04:00,666.63,666.69,666.31,666.32,552625.0,666.527,3781
2025-09-23 10:35:00-04:00,666.32,666.4,666.17,666.3,589063.0,666.296,4243
2025-09-23 10:40:00-04:00,666.3,666.63,666.27,666.35,560476.0,666.411,3862
2025-09-23 10:45:00-04:00,666.35,666.46,666.15,666.37,440932.0,666.32,2985
2025-09-23 10:50:00-04:00,666.39,666.63,666.31,666.63,354515.0,666.452,2595
2025-09-23 10:55:00-04:00,666.62,666.76,666.31,666.32,330225.0,666.543,2435
2025-09-23 11:00:00-04:00,666.31,666.36,666.1,666.25,464031.0,666.211,3352
2025-09-23 11:05:00-04:00,666.26,666.35,666.02,666.2,372495.0,666.187,2932
2025-09-23 11:10:00-04:00,666.2,666.46,666.13,666.36,398377.0,666.316,2928
2025-09-23 11:15:00-04:00,666.37,666.47,666.17,666.39,299723.0,666.322,2357
2025-09-23 11:20:00-04:00,666.4,666.43,666.19,666.42,239976.0,666.311,1992
2025-09-23 11:25:00-04:00,666.42,666.43,666.06,666.15,337004.0,666.191,2587
2025-09-23 11:30:00-04:00,666.15,666.24,665.96,666.02,357641.0,666.091,2761
2025-09-23 11:35:00-04:00,666.02,666.13,665.91,665.96,349379.0,666.009,2662
2025-09-23 11:40:00-04:00,665.96,665.98,665.55,665.87,518713.0,665.747,3683
2025-09-23 11:45:00-04:00,665.88,665.99,665.77,665.82,446391.0,665.875,2831
2025-09-23 11:50:00-04:00,665.82,665.87,665.64,665.69,347346.0,665.745,2465
2025-09-23 11:55:00-04:00,665.69,665.75,665.49,665.55,322665.0,665.622,2337
2025-09-23 12:00:00-04:00,665.56,665.66,665.45,665.51,392501.0,665.541,2969
2025-09-23 12:05:00-04:00,665.5,665.57,665.11,665.15,473108.0,665.325,3115
2025-09-23 12:10:00-04:00,665.16,665.26,664.97,665.24,728369.0,665.103,4603
2025-09-23 12:15:00-04:00,665.23,665.48,665.09,665.48,642484.0,665.297,4268
2025-09-23 12:20:00-04:00,665.48,665.69,665.43,665.47,587753.0,665.554,3925
2025-09-23 12:25:00-04:00,665.48,665.49,665.17,665.24,414258.0,665.342,2805
2025-09-23 12:30:00-04:00,665.24,665.46,665.07,665.41,325889.0,665.268,2184
2025-09-23 12:35:00-04:00,665.41,665.57,664.88,665.46,1087881.0,665.229,7363
2025-09-23 12:40:00-04:00,665.47,665.52,665.2,665.34,474335.0,665.357,3128
2025-09-23 12:45:00-04:00,665.33,665.83,665.31,665.75,554644.0,665.685,4028
2025-09-23 12:50:00-04:00,665.74,665.84,665.51,665.51,362481.0,665.696,2480
2025-09-23 12:55:00-04:00,665.51,665.51,665.01,665.16,426470.0,665.219,3053
2025-09-23 13:00:00-04:00,665.17,665.25,664.7,664.75,457712.0,664.943,2950
2025-09-23 13:05:00-04:00,664.74,665.13,664.74,665.1,396239.0,664.924,2729
2025-09-23 13:10:00-04:00,665.09,665.09,664.73,664.84,434684.0,664.909,2757
2025-09-23 13:15:00-04:00,664.84,664.85,664.61,664.63,439852.0,664.735,2659
2025-09-23 13:20:00-04:00,664.64,664.87,664.41,664.54,710606.0,664.6,4808
2025-09-23 13:25:00-04:00,664.52,664.59,663.69,663.71,1047244.0,664.029,7661
2025-09-23 13:30:00-04:00,663.7,663.85,663.42,663.49,877959.0,663.637,6804
2025-09-23 13:35:00-04:00,663.49,663.54,662.71,662.76,1499177.0,663.028,10315
2025-09-23 13:40:00-04:00,662.75,662.99,662.03,662.62,2096669.0,662.599,14629
2025-09-23 13:45:00-04:00,662.63,663.42,662.34,663.38,1231620.0,662.808,9309
2025-09-23 13:50:00-04:00,663.37,663.43,662.88,662.92,618135.0,663.147,4189
2025-09-23 13:55:00-04:00,662.92,663.37,662.83,663.23,552737.0,663.121,3719
2025-09-23 14:00:00-04:00,663.24,663.38,662.78,662.83,843517.0,663.007,5101
2025-09-23 14:05:00-04:00,662.84,663.07,662.67,662.86,580304.0,662.899,3939
2025-09-23 14:10:00-04:00,662.85,662.96,662.63,662.67,491165.0,662.759,3307
2025-09-23 14:15:00-04:00,662.66,662.75,662.3,662.37,577247.0,662.507,3628
2025-09-23 14:20:00-04:00,662.37,662.59,662.21,662.36,476989.0,662.385,3544
2025-09-23 14:25:00-04:00,662.36,662.93,662.36,662.68,595866.0,662.737,3440
2025-09-23 14:30:00-04:00,662.65,663.21,662.62,663.17,847142.0,663.013,4849
2025-09-23 14:35:00-04:00,663.17,663.32,662.61,662.65,535265.0,663.044,3140
2025-09-23 14:40:00-04:00,662.66,662.79,662.53,662.63,292149.0,662.673,1893
2025-09-23 14:45:00-04:00,662.63,662.88,662.52,662.55,423908.0,662.733,2757
2025-09-23 14:50:00-04:00,662.55,662.64,662.22,662.39,375886.0,662.442,2501
2025-09-23 14:55:00-04:00,662.39,662.51,661.98,662.11,876630.0,662.229,5526
2025-09-23 15:00:00-04:00,662.1,662.67,662.09,662.25,544585.0,662.452,3684
2025-09-23 15:05:00-04:00,662.24,662.42,662.12,662.23,429003.0,662.254,2851
2025-09-23 15:10:00-04:00,662.23,662.46,662.22,662.32,558818.0,662.347,3695
2025-09-23 15:15:00-04:00,662.33,662.81,662.28,662.77,644977.0,662.586,4266
2025-09-23 15:20:00-04:00,662.78,662.79,662.26,662.45,746596.0,662.448,4597
2025-09-23 15:25:00-04:00,662.46,662.49,662.18,662.37,542545.0,662.358,3597
2025-09-23 15:30:00-04:00,662.37,662.68,662.29,662.68,776348.0,662.479,4862
2025-09-23 15:35:00-04:00,662.68,662.77,662.52,662.74,802158.0,662.624,5113
2025-09-23 15:40:00-04:00,662.73,662.95,662.67,662.91,676574.0,662.821,4526
2025-09-23 15:45:00-04:00,662.91,663.17,662.68,662.93,1350356.0,662.951,8700
2025-09-23 15:50:00-04:00,662.93,663.54,662.83,663.39,2486302.0,663.23,14958
2025-09-23 15:55:00-04:00,663.4,663.42,662.86,663.25,3541867.0,663.132,19943
2025-09-24 09:30:00-04:00,664.5,664.61,663.81,664.13,1724721.0,664.188,11122
2025-09-24 09:35:00-04:00,664.13,664.18,663.54,663.61,1052908.0,663.831,8037
2025-09-24 09:40:00-04:00,663.62,663.88,663.4,663.57,988785.0,663.661,7295
2025-09-24 09:45:00-04:00,663.58,663.61,662.92,662.94,890413.0,663.393,6237
2025-09-24 09:50:00-04:00,662.95,663.12,662.42,662.71,962284.0,662.764,6059
2025-09-24 09:55:00-04:00,662.74,663.08,662.74,663.04,639865.0,662.877,4327
2025-09-24 10:00:00-04:00,663.05,663.45,662.65,663.38,934735.0,662.963,6638
2025-09-24 10:05:00-04:00,663.4,663.42,662.8,662.98,649881.0,663.044,4770
2025-09-24 10:10:00-04:00,662.96,663.3,662.84,663.26,506306.0,663.05,3469
2025-09-24 10:15:00-04:00,663.25,663.49,663.04,663.39,482922.0,663.304,3472
2025-09-24 10:20:00-04:00,663.38,663.43,663.0,663.1,571806.0,663.215,3580
2025-09-24 10:25:00-04:00,663.09,663.33,662.93,663.21,614459.0,663.149,4080
2025-09-24 10:30:00-04:00,663.19,663.43,662.81,662.92,508424.0,663.112,3674
2025-09-24 10:35:00-04:00,662.91,663.32,662.91,663.23,340446.0,663.189,2308
2025-09-24 10:40:00-04:00,663.23,663.28,662.98,663.26,393897.0,663.108,2354
2025-09-24 10:45:00-04:00,663.26,663.53,663.17,663.41,429710.0,663.354,3157
2025-09-24 10:50:00-04:00,663.43,663.66,663.07,663.12,599220.0,663.417,4103
2025-09-24 10:55:00-04:00,663.11,663.15,662.78,662.93,393323.0,662.99,2825
2025-09-24 11:00:00-04:00,662.92,663.13,662.74,662.82,330499.0,662.949,2424
2025-09-24 11:05:00-04:00,662.81,663.03,662.77,662.83,285816.0,662.906,2132
2025-09-24 11:10:00-04:00,662.82,662.84,662.4,662.43,437130.0,662.637,3115
2025-09-24 11:15:00-04:00,662.41,662.76,662.4,662.68,365218.0,662.573,2641
2025-09-24 11:20:00-04:00,662.67,662.98,662.64,662.89,325147.0,662.837,2304
2025-09-24 11:25:00-04:00,662.89,662.95,662.57,662.66,304678.0,662.715,2158
2025-09-24 11:30:00-04:00,662.65,662.69,662.12,662.17,398452.0,662.407,2892
2025-09-24 11:35:00-04:00,662.18,662.52,662.1,662.3,321913.0,662.288,2284
2025-09-24 11:40:00-04:00,662.29,662.35,662.06,662.14,301328.0,662.178,2199
2025-09-24 11:45:00-04:00,662.15,662.15,661.33,661.36,925474.0,661.688,5891
2025-09-24 11:50:00-04:00,661.36,661.51,660.94,661.22,1099101.0,661.231,6890
2025-09-24 11:55:00-04:00,661.24,661.27,660.26,660.39,1189518.0,660.663,7948
2025-09-24 12:00:00-04:00,660.39,660.68,660.11,660.49,1140642.0,660.397,7797
2025-09-24 12:05:00-04:00,660.48,660.62,659.96,660.05,938514.0,660.195,6214
2025-09-24 12:10:00-04:00,660.05,660.1,659.67,660.01,831174.0,659.918,5888
2025-09-24 12:15:00-04:00,660.0,660.33,659.68,660.27,780962.0,660.071,5394
2025-09-24 12:20:00-04:00,660.26,660.99,660.26,660.96,867618.0,660.661,6036
2025-09-24 12:25:00-04:00,660.95,661.12,660.51,660.91,664575.0,660.836,4580
2025-09-24 12:30:00-04:00,660.92,661.01,660.62,660.7,447496.0,660.823,3027
2025-09-24 12:35:00-04:00,660.69,660.94,660.67,660.92,246155.0,660.833,1776
2025-09-24 12:40:00-04:00,660.91,661.11,660.85,660.94,384671.0,660.981,2646
2025-09-24 12:45:00-04:00,660.97,660.97,660.61,660.74,329083.0,660.79,2303
2025-09-24 12:50:00-04:00,660.74,660.8,660.52,660.63,366251.0,660.631,2789
2025-09-24 12:55:00-04:00,660.62,660.71,660.4,660.52,275622.0,660.526,1835
2025-09-24 13:00:00-04:00,660.55,660.81,660.44,660.77,235805.0,660.657,1491
2025-09-24 13:05:00-04:00,660.75,661.18,660.61,661.17,317988.0,660.948,2244
2025-09-24 13:10:00-04:00,661.16,661.68,661.13,661.24,837375.0,661.435,5718
2025-09-24 13:15:00-04:00,661.23,661.33,661.11,661.12,314445.0,661.225,2072
2025-09-24 13:20:00-04:00,661.12,661.3,660.96,661.25,315716.0,661.074,2053
2025-09-24 13:25:00-04:00,661.25,661.42,661.04,661.37,350873.0,661.237,2144
2025-09-24 13:30:00-04:00,661.38,661.69,661.37,661.66,403386.0,661.542,2562
2025-09-24 13:35:00-04:00,661.65,661.8,661.08,661.11,523097.0,661.378,3532
2025-09-24 13:40:00-04:00,661.1,661.14,660.89,660.9,413218.0,661.029,2893
2025-09-24 13:45:00-04:00,660.89,660.95,660.39,660.53,744869.0,660.624,4760
2025-09-24 13:50:00-04:00,660.52,660.72,660.42,660.71,381815.0,660.549,2799
2025-09-24 13:55:00-04:00,660.71,660.83,660.5,660.57,341681.0,660.664,2208
2025-09-24 14:00:00-04:00,660.56,660.61,660.37,660.45,555962.0,660.477,3827
2025-09-24 14:05:00-04:00,660.45,660.59,660.28,660.35,721858.0,660.446,4391
2025-09-24 14:10:00-04:00,660.35,660.46,659.96,660.44,658809.0,660.19,4368
2025-09-24 14:15:00-04:00,660.44,660.68,660.4,660.67,327374.0,660.572,2168
2025-09-24 14:20:00-04:00,660.66,660.66,660.21,660.35,406087.0,660.4,2767
2025-09-24 14:25:00-04:00,660.36,660.45,660.18,660.38,311403.0,660.322,2383
2025-09-24 14:30:00-04:00,660.39,660.64,660.26,660.46,550061.0,660.46,3382
2025-09-24 14:35:00-04:00,660.45,660.89,660.43,660.76,462438.0,660.671,2898
2025-09-24 14:40:00-04:00,660.76,660.87,660.62,660.75,336282.0,660.738,2372
2025-09-24 14:45:00-04:00,660.75,660.92,660.46,660.61,412948.0,660.72,2734
2025-09-24 14:50:00-04:00,660.6,661.12,660.55,661.02,486727.0,660.882,3082
2025-09-24 14:55:00-04:00,661.02,661.15,660.94,661.11,435017.0,661.053,2704
2025-09-24 15:00:00-04:00,661.11,661.12,660.64,660.72,434637.0,660.834,2669
2025-09-24 15:05:00-04:00,660.72,660.86,660.61,660.66,288172.0,660.708,1875
2025-09-24 15:10:00-04:00,660.65,660.9,660.62,660.65,348557.0,660.771,2245
2025-09-24 15:15:00-04:00,660.65,660.9,660.57,660.83,426427.0,660.732,2748
2025-09-24 15:20:00-04:00,660.83,660.87,660.67,660.73,312855.0,660.75,2331
2025-09-24 15:25:00-04:00,660.73,660.8,660.62,660.8,442052.0,660.71,2785
2025-09-24 15:30:00-04:00,660.81,660.99,660.74,660.98,505299.0,660.863,3253
2025-09-24 15:35:00-04:00,660.98,660.99,660.59,660.8,688002.0,660.704,4389
2025-09-24 15:40:00-04:00,660.8,660.93,660.6,660.64,728411.0,660.752,4768
2025-09-24 15:45:00-04:00,660.65,661.02,660.48,660.95,953674.0,660.772,6163
2025-09-24 15:50:00-04:00,660.95,661.29,660.93,661.14,1524514.0,661.118,10107
2025-09-24 15:55:00-04:00,661.15,661.38,660.84,661.04,3088413.0,661.113,16410
2025-09-25 09:30:00-04:00,657.98,657.98,657.13,657.14,2417720.0,657.492,15594
2025-09-25 09:35:00-04:00,657.14,657.26,656.05,656.08,1698121.0,656.524,12216
2025-09-25 09:40:00-04:00,656.08,656.1,655.08,655.29,2030972.0,655.472,14778
2025-09-25 09:45:00-04:00,655.28,656.43,655.17,656.18,1971837.0,655.857,13339
2025-09-25 09:50:00-04:00,656.17,656.99,655.49,655.65,1740134.0,656.219,11228
2025-09-25 09:55:00-04:00,655.66,656.04,655.19,655.64,898370.0,655.643,5782
2025-09-25 10:00:00-04:00,655.64,657.07,655.55,657.0,1691486.0,656.383,10194
2025-09-25 10:05:00-04:00,656.99,657.93,656.93,657.87,1242581.0,657.427,7473
2025-09-25 10:10:00-04:00,657.87,658.27,657.61,657.99,1083186.0,657.97,6857
2025-09-25 10:15:00-04:00,658.01,658.63,658.0,658.43,1132370.0,658.365,7216
2025-09-25 10:20:00-04:00,658.42,659.15,658.28,659.03,851814.0,658.735,4950
2025-09-25 10:25:00-04:00,659.02,659.15,658.28,658.48,1134951.0,658.695,6878
2025-09-25 10:30:00-04:00,658.48,658.81,658.24,658.74,674349.0,658.548,3978
2025-09-25 10:35:00-04:00,658.73,658.93,658.36,658.88,541042.0,658.641,3437
2025-09-25 10:40:00-04:00,658.88,658.97,658.49,658.74,512648.0,658.75,3496
2025-09-25 10:45:00-04:00,658.74,659.1,658.38,659.08,468098.0,658.721,3032
2025-09-25 10:50:00-04:00,659.08,659.09,658.33,658.66,575073.0,658.589,3592
2025-09-25 10:55:00-04:00,658.67,659.1,658.66,658.79,552271.0,658.914,3222
2025-09-25 11:00:00-04:00,658.79,658.81,657.99,658.06,678409.0,658.334,4107
2025-09-25 11:05:00-04:00,658.07,658.23,657.32,657.6,733166.0,657.751,4256
2025-09-25 11:10:00-04:00,657.6,658.6,657.42,658.58,806680.0,658.085,4957
2025-09-25 11:15:00-04:00,658.58,658.68,658.23,658.39,388884.0,658.453,2965
2025-09-25 11:20:00-04:00,658.36,658.48,657.73,657.74,629616.0,658.116,4381
2025-09-25 11:25:00-04:00,657.74,657.77,657.19,657.46,717092.0,657.453,4724
2025-09-25 11:30:00-04:00,657.46,658.39,657.46,658.34,681391.0,657.852,4489
2025-09-25 11:35:00-04:00,658.36,658.9,658.28,658.9,655406.0,658.563,4381
2025-09-25 11:40:00-04:00,658.89,659.41,658.74,659.22,860052.0,659.093,5232
2025-09-25 11:45:00-04:00,659.2,659.33,659.04,659.23,587587.0,659.2,3916
2025-09-25 11:50:00-04:00,659.22,659.22,658.81,659.07,491798.0,659.008,3352
2025-09-25 11:55:00-04:00,659.08,659.19,658.72,658.95,316829.0,658.933,2111
2025-09-25 12:00:00-04:00,658.95,659.24,658.82,658.82,415187.0,659.006,2737
2025-09-25 12:05:00-04:00,658.82,659.1,658.74,658.84,369720.0,658.901,2625
2025-09-25 12:10:00-04:00,658.85,658.96,658.59,658.66,372490.0,658.769,2493
2025-09-25 12:15:00-04:00,658.67,659.1,658.59,658.61,374859.0,658.822,2483
2025-09-25 12:20:00-04:00,658.62,658.8,658.04,658.29,497050.0,658.345,3138
2025-09-25 12:25:00-04:00,658.28,658.44,657.93,658.01,384487.0,658.111,2642
2025-09-25 12:30:00-04:00,658.03,658.98,658.01,658.85,469743.0,658.629,3244
2025-09-25 12:35:00-04:00,658.85,658.85,658.47,658.48,271804.0,658.69,1711
2025-09-25 12:40:00-04:00,658.47,658.47,657.85,658.05,543568.0,658.157,3421
2025-09-25 12:45:00-04:00,658.06,658.4,657.83,657.87,357417.0,658.095,2588
2025-09-25 12:50:00-04:00,657.87,658.05,657.59,657.77,308477.0,657.813,2151
2025-09-25 12:55:00-04:00,657.79,658.05,657.76,657.84,389109.0,657.901,2537
2025-09-25 13:00:00-04:00,657.83,658.02,657.52,657.6,250318.0,657.73,1405
2025-09-25 13:05:00-04:00,657.59,658.26,657.54,658.06,257121.0,657.946,1588
2025-09-25 13:10:00-04:00,658.06,658.36,657.74,658.06,602627.0,658.151,3718
2025-09-25 13:15:00-04:00,658.05,658.22,657.58,657.69,418626.0,657.889,2653
2025-09-25 13:20:00-04:00,657.71,657.73,656.57,656.68,823850.0,656.963,5020
2025-09-25 13:25:00-04:00,656.69,657.47,656.65,657.3,590576.0,657.227,3762
2025-09-25 13:30:00-04:00,657.28,657.47,656.75,656.87,612179.0,657.028,3676
2025-09-25 13:35:00-04:00,656.87,656.93,656.43,656.71,493119.0,656.686,3570
2025-09-25 13:40:00-04:00,656.7,656.75,656.28,656.68,572654.0,656.542,3730
2025-09-25 13:45:00-04:00,656.68,656.73,656.13,656.15,370593.0,656.451,2446
2025-09-25 13:50:00-04:00,656.16,656.45,656.15,656.33,310103.0,656.294,2020
2025-09-25 13:55:00-04:00,656.32,656.44,655.51,655.59,658605.0,655.884,4261
2025-09-25 14:00:00-04:00,655.59,655.66,654.4,654.48,2043119.0,654.946,12519
2025-09-25 14:05:00-04:00,654.48,655.41,654.41,655.19,1381492.0,654.994,8925
2025-09-25 14:10:00-04:00,655.2,656.03,655.18,656.01,897729.0,655.653,5488
2025-09-25 14:15:00-04:00,656.02,656.78,655.98,656.72,939130.0,656.435,5587
2025-09-25 14:20:00-04:00,656.72,656.92,656.42,656.81,813625.0,656.696,4934
2025-09-25 14:25:00-04:00,656.78,657.15,656.74,656.99,496632.0,656.94,3302
2025-09-25 14:30:00-04:00,656.98,657.25,656.66,656.92,579734.0,656.946,3715
2025-09-25 14:35:00-04:00,656.92,657.4,656.76,657.36,717027.0,657.057,4571
2025-09-25 14:40:00-04:00,657.37,658.16,657.37,657.81,1045825.0,657.876,6585
2025-09-25 14:45:00-04:00,657.81,657.92,657.25,657.69,711062.0,657.5,4692
2025-09-25 14:50:00-04:00,657.69,657.86,657.51,657.83,449981.0,657.7,2976
2025-09-25 14:55:00-04:00,657.84,658.07,657.58,657.89,642237.0,657.879,4042
2025-09-25 15:00:00-04:00,657.88,658.02,657.6,657.77,412834.0,657.813,2723
2025-09-25 15:05:00-04:00,657.78,658.0,657.51,657.7,504709.0,657.753,2996
2025-09-25 15:10:00-04:00,657.7,657.97,657.44,657.57,499858.0,657.756,2844
2025-09-25 15:15:00-04:00,657.58,657.78,657.32,657.37,481670.0,657.549,3147
2025-09-25 15:20:00-04:00,657.36,657.63,657.05,657.1,647146.0,657.317,4013
2025-09-25 15:25:00-04:00,657.1,657.52,657.1,657.45,577412.0,657.333,3504
2025-09-25 15:30:00-04:00,657.45,657.86,657.3,657.4,715712.0,657.656,4473
2025-09-25 15:35:00-04:00,657.4,657.49,657.04,657.19,740498.0,657.232,4858
2025-09-25 15:40:00-04:00,657.19,657.5,657.05,657.47,660019.0,657.264,4429
2025-09-25 15:45:00-04:00,657.46,657.56,657.09,657.24,679043.0,657.255,4468
2025-09-25 15:50:00-04:00,657.25,658.15,657.18,657.82,1394317.0,657.633,9087
2025-09-25 15:55:00-04:00,657.81,658.26,657.48,657.95,2611827.0,657.855,15240
2025-09-26 09:30:00-04:00,659.51,660.89,658.92,660.76,1928780.0,659.794,13891
2025-09-26 09:35:00-04:00,660.76,661.04,660.44,660.92,1493336.0,660.791,10939
2025-09-26 09:40:00-04:00,660.91,661.69,660.59,661.03,1570425.0,661.137,10419
2025-09-26 09:45:00-04:00,661.02,661.81,660.41,661.61,1377572.0,661.27,9462
2025-09-26 09:50:00-04:00,661.61,661.9,661.14,661.4,1087041.0,661.453,7310
2025-09-26 09:55:00-04:00,661.41,661.8,661.15,661.79,700481.0,661.524,4340
2025-09-26 10:00:00-04:00,661.8,662.37,660.98,661.0,1177947.0,661.729,6731
2025-09-26 10:05:00-04:00,661.02,661.1,659.62,659.91,1420218.0,660.182,8884
2025-09-26 10:10:00-04:00,659.94,660.19,659.26,659.57,925109.0,659.676,5829
2025-09-26 10:15:00-04:00,659.57,659.73,659.06,659.58,875292.0,659.43,5497
2025-09-26 10:20:00-04:00,659.56,659.61,658.75,658.81,685972.0,659.167,4075
2025-09-26 10:25:00-04:00,658.82,658.88,657.88,658.78,1245063.0,658.264,7756
2025-09-26 10:30:00-04:00,658.79,658.79,658.18,658.27,661605.0,658.406,3915
2025-09-26 10:35:00-04:00,658.29,659.49,658.12,659.44,700249.0,658.748,4195
2025-09-26 10:40:00-04:00,659.43,659.96,659.3,659.51,712235.0,659.651,4637
2025-09-26 10:45:00-04:00,659.51,659.76,658.38,658.4,511844.0,659.015,3006
2025-09-26 10:50:00-04:00,658.39,658.91,658.15,658.72,504669.0,658.548,2843
2025-09-26 10:55:00-04:00,658.71,659.12,658.35,658.45,382533.0,658.782,2105
2025-09-26 11:00:00-04:00,658.44,659.05,658.26,658.73,445196.0,658.611,2692
2025-09-26 11:05:00-04:00,658.73,659.03,658.44,658.69,339403.0,658.777,2092
2025-09-26 11:10:00-04:00,658.68,658.86,658.22,658.24,349656.0,658.495,2155
2025-09-26 11:15:00-04:00,658.25,659.31,658.05,659.24,454174.0,658.649,2561
2025-09-26 11:20:00-04:00,659.24,659.31,658.68,659.0,372057.0,658.985,2328
2025-09-26 11:25:00-04:00,658.99,659.93,658.97,659.93,453683.0,659.596,2550
2025-09-26 11:30:00-04:00,659.92,660.06,659.51,659.8,578849.0,659.841,3200
2025-09-26 11:35:00-04:00,659.81,659.91,659.04,659.21,441721.0,659.44,2607
2025-09-26 11:40:00-04:00,659.21,659.71,659.05,659.46,443866.0,659.343,2649
2025-09-26 11:45:00-04:00,659.45,659.66,659.18,659.65,253265.0,659.409,1488
2025-09-26 11:50:00-04:00,659.65,659.65,658.93,659.18,432317.0,659.2,2607
2025-09-26 11:55:00-04:00,659.21,659.29,658.63,658.67,238022.0,658.996,1477
2025-09-26 12:00:00-04:00,658.68,658.88,658.5,658.79,404992.0,658.684,2508
2025-09-26 12:05:00-04:00,658.82,659.11,658.69,658.84,239506.0,658.864,1555
2025-09-26 12:10:00-04:00,658.82,659.18,658.65,659.11,211362.0,658.903,1330
2025-09-26 12:15:00-04:00,659.1,659.5,658.97,659.49,327125.0,659.206,1879
2025-09-26 12:20:00-04:00,659.49,660.56,659.46,660.53,624150.0,660.103,4008
2025-09-26 12:25:00-04:00,660.56,660.76,660.14,660.45,552717.0,660.517,3390
2025-09-26 12:30:00-04:00,660.45,660.71,660.07,660.37,468558.0,660.424,2956
2025-09-26 12:35:00-04:00,660.38,660.7,660.19,660.51,307600.0,660.474,1759
2025-09-26 12:40:00-04:00,660.51,660.95,660.4,660.84,323848.0,660.714,1948
2025-09-26 12:45:00-04:00,660.84,660.97,660.54,660.83,356491.0,660.775,2258
2025-09-26 12:50:00-04:00,660.83,661.1,660.73,660.97,253195.0,660.921,1535
2025-09-26 12:55:00-04:00,660.95,661.5,660.81,661.33,562364.0,661.23,3024
2025-09-26 13:00:00-04:00,661.33,661.42,661.15,661.16,524948.0,661.285,3108
2025-09-26 13:05:00-04:00,661.18,661.45,661.14,661.4,280943.0,661.291,1741
2025-09-26 13:10:00-04:00,661.39,661.69,661.38,661.59,304963.0,661.55,1821
2025-09-26 13:15:00-04:00,661.59,661.64,661.36,661.41,268733.0,661.476,1734
2025-09-26 13:20:00-04:00,661.41,661.6,661.19,661.6,374782.0,661.352,2319
2025-09-26 13:25:00-04:00,661.61,661.74,661.49,661.63,270547.0,661.623,1843
2025-09-26 13:30:00-04:00,661.63,661.67,661.37,661.54,345160.0,661.55,1786
2025-09-26 13:35:00-04:00,661.54,661.76,661.39,661.45,393977.0,661.54,2475
2025-09-26 13:40:00-04:00,661.46,661.73,661.34,661.52,359361.0,661.527,2194
2025-09-26 13:45:00-04:00,661.55,661.55,661.25,661.29,252155.0,661.373,1501
2025-09-26 13:50:00-04:00,661.27,661.31,660.91,660.98,287270.0,661.167,1826
2025-09-26 13:55:00-04:00,661.0,661.37,660.76,661.37,395466.0,661.08,2392
2025-09-26 14:00:00-04:00,661.35,661.61,661.26,661.42,478879.0,661.51,2605
2025-09-26 14:05:00-04:00,661.42,661.44,660.88,660.89,458541.0,661.1,2351
2025-09-26 14:10:00-04:00,660.89,661.34,660.85,661.33,377838.0,661.031,2221
2025-09-26 14:15:00-04:00,661.31,661.66,661.31,661.45,260444.0,661.532,1411
2025-09-26 14:20:00-04:00,661.47,661.8,661.32,661.78,435355.0,661.53,2372
2025-09-26 14:25:00-04:00,661.78,662.02,661.56,661.73,560112.0,661.827,3245
2025-09-26 14:30:00-04:00,661.74,661.92,661.7,661.77,238426.0,661.794,1533
2025-09-26 14:35:00-04:00,661.78,662.08,661.76,662.01,317867.0,661.942,1973
2025-09-26 14:40:00-04:00,662.01,662.14,661.86,661.88,299044.0,661.984,1888
2025-09-26 14:45:00-04:00,661.88,661.96,661.47,661.87,751680.0,661.71,4886
2025-09-26 14:50:00-04:00,661.88,661.89,661.62,661.72,324860.0,661.763,2015
2025-09-26 14:55:00-04:00,661.72,662.0,661.7,661.92,287750.0,661.893,1774
2025-09-26 15:00:00-04:00,661.92,662.01,661.73,661.85,243308.0,661.899,1689
2025-09-26 15:05:00-04:00,661.85,661.92,661.51,661.53,371700.0,661.694,2092
2025-09-26 15:10:00-04:00,661.53,661.71,661.42,661.49,290264.0,661.568,1659
2025-09-26 15:15:00-04:00,661.49,661.76,661.3,661.68,366195.0,661.535,2247
2025-09-26 15:20:00-04:00,661.68,661.86,661.57,661.74,293215.0,661.723,1938
2025-09-26 15:25:00-04:00,661.75,661.88,661.59,661.6,319354.0,661.736,1968
2025-09-26 15:30:00-04:00,661.6,661.61,661.37,661.46,385415.0,661.488,2625
2025-09-26 15:35:00-04:00,661.47,661.67,661.4,661.63,419185.0,661.524,2725
2025-09-26 15:40:00-04:00,661.64,661.69,661.39,661.44,606050.0,661.571,3671
2025-09-26 15:45:00-04:00,661.44,661.77,661.32,661.74,744066.0,661.478,4601
2025-09-26 15:50:00-04:00,661.74,661.86,661.15,661.81,1241487.0,661.427,7360
2025-09-26 15:55:00-04:00,661.82,661.95,661.42,661.73,3144717.0,661.766,15440
2025-09-29 09:30:00-04:00,664.36,664.76,664.14,664.29,1631374.0,664.398,10063
2025-09-29 09:35:00-04:00,664.29,664.45,663.91,663.95,1064034.0,664.194,7833
2025-09-29 09:40:00-04:00,663.94,664.47,663.72,664.41,1145918.0,664.053,8388
2025-09-29 09:45:00-04:00,664.41,664.75,664.35,664.64,990423.0,664.557,7524
2025-09-29 09:50:00-04:00,664.64,664.69,664.09,664.63,903741.0,664.457,6672
2025-09-29 09:55:00-04:00,664.65,664.73,664.27,664.52,724828.0,664.529,5506
2025-09-29 10:00:00-04:00,664.53,664.83,664.07,664.18,1041600.0,664.429,7223
2025-09-29 10:05:00-04:00,664.19,665.28,664.05,665.09,855855.0,664.675,6118
2025-09-29 10:10:00-04:00,665.09,665.11,664.43,664.67,734710.0,664.756,4982
2025-09-29 10:15:00-04:00,664.69,664.79,664.17,664.17,588991.0,664.472,4444
2025-09-29 10:20:00-04:00,664.18,664.89,663.99,664.84,592129.0,664.451,3824
2025-09-29 10:25:00-04:00,664.84,664.98,664.71,664.76,435786.0,664.847,3119
2025-09-29 10:30:00-04:00,664.76,664.89,664.58,664.86,538334.0,664.742,3375
2025-09-29 10:35:00-04:00,664.87,664.93,664.54,664.79,509931.0,664.727,3345
2025-09-29 10:40:00-04:00,664.78,665.07,664.73,665.0,382081.0,664.92,2731
2025-09-29 10:45:00-04:00,665.0,665.17,664.84,664.91,396664.0,665.029,2767
2025-09-29 10:50:00-04:00,664.91,664.97,664.57,664.65,423798.0,664.766,2928
2025-09-29 10:55:00-04:00,664.65,664.7,664.29,664.46,513062.0,664.438,3549
2025-09-29 11:00:00-04:00,664.45,664.66,664.37,664.54,391773.0,664.521,2868
2025-09-29 11:05:00-04:00,664.55,664.59,664.23,664.26,351948.0,664.413,2514
2025-09-29 11:10:00-04:00,664.26,664.3,663.72,663.78,674754.0,663.923,4428
2025-09-29 11:15:00-04:00,663.78,663.78,663.21,663.62,1168572.0,663.514,7679
2025-09-29 11:20:00-04:00,663.61,664.01,663.43,663.62,816389.0,663.737,5525
2025-09-29 11:25:00-04:00,663.63,663.83,663.48,663.53,433813.0,663.63,3328
2025-09-29 11:30:00-04:00,663.54,663.66,663.27,663.4,649659.0,663.435,4699
2025-09-29 11:35:00-04:00,663.4,663.49,662.99,663.41,496037.0,663.273,3689
2025-09-29 11:40:00-04:00,663.41,663.56,663.19,663.53,321485.0,663.403,2350
2025-09-29 11:45:00-04:00,663.54,663.57,663.18,663.22,259034.0,663.364,1842
2025-09-29 11:50:00-04:00,663.22,663.25,662.84,663.17,606658.0,663.026,4247
2025-09-29 11:55:00-04:00,663.19,663.36,662.9,663.31,822982.0,663.18,5251
2025-09-29 12:00:00-04:00,663.31,663.49,662.93,663.03,536664.0,663.22,3481
2025-09-29 12:05:00-04:00,663.03,663.29,662.94,663.28,336048.0,663.081,2140
2025-09-29 12:10:00-04:00,663.29,663.79,663.27,663.72,460580.0,663.521,3034
2025-09-29 12:15:00-04:00,663.73,663.8,663.04,663.48,428522.0,663.451,2601
2025-09-29 12:20:00-04:00,663.48,663.7,663.3,663.67,280654.0,663.565,1724
2025-09-29 12:25:00-04:00,663.66,663.7,663.42,663.47,226570.0,663.55,1723
2025-09-29 12:30:00-04:00,663.48,663.7,663.47,663.6,173775.0,663.605,1305
2025-09-29 12:35:00-04:00,663.6,663.61,663.31,663.38,188049.0,663.42,1108
2025-09-29 12:40:00-04:00,663.4,663.61,663.07,663.09,311266.0,663.374,1794
2025-09-29 12:45:00-04:00,663.09,663.27,663.0,663.17,324806.0,663.113,2446
2025-09-29 12:50:00-04:00,663.15,663.19,662.86,662.89,254614.0,662.995,1686
2025-09-29 12:55:00-04:00,662.9,663.12,662.85,663.04,228926.0,662.958,1572
2025-09-29 13:00:00-04:00,663.05,663.09,662.42,662.57,670236.0,662.676,4143
2025-09-29 13:05:00-04:00,662.57,662.81,662.54,662.69,332733.0,662.671,2540
2025-09-29 13:10:00-04:00,662.7,662.83,662.49,662.55,328832.0,662.658,2166
2025-09-29 13:15:00-04:00,662.55,662.82,662.4,662.7,403332.0,662.646,2914
2025-09-29 13:20:00-04:00,662.7,662.7,662.45,662.57,269184.0,662.568,1717
2025-09-29 13:25:00-04:00,662.57,662.74,662.48,662.56,386146.0,662.603,2673
2025-09-29 13:30:00-04:00,662.57,662.62,662.19,662.45,631124.0,662.408,4113
2025-09-29 13:35:00-04:00,662.44,662.54,662.33,662.51,295032.0,662.444,2101
2025-09-29 13:40:00-04:00,662.51,662.7,662.5,662.57,401891.0,662.608,2831
2025-09-29 13:45:00-04:00,662.55,662.77,662.52,662.6,312046.0,662.642,2274
2025-09-29 13:50:00-04:00,662.61,663.09,662.6,663.04,587962.0,662.917,3489
2025-09-29 13:55:00-04:00,663.04,663.05,662.84,662.94,435117.0,662.951,2866
2025-09-29 14:00:00-04:00,662.94,663.21,662.9,663.13,478701.0,663.047,3388
2025-09-29 14:05:00-04:00,663.13,663.24,662.95,662.97,348674.0,663.097,2249
2025-09-29 14:10:00-04:00,662.97,663.32,662.91,663.26,524298.0,663.109,2995
2025-09-29 14:15:00-04:00,663.25,663.37,663.15,663.3,270109.0,663.282,1862
2025-09-29 14:20:00-04:00,663.29,663.46,663.23,663.46,351336.0,663.369,2264
2025-09-29 14:25:00-04:00,663.46,663.6,663.38,663.46,541680.0,663.49,2644
2025-09-29 14:30:00-04:00,663.47,663.58,663.42,663.44,317266.0,663.502,1904
2025-09-29 14:35:00-04:00,663.44,663.48,663.2,663.22,577970.0,663.337,3009
2025-09-29 14:40:00-04:00,663.23,663.3,663.06,663.25,431436.0,663.205,2487
2025-09-29 14:45:00-04:00,663.25,663.48,663.25,663.37,381579.0,663.367,2435
2025-09-29 14:50:00-04:00,663.37,663.38,663.2,663.26,351083.0,663.286,2011
2025-09-29 14:55:00-04:00,663.25,663.4,663.2,663.35,411565.0,663.293,2615
2025-09-29 15:00:00-04:00,663.35,663.35,662.97,663.15,599297.0,663.147,3534
2025-09-29 15:05:00-04:00,663.16,663.18,662.53,662.68,874786.0,662.819,5461
2025-09-29 15:10:00-04:00,662.68,662.91,662.41,662.51,720611.0,662.655,4248
2025-09-29 15:15:00-04:00,662.51,662.52,661.86,662.31,1776408.0,662.097,11313
2025-09-29 15:20:00-04:00,662.3,662.65,662.27,662.56,732229.0,662.47,4082
2025-09-29 15:25:00-04:00,662.55,662.84,662.52,662.64,697380.0,662.713,4227
2025-09-29 15:30:00-04:00,662.64,662.96,662.61,662.94,630415.0,662.767,4173
2025-09-29 15:35:00-04:00,662.95,663.19,662.91,663.14,946588.0,663.062,5389
2025-09-29 15:40:00-04:00,663.14,663.43,663.09,663.26,933471.0,663.27,6012
2025-09-29 15:45:00-04:00,663.26,663.66,663.26,663.56,1470028.0,663.47,8553
2025-09-29 15:50:00-04:00,663.56,663.76,663.15,663.17,2086295.0,663.466,12580
2025-09-29 15:55:00-04:00,663.16,663.67,663.02,663.6,3515638.0,663.298,19002
2025-09-30 09:30:00-04:00,662.92,663.21,662.39,662.45,1398940.0,662.87,9178
2025-09-30 09:35:00-04:00,662.47,662.72,662.22,662.44,846885.0,662.457,5975
2025-09-30 09:40:00-04:00,662.44,663.09,662.4,663.07,826593.0,662.693,5821
2025-09-30 09:45:00-04:00,663.08,663.28,662.47,662.71,862030.0,662.968,5958
2025-09-30 09:50:00-04:00,662.7,662.77,662.09,662.17,855231.0,662.453,5811
2025-09-30 09:55:00-04:00,662.16,663.13,661.96,663.08,678739.0,662.534,3946
2025-09-30 10:00:00-04:00,663.05,663.56,663.01,663.23,884531.0,663.329,5876
2025-09-30 10:05:00-04:00,663.25,663.28,662.4,662.46,881137.0,662.71,5911
2025-09-30 10:10:00-04:00,662.43,662.78,662.23,662.69,717078.0,662.501,5007
2025-09-30 10:15:00-04:00,662.68,663.37,662.65,662.95,556115.0,663.04,3918
2025-09-30 10:20:00-04:00,662.96,663.36,662.73,662.86,383704.0,663.072,2708
2025-09-30 10:25:00-04:00,662.85,663.0,662.63,662.86,446678.0,662.814,3087
2025-09-30 10:30:00-04:00,662.85,663.28,662.51,662.61,615016.0,662.927,4036
2025-09-30 10:35:00-04:00,662.64,662.8,661.72,661.79,726485.0,662.16,4876
2025-09-30 10:40:00-04:00,661.77,662.45,661.69,662.37,583785.0,662.068,4062
2025-09-30 10:45:00-04:00,662.36,663.29,662.36,663.15,674848.0,662.915,4278
2025-09-30 10:50:00-04:00,663.14,663.21,662.74,662.85,445532.0,662.985,2946
2025-09-30 10:55:00-04:00,662.84,663.38,662.82,663.22,491615.0,663.099,3562
2025-09-30 11:00:00-04:00,663.22,663.63,663.13,663.5,462497.0,663.376,2870
2025-09-30 11:05:00-04:00,663.5,663.62,663.14,663.41,321446.0,663.374,2080
2025-09-30 11:10:00-04:00,663.42,663.47,662.83,662.86,318546.0,663.165,2100
2025-09-30 11:15:00-04:00,662.85,662.95,662.38,662.5,330810.0,662.681,2349
2025-09-30 11:20:00-04:00,662.48,662.62,662.12,662.37,739653.0,662.393,5324
2025-09-30 11:25:00-04:00,662.38,662.44,661.61,662.23,660209.0,662.049,4908
2025-09-30 11:30:00-04:00,662.23,662.68,662.15,662.58,586678.0,662.438,4414
2025-09-30 11:35:00-04:00,662.59,662.6,661.98,662.0,509868.0,662.21,3427
2025-09-30 11:40:00-04:00,662.02,662.2,661.89,662.06,395965.0,662.028,2853
2025-09-30 11:45:00-04:00,662.07,662.72,662.01,662.7,298715.0,662.298,2112
2025-09-30 11:50:00-04:00,662.7,662.99,662.56,662.89,418021.0,662.787,2914
2025-09-30 11:55:00-04:00,662.88,663.16,662.5,663.0,355837.0,662.889,2665
2025-09-30 12:00:00-04:00,662.99,663.16,662.82,662.85,267659.0,662.961,1990
2025-09-30 12:05:00-04:00,662.86,663.1,662.59,662.82,318378.0,662.831,2121
2025-09-30 12:10:00-04:00,662.81,662.86,662.6,662.8,212856.0,662.711,1610
2025-09-30 12:15:00-04:00,662.8,663.28,662.72,663.27,213845.0,662.981,1527
2025-09-30 12:20:00-04:00,663.27,664.06,663.26,663.43,771648.0,663.697,5173
2025-09-30 12:25:00-04:00,663.44,663.58,663.2,663.41,262082.0,663.412,1785
2025-09-30 12:30:00-04:00,663.41,663.65,663.36,663.39,218267.0,663.496,1459
2025-09-30 12:35:00-04:00,663.4,663.56,663.27,663.46,228598.0,663.424,1375
2025-09-30 12:40:00-04:00,663.47,663.67,663.26,663.67,203586.0,663.428,1444
2025-09-30 12:45:00-04:00,663.64,663.67,663.07,663.21,313805.0,663.308,1934
2025-09-30 12:50:00-04:00,663.22,663.37,662.98,663.07,262627.0,663.188,1725
2025-09-30 12:55:00-04:00,663.08,663.15,662.61,662.82,351958.0,662.842,2477
2025-09-30 13:00:00-04:00,662.81,662.91,662.57,662.63,339023.0,662.739,2442
2025-09-30 13:05:00-04:00,662.62,662.78,662.49,662.63,241678.0,662.63,1813
2025-09-30 13:10:00-04:00,662.64,662.69,662.09,662.41,475177.0,662.324,3391
2025-09-30 13:15:00-04:00,662.4,662.6,662.27,662.46,381795.0,662.411,2637
2025-09-30 13:20:00-04:00,662.45,662.46,661.98,662.03,417767.0,662.202,2737
2025-09-30 13:25:00-04:00,662.03,662.2,661.78,662.13,596235.0,661.99,4218
2025-09-30 13:30:00-04:00,662.12,662.2,661.81,662.17,545766.0,662.021,4337
2025-09-30 13:35:00-04:00,662.17,662.33,661.86,662.1,342467.0,662.134,2667
2025-09-30 13:40:00-04:00,662.1,662.39,662.08,662.22,307469.0,662.264,2401
2025-09-30 13:45:00-04:00,662.21,662.71,662.2,662.71,272285.0,662.497,2202
2025-09-30 13:50:00-04:00,662.71,663.09,662.71,663.02,575110.0,662.947,3544
2025-09-30 13:55:00-04:00,663.03,663.07,662.39,662.53,309787.0,662.709,2066
2025-09-30 14:00:00-04:00,662.51,662.68,662.42,662.58,320811.0,662.566,1928
2025-09-30 14:05:00-04:00,662.57,663.23,662.56,663.18,628147.0,662.855,3983
2025-09-30 14:10:00-04:00,663.18,663.79,663.17,663.69,891056.0,663.608,5758
2025-09-30 14:15:00-04:00,663.7,664.02,663.46,663.68,930104.0,663.738,5850
2025-09-30 14:20:00-04:00,663.68,663.92,663.5,663.82,514488.0,663.737,3581
2025-09-30 14:25:00-04:00,663.81,664.03,663.76,663.88,380261.0,663.886,2904
2025-09-30 14:30:00-04:00,663.87,663.98,663.6,663.75,297614.0,663.813,2352
2025-09-30 14:35:00-04:00,663.74,664.02,663.69,663.97,352805.0,663.906,2560
2025-09-30 14:40:00-04:00,663.97,664.33,663.93,664.28,544676.0,664.178,3855
2025-09-30 14:45:00-04:00,664.27,664.58,664.16,664.55,536785.0,664.384,3719
2025-09-30 14:50:00-04:00,664.55,664.63,664.32,664.44,440159.0,664.474,3127
2025-09-30 14:55:00-04:00,664.43,664.62,664.33,664.42,499257.0,664.509,3310
2025-09-30 15:00:00-04:00,664.42,664.78,664.4,664.47,590589.0,664.568,4374
2025-09-30 15:05:00-04:00,664.46,664.83,664.36,664.72,654457.0,664.623,4336
2025-09-30 15:10:00-04:00,664.72,664.86,664.62,664.64,593525.0,664.725,4037
2025-09-30 15:15:00-04:00,664.64,664.79,664.47,664.79,601899.0,664.672,3899
2025-09-30 15:20:00-04:00,664.79,665.27,664.78,665.2,928728.0,665.068,6281
2025-09-30 15:25:00-04:00,665.2,665.51,665.15,665.37,1097610.0,665.345,7549
2025-09-30 15:30:00-04:00,665.38,665.72,665.34,665.5,700492.0,665.511,5164
2025-09-30 15:35:00-04:00,665.5,665.59,665.26,665.41,1052744.0,665.423,6837
2025-09-30 15:40:00-04:00,665.4,665.41,664.85,665.01,1273050.0,665.045,8417
2025-09-30 15:45:00-04:00,665.01,665.98,664.99,665.95,2307896.0,665.548,15291
2025-09-30 15:50:00-04:00,665.95,666.61,665.51,666.41,3639620.0,666.21,20813
2025-09-30 15:55:00-04:00,666.4,666.65,665.97,665.99,7212436.0,666.372,33279
2025-10-01 09:30:00-04:00,663.16,664.79,663.12,664.51,2391425.0,663.89,14972
2025-10-01 09:35:00-04:00,664.51,665.16,664.21,665.13,1348597.0,664.711,9171
2025-10-01 09:40:00-04:00,665.13,665.39,664.77,665.26,1225609.0,665.124,8171
2025-10-01 09:45:00-04:00,665.25,665.3,663.26,663.28,1480989.0,664.278,9400
2025-10-01 09:50:00-04:00,663.27,663.95,663.06,663.88,1260463.0,663.52,7575
2025-10-01 09:55:00-04:00,663.87,664.47,663.55,663.78,1280747.0,663.983,7356
2025-10-01 10:00:00-04:00,663.74,664.57,663.41,664.52,878734.0,664.087,4854
2025-10-01 10:05:00-04:00,664.52,664.59,664.08,664.34,677453.0,664.334,3929
2025-10-01 10:10:00-04:00,664.35,664.73,664.32,664.64,492180.0,664.548,3368
2025-10-01 10:15:00-04:00,664.66,665.21,664.61,665.16,629607.0,664.864,3860
2025-10-01 10:20:00-04:00,665.16,665.59,665.12,665.3,896153.0,665.357,5450
2025-10-01 10:25:00-04:00,665.3,665.71,665.3,665.53,609132.0,665.53,4194
2025-10-01 10:30:00-04:00,665.53,665.74,665.32,665.73,668875.0,665.514,4194
2025-10-01 10:35:00-04:00,665.73,666.06,665.64,665.66,644264.0,665.833,4111
2025-10-01 10:40:00-04:00,665.68,665.71,665.26,665.48,744972.0,665.454,4518
2025-10-01 10:45:00-04:00,665.48,665.66,665.29,665.38,719400.0,665.431,4237
2025-10-01 10:50:00-04:00,665.37,665.76,665.36,665.67,359012.0,665.576,2291
2025-10-01 10:55:00-04:00,665.68,665.84,665.63,665.81,400475.0,665.733,2809
2025-10-01 11:00:00-04:00,665.81,666.27,665.76,665.94,649761.0,666.071,3935
2025-10-01 11:05:00-04:00,665.93,666.26,665.75,666.12,443818.0,666.014,2883
2025-10-01 11:10:00-04:00,666.12,666.17,665.77,666.1,559550.0,665.979,3220
2025-10-01 11:15:00-04:00,666.12,666.15,665.8,665.84,395109.0,665.956,2502
2025-10-01 11:20:00-04:00,665.84,666.2,665.78,666.17,455402.0,665.987,2662
2025-10-01 11:25:00-04:00,666.16,666.44,666.04,666.31,408142.0,666.277,2634
2025-10-01 11:30:00-04:00,666.31,666.72,666.31,666.58,511157.0,666.582,3306
2025-10-01 11:35:00-04:00,666.58,666.98,666.47,666.87,650417.0,666.762,3882
2025-10-01 11:40:00-04:00,666.87,667.01,666.75,666.94,450068.0,666.876,2808
2025-10-01 11:45:00-04:00,666.95,667.18,666.89,667.02,498996.0,667.068,3434
2025-10-01 11:50:00-04:00,667.01,667.12,666.98,667.03,479269.0,667.065,3228
2025-10-01 11:55:00-04:00,667.03,667.12,666.97,666.98,429241.0,667.056,2603
2025-10-01 12:00:00-04:00,666.99,667.16,666.81,666.84,427113.0,667.028,2543
2025-10-01 12:05:00-04:00,666.84,667.07,666.82,667.04,266549.0,666.995,1802
2025-10-01 12:10:00-04:00,667.05,667.16,666.96,666.98,278044.0,667.048,1944
2025-10-01 12:15:00-04:00,666.99,667.13,666.79,666.8,360194.0,666.993,2257
2025-10-01 12:20:00-04:00,666.8,666.84,666.61,666.71,333617.0,666.7,2102
2025-10-01 12:25:00-04:00,666.72,666.98,666.68,666.9,230839.0,666.878,1518
2025-10-01 12:30:00-04:00,666.9,667.03,666.86,667.02,204165.0,666.961,1498
2025-10-01 12:35:00-04:00,667.02,667.04,666.82,666.87,278557.0,666.948,2051
2025-10-01 12:40:00-04:00,666.87,666.93,666.61,666.63,335050.0,666.767,2175
2025-10-01 12:45:00-04:00,666.63,666.85,666.54,666.7,343667.0,666.683,2485
2025-10-01 12:50:00-04:00,666.7,666.8,666.53,666.55,226490.0,666.672,1709
2025-10-01 12:55:00-04:00,666.56,666.96,666.43,666.91,378704.0,666.695,2572
2025-10-01 13:00:00-04:00,666.92,667.3,666.82,667.27,352073.0,667.068,2348
2025-10-01 13:05:00-04:00,667.27,667.52,667.26,667.29,630217.0,667.408,3901
2025-10-01 13:10:00-04:00,667.3,667.5,667.17,667.37,436153.0,667.353,2669
2025-10-01 13:15:00-04:00,667.37,667.88,667.36,667.7,645277.0,667.718,4197
2025-10-01 13:20:00-04:00,667.7,667.83,667.62,667.83,345644.0,667.728,2116
2025-10-01 13:25:00-04:00,667.83,668.09,667.78,667.97,442666.0,667.959,2754
2025-10-01 13:30:00-04:00,667.98,668.04,667.72,667.9,434952.0,667.866,2730
2025-10-01 13:35:00-04:00,667.9,667.93,667.78,667.83,247523.0,667.847,1708
2025-10-01 13:40:00-04:00,667.83,667.92,667.61,667.81,251155.0,667.782,1498
2025-10-01 13:45:00-04:00,667.8,667.87,667.6,667.81,231563.0,667.74,1596
2025-10-01 13:50:00-04:00,667.81,667.93,667.76,667.83,204252.0,667.837,1449
2025-10-01 13:55:00-04:00,667.83,667.98,667.79,667.96,271150.0,667.928,1748
2025-10-01 14:00:00-04:00,667.95,668.42,667.89,668.23,756427.0,668.183,4723
2025-10-01 14:05:00-04:00,668.23,668.5,668.22,668.48,418806.0,668.338,2696
2025-10-01 14:10:00-04:00,668.48,668.7,668.33,668.6,402702.0,668.523,2569
2025-10-01 14:15:00-04:00,668.6,668.8,668.58,668.79,490683.0,668.728,3063
2025-10-01 14:20:00-04:00,668.79,668.85,668.52,668.74,427914.0,668.651,2721
2025-10-01 14:25:00-04:00,668.74,668.94,668.7,668.77,351904.0,668.799,2630
2025-10-01 14:30:00-04:00,668.77,668.94,668.73,668.93,400689.0,668.821,2261
2025-10-01 14:35:00-04:00,668.94,669.09,668.85,669.02,296573.0,668.966,1838
2025-10-01 14:40:00-04:00,669.01,669.24,668.96,669.15,467371.0,669.125,2850
2025-10-01 14:45:00-04:00,669.15,669.33,669.1,669.29,372911.0,669.197,2353
2025-10-01 14:50:00-04:00,669.28,669.35,669.13,669.15,403921.0,669.237,2522
2025-10-01 14:55:00-04:00,669.15,669.21,669.01,669.13,402725.0,669.103,2508
2025-10-01 15:00:00-04:00,669.13,669.35,669.1,669.34,399939.0,669.231,2691
2025-10-01 15:05:00-04:00,669.35,669.37,669.13,669.16,424790.0,669.259,2848
2025-10-01 15:10:00-04:00,669.17,669.21,668.88,669.1,536472.0,669.054,3294
2025-10-01 15:15:00-04:00,669.11,669.16,668.85,668.88,486884.0,669.045,2971
2025-10-01 15:20:00-04:00,668.88,668.96,668.75,668.79,680299.0,668.851,3972
2025-10-01 15:25:00-04:00,668.79,669.15,668.72,669.13,510530.0,668.9,3483
2025-10-01 15:30:00-04:00,669.12,669.26,668.96,669.22,544007.0,669.098,3740
2025-10-01 15:35:00-04:00,669.23,669.23,668.99,669.03,869141.0,669.096,5943
2025-10-01 15:40:00-04:00,669.03,669.21,668.77,668.79,829398.0,669.001,5206
2025-10-01 15:45:00-04:00,668.79,669.13,668.7,669.02,1237046.0,668.921,7780
2025-10-01 15:50:00-04:00,669.04,669.18,668.7,668.71,1349516.0,668.91,8201
2025-10-01 15:55:00-04:00,668.72,668.97,668.49,668.5,3396691.0,668.78,18388
2025-10-02 09:30:00-04:00,670.47,670.57,669.84,670.23,1780296.0,670.266,10865
2025-10-02 09:35:00-04:00,670.22,670.47,669.75,669.82,1031417.0,670.163,6724
2025-10-02 09:40:00-04:00,669.82,669.83,668.88,669.05,1142779.0,669.308,8174
2025-10-02 09:45:00-04:00,669.04,669.62,668.89,669.1,1244035.0,669.328,8978
2025-10-02 09:50:00-04:00,669.1,669.64,668.75,669.51,1082253.0,669.136,6980
2025-10-02 09:55:00-04:00,669.51,669.54,668.83,669.42,641045.0,669.203,3768
2025-10-02 10:00:00-04:00,669.41,669.41,668.97,669.38,667931.0,669.195,4711
2025-10-02 10:05:00-04:00,669.39,669.53,668.93,668.94,453416.0,669.227,3087
2025-10-02 10:10:00-04:00,668.96,669.0,668.46,668.63,585035.0,668.676,4283
2025-10-02 10:15:00-04:00,668.61,668.87,668.48,668.51,667912.0,668.722,4364
2025-10-02 10:20:00-04:00,668.5,668.69,668.29,668.56,531243.0,668.474,3744
2025-10-02 10:25:00-04:00,668.56,668.99,668.46,668.71,560539.0,668.727,3720
2025-10-02 10:30:00-04:00,668.72,669.02,668.25,668.42,509382.0,668.649,3475
2025-10-02 10:35:00-04:00,668.43,668.92,668.39,668.88,352411.0,668.598,2582
2025-10-02 10:40:00-04:00,668.88,668.88,668.2,668.33,391343.0,668.536,2561
2025-10-02 10:45:00-04:00,668.33,668.42,667.71,668.08,667681.0,667.974,4500
2025-10-02 10:50:00-04:00,668.07,668.07,667.61,667.63,451895.0,667.868,2948
2025-10-02 10:55:00-04:00,667.63,667.89,667.54,667.57,556791.0,667.69,3685
2025-10-02 11:00:00-04:00,667.57,667.71,667.02,667.06,705454.0,667.398,4676
2025-10-02 11:05:00-04:00,667.06,667.89,667.06,667.81,761677.0,667.573,5052
2025-10-02 11:10:00-04:00,667.77,668.12,667.27,667.42,474680.0,667.721,3092
2025-10-02 11:15:00-04:00,667.41,667.46,667.18,667.38,277862.0,667.344,1981
2025-10-02 11:20:00-04:00,667.37,667.86,667.23,667.77,322323.0,667.545,2386
2025-10-02 11:25:00-04:00,667.74,667.93,667.57,667.67,321063.0,667.789,2291
2025-10-02 11:30:00-04:00,667.65,667.7,667.26,667.32,336059.0,667.497,2124
2025-10-02 11:35:00-04:00,667.32,667.42,666.78,667.3,551526.0,667.037,4008
2025-10-02 11:40:00-04:00,667.31,667.68,667.27,667.35,371511.0,667.456,2360
2025-10-02 11:45:00-04:00,667.34,667.54,667.18,667.38,209646.0,667.376,1489
2025-10-02 11:50:00-04:00,667.38,668.08,667.35,668.08,292244.0,667.783,2002
2025-10-02 11:55:00-04:00,668.05,668.42,668.05,668.35,344399.0,668.211,2422
2025-10-02 12:00:00-04:00,668.35,668.35,668.03,668.1,357427.0,668.16,2201
2025-10-02 12:05:00-04:00,668.1,668.12,667.61,667.94,244850.0,667.915,1665
2025-10-02 12:10:00-04:00,667.93,668.08,667.72,668.04,226057.0,667.937,1600
2025-10-02 12:15:00-04:00,668.02,668.26,667.97,668.19,208592.0,668.143,1445
2025-10-02 12:20:00-04:00,668.18,668.18,667.85,667.98,284836.0,668.025,1765
2025-10-02 12:25:00-04:00,667.98,668.23,667.85,668.14,235659.0,668.081,1822
2025-10-02 12:30:00-04:00,668.13,668.25,667.98,668.21,184175.0,668.12,1405
2025-10-02 12:35:00-04:00,668.22,668.3,667.93,668.06,231621.0,668.077,1550
2025-10-02 12:40:00-04:00,668.06,668.06,667.55,667.93,217793.0,667.862,1718
2025-10-02 12:45:00-04:00,667.92,668.18,667.88,668.06,273130.0,668.058,1828
2025-10-02 12:50:00-04:00,668.07,668.59,668.06,668.54,291603.0,668.372,2191
2025-10-02 12:55:00-04:00,668.54,668.54,668.26,668.42,263010.0,668.378,1477
2025-10-02 13:00:00-04:00,668.42,668.42,667.94,668.06,274557.0,668.172,1746
2025-10-02 13:05:00-04:00,668.05,668.38,668.04,668.22,247386.0,668.257,1782
2025-10-02 13:10:00-04:00,668.22,668.47,668.15,668.45,204149.0,668.364,1475
2025-10-02 13:15:00-04:00,668.45,668.53,668.26,668.31,255598.0,668.421,1950
2025-10-02 13:20:00-04:00,668.31,668.61,668.24,668.56,233406.0,668.416,1797
2025-10-02 13:25:00-04:00,668.56,668.71,668.44,668.51,295211.0,668.571,2077
2025-10-02 13:30:00-04:00,668.51,668.66,668.33,668.57,283968.0,668.484,1645
2025-10-02 13:35:00-04:00,668.57,668.68,668.44,668.66,179004.0,668.586,1253
2025-10-02 13:40:00-04:00,668.67,669.08,668.67,668.85,472891.0,668.925,3108
2025-10-02 13:45:00-04:00,668.86,669.01,668.64,668.75,548210.0,668.808,3394
2025-10-02 13:50:00-04:00,668.75,668.96,668.73,668.87,284168.0,668.85,1661
2025-10-02 13:55:00-04:00,668.88,668.97,668.74,668.89,228452.0,668.857,1547
2025-10-02 14:00:00-04:00,668.89,669.04,668.85,669.0,240392.0,668.962,1574
2025-10-02 14:05:00-04:00,669.0,669.18,668.99,669.14,343100.0,669.09,2370
2025-10-02 14:10:00-04:00,669.14,669.52,669.11,669.42,534086.0,669.36,3375
2025-10-02 14:15:00-04:00,669.42,669.52,669.33,669.49,270709.0,669.429,2021
2025-10-02 14:20:00-04:00,669.48,669.64,669.48,669.61,412213.0,669.561,2717
2025-10-02 14:25:00-04:00,669.6,669.67,669.41,669.58,310383.0,669.563,1996
2025-10-02 14:30:00-04:00,669.58,669.73,669.45,669.6,357934.0,669.609,2427
2025-10-02 14:35:00-04:00,669.59,669.66,669.47,669.66,241796.0,669.556,1490
2025-10-02 14:40:00-04:00,669.66,669.66,669.38,669.51,296370.0,669.513,1803
2025-10-02 14:45:00-04:00,669.52,669.56,669.31,669.43,229124.0,669.427,1677
2025-10-02 14:50:00-04:00,669.41,669.54,669.22,669.5,353430.0,669.421,2361
2025-10-02 14:55:00-04:00,669.51,669.59,669.36,669.39,353249.0,669.478,2331
2025-10-02 15:00:00-04:00,669.38,669.58,669.36,669.56,252794.0,669.476,1634
2025-10-02 15:05:00-04:00,669.56,669.63,669.41,669.51,323349.0,669.539,2095
2025-10-02 15:10:00-04:00,669.51,669.55,669.38,669.44,215046.0,669.461,1518
2025-10-02 15:15:00-04:00,669.44,669.45,669.22,669.39,464281.0,669.325,2864
2025-10-02 15:20:00-04:00,669.4,669.49,669.34,669.49,344126.0,669.432,2266
2025-10-02 15:25:00-04:00,669.5,669.61,669.44,669.48,305509.0,669.529,2231
2025-10-02 15:30:00-04:00,669.48,669.49,669.28,669.35,417990.0,669.397,2591
2025-10-02 15:35:00-04:00,669.34,669.37,668.99,669.22,701078.0,669.148,4798
2025-10-02 15:40:00-04:00,669.22,669.25,668.95,669.2,742424.0,669.108,5283
2025-10-02 15:45:00-04:00,669.21,669.34,669.08,669.34,654980.0,669.219,4246
2025-10-02 15:50:00-04:00,669.34,669.42,668.94,669.0,1105540.0,669.104,7452
2025-10-02 15:55:00-04:00,669.01,669.32,668.82,669.14,4030286.0,669.093,18527
2025-10-03 09:30:00-04:00,669.99,670.78,669.93,670.65,1239430.0,670.39,7951
2025-10-03 09:35:00-04:00,670.67,671.22,670.44,671.18,916725.0,670.833,6646
2025-10-03 09:40:00-04:00,671.19,671.33,670.43,670.84,966462.0,670.82,6370
2025-10-03 09:45:00-04:00,670.78,671.17,670.71,671.07,717116.0,670.983,5004
2025-10-03 09:50:00-04:00,671.08,671.57,670.92,671.25,836337.0,671.308,6001
2025-10-03 09:55:00-04:00,671.25,671.34,670.66,670.89,522348.0,670.969,3401
2025-10-03 10:00:00-04:00,670.81,670.84,669.97,670.3,1217073.0,670.288,7563
2025-10-03 10:05:00-04:00,670.29,670.64,670.12,670.48,712682.0,670.401,4815
2025-10-03 10:10:00-04:00,670.49,670.88,670.4,670.62,578927.0,670.618,4445
2025-10-03 10:15:00-04:00,670.62,671.04,670.6,670.88,499640.0,670.875,3789
2025-10-03 10:20:00-04:00,670.87,671.06,670.68,671.03,445835.0,670.88,3019
2025-10-03 10:25:00-04:00,671.03,671.55,670.95,671.38,594622.0,671.261,4104
2025-10-03 10:30:00-04:00,671.39,671.65,671.32,671.64,546937.0,671.492,3649
2025-10-03 10:35:00-04:00,671.64,672.06,671.55,671.98,520997.0,671.827,3283
2025-10-03 10:40:00-04:00,671.99,672.28,671.94,672.09,723700.0,672.102,4621
2025-10-03 10:45:00-04:00,672.1,672.24,671.86,671.96,444000.0,672.095,3220
2025-10-03 10:50:00-04:00,671.95,672.27,671.85,672.26,383485.0,672.03,2675
2025-10-03 10:55:00-04:00,672.28,672.28,672.02,672.11,380843.0,672.175,2932
2025-10-03 11:00:00-04:00,672.12,672.14,671.66,671.8,499521.0,671.911,3306
2025-10-03 11:05:00-04:00,671.79,671.97,671.65,671.74,321038.0,671.826,2450
2025-10-03 11:10:00-04:00,671.74,671.83,671.55,671.78,406107.0,671.723,2630
2025-10-03 11:15:00-04:00,671.77,671.79,671.56,671.68,259616.0,671.68,1888
2025-10-03 11:20:00-04:00,671.68,671.93,671.57,671.92,358680.0,671.791,2441
2025-10-03 11:25:00-04:00,671.92,671.95,671.6,671.77,476147.0,671.78,2954
2025-10-03 11:30:00-04:00,671.77,671.88,671.67,671.75,249891.0,671.774,1681
2025-10-03 11:35:00-04:00,671.75,672.01,671.63,671.66,349969.0,671.795,2236
2025-10-03 11:40:00-04:00,671.66,671.76,671.35,671.75,504168.0,671.52,3194
2025-10-03 11:45:00-04:00,671.75,672.01,671.64,671.98,335729.0,671.855,2129
2025-10-03 11:50:00-04:00,671.98,672.33,671.97,672.23,509577.0,672.159,3274
2025-10-03 11:55:00-04:00,672.23,672.62,672.13,672.5,739150.0,672.462,4654
2025-10-03 12:00:00-04:00,672.5,672.59,672.39,672.58,373564.0,672.482,2500
2025-10-03 12:05:00-04:00,672.58,672.68,672.42,672.45,326723.0,672.544,2063
2025-10-03 12:10:00-04:00,672.45,672.53,672.3,672.52,221837.0,672.408,1437
2025-10-03 12:15:00-04:00,672.53,672.67,672.45,672.62,225728.0,672.562,1527
2025-10-03 12:20:00-04:00,672.62,672.64,672.34,672.39,220700.0,672.481,1469
2025-10-03 12:25:00-04:00,672.4,672.53,672.22,672.46,256888.0,672.372,1820
2025-10-03 12:30:00-04:00,672.45,672.53,672.37,672.52,164951.0,672.444,1188
2025-10-03 12:35:00-04:00,672.53,672.55,672.29,672.3,241872.0,672.414,1633
2025-10-03 12:40:00-04:00,672.29,672.36,672.15,672.27,247542.0,672.268,1695
2025-10-03 12:45:00-04:00,672.28,672.4,672.18,672.22,291281.0,672.295,1700
2025-10-03 12:50:00-04:00,672.22,672.27,672.0,672.22,259688.0,672.152,1733
2025-10-03 12:55:00-04:00,672.22,672.34,672.1,672.24,251446.0,672.238,1693
2025-10-03 13:00:00-04:00,672.2,672.21,670.53,670.93,1261946.0,671.226,8515
2025-10-03 13:05:00-04:00,670.93,671.14,670.43,671.12,1297135.0,670.808,8642
2025-10-03 13:10:00-04:00,671.1,671.76,670.89,671.46,661513.0,671.443,4169
2025-10-03 13:15:00-04:00,671.46,671.46,670.75,670.77,541537.0,671.248,3250
2025-10-03 13:20:00-04:00,670.79,670.92,670.47,670.55,495180.0,670.701,3151
2025-10-03 13:25:00-04:00,670.56,670.76,670.32,670.33,494957.0,670.529,3415
2025-10-03 13:30:00-04:00,670.33,670.95,670.11,670.56,745936.0,670.534,4947
2025-10-03 13:35:00-04:00,670.58,670.71,670.41,670.67,371874.0,670.562,2325
2025-10-03 13:40:00-04:00,670.64,670.71,669.92,670.01,733521.0,670.219,3869
2025-10-03 13:45:00-04:00,670.02,670.11,669.44,669.61,764834.0,669.696,5758
2025-10-03 13:50:00-04:00,669.61,669.64,668.17,668.23,1612349.0,668.755,11685
2025-10-03 13:55:00-04:00,668.23,669.42,668.16,669.19,1402569.0,668.985,9808
2025-10-03 14:00:00-04:00,669.19,669.37,668.59,668.65,1282559.0,668.96,8677
2025-10-03 14:05:00-04:00,668.64,668.89,668.27,668.73,863510.0,668.572,6314
2025-10-03 14:10:00-04:00,668.74,669.56,668.66,669.3,828141.0,669.235,5664
2025-10-03 14:15:00-04:00,669.3,670.0,669.21,669.99,770363.0,669.609,5289
2025-10-03 14:20:00-04:00,670.0,670.3,669.72,670.22,739377.0,670.073,4734
2025-10-03 14:25:00-04:00,670.22,670.71,670.18,670.52,557900.0,670.481,4054
2025-10-03 14:30:00-04:00,670.54,670.69,669.6,669.97,801600.0,670.122,5366
2025-10-03 14:35:00-04:00,669.94,670.11,669.71,669.93,344506.0,669.916,2291
2025-10-03 14:40:00-04:00,669.93,670.18,669.72,669.92,315012.0,669.956,2217
2025-10-03 14:45:00-04:00,669.92,669.93,669.36,669.42,363104.0,669.651,2498
2025-10-03 14:50:00-04:00,669.42,669.66,669.28,669.61,456088.0,669.486,2993
2025-10-03 14:55:00-04:00,669.62,669.96,669.56,669.87,432841.0,669.773,3000
2025-10-03 15:00:00-04:00,669.87,670.12,669.64,669.78,432885.0,669.867,3253
2025-10-03 15:05:00-04:00,669.79,669.99,669.62,669.81,417220.0,669.78,2710
2025-10-03 15:10:00-04:00,669.8,670.26,669.8,669.86,698760.0,670.005,4415
2025-10-03 15:15:00-04:00,669.87,669.99,669.62,669.74,526337.0,669.78,3628
2025-10-03 15:20:00-04:00,669.74,669.82,669.4,669.62,708477.0,669.585,4375
2025-10-03 15:25:00-04:00,669.62,669.82,669.53,669.62,419015.0,669.684,3159
2025-10-03 15:30:00-04:00,669.61,669.92,669.51,669.81,714652.0,669.712,4816
2025-10-03 15:35:00-04:00,669.81,670.05,669.74,670.03,458358.0,669.937,3376
2025-10-03 15:40:00-04:00,670.03,670.24,669.79,669.84,723709.0,670.08,4279
2025-10-03 15:45:00-04:00,669.83,670.04,669.78,669.93,745992.0,669.928,4684
2025-10-03 15:50:00-04:00,669.94,669.94,669.38,669.55,1500430.0,669.534,10614
2025-10-03 15:55:00-04:00,669.53,669.58,668.77,669.21,2787506.0,669.09,16925
2025-10-06 09:30:00-04:00,671.63,671.65,671.0,671.0,1689264.0,671.264,11707
2025-10-06 09:35:00-04:00,670.99,671.19,670.53,670.75,1271546.0,670.875,9794
2025-10-06 09:40:00-04:00,670.75,670.97,670.06,670.32,1187598.0,670.462,9093
2025-10-06 09:45:00-04:00,670.32,670.84,670.25,670.73,1172727.0,670.545,8959
2025-10-06 09:50:00-04:00,670.74,670.74,670.09,670.26,959092.0,670.368,7071
2025-10-06 09:55:00-04:00,670.26,670.28,669.89,670.01,889242.0,670.063,6736
2025-10-06 10:00:00-04:00,670.01,670.2,669.52,670.04,1259560.0,669.838,9299
2025-10-06 10:05:00-04:00,670.05,670.1,669.55,669.59,629153.0,669.794,4859
2025-10-06 10:10:00-04:00,669.6,670.33,669.45,670.3,813950.0,669.956,6017
2025-10-06 10:15:00-04:00,670.31,670.49,670.17,670.28,611778.0,670.326,4452
2025-10-06 10:20:00-04:00,670.29,670.62,670.12,670.39,454421.0,670.429,3401
2025-10-06 10:25:00-04:00,670.4,670.71,670.36,670.51,418320.0,670.541,3202
2025-10-06 10:30:00-04:00,670.51,670.76,670.41,670.51,449024.0,670.593,3418
2025-10-06 10:35:00-04:00,670.52,670.83,670.46,670.79,327048.0,670.639,2667
2025-10-06 10:40:00-04:00,670.78,670.8,670.14,670.51,689745.0,670.454,5255
2025-10-06 10:45:00-04:00,670.52,670.86,670.34,670.79,342814.0,670.58,2668
2025-10-06 10:50:00-04:00,670.76,670.76,670.47,670.62,315445.0,670.63,2412
2025-10-06 10:55:00-04:00,670.62,670.78,670.46,670.76,256254.0,670.622,1882
2025-10-06 11:00:00-04:00,670.77,671.02,670.71,670.99,285767.0,670.834,2090
2025-10-06 11:05:00-04:00,670.99,671.15,670.95,671.02,467067.0,671.054,3373
2025-10-06 11:10:00-04:00,671.01,671.18,670.85,670.88,346106.0,671.045,2632
2025-10-06 11:15:00-04:00,670.88,671.16,670.87,671.09,314597.0,671.012,2484
2025-10-06 11:20:00-04:00,671.08,671.2,670.97,671.11,247463.0,671.072,1975
2025-10-06 11:25:00-04:00,671.1,671.38,670.98,671.15,367487.0,671.218,2731
2025-10-06 11:30:00-04:00,671.15,671.35,671.04,671.35,301223.0,671.193,2350
2025-10-06 11:35:00-04:00,671.34,671.4,671.21,671.28,255380.0,671.308,1964
2025-10-06 11:40:00-04:00,671.28,671.44,671.14,671.4,327590.0,671.313,2328
2025-10-06 11:45:00-04:00,671.39,671.73,671.38,671.67,570306.0,671.58,3875
2025-10-06 11:50:00-04:00,671.68,671.85,671.56,671.78,488869.0,671.737,3563
2025-10-06 11:55:00-04:00,671.78,671.93,671.7,671.81,289436.0,671.808,2246
2025-10-06 12:00:00-04:00,671.8,671.89,671.52,671.64,352177.0,671.724,2369
2025-10-06 12:05:00-04:00,671.65,671.81,671.58,671.59,215391.0,671.686,1733
2025-10-06 12:10:00-04:00,671.58,671.59,671.29,671.4,319882.0,671.431,2291
2025-10-06 12:15:00-04:00,671.4,671.61,671.3,671.48,251411.0,671.452,1840
2025-10-06 12:20:00-04:00,671.48,671.73,671.38,671.7,203178.0,671.569,1542
2025-10-06 12:25:00-04:00,671.69,671.87,671.66,671.82,235956.0,671.746,1784
2025-10-06 12:30:00-04:00,671.83,671.85,671.53,671.55,269945.0,671.695,2212
2025-10-06 12:35:00-04:00,671.54,671.61,671.4,671.51,235931.0,671.508,1754
2025-10-06 12:40:00-04:00,671.51,671.58,671.36,671.55,189455.0,671.481,1508
2025-10-06 12:45:00-04:00,671.55,671.78,671.52,671.57,217264.0,671.649,1672
2025-10-06 12:50:00-04:00,671.56,671.73,671.5,671.68,210494.0,671.631,1568
2025-10-06 12:55:00-04:00,671.68,671.77,671.59,671.72,172751.0,671.698,1281
2025-10-06 13:00:00-04:00,671.72,671.75,671.52,671.64,200019.0,671.666,1499
2025-10-06 13:05:00-04:00,671.64,671.65,671.45,671.47,223216.0,671.535,1510
2025-10-06 13:10:00-04:00,671.48,671.6,671.33,671.57,308032.0,671.457,2037
2025-10-06 13:15:00-04:00,671.56,671.68,671.42,671.63,235462.0,671.559,1728
2025-10-06 13:20:00-04:00,671.63,672.26,671.62,672.22,577948.0,672.01,3841
2025-10-06 13:25:00-04:00,672.22,672.32,671.98,672.06,402483.0,672.17,2677
2025-10-06 13:30:00-04:00,672.08,672.19,671.97,672.02,234362.0,672.073,1752
2025-10-06 13:35:00-04:00,672.01,672.13,671.84,672.09,334820.0,671.952,2470
2025-10-06 13:40:00-04:00,672.1,672.2,671.8,671.83,362792.0,672.008,2337
2025-10-06 13:45:00-04:00,671.82,672.14,671.79,672.12,367758.0,671.935,2640
2025-10-06 13:50:00-04:00,672.13,672.32,672.08,672.23,329383.0,672.228,2233
2025-10-06 13:55:00-04:00,672.23,672.35,672.16,672.27,260972.0,672.26,1916
2025-10-06 14:00:00-04:00,672.27,672.47,672.08,672.38,314049.0,672.282,2251
2025-10-06 14:05:00-04:00,672.38,672.45,672.14,672.18,430516.0,672.332,2725
2025-10-06 14:10:00-04:00,672.17,672.37,672.1,672.18,326574.0,672.195,2181
2025-10-06 14:15:00-04:00,672.19,672.26,672.11,672.15,426708.0,672.171,2917
2025-10-06 14:20:00-04:00,672.16,672.27,672.04,672.24,280137.0,672.17,1835
2025-10-06 14:25:00-04:00,672.24,672.38,672.21,672.24,320507.0,672.281,2220
2025-10-06 14:30:00-04:00,672.25,672.47,672.23,672.39,341836.0,672.381,2360
2025-10-06 14:35:00-04:00,672.38,672.51,672.24,672.25,416176.0,672.4,2714
2025-10-06 14:40:00-04:00,672.24,672.28,672.09,672.16,326026.0,672.189,2277
2025-10-06 14:45:00-04:00,672.16,672.33,672.12,672.21,289163.0,672.24,1900
2025-10-06 14:50:00-04:00,672.2,672.35,672.17,672.3,169082.0,672.264,1140
2025-10-06 14:55:00-04:00,672.29,672.35,672.0,672.11,292914.0,672.136,2117
2025-10-06 15:00:00-04:00,672.11,672.14,671.94,671.97,274302.0,672.032,1977
2025-10-06 15:05:00-04:00,671.97,672.14,671.9,672.08,298446.0,672.041,1948
2025-10-06 15:10:00-04:00,672.08,672.15,671.98,672.04,311993.0,672.068,2021
2025-10-06 15:15:00-04:00,672.04,672.07,671.8,671.88,337208.0,671.896,2316
2025-10-06 15:20:00-04:00,671.88,671.89,671.65,671.71,524859.0,671.738,3517
2025-10-06 15:25:00-04:00,671.71,671.93,671.7,671.75,405840.0,671.821,2622
2025-10-06 15:30:00-04:00,671.75,671.84,671.62,671.8,347639.0,671.754,2472
2025-10-06 15:35:00-04:00,671.8,671.94,671.66,671.9,520696.0,671.846,3810
2025-10-06 15:40:00-04:00,671.9,671.96,671.7,671.86,725850.0,671.819,5082
2025-10-06 15:45:00-04:00,671.84,671.9,671.63,671.86,962595.0,671.773,7010
2025-10-06 15:50:00-04:00,671.86,672.09,671.86,671.93,1256416.0,671.981,8164
2025-10-06 15:55:00-04:00,671.93,671.98,671.54,671.58,2552608.0,671.805,15116
2025-10-07 09:30:00-04:00,672.55,672.99,672.2,672.94,1860004.0,672.636,11314
2025-10-07 09:35:00-04:00,672.95,672.98,672.62,672.72,801855.0,672.809,6087
2025-10-07 09:40:00-04:00,672.72,672.92,672.44,672.61,698120.0,672.639,5539
2025-10-07 09:45:00-04:00,672.61,672.65,672.22,672.33,768654.0,672.417,5731
2025-10-07 09:50:00-04:00,672.36,672.53,672.07,672.48,758978.0,672.25,5367
2025-10-07 09:55:00-04:00,672.49,672.75,672.17,672.23,612385.0,672.471,4160
2025-10-07 10:00:00-04:00,672.23,672.31,671.79,671.83,659043.0,672.047,4505
2025-10-07 10:05:00-04:00,671.82,672.14,671.76,672.09,501275.0,671.962,3161
2025-10-07 10:10:00-04:00,672.08,672.37,671.92,671.96,570417.0,672.143,3797
2025-10-07 10:15:00-04:00,671.96,672.16,671.86,672.01,351925.0,672.012,2728
2025-10-07 10:20:00-04:00,672.02,672.05,671.69,671.74,374385.0,671.831,2720
2025-10-07 10:25:00-04:00,671.74,671.76,671.26,671.27,781671.0,671.464,5722
2025-10-07 10:30:00-04:00,671.27,671.69,671.24,671.45,597701.0,671.447,4212
2025-10-07 10:35:00-04:00,671.45,671.45,670.83,671.05,858924.0,671.085,6166
2025-10-07 10:40:00-04:00,671.05,671.33,670.92,671.04,644864.0,671.117,4444
2025-10-07 10:45:00-04:00,671.04,671.31,670.88,670.99,622717.0,671.092,4353
2025-10-07 10:50:00-04:00,670.99,671.15,670.8,671.0,530005.0,670.973,3928
2025-10-07 10:55:00-04:00,671.0,671.11,670.58,670.9,583057.0,670.827,4081
2025-10-07 11:00:00-04:00,670.93,671.09,670.24,670.37,902351.0,670.689,6610
2025-10-07 11:05:00-04:00,670.36,670.37,668.81,668.91,2610582.0,669.496,18894
2025-10-07 11:10:00-04:00,668.91,669.78,668.84,669.55,1873738.0,669.387,14193
2025-10-07 11:15:00-04:00,669.55,669.97,669.2,669.54,1357605.0,669.623,9738
2025-10-07 11:20:00-04:00,669.53,670.09,669.44,669.75,1031173.0,669.85,7778
2025-10-07 11:25:00-04:00,669.75,669.9,669.02,669.29,950011.0,669.425,7012
2025-10-07 11:30:00-04:00,669.28,669.4,668.77,669.01,1011539.0,669.054,7662
2025-10-07 11:35:00-04:00,669.01,669.24,668.03,668.52,1439486.0,668.494,10292
2025-10-07 11:40:00-04:00,668.5,669.19,668.09,668.54,1218536.0,668.7,8781
2025-10-07 11:45:00-04:00,668.55,668.56,667.71,668.01,1329728.0,667.985,9289
2025-10-07 11:50:00-04:00,668.02,668.34,667.67,667.77,1392919.0,667.971,10191
2025-10-07 11:55:00-04:00,667.77,668.34,667.74,668.25,905999.0,668.074,6768
2025-10-07 12:00:00-04:00,668.26,668.85,668.18,668.61,990359.0,668.604,7345
2025-10-07 12:05:00-04:00,668.62,668.75,667.89,668.13,1158697.0,668.315,8244
2025-10-07 12:10:00-04:00,668.15,668.38,667.85,667.93,482105.0,668.12,3621
2025-10-07 12:15:00-04:00,667.93,668.23,667.67,667.72,417123.0,667.965,2926
2025-10-07 12:20:00-04:00,667.74,668.26,667.67,668.12,439488.0,667.944,3200
2025-10-07 12:25:00-04:00,668.11,668.81,668.09,668.4,752152.0,668.527,5510
2025-10-07 12:30:00-04:00,668.4,669.21,668.36,669.2,676387.0,668.821,4689
2025-10-07 12:35:00-04:00,669.19,669.54,669.01,669.33,511627.0,669.279,3769
2025-10-07 12:40:00-04:00,669.32,669.5,668.96,669.13,411630.0,669.202,3011
2025-10-07 12:45:00-04:00,669.13,669.18,668.41,668.42,469571.0,668.836,2990
2025-10-07 12:50:00-04:00,668.42,668.75,668.27,668.36,450327.0,668.485,3067
2025-10-07 12:55:00-04:00,668.36,668.57,668.13,668.37,418780.0,668.362,2808
2025-10-07 13:00:00-04:00,668.37,669.05,668.18,669.0,514471.0,668.678,2963
2025-10-07 13:05:00-04:00,668.99,669.1,668.57,669.08,377427.0,668.823,2525
2025-10-07 13:10:00-04:00,669.09,669.39,668.7,669.11,546013.0,669.152,3370
2025-10-07 13:15:00-04:00,669.11,669.27,668.84,669.03,190651.0,669.113,1308
2025-10-07 13:20:00-04:00,669.0,669.27,668.97,669.18,221965.0,669.097,1590
2025-10-07 13:25:00-04:00,669.18,669.18,668.72,668.99,222417.0,668.893,1581
2025-10-07 13:30:00-04:00,668.92,668.99,668.54,668.54,222078.0,668.769,1512
2025-10-07 13:35:00-04:00,668.54,668.77,668.31,668.68,339156.0,668.509,2217
2025-10-07 13:40:00-04:00,668.68,668.93,668.44,668.92,316260.0,668.65,2259
2025-10-07 13:45:00-04:00,668.92,669.19,668.8,669.15,341246.0,669.032,2372
2025-10-07 13:50:00-04:00,669.14,669.17,668.46,668.55,262599.0,668.707,1872
2025-10-07 13:55:00-04:00,668.54,668.57,668.29,668.33,252161.0,668.435,1671
2025-10-07 14:00:00-04:00,668.34,668.39,667.81,668.03,559189.0,668.071,3573
2025-10-07 14:05:00-04:00,668.02,668.44,667.97,668.2,318645.0,668.236,2257
2025-10-07 14:10:00-04:00,668.22,668.92,668.19,668.58,430282.0,668.613,2854
2025-10-07 14:15:00-04:00,668.58,668.77,668.33,668.51,300163.0,668.566,1907
2025-10-07 14:20:00-04:00,668.52,668.85,668.45,668.78,335607.0,668.66,2251
2025-10-07 14:25:00-04:00,668.77,668.84,668.49,668.63,265856.0,668.701,1836
2025-10-07 14:30:00-04:00,668.63,668.93,668.55,668.84,308851.0,668.729,1922
2025-10-07 14:35:00-04:00,668.82,668.98,668.73,668.95,276034.0,668.859,1750
2025-10-07 14:40:00-04:00,668.95,668.97,668.62,668.81,343939.0,668.777,2120
2025-10-07 14:45:00-04:00,668.83,668.92,668.64,668.82,174924.0,668.796,1152
2025-10-07 14:50:00-04:00,668.8,668.98,668.67,668.98,247242.0,668.847,1528
2025-10-07 14:55:00-04:00,668.98,669.08,668.85,669.05,321570.0,668.967,1983
2025-10-07 15:00:00-04:00,669.04,669.14,668.82,668.84,405765.0,668.944,2348
2025-10-07 15:05:00-04:00,668.85,668.87,668.6,668.81,429184.0,668.739,2967
2025-10-07 15:10:00-04:00,668.82,668.85,668.56,668.71,369370.0,668.669,2310
2025-10-07 15:15:00-04:00,668.71,668.83,668.54,668.65,415361.0,668.675,2544
2025-10-07 15:20:00-04:00,668.63,668.76,668.53,668.74,308795.0,668.63,2010
2025-10-07 15:25:00-04:00,668.74,668.79,668.54,668.57,281372.0,668.643,1618
2025-10-07 15:30:00-04:00,668.57,668.83,668.55,668.77,372400.0,668.684,2200
2025-10-07 15:35:00-04:00,668.77,669.04,668.71,668.83,665343.0,668.87,4016
2025-10-07 15:40:00-04:00,668.83,669.31,668.79,669.3,565623.0,669.072,3395
2025-10-07 15:45:00-04:00,669.31,669.38,669.13,669.32,1114439.0,669.23,5786
2025-10-07 15:50:00-04:00,669.32,669.4,669.1,669.27,935263.0,669.231,5210
2025-10-07 15:55:00-04:00,669.27,669.37,668.7,669.13,3000876.0,668.976,15795
2025-10-08 09:30:00-04:00,670.26,670.44,669.88,669.98,1946904.0,670.196,12171
2025-10-08 09:35:00-04:00,669.97,670.01,669.56,670.01,1017281.0,669.774,7750
2025-10-08 09:40:00-04:00,670.01,670.02,669.42,669.73,655105.0,669.695,4871
2025-10-08 09:45:00-04:00,669.73,670.59,669.66,670.4,1176517.0,670.189,8416
2025-10-08 09:50:00-04:00,670.41,670.44,669.87,670.21,1044922.0,670.091,8422
2025-10-08 09:55:00-04:00,670.22,670.55,670.06,670.28,821456.0,670.304,6394
2025-10-08 10:00:00-04:00,670.29,671.32,670.28,671.29,1265217.0,670.941,8362
2025-10-08 10:05:00-04:00,671.29,671.66,671.22,671.48,728721.0,671.417,5098
2025-10-08 10:10:00-04:00,671.48,671.96,671.45,671.74,743326.0,671.75,5678
2025-10-08 10:15:00-04:00,671.74,671.9,671.49,671.68,620851.0,671.734,4709
2025-10-08 10:20:00-04:00,671.69,671.7,671.16,671.55,610706.0,671.45,4195
2025-10-08 10:25:00-04:00,671.55,671.89,671.43,671.89,540103.0,671.711,3967
2025-10-08 10:30:00-04:00,671.88,672.17,671.8,671.97,909659.0,671.978,5859
2025-10-08 10:35:00-04:00,671.98,672.02,671.68,671.95,410594.0,671.893,3039
2025-10-08 10:40:00-04:00,671.95,671.99,671.58,671.71,491941.0,671.763,3546
2025-10-08 10:45:00-04:00,671.7,671.87,671.51,671.71,569262.0,671.693,4139
2025-10-08 10:50:00-04:00,671.73,671.78,671.37,671.57,447685.0,671.501,3102
2025-10-08 10:55:00-04:00,671.57,671.79,671.34,671.76,406522.0,671.53,3101
2025-10-08 11:00:00-04:00,671.76,672.0,671.68,671.9,498296.0,671.827,3537
2025-10-08 11:05:00-04:00,671.91,671.95,671.81,671.95,267785.0,671.889,2136
2025-10-08 11:10:00-04:00,671.94,672.23,671.94,672.12,571511.0,672.129,3573
2025-10-08 11:15:00-04:00,672.13,672.25,671.99,672.07,356736.0,672.095,2476
2025-10-08 11:20:00-04:00,672.08,672.35,672.03,672.32,287180.0,672.184,1956
2025-10-08 11:25:00-04:00,672.33,672.73,672.31,672.55,862055.0,672.583,5625
2025-10-08 11:30:00-04:00,672.54,672.56,672.36,672.46,432917.0,672.442,2843
2025-10-08 11:35:00-04:00,672.45,672.63,672.41,672.51,262278.0,672.513,1947
2025-10-08 11:40:00-04:00,672.53,672.63,672.4,672.51,222696.0,672.539,1654
2025-10-08 11:45:00-04:00,672.52,672.67,672.5,672.64,216279.0,672.606,1572
2025-10-08 11:50:00-04:00,672.64,672.96,672.64,672.91,516638.0,672.843,3621
2025-10-08 11:55:00-04:00,672.91,672.95,672.72,672.77,446106.0,672.838,2950
2025-10-08 12:00:00-04:00,672.78,672.83,672.61,672.66,263134.0,672.721,1864
2025-10-08 12:05:00-04:00,672.67,672.8,672.6,672.71,230652.0,672.715,1755
2025-10-08 12:10:00-04:00,672.73,672.97,672.73,672.93,325993.0,672.859,2086
2025-10-08 12:15:00-04:00,672.93,673.1,672.82,672.97,394337.0,672.96,2849
2025-10-08 12:20:00-04:00,672.96,672.98,672.81,672.86,304519.0,672.895,1998
2025-10-08 12:25:00-04:00,672.87,672.87,672.55,672.64,299298.0,672.661,1987
2025-10-08 12:30:00-04:00,672.64,672.78,672.51,672.76,249980.0,672.646,1798
2025-10-08 12:35:00-04:00,672.76,672.76,672.57,672.6,181330.0,672.67,1249
2025-10-08 12:40:00-04:00,672.59,672.61,672.46,672.54,208411.0,672.543,1516
2025-10-08 12:45:00-04:00,672.54,672.54,672.28,672.3,234928.0,672.419,1552
2025-10-08 12:50:00-04:00,672.31,672.46,672.23,672.25,244877.0,672.316,1657
2025-10-08 12:55:00-04:00,672.26,672.72,672.25,672.72,339256.0,672.435,2175
2025-10-08 13:00:00-04:00,672.71,672.82,672.63,672.71,199733.0,672.72,1137
2025-10-08 13:05:00-04:00,672.71,672.71,672.48,672.59,198803.0,672.56,1309
2025-10-08 13:10:00-04:00,672.58,672.73,672.44,672.68,185196.0,672.565,1294
2025-10-08 13:15:00-04:00,672.68,672.95,672.66,672.81,292177.0,672.839,1872
2025-10-08 13:20:00-04:00,672.81,672.95,672.8,672.92,208730.0,672.863,1380
2025-10-08 13:25:00-04:00,672.93,673.03,672.8,672.89,238010.0,672.903,1618
2025-10-08 13:30:00-04:00,672.89,672.99,672.81,672.91,280418.0,672.907,1955
2025-10-08 13:35:00-04:00,672.89,672.92,672.76,672.78,190367.0,672.819,1476
2025-10-08 13:40:00-04:00,672.79,672.79,672.61,672.64,266529.0,672.684,1737
2025-10-08 13:45:00-04:00,672.64,673.0,672.6,672.93,375707.0,672.783,2626
2025-10-08 13:50:00-04:00,672.93,672.93,672.67,672.7,289855.0,672.805,1843
2025-10-08 13:55:00-04:00,672.7,672.72,672.52,672.64,193331.0,672.614,1258
2025-10-08 14:00:00-04:00,672.64,672.88,672.47,672.81,866384.0,672.714,4889
2025-10-08 14:05:00-04:00,672.82,672.9,672.53,672.86,411018.0,672.696,2382
2025-10-08 14:10:00-04:00,672.87,673.12,672.76,672.98,270845.0,672.991,1541
2025-10-08 14:15:00-04:00,672.98,673.11,672.87,673.06,302145.0,672.999,1654
2025-10-08 14:20:00-04:00,673.09,673.14,672.87,673.01,402174.0,673.012,2247
2025-10-08 14:25:00-04:00,673.02,673.08,672.76,672.8,463746.0,672.913,3036
2025-10-08 14:30:00-04:00,672.81,672.87,672.68,672.82,272572.0,672.796,1903
2025-10-08 14:35:00-04:00,672.81,672.85,672.67,672.67,263774.0,672.764,1812
2025-10-08 14:40:00-04:00,672.66,672.69,672.39,672.4,371970.0,672.496,2647
2025-10-08 14:45:00-04:00,672.39,672.49,672.19,672.19,497470.0,672.369,3164
2025-10-08 14:50:00-04:00,672.2,672.45,672.2,672.25,382019.0,672.316,2474
2025-10-08 14:55:00-04:00,672.25,672.35,672.17,672.25,396602.0,672.251,2669
2025-10-08 15:00:00-04:00,672.24,672.52,672.15,672.51,485619.0,672.343,3232
2025-10-08 15:05:00-04:00,672.52,672.59,672.28,672.42,402375.0,672.464,2650
2025-10-08 15:10:00-04:00,672.42,672.66,672.41,672.65,388280.0,672.52,2413
2025-10-08 15:15:00-04:00,672.65,672.92,672.65,672.92,660970.0,672.755,4100
2025-10-08 15:20:00-04:00,672.91,673.0,672.8,672.89,547125.0,672.907,3707
2025-10-08 15:25:00-04:00,672.89,673.01,672.83,672.89,557670.0,672.916,3310
2025-10-08 15:30:00-04:00,672.89,672.97,672.82,672.85,484144.0,672.892,3062
2025-10-08 15:35:00-04:00,672.85,672.9,672.73,672.85,730366.0,672.816,4549
2025-10-08 15:40:00-04:00,672.84,672.85,672.66,672.74,680743.0,672.75,4166
2025-10-08 15:45:00-04:00,672.74,672.9,672.68,672.87,1019178.0,672.803,6179
2025-10-08 15:50:00-04:00,672.89,673.21,672.84,673.09,1683113.0,673.013,9526
2025-10-08 15:55:00-04:00,673.08,673.12,672.87,673.04,3081462.0,673.013,17020
2025-10-09 09:30:00-04:00,673.52,673.94,673.22,673.33,1950792.0,673.561,12165
2025-10-09 09:35:00-04:00,673.35,673.58,673.21,673.5,912233.0,673.39,6284
2025-10-09 09:40:00-04:00,673.51,673.58,672.66,672.72,1120913.0,672.978,8172
2025-10-09 09:45:00-04:00,672.73,673.01,672.41,672.94,918700.0,672.693,6895
2025-10-09 09:50:00-04:00,672.92,673.08,671.8,671.83,1248495.0,672.314,8743
2025-10-09 09:55:00-04:00,671.84,672.25,671.57,671.92,1082580.0,671.951,7514
2025-10-09 10:00:00-04:00,671.91,672.06,671.43,671.96,951020.0,671.719,6436
2025-10-09 10:05:00-04:00,671.95,672.24,671.77,671.87,804092.0,671.969,5169
2025-10-09 10:10:00-04:00,671.88,672.23,671.8,671.99,554477.0,671.987,4138
2025-10-09 10:15:00-04:00,672.0,672.0,671.55,671.71,608461.0,671.754,4313
2025-10-09 10:20:00-04:00,671.71,671.71,671.12,671.55,822138.0,671.381,5331
2025-10-09 10:25:00-04:00,671.54,671.55,671.17,671.23,460398.0,671.33,3496
2025-10-09 10:30:00-04:00,671.23,671.23,670.63,670.73,788261.0,670.875,5544
2025-10-09 10:35:00-04:00,670.73,670.83,670.3,670.44,1061248.0,670.589,7475
2025-10-09 10:40:00-04:00,670.42,670.83,670.25,670.27,873129.0,670.539,6278
2025-10-09 10:45:00-04:00,670.26,670.91,669.97,670.91,953452.0,670.344,6568
2025-10-09 10:50:00-04:00,670.91,671.17,670.85,670.98,728625.0,670.996,4821
2025-10-09 10:55:00-04:00,670.97,671.53,670.92,671.36,653882.0,671.27,4426
2025-10-09 11:00:00-04:00,671.35,671.68,671.24,671.48,528190.0,671.479,3651
2025-10-09 11:05:00-04:00,671.48,671.64,671.18,671.58,475832.0,671.417,2946
2025-10-09 11:10:00-04:00,671.59,671.6,671.28,671.5,372335.0,671.452,2529
2025-10-09 11:15:00-04:00,671.51,671.86,671.5,671.6,478157.0,671.661,3038
2025-10-09 11:20:00-04:00,671.61,671.66,670.99,671.09,449467.0,671.333,2895
2025-10-09 11:25:00-04:00,671.09,671.21,670.67,670.75,356874.0,670.955,2350
2025-10-09 11:30:00-04:00,670.75,670.84,670.18,670.33,580692.0,670.608,3800
2025-10-09 11:35:00-04:00,670.32,670.84,669.99,670.57,617502.0,670.503,3684
2025-10-09 11:40:00-04:00,670.54,670.54,670.26,670.42,541266.0,670.394,3190
2025-10-09 11:45:00-04:00,670.43,671.18,670.38,671.15,556520.0,670.759,3658
2025-10-09 11:50:00-04:00,671.15,671.43,671.1,671.35,529158.0,671.272,3072
2025-10-09 11:55:00-04:00,671.36,671.51,671.25,671.31,197095.0,671.367,1417
2025-10-09 12:00:00-04:00,671.31,671.58,671.31,671.46,219025.0,671.482,1527
2025-10-09 12:05:00-04:00,671.46,671.53,671.06,671.23,301658.0,671.321,2130
2025-10-09 12:10:00-04:00,671.23,671.39,671.07,671.16,206766.0,671.198,1430
2025-10-09 12:15:00-04:00,671.16,671.38,670.93,671.05,253139.0,671.176,1617
2025-10-09 12:20:00-04:00,671.07,671.09,670.54,670.95,373964.0,670.755,2187
2025-10-09 12:25:00-04:00,670.95,671.1,670.73,670.97,355545.0,670.896,2521
2025-10-09 12:30:00-04:00,670.97,671.07,670.83,670.95,179959.0,670.946,1355
2025-10-09 12:35:00-04:00,670.95,671.08,670.77,670.85,198575.0,670.933,1566
2025-10-09 12:40:00-04:00,670.85,670.87,670.18,670.64,447653.0,670.457,3124
2025-10-09 12:45:00-04:00,670.66,671.09,670.59,671.04,307868.0,670.859,2299
2025-10-09 12:50:00-04:00,671.05,671.13,670.34,670.34,324952.0,670.722,2456
2025-10-09 12:55:00-04:00,670.34,670.4,669.65,669.8,698507.0,670.023,4340
2025-10-09 13:00:00-04:00,669.8,670.15,669.62,669.83,712435.0,669.866,4477
2025-10-09 13:05:00-04:00,669.81,670.38,669.45,670.22,703386.0,669.852,4524
2025-10-09 13:10:00-04:00,670.22,670.26,669.68,669.86,400857.0,669.953,2531
2025-10-09 13:15:00-04:00,669.85,669.98,669.38,669.67,462026.0,669.684,2936
2025-10-09 13:20:00-04:00,669.66,670.11,669.6,669.67,460916.0,669.87,3006
2025-10-09 13:25:00-04:00,669.67,669.79,669.34,669.47,542471.0,669.53,3728
2025-10-09 13:30:00-04:00,669.46,669.77,669.21,669.67,534863.0,669.568,3875
2025-10-09 13:35:00-04:00,669.67,670.18,669.37,670.13,633230.0,669.822,4219
2025-10-09 13:40:00-04:00,670.12,670.35,669.76,670.01,374242.0,670.086,2557
2025-10-09 13:45:00-04:00,670.01,670.25,669.82,670.24,264218.0,669.997,1811
2025-10-09 13:50:00-04:00,670.24,670.38,669.96,670.05,340378.0,670.161,2016
2025-10-09 13:55:00-04:00,670.05,670.23,669.95,670.19,208874.0,670.06,1500
2025-10-09 14:00:00-04:00,670.19,670.24,669.66,669.71,444318.0,669.959,3008
2025-10-09 14:05:00-04:00,669.71,669.76,669.33,669.63,327214.0,669.528,2294
2025-10-09 14:10:00-04:00,669.63,669.93,669.6,669.78,282122.0,669.766,1903
2025-10-09 14:15:00-04:00,669.75,670.27,669.69,670.13,390289.0,670.072,2605
2025-10-09 14:20:00-04:00,670.14,670.22,669.9,670.11,249676.0,670.084,1792
2025-10-09 14:25:00-04:00,670.12,670.33,669.77,669.82,303317.0,670.121,2123
2025-10-09 14:30:00-04:00,669.81,669.88,669.55,669.74,262222.0,669.722,1800
2025-10-09 14:35:00-04:00,669.74,669.85,669.67,669.76,232681.0,669.751,1594
2025-10-09 14:40:00-04:00,669.75,669.98,669.64,669.77,275726.0,669.825,1937
2025-10-09 14:45:00-04:00,669.77,669.87,669.58,669.72,254005.0,669.712,1741
2025-10-09 14:50:00-04:00,669.71,669.88,669.51,669.69,274472.0,669.651,1840
2025-10-09 14:55:00-04:00,669.69,670.08,669.58,669.9,387126.0,669.941,2706
2025-10-09 15:00:00-04:00,669.92,670.08,669.82,669.95,340221.0,669.958,2293
2025-10-09 15:05:00-04:00,669.95,670.25,669.91,670.19,341345.0,670.108,2292
2025-10-09 15:10:00-04:00,670.19,670.49,670.09,670.22,493931.0,670.258,3008
2025-10-09 15:15:00-04:00,670.22,670.47,670.04,670.45,741402.0,670.242,4672
2025-10-09 15:20:00-04:00,670.45,670.65,670.41,670.63,556100.0,670.528,3756
2025-10-09 15:25:00-04:00,670.63,670.67,670.44,670.51,516297.0,670.537,2970
2025-10-09 15:30:00-04:00,670.51,670.62,670.44,670.58,456386.0,670.508,2917
2025-10-09 15:35:00-04:00,670.58,670.97,670.53,670.81,591791.0,670.733,3350
2025-10-09 15:40:00-04:00,670.81,670.97,670.7,670.95,656287.0,670.832,3736
2025-10-09 15:45:00-04:00,670.95,671.14,670.82,671.01,692566.0,670.979,4676
2025-10-09 15:50:00-04:00,671.0,671.26,670.92,671.18,2218883.0,671.087,11831
2025-10-09 15:55:00-04:00,671.17,671.21,670.58,671.19,3536736.0,670.874,19140
2025-10-10 09:30:00-04:00,672.15,672.79,671.88,672.49,1882117.0,672.318,11687
2025-10-10 09:35:00-04:00,672.5,673.59,672.44,673.46,1183118.0,673.19,7563
2025-10-10 09:40:00-04:00,673.48,673.63,673.19,673.56,689740.0,673.415,4510
2025-10-10 09:45:00-04:00,673.56,673.95,672.95,673.08,952591.0,673.605,6031
2025-10-10 09:50:00-04:00,673.09,673.09,672.51,672.61,1066763.0,672.808,6666
2025-10-10 09:55:00-04:00,672.59,673.27,672.48,673.01,754971.0,672.885,4883
2025-10-10 10:00:00-04:00,673.1,673.36,672.19,672.56,926004.0,672.649,6283
2025-10-10 10:05:00-04:00,672.55,673.18,672.31,673.02,593313.0,672.784,4004
2025-10-10 10:10:00-04:00,673.02,673.11,672.42,672.54,384655.0,672.809,2647
2025-10-10 10:15:00-04:00,672.5,672.55,671.8,672.28,831579.0,672.144,5147
2025-10-10 10:20:00-04:00,672.28,672.73,672.25,672.65,497716.0,672.513,3319
2025-10-10 10:25:00-04:00,672.64,673.12,672.46,672.57,610792.0,672.855,4102
2025-10-10 10:30:00-04:00,672.59,672.86,672.47,672.68,350418.0,672.651,2595
2025-10-10 10:35:00-04:00,672.67,672.81,672.24,672.54,363222.0,672.551,2464
2025-10-10 10:40:00-04:00,672.55,672.6,672.13,672.55,319695.0,672.338,2107
2025-10-10 10:45:00-04:00,672.55,673.07,672.51,673.0,279445.0,672.82,1858
2025-10-10 10:50:00-04:00,672.99,673.07,672.63,672.86,284299.0,672.824,1820
2025-10-10 10:55:00-04:00,672.87,673.01,667.66,669.16,4274850.0,669.974,24284
2025-10-10 11:00:00-04:00,669.13,669.18,665.15,666.01,6666738.0,666.518,37975
2025-10-10 11:05:00-04:00,665.98,667.63,665.25,665.72,4838487.0,666.342,29600
2025-10-10 11:10:00-04:00,665.7,668.23,665.62,667.73,3361229.0,667.264,21208
2025-10-10 11:15:00-04:00,667.73,668.12,664.68,665.59,2917297.0,666.371,17960
2025-10-10 11:20:00-04:00,665.59,666.1,662.7,662.82,3427337.0,664.159,22410
2025-10-10 11:25:00-04:00,662.84,664.21,661.93,662.44,3626629.0,662.933,21986
2025-10-10 11:30:00-04:00,662.44,662.49,659.6,660.62,4344244.0,660.802,28213
2025-10-10 11:35:00-04:00,660.61,661.85,660.34,660.38,2674395.0,661.165,17250
2025-10-10 11:40:00-04:00,660.43,663.15,659.47,663.06,2748406.0,660.852,16200
2025-10-10 11:45:00-04:00,663.05,663.71,661.87,662.72,2137773.0,662.877,13397
2025-10-10 11:50:00-04:00,662.64,664.09,662.49,663.06,1962841.0,663.109,12259
2025-10-10 11:55:00-04:00,663.02,663.02,660.77,661.85,1561031.0,661.659,10256
2025-10-10 12:00:00-04:00,661.81,661.83,660.22,660.8,1085887.0,660.924,6613
2025-10-10 12:05:00-04:00,660.84,661.65,660.36,661.23,1208149.0,661.075,7391
2025-10-10 12:10:00-04:00,661.2,662.16,660.42,661.95,1158744.0,661.533,7278
2025-10-10 12:15:00-04:00,661.96,662.21,660.57,661.23,1182271.0,661.284,7816
2025-10-10 12:20:00-04:00,661.27,662.66,660.53,661.93,1469220.0,661.723,9610
2025-10-10 12:25:00-04:00,661.91,662.24,661.36,661.57,1018431.0,661.824,6926
2025-10-10 12:30:00-04:00,661.58,662.76,661.42,661.6,913343.0,662.2,6520
2025-10-10 12:35:00-04:00,661.61,662.32,661.05,661.81,927563.0,661.718,6433
2025-10-10 12:40:00-04:00,661.79,662.08,660.5,660.74,810584.0,661.354,5047
2025-10-10 12:45:00-04:00,660.75,661.2,659.71,659.79,1096717.0,660.361,7061
2025-10-10 12:50:00-04:00,659.78,659.93,659.0,659.39,1205565.0,659.438,7329
2025-10-10 12:55:00-04:00,659.39,659.78,658.91,659.12,948336.0,659.423,5987
2025-10-10 13:00:00-04:00,659.11,659.58,658.0,658.25,1143447.0,658.658,7528
2025-10-10 13:05:00-04:00,658.25,658.47,657.84,658.0,861251.0,658.113,5370
2025-10-10 13:10:00-04:00,657.99,659.24,657.74,658.14,1008079.0,658.427,5774
2025-10-10 13:15:00-04:00,658.21,659.25,657.98,658.66,831965.0,658.759,5102
2025-10-10 13:20:00-04:00,658.69,659.54,658.1,659.03,715105.0,658.979,4284
2025-10-10 13:25:00-04:00,659.05,659.89,658.83,659.78,752947.0,659.426,5160
2025-10-10 13:30:00-04:00,659.77,660.32,659.33,660.25,656146.0,659.816,4398
2025-10-10 13:35:00-04:00,660.25,660.93,659.96,660.11,714587.0,660.394,4554
2025-10-10 13:40:00-04:00,660.1,660.72,659.73,659.79,828018.0,660.287,5311
2025-10-10 13:45:00-04:00,659.78,660.05,658.81,659.74,813161.0,659.452,5677
2025-10-10 13:50:00-04:00,659.73,659.83,658.84,658.93,488393.0,659.24,3073
2025-10-10 13:55:00-04:00,658.94,659.64,658.77,659.59,570243.0,659.243,3740
2025-10-10 14:00:00-04:00,659.63,659.71,658.64,659.01,644792.0,658.96,4617
2025-10-10 14:05:00-04:00,659.01,659.44,658.71,658.93,536834.0,659.07,3677
2025-10-10 14:10:00-04:00,658.95,659.61,658.71,659.52,594003.0,659.088,3736
2025-10-10 14:15:00-04:00,659.53,659.9,658.69,659.06,733522.0,659.304,4889
2025-10-10 14:20:00-04:00,659.09,660.07,659.09,659.94,597560.0,659.685,4075
2025-10-10 14:25:00-04:00,659.93,660.09,659.04,659.1,573766.0,659.704,3392
2025-10-10 14:30:00-04:00,659.1,659.51,658.63,658.63,649123.0,658.998,4301
2025-10-10 14:35:00-04:00,658.63,658.85,658.4,658.55,762803.0,658.583,5346
2025-10-10 14:40:00-04:00,658.5,658.71,657.87,657.9,542696.0,658.316,3781
2025-10-10 14:45:00-04:00,657.9,658.53,657.4,657.71,754947.0,657.876,4913
2025-10-10 14:50:00-04:00,657.68,657.84,656.78,656.86,958488.0,657.14,5950
2025-10-10 14:55:00-04:00,656.85,657.68,656.78,657.18,847956.0,657.264,5362
2025-10-10 15:00:00-04:00,657.18,658.26,657.11,657.62,955288.0,657.602,5715
2025-10-10 15:05:00-04:00,657.62,657.8,657.12,657.18,685708.0,657.472,4243
2025-10-10 15:10:00-04:00,657.17,657.3,656.3,656.57,746232.0,656.759,4742
2025-10-10 15:15:00-04:00,656.54,657.23,656.37,657.06,900673.0,656.841,5476
2025-10-10 15:20:00-04:00,657.04,657.28,656.25,656.3,827350.0,656.637,4924
2025-10-10 15:25:00-04:00,656.31,656.68,655.51,655.99,1049690.0,656.049,6192
2025-10-10 15:30:00-04:00,656.01,656.32,655.43,655.6,1159363.0,655.904,7225
2025-10-10 15:35:00-04:00,655.55,655.55,654.06,654.2,1661224.0,654.717,10072
2025-10-10 15:40:00-04:00,654.2,656.09,654.14,656.06,2331039.0,655.184,13396
2025-10-10 15:45:00-04:00,656.08,656.81,655.71,655.96,2201542.0,656.224,13673
2025-10-10 15:50:00-04:00,655.95,656.05,653.65,653.67,2627372.0,654.873,15869
2025-10-10 15:55:00-04:00,653.65,653.66,652.84,653.11,6527664.0,653.192,40849
2025-10-13 09:30:00-04:00,660.65,661.67,660.53,660.71,3117930.0,661.033,20272
2025-10-13 09:35:00-04:00,660.72,660.95,659.8,660.6,2078448.0,660.381,15487
2025-10-13 09:40:00-04:00,660.58,661.52,659.93,661.09,1775895.0,660.675,13340
2025-10-13 09:45:00-04:00,661.08,661.48,660.34,661.17,1301566.0,660.93,9796
2025-10-13 09:50:00-04:00,661.17,662.11,660.87,661.61,1333282.0,661.79,9070
2025-10-13 09:55:00-04:00,661.62,663.0,661.51,662.88,1312906.0,662.282,9312
2025-10-13 10:00:00-04:00,662.87,663.23,662.06,663.03,1574063.0,662.702,11330
2025-10-13 10:05:00-04:00,663.03,663.08,662.3,662.66,1014742.0,662.681,7272
2025-10-13 10:10:00-04:00,662.65,662.7,661.92,662.2,1004315.0,662.328,6826
2025-10-13 10:15:00-04:00,662.2,662.78,662.01,662.03,649368.0,662.403,4837
2025-10-13 10:20:00-04:00,662.03,662.22,660.38,661.26,1102355.0,661.192,7751
2025-10-13 10:25:00-04:00,661.26,661.26,660.11,660.85,924946.0,660.599,6400
2025-10-13 10:30:00-04:00,660.88,661.62,660.16,661.62,703068.0,660.865,5173
2025-10-13 10:35:00-04:00,661.62,662.48,661.55,662.26,661102.0,662.03,4995
2025-10-13 10:40:00-04:00,662.26,662.46,661.26,661.52,605120.0,661.823,4189
2025-10-13 10:45:00-04:00,661.49,661.88,660.86,660.94,544334.0,661.311,4306
2025-10-13 10:50:00-04:00,660.93,661.14,660.33,660.67,614775.0,660.729,4455
2025-10-13 10:55:00-04:00,660.65,660.67,659.95,660.23,662611.0,660.192,4361
2025-10-13 11:00:00-04:00,660.22,660.63,659.89,660.16,701214.0,660.239,4597
2025-10-13 11:05:00-04:00,660.17,660.75,659.76,660.73,596809.0,660.111,3931
2025-10-13 11:10:00-04:00,660.73,661.62,660.69,661.45,550374.0,661.206,3503
2025-10-13 11:15:00-04:00,661.44,662.3,661.42,662.3,521788.0,661.936,3516
2025-10-13 11:20:00-04:00,662.3,662.85,662.27,662.38,730039.0,662.562,5193
2025-10-13 11:25:00-04:00,662.39,662.8,662.29,662.72,461315.0,662.541,3342
2025-10-13 11:30:00-04:00,662.72,663.18,662.63,663.01,489108.0,662.901,3547
2025-10-13 11:35:00-04:00,663.02,663.16,662.71,662.74,508774.0,662.913,3825
2025-10-13 11:40:00-04:00,662.74,662.84,662.23,662.3,454596.0,662.531,3309
2025-10-13 11:45:00-04:00,662.3,662.87,662.23,662.86,530022.0,662.589,3335
2025-10-13 11:50:00-04:00,662.86,663.01,662.52,662.87,342313.0,662.808,2416
2025-10-13 11:55:00-04:00,662.85,663.17,662.78,662.97,275150.0,662.969,1848
2025-10-13 12:00:00-04:00,662.98,663.12,662.74,663.05,293767.0,662.974,2112
2025-10-13 12:05:00-04:00,663.06,663.37,662.69,663.16,446835.0,663.0,3160
2025-10-13 12:10:00-04:00,663.15,663.46,662.95,663.37,293194.0,663.191,2029
2025-10-13 12:15:00-04:00,663.4,663.78,663.4,663.69,508250.0,663.617,3234
2025-10-13 12:20:00-04:00,663.69,665.13,662.64,663.54,1737636.0,663.326,12241
2025-10-13 12:25:00-04:00,663.54,663.77,663.26,663.49,378412.0,663.489,2754
2025-10-13 12:30:00-04:00,663.49,663.89,663.39,663.71,236970.0,663.665,1706
2025-10-13 12:35:00-04:00,663.75,663.8,663.23,663.39,258800.0,663.479,1853
2025-10-13 12:40:00-04:00,663.39,663.46,663.02,663.29,277123.0,663.216,2110
2025-10-13 12:45:00-04:00,663.29,663.82,663.05,663.69,448620.0,663.325,3326
2025-10-13 12:50:00-04:00,663.69,663.87,663.51,663.79,338517.0,663.693,2513
2025-10-13 12:55:00-04:00,663.8,664.37,663.75,664.24,488022.0,664.147,3540
2025-10-13 13:00:00-04:00,664.25,664.61,664.13,664.48,436884.0,664.386,3070
2025-10-13 13:05:00-04:00,664.47,664.52,664.24,664.25,286797.0,664.377,2201
2025-10-13 13:10:00-04:00,664.26,664.32,663.36,663.5,499874.0,663.822,3003
2025-10-13 13:15:00-04:00,663.51,663.64,662.91,663.18,335491.0,663.284,2231
2025-10-13 13:20:00-04:00,663.18,663.77,663.04,663.35,286156.0,663.387,1929
2025-10-13 13:25:00-04:00,663.35,663.35,662.96,663.12,219348.0,663.139,1566
2025-10-13 13:30:00-04:00,663.13,663.31,662.91,662.93,208798.0,663.102,1504
2025-10-13 13:35:00-04:00,662.96,663.23,662.84,662.95,293840.0,663.009,2000
2025-10-13 13:40:00-04:00,662.96,663.11,662.66,662.72,299595.0,662.849,2093
2025-10-13 13:45:00-04:00,662.71,662.97,662.63,662.72,234926.0,662.745,1669
2025-10-13 13:50:00-04:00,662.72,662.9,662.37,662.9,382449.0,662.565,2259
2025-10-13 13:55:00-04:00,662.9,663.27,662.49,663.26,287774.0,662.874,1799
2025-10-13 14:00:00-04:00,663.25,663.59,663.17,663.38,298066.0,663.376,1974
2025-10-13 14:05:00-04:00,663.37,663.62,663.33,663.54,422609.0,663.503,2626
2025-10-13 14:10:00-04:00,663.54,663.74,663.36,663.44,302979.0,663.569,2255
2025-10-13 14:15:00-04:00,663.42,663.7,663.42,663.49,272667.0,663.544,1947
2025-10-13 14:20:00-04:00,663.49,664.05,663.49,663.97,376688.0,663.784,2574
2025-10-13 14:25:00-04:00,663.96,664.04,663.8,663.94,394650.0,663.928,2484
2025-10-13 14:30:00-04:00,663.94,664.27,663.74,663.82,485625.0,664.07,3673
2025-10-13 14:35:00-04:00,663.83,663.9,663.25,663.38,569649.0,663.589,3276
2025-10-13 14:40:00-04:00,663.38,663.48,662.7,663.05,526749.0,663.049,3779
2025-10-13 14:45:00-04:00,663.05,663.08,662.61,662.76,426474.0,662.817,2800
2025-10-13 14:50:00-04:00,662.76,663.02,662.15,662.3,595854.0,662.515,4326
2025-10-13 14:55:00-04:00,662.29,662.35,661.82,662.08,688145.0,662.078,4932
2025-10-13 15:00:00-04:00,662.09,662.36,661.68,661.92,583735.0,661.968,4050
2025-10-13 15:05:00-04:00,661.93,662.58,661.83,662.44,771168.0,662.361,4313
2025-10-13 15:10:00-04:00,662.41,662.69,662.04,662.16,539442.0,662.421,3757
2025-10-13 15:15:00-04:00,662.15,662.89,662.06,662.79,456617.0,662.588,2851
2025-10-13 15:20:00-04:00,662.8,663.35,662.78,663.12,673082.0,663.142,4147
2025-10-13 15:25:00-04:00,663.12,663.2,662.64,662.82,522950.0,662.916,3235
2025-10-13 15:30:00-04:00,662.8,663.04,662.63,663.01,663596.0,662.866,4075
2025-10-13 15:35:00-04:00,663.02,663.19,662.83,663.14,687456.0,663.018,4398
2025-10-13 15:40:00-04:00,663.14,663.54,663.1,663.41,680757.0,663.36,4356
2025-10-13 15:45:00-04:00,663.4,663.43,662.91,662.99,1060803.0,663.151,6439
2025-10-13 15:50:00-04:00,662.99,663.65,662.77,663.53,1814731.0,663.337,11667
2025-10-13 15:55:00-04:00,663.54,663.65,662.99,663.05,2795038.0,663.195,15572
2025-10-14 09:30:00-04:00,657.18,657.41,655.88,655.93,2369644.0,656.735,16949
2025-10-14 09:35:00-04:00,655.94,655.95,654.39,655.25,1804792.0,655.127,12476
2025-10-14 09:40:00-04:00,655.25,655.46,653.3,653.76,1464225.0,654.391,10381
2025-10-14 09:45:00-04:00,653.77,655.22,653.17,654.51,1659218.0,654.398,11223
2025-10-14 09:50:00-04:00,654.51,656.1,654.11,656.01,1406518.0,655.095,10234
2025-10-14 09:55:00-04:00,656.03,656.96,655.99,656.82,1084679.0,656.533,8074
2025-10-14 10:00:00-04:00,656.8,657.71,656.49,657.55,1011043.0,656.916,7138
2025-10-14 10:05:00-04:00,657.56,657.88,657.05,657.19,1044328.0,657.553,7154
2025-10-14 10:10:00-04:00,657.2,658.36,657.19,658.25,985167.0,657.804,6361
2025-10-14 10:15:00-04:00,658.24,658.63,657.81,658.52,1184054.0,658.376,8063
2025-10-14 10:20:00-04:00,658.53,659.29,658.39,659.21,956325.0,658.916,6315
2025-10-14 10:25:00-04:00,659.2,659.91,659.17,659.79,827903.0,659.581,5713
2025-10-14 10:30:00-04:00,659.78,659.86,659.04,659.45,751213.0,659.422,5446
2025-10-14 10:35:00-04:00,659.45,660.17,659.45,660.0,623922.0,659.867,4049
2025-10-14 10:40:00-04:00,660.0,660.28,659.79,659.8,466826.0,660.037,3173
2025-10-14 10:45:00-04:00,659.8,660.32,659.52,660.08,512339.0,659.868,3409
2025-10-14 10:50:00-04:00,660.08,660.18,659.15,659.84,589981.0,659.666,4040
2025-10-14 10:55:00-04:00,659.83,659.96,659.19,659.75,379332.0,659.654,2697
2025-10-14 11:00:00-04:00,659.76,660.68,659.74,660.65,481234.0,660.29,3367
2025-10-14 11:05:00-04:00,660.64,661.11,660.14,660.2,533535.0,660.732,3570
2025-10-14 11:10:00-04:00,660.18,660.51,659.86,660.12,374745.0,660.224,2552
2025-10-14 11:15:00-04:00,660.13,660.27,659.49,659.65,399405.0,659.92,2565
2025-10-14 11:20:00-04:00,659.69,660.47,659.6,660.47,384874.0,660.109,2426
2025-10-14 11:25:00-04:00,660.48,660.48,659.54,659.68,358074.0,659.885,2515
2025-10-14 11:30:00-04:00,659.68,660.31,659.64,660.18,333032.0,660.03,2489
2025-10-14 11:35:00-04:00,660.19,661.25,659.9,660.17,1158564.0,660.581,8104
2025-10-14 11:40:00-04:00,660.16,661.52,659.86,661.29,695591.0,660.659,5166
2025-10-14 11:45:00-04:00,661.34,662.15,661.34,662.13,595545.0,661.743,4003
2025-10-14 11:50:00-04:00,662.11,663.08,662.04,662.71,686287.0,662.662,4434
2025-10-14 11:55:00-04:00,662.69,662.77,662.17,662.38,626148.0,662.518,4419
2025-10-14 12:00:00-04:00,662.41,662.62,661.9,662.09,434037.0,662.274,2861
2025-10-14 12:05:00-04:00,662.09,662.22,661.44,661.51,432119.0,661.747,2979
2025-10-14 12:10:00-04:00,661.52,662.16,661.52,662.06,430161.0,661.914,2658
2025-10-14 12:15:00-04:00,662.09,662.91,662.0,662.77,439844.0,662.452,3120
2025-10-14 12:20:00-04:00,662.78,663.96,662.76,663.29,1013319.0,663.47,6857
2025-10-14 12:25:00-04:00,663.28,663.79,663.14,663.63,430132.0,663.496,2691
2025-10-14 12:30:00-04:00,663.64,664.23,663.57,664.06,469224.0,663.873,3019
2025-10-14 12:35:00-04:00,664.03,664.48,663.87,664.08,477394.0,664.151,3090
2025-10-14 12:40:00-04:00,664.08,664.73,664.07,664.6,432299.0,664.498,2921
2025-10-14 12:45:00-04:00,664.61,665.35,664.61,665.07,657165.0,665.085,3989
2025-10-14 12:50:00-04:00,665.08,665.64,664.94,665.13,769754.0,665.33,4741
2025-10-14 12:55:00-04:00,665.13,665.14,664.35,664.37,625122.0,664.653,3896
2025-10-14 13:00:00-04:00,664.36,664.6,663.65,664.54,524598.0,664.09,3597
2025-10-14 13:05:00-04:00,664.51,665.0,664.49,664.79,312194.0,664.748,2244
2025-10-14 13:10:00-04:00,664.8,665.27,664.75,664.89,350446.0,665.067,2235
2025-10-14 13:15:00-04:00,664.89,665.13,664.56,664.69,294888.0,664.953,2141
2025-10-14 13:20:00-04:00,664.69,665.23,664.69,665.21,355761.0,665.014,2475
2025-10-14 13:25:00-04:00,665.21,665.58,665.15,665.35,428235.0,665.33,2695
2025-10-14 13:30:00-04:00,665.34,665.51,664.53,664.67,450533.0,665.062,2912
2025-10-14 13:35:00-04:00,664.68,664.78,664.39,664.65,303264.0,664.578,2110
2025-10-14 13:40:00-04:00,664.67,665.33,664.63,665.33,336482.0,665.046,2327
2025-10-14 13:45:00-04:00,665.34,665.64,665.11,665.48,370953.0,665.399,2555
2025-10-14 13:50:00-04:00,665.48,665.83,665.19,665.34,321400.0,665.503,2026
2025-10-14 13:55:00-04:00,665.34,665.4,665.01,665.13,328683.0,665.214,2256
2025-10-14 14:00:00-04:00,665.15,665.29,664.73,664.91,469940.0,664.997,2903
2025-10-14 14:05:00-04:00,664.9,664.95,664.62,664.82,504412.0,664.784,3104
2025-10-14 14:10:00-04:00,664.81,665.37,664.75,665.05,381655.0,665.069,2249
2025-10-14 14:15:00-04:00,665.05,665.28,664.92,665.05,287857.0,665.104,1865
2025-10-14 14:20:00-04:00,665.05,665.12,664.6,664.88,266384.0,664.814,1884
2025-10-14 14:25:00-04:00,664.88,665.35,664.6,665.12,307490.0,665.044,1949
2025-10-14 14:30:00-04:00,665.11,665.35,664.99,665.0,418787.0,665.165,2843
2025-10-14 14:35:00-04:00,665.0,665.09,664.5,664.56,263033.0,664.829,1650
2025-10-14 14:40:00-04:00,664.53,664.78,664.45,664.72,281322.0,664.612,1992
2025-10-14 14:45:00-04:00,664.72,665.0,664.61,664.98,255268.0,664.837,1525
2025-10-14 14:50:00-04:00,664.98,665.2,664.85,665.08,315160.0,665.034,1870
2025-10-14 14:55:00-04:00,665.08,665.12,664.72,664.9,288440.0,664.887,1742
2025-10-14 15:00:00-04:00,664.91,665.36,664.91,665.06,491999.0,665.171,2866
2025-10-14 15:05:00-04:00,665.06,665.31,664.85,664.9,339853.0,665.116,2219
2025-10-14 15:10:00-04:00,664.89,665.13,664.64,664.77,339640.0,664.904,2191
2025-10-14 15:15:00-04:00,664.77,665.1,664.73,664.88,323762.0,664.898,2188
2025-10-14 15:20:00-04:00,664.88,665.28,664.87,665.16,448278.0,665.114,2957
2025-10-14 15:25:00-04:00,665.16,665.32,664.75,664.79,497854.0,665.037,3337
2025-10-14 15:30:00-04:00,664.79,664.8,664.25,664.3,796125.0,664.509,4947
2025-10-14 15:35:00-04:00,664.32,664.43,661.37,663.03,3929322.0,662.708,25172
2025-10-14 15:40:00-04:00,663.03,663.13,660.47,660.85,2249314.0,661.79,14866
2025-10-14 15:45:00-04:00,660.87,661.79,660.28,661.5,2476910.0,661.084,17768
2025-10-14 15:50:00-04:00,661.5,662.33,661.01,662.02,2203121.0,661.774,15213
2025-10-14 15:55:00-04:00,662.01,662.61,661.64,662.2,3355597.0,662.175,21212
2025-10-15 09:30:00-04:00,666.82,667.17,666.23,666.55,2229993.0,666.67,14280
2025-10-15 09:35:00-04:00,666.55,667.46,666.48,666.64,1185078.0,666.94,8577
2025-10-15 09:40:00-04:00,666.64,667.63,666.63,667.19,1069358.0,667.161,8256
2025-10-15 09:45:00-04:00,667.2,667.88,666.05,666.35,1275508.0,667.014,9322
2025-10-15 09:50:00-04:00,666.35,667.82,666.16,667.59,1272714.0,667.192,7336
2025-10-15 09:55:00-04:00,667.58,668.58,667.54,668.31,865628.0,668.202,5732
2025-10-15 10:00:00-04:00,668.34,668.98,668.31,668.96,759441.0,668.701,4995
2025-10-15 10:05:00-04:00,668.95,670.03,668.94,669.98,928616.0,669.568,5715
2025-10-15 10:10:00-04:00,670.04,670.23,669.39,669.48,807344.0,669.733,5002
2025-10-15 10:15:00-04:00,669.5,669.82,669.16,669.47,424028.0,669.508,2974
2025-10-15 10:20:00-04:00,669.49,670.01,669.35,669.86,312698.0,669.689,2251
2025-10-15 10:25:00-04:00,669.85,669.94,669.4,669.61,448882.0,669.674,2793
2025-10-15 10:30:00-04:00,669.63,669.9,669.31,669.35,404880.0,669.638,2641
2025-10-15 10:35:00-04:00,669.35,669.58,669.01,669.09,315781.0,669.305,2307
2025-10-15 10:40:00-04:00,669.1,669.34,668.82,669.17,421222.0,669.061,3064
2025-10-15 10:45:00-04:00,669.17,669.27,668.78,668.88,289959.0,669.08,2197
2025-10-15 10:50:00-04:00,668.88,669.03,668.63,668.78,315535.0,668.846,2115
2025-10-15 10:55:00-04:00,668.78,669.28,668.63,669.02,327436.0,668.908,2172
2025-10-15 11:00:00-04:00,669.03,669.17,668.54,668.72,281228.0,668.9,1956
2025-10-15 11:05:00-04:00,668.71,668.88,668.48,668.58,232125.0,668.625,1609
2025-10-15 11:10:00-04:00,668.6,668.61,667.89,668.29,396952.0,668.205,2549
2025-10-15 11:15:00-04:00,668.29,668.45,667.73,667.84,311718.0,667.998,1985
2025-10-15 11:20:00-04:00,667.85,668.16,667.67,667.96,444720.0,667.894,2460
2025-10-15 11:25:00-04:00,667.95,668.37,667.65,667.71,380657.0,668.073,2518
2025-10-15 11:30:00-04:00,667.69,667.84,666.52,666.78,523756.0,667.28,3222
2025-10-15 11:35:00-04:00,666.78,666.82,665.84,666.37,916655.0,666.262,5787
2025-10-15 11:40:00-04:00,666.39,666.4,665.01,665.59,840563.0,665.598,5338
2025-10-15 11:45:00-04:00,665.59,665.6,664.6,664.83,550371.0,665.083,3557
2025-10-15 11:50:00-04:00,664.82,664.87,663.91,664.56,937092.0,664.396,5914
2025-10-15 11:55:00-04:00,664.57,665.48,664.49,665.2,624797.0,665.196,4022
2025-10-15 12:00:00-04:00,665.22,666.01,665.07,665.36,756318.0,665.607,4561
2025-10-15 12:05:00-04:00,665.37,666.07,664.91,665.8,542551.0,665.477,3474
2025-10-15 12:10:00-04:00,665.81,665.9,665.23,665.64,330384.0,665.547,2225
2025-10-15 12:15:00-04:00,665.6,665.91,664.99,665.22,314504.0,665.414,2138
2025-10-15 12:20:00-04:00,665.24,665.77,665.17,665.68,326750.0,665.462,2261
2025-10-15 12:25:00-04:00,665.68,666.46,665.46,665.59,501992.0,666.052,2984
2025-10-15 12:30:00-04:00,665.58,665.75,664.97,665.05,250730.0,665.359,1592
2025-10-15 12:35:00-04:00,665.05,665.76,664.83,665.27,291640.0,665.267,1816
2025-10-15 12:40:00-04:00,665.28,665.4,664.8,665.08,273728.0,665.038,1833
2025-10-15 12:45:00-04:00,665.08,665.09,664.23,664.63,351871.0,664.546,2325
2025-10-15 12:50:00-04:00,664.62,664.63,663.97,664.17,309172.0,664.259,1997
2025-10-15 12:55:00-04:00,664.18,664.57,663.93,664.1,301215.0,664.277,1925
2025-10-15 13:00:00-04:00,664.09,664.11,662.55,662.96,1085221.0,662.966,6986
2025-10-15 13:05:00-04:00,663.01,663.09,661.45,661.76,909856.0,662.22,6067
2025-10-15 13:10:00-04:00,661.79,661.87,659.86,659.9,1674390.0,660.773,10721
2025-10-15 13:15:00-04:00,659.89,661.02,658.93,660.57,1993087.0,660.059,12758
2025-10-15 13:20:00-04:00,660.55,661.43,660.03,661.19,938774.0,660.775,5936
2025-10-15 13:25:00-04:00,661.2,661.93,660.63,660.86,713260.0,661.225,4331
2025-10-15 13:30:00-04:00,660.89,661.91,660.7,661.73,472815.0,661.252,3054
2025-10-15 13:35:00-04:00,661.68,662.57,661.68,662.38,604165.0,662.319,3665
2025-10-15 13:40:00-04:00,662.42,662.99,662.2,662.94,425019.0,662.676,2825
2025-10-15 13:45:00-04:00,662.93,663.71,662.93,663.67,482203.0,663.358,3093
2025-10-15 13:50:00-04:00,663.69,664.26,663.65,664.19,509492.0,663.986,3384
2025-10-15 13:55:00-04:00,664.19,664.51,663.65,664.31,447386.0,664.051,2925
2025-10-15 14:00:00-04:00,664.32,664.58,663.45,663.72,558946.0,663.996,3393
2025-10-15 14:05:00-04:00,663.75,664.22,663.63,664.13,392135.0,663.956,2366
2025-10-15 14:10:00-04:00,664.12,664.56,663.75,664.35,338818.0,664.211,2123
2025-10-15 14:15:00-04:00,664.34,664.77,664.18,664.32,372009.0,664.473,2040
2025-10-15 14:20:00-04:00,664.31,664.91,664.21,664.45,350284.0,664.543,1938
2025-10-15 14:25:00-04:00,664.46,664.71,664.22,664.31,224665.0,664.473,1300
2025-10-15 14:30:00-04:00,664.32,664.96,664.19,664.85,402082.0,664.594,1682
2025-10-15 14:35:00-04:00,664.85,664.99,664.65,664.89,201667.0,664.82,1191
2025-10-15 14:40:00-04:00,664.9,665.47,664.86,665.03,355353.0,665.147,2248
2025-10-15 14:45:00-04:00,665.03,665.23,664.7,664.96,250572.0,664.935,1374
2025-10-15 14:50:00-04:00,664.96,665.56,664.9,665.48,357791.0,665.334,2074
2025-10-15 14:55:00-04:00,665.49,665.84,665.32,665.73,397121.0,665.667,2409
2025-10-15 15:00:00-04:00,665.73,665.83,665.22,665.37,419395.0,665.492,2396
2025-10-15 15:05:00-04:00,665.36,665.4,664.8,664.98,486719.0,665.061,2984
2025-10-15 15:10:00-04:00,664.96,665.16,664.61,665.13,357461.0,664.93,2296
2025-10-15 15:15:00-04:00,665.12,665.75,665.11,665.66,490405.0,665.491,2848
2025-10-15 15:20:00-04:00,665.68,665.79,665.33,665.47,406009.0,665.527,2540
2025-10-15 15:25:00-04:00,665.47,665.61,665.31,665.36,332505.0,665.458,1992
2025-10-15 15:30:00-04:00,665.37,665.46,665.14,665.19,398226.0,665.295,2445
2025-10-15 15:35:00-04:00,665.19,665.19,663.98,664.08,1083174.0,664.423,7154
2025-10-15 15:40:00-04:00,664.08,664.78,663.86,664.78,894014.0,664.341,5674
2025-10-15 15:45:00-04:00,664.78,664.8,664.48,664.59,811645.0,664.641,5257
2025-10-15 15:50:00-04:00,664.6,664.73,663.43,663.54,1067905.0,663.976,7281
2025-10-15 15:55:00-04:00,663.53,665.23,663.25,665.08,5867130.0,664.749,24888
2025-10-16 09:30:00-04:00,666.84,667.52,666.54,667.0,1317829.0,666.99,8623
2025-10-16 09:35:00-04:00,667.01,667.15,666.56,666.75,917106.0,666.812,7124
2025-10-16 09:40:00-04:00,666.76,667.3,666.19,667.29,961159.0,666.718,7457
2025-10-16 09:45:00-04:00,667.29,668.08,666.5,666.57,1188941.0,667.347,8688
2025-10-16 09:50:00-04:00,666.58,666.81,666.11,666.66,952361.0,666.431,6670
2025-10-16 09:55:00-04:00,666.69,667.23,666.25,666.63,848853.0,666.815,6067
2025-10-16 10:00:00-04:00,666.63,666.91,666.01,666.59,820229.0,666.563,5594
2025-10-16 10:05:00-04:00,666.59,667.07,665.98,666.22,859758.0,666.453,5516
2025-10-16 10:10:00-04:00,666.2,666.45,665.42,665.81,987577.0,665.85,6527
2025-10-16 10:15:00-04:00,665.82,667.0,665.51,666.68,845539.0,666.451,5539
2025-10-16 10:20:00-04:00,666.66,667.57,666.6,666.91,818351.0,667.116,5298
2025-10-16 10:25:00-04:00,666.92,667.37,666.24,666.93,720958.0,666.746,4460
2025-10-16 10:30:00-04:00,666.95,667.43,666.79,667.35,407752.0,667.095,2781
2025-10-16 10:35:00-04:00,667.33,667.87,667.19,667.5,636550.0,667.579,4286
2025-10-16 10:40:00-04:00,667.48,668.71,667.46,668.47,820850.0,668.26,5370
2025-10-16 10:45:00-04:00,668.45,668.65,667.46,667.8,832251.0,668.044,5399
2025-10-16 10:50:00-04:00,667.76,667.83,666.98,667.7,630170.0,667.308,4247
2025-10-16 10:55:00-04:00,667.69,667.88,666.93,667.09,509634.0,667.353,3294
2025-10-16 11:00:00-04:00,667.09,667.65,667.0,667.19,462006.0,667.286,3356
2025-10-16 11:05:00-04:00,667.2,667.83,666.57,667.74,527745.0,667.194,3364
2025-10-16 11:10:00-04:00,667.73,668.0,667.34,667.91,383426.0,667.806,2512
2025-10-16 11:15:00-04:00,667.91,668.01,667.34,667.85,441597.0,667.72,2881
2025-10-16 11:20:00-04:00,667.84,668.04,667.02,667.09,377270.0,667.487,2620
2025-10-16 11:25:00-04:00,667.11,667.11,665.47,665.82,1059005.0,666.055,6984
2025-10-16 11:30:00-04:00,665.81,666.47,664.95,666.45,1177945.0,665.639,8026
2025-10-16 11:35:00-04:00,666.45,666.78,665.96,666.31,566463.0,666.371,3737
2025-10-16 11:40:00-04:00,666.31,666.36,664.75,665.13,938773.0,665.315,6159
2025-10-16 11:45:00-04:00,665.13,665.18,664.33,664.58,912789.0,664.69,6249
2025-10-16 11:50:00-04:00,664.58,665.52,664.58,664.79,699303.0,665.031,5238
2025-10-16 11:55:00-04:00,664.8,664.87,663.93,664.52,706713.0,664.39,4794
2025-10-16 12:00:00-04:00,664.51,664.6,663.72,664.55,538405.0,664.107,3721
2025-10-16 12:05:00-04:00,664.54,665.11,664.27,664.56,531965.0,664.68,3538
2025-10-16 12:10:00-04:00,664.59,665.15,664.2,664.7,963695.0,664.703,6304
2025-10-16 12:15:00-04:00,664.69,665.09,663.09,663.23,504042.0,664.083,3631
2025-10-16 12:20:00-04:00,663.21,663.9,662.8,663.57,764786.0,663.347,4701
2025-10-16 12:25:00-04:00,663.62,663.8,662.29,662.47,788305.0,662.661,5088
2025-10-16 12:30:00-04:00,662.48,662.5,659.7,659.95,2029747.0,660.63,13732
2025-10-16 12:35:00-04:00,659.92,661.24,659.92,660.5,1373487.0,660.704,9580
2025-10-16 12:40:00-04:00,660.5,661.61,659.84,660.82,1218252.0,660.832,8382
2025-10-16 12:45:00-04:00,660.82,661.04,659.33,660.94,1142911.0,660.223,7904
2025-10-16 12:50:00-04:00,660.91,662.05,660.83,661.68,940729.0,661.489,6804
2025-10-16 12:55:00-04:00,661.71,663.5,661.67,663.37,1169140.0,662.836,7800
2025-10-16 13:00:00-04:00,663.37,663.66,661.61,661.98,1150383.0,662.712,7696
2025-10-16 13:05:00-04:00,662.03,663.11,661.34,662.64,1147388.0,662.344,7907
2025-10-16 13:10:00-04:00,662.62,663.43,662.18,662.65,980710.0,662.962,6722
2025-10-16 13:15:00-04:00,662.65,664.26,662.35,663.56,749641.0,663.563,5064
2025-10-16 13:20:00-04:00,663.57,663.71,662.26,662.76,740929.0,662.885,5032
2025-10-16 13:25:00-04:00,662.82,663.63,662.55,663.51,375923.0,663.175,2516
2025-10-16 13:30:00-04:00,663.5,664.0,662.93,663.18,525128.0,663.489,3291
2025-10-16 13:35:00-04:00,663.21,663.63,662.67,662.7,359554.0,663.275,2403
2025-10-16 13:40:00-04:00,662.68,662.76,661.54,661.97,864197.0,662.028,5786
2025-10-16 13:45:00-04:00,661.98,662.32,661.48,662.1,608210.0,661.875,4188
2025-10-16 13:50:00-04:00,662.11,662.17,661.12,661.42,470674.0,661.547,3153
2025-10-16 13:55:00-04:00,661.43,662.07,661.42,661.81,562911.0,661.748,3707
2025-10-16 14:00:00-04:00,661.81,661.95,660.2,660.21,643667.0,661.161,4084
2025-10-16 14:05:00-04:00,660.22,660.43,659.45,659.68,1179484.0,659.851,7203
2025-10-16 14:10:00-04:00,659.69,659.92,658.02,658.42,1168200.0,658.794,7779
2025-10-16 14:15:00-04:00,658.43,658.88,657.45,657.81,1427465.0,658.189,9430
2025-10-16 14:20:00-04:00,657.79,659.42,657.7,658.92,1127703.0,658.785,6761
2025-10-16 14:25:00-04:00,658.92,659.18,657.85,658.38,760838.0,658.315,4498
2025-10-16 14:30:00-04:00,658.39,658.81,657.11,657.35,1053442.0,657.907,7081
2025-10-16 14:35:00-04:00,657.38,659.24,657.19,658.74,1027784.0,658.593,6285
2025-10-16 14:40:00-04:00,658.72,660.33,658.54,659.93,974256.0,659.535,6223
2025-10-16 14:45:00-04:00,659.95,660.69,659.65,659.79,790797.0,660.134,5272
2025-10-16 14:50:00-04:00,659.86,660.42,659.45,660.42,522465.0,659.952,3419
2025-10-16 14:55:00-04:00,660.41,660.64,659.99,660.52,549487.0,660.323,3451
2025-10-16 15:00:00-04:00,660.51,660.75,659.71,660.18,566874.0,660.14,4051
2025-10-16 15:05:00-04:00,660.18,660.52,659.81,660.22,638973.0,660.148,4415
2025-10-16 15:10:00-04:00,660.23,660.93,659.4,659.43,848070.0,660.058,5799
2025-10-16 15:15:00-04:00,659.44,659.7,658.72,658.93,766103.0,659.096,4794
2025-10-16 15:20:00-04:00,658.92,659.5,657.99,659.29,964566.0,658.61,6033
2025-10-16 15:25:00-04:00,659.29,659.53,658.59,658.91,698112.0,659.023,4860
2025-10-16 15:30:00-04:00,658.92,659.16,658.14,658.58,958146.0,658.612,4972
2025-10-16 15:35:00-04:00,658.59,659.62,658.32,658.81,1071072.0,658.896,6578
2025-10-16 15:40:00-04:00,658.8,659.58,658.8,659.46,744698.0,659.252,4830
2025-10-16 15:45:00-04:00,659.47,660.32,659.17,660.24,1416136.0,659.737,9054
2025-10-16 15:50:00-04:00,660.24,661.01,659.92,660.85,2105491.0,660.569,12640
2025-10-16 15:55:00-04:00,660.86,661.25,659.94,660.67,4138817.0,660.482,22808
2025-10-17 09:30:00-04:00,659.52,660.58,658.71,660.49,2912918.0,659.584,22072
2025-10-17 09:35:00-04:00,660.5,661.36,659.65,659.82,1601076.0,660.537,12817
2025-10-17 09:40:00-04:00,659.79,660.04,658.23,658.65,1372774.0,659.207,9980
2025-10-17 09:45:00-04:00,658.64,660.65,658.35,660.11,1547440.0,659.212,11463
2025-10-17 09:50:00-04:00,660.11,662.02,660.04,661.69,1503933.0,661.088,10371
2025-10-17 09:55:00-04:00,661.71,662.48,660.54,660.69,1346805.0,661.741,9209
2025-10-17 10:00:00-04:00,660.68,661.65,659.66,661.0,1072649.0,660.563,7300
2025-10-17 10:05:00-04:00,660.97,661.8,660.67,660.83,600456.0,661.202,4301
2025-10-17 10:10:00-04:00,660.82,663.31,660.67,663.1,963333.0,662.113,6150
2025-10-17 10:15:00-04:00,663.13,663.72,661.98,662.14,1023612.0,662.891,6956
2025-10-17 10:20:00-04:00,662.15,662.91,661.54,662.5,769635.0,662.212,5219
2025-10-17 10:25:00-04:00,662.49,662.96,661.98,662.31,608034.0,662.422,4299
2025-10-17 10:30:00-04:00,662.31,662.4,661.09,661.16,546457.0,661.766,3926
2025-10-17 10:35:00-04:00,661.17,661.24,660.29,660.34,724519.0,660.662,5061
2025-10-17 10:40:00-04:00,660.33,661.62,660.07,660.36,820509.0,660.702,5761
2025-10-17 10:45:00-04:00,660.35,661.75,660.15,661.14,565773.0,660.858,4053
2025-10-17 10:50:00-04:00,661.17,661.68,660.61,660.79,486260.0,661.061,3350
2025-10-17 10:55:00-04:00,660.79,660.82,659.33,659.58,651764.0,659.81,4298
2025-10-17 11:00:00-04:00,659.56,661.41,659.31,660.99,814545.0,660.277,5572
2025-10-17 11:05:00-04:00,660.96,661.68,660.59,660.61,492388.0,661.102,3105
2025-10-17 11:10:00-04:00,660.6,661.4,659.12,659.13,564126.0,660.072,3602
2025-10-17 11:15:00-04:00,659.13,660.17,659.02,659.27,586515.0,659.507,3771
2025-10-17 11:20:00-04:00,659.27,659.56,658.71,658.87,569440.0,659.009,3742
2025-10-17 11:25:00-04:00,658.87,659.78,658.51,659.42,703066.0,659.239,3639
2025-10-17 11:30:00-04:00,659.44,659.86,658.71,659.03,619131.0,659.25,3721
2025-10-17 11:35:00-04:00,659.03,659.85,658.14,659.77,618506.0,658.851,4086
2025-10-17 11:40:00-04:00,659.76,660.71,659.72,660.5,721965.0,660.305,4425
2025-10-17 11:45:00-04:00,660.46,661.47,660.19,661.29,670456.0,660.829,3967
2025-10-17 11:50:00-04:00,661.27,661.89,660.93,661.4,585371.0,661.32,3840
2025-10-17 11:55:00-04:00,661.39,662.24,661.31,661.71,478052.0,661.878,3005
2025-10-17 12:00:00-04:00,661.7,662.96,661.63,662.64,497031.0,662.363,3365
2025-10-17 12:05:00-04:00,662.64,663.18,662.45,663.12,481539.0,662.881,3181
2025-10-17 12:10:00-04:00,663.11,663.11,662.46,662.72,507958.0,662.78,3290
2025-10-17 12:15:00-04:00,662.71,663.36,662.23,662.48,489960.0,662.916,3311
2025-10-17 12:20:00-04:00,662.48,663.1,662.42,662.94,276752.0,662.749,1795
2025-10-17 12:25:00-04:00,662.93,663.35,662.61,663.11,316874.0,663.094,2135
2025-10-17 12:30:00-04:00,663.13,663.64,662.7,662.78,471140.0,663.248,2874
2025-10-17 12:35:00-04:00,662.79,663.4,662.48,662.69,390599.0,662.834,2329
2025-10-17 12:40:00-04:00,662.7,662.91,661.99,662.34,366018.0,662.378,2322
2025-10-17 12:45:00-04:00,662.33,663.17,661.66,663.07,518140.0,662.358,3296
2025-10-17 12:50:00-04:00,663.07,663.54,661.71,661.75,490561.0,662.625,3162
2025-10-17 12:55:00-04:00,661.78,662.19,661.25,662.0,462684.0,661.664,2865
2025-10-17 13:00:00-04:00,662.02,662.06,661.31,661.56,387538.0,661.692,2439
2025-10-17 13:05:00-04:00,661.54,662.13,661.2,661.48,261996.0,661.628,1630
2025-10-17 13:10:00-04:00,661.48,661.9,660.96,661.6,314741.0,661.437,1824
2025-10-17 13:15:00-04:00,661.61,661.67,660.67,660.79,350586.0,661.137,2197
2025-10-17 13:20:00-04:00,660.79,661.77,660.55,661.41,428768.0,661.199,2835
2025-10-17 13:25:00-04:00,661.4,661.46,661.0,661.19,341843.0,661.213,1739
2025-10-17 13:30:00-04:00,661.16,662.1,661.02,662.06,444453.0,661.613,2628
2025-10-17 13:35:00-04:00,662.06,662.52,661.69,661.86,434298.0,662.109,2865
2025-10-17 13:40:00-04:00,661.84,662.05,660.98,661.12,352419.0,661.403,2214
2025-10-17 13:45:00-04:00,661.12,661.61,660.71,661.61,318956.0,661.036,2007
2025-10-17 13:50:00-04:00,661.6,662.97,661.52,662.85,479488.0,662.289,3170
2025-10-17 13:55:00-04:00,662.84,663.06,662.28,662.88,547435.0,662.721,3745
2025-10-17 14:00:00-04:00,662.87,663.56,662.87,663.22,566923.0,663.243,3363
2025-10-17 14:05:00-04:00,663.23,663.99,663.23,663.7,538777.0,663.675,3487
2025-10-17 14:10:00-04:00,663.7,664.0,663.24,663.67,535774.0,663.641,3215
2025-10-17 14:15:00-04:00,663.65,664.63,663.64,664.56,526246.0,664.155,3107
2025-10-17 14:20:00-04:00,664.56,665.04,664.56,664.62,640104.0,664.808,3687
2025-10-17 14:25:00-04:00,664.62,664.97,664.36,664.63,451122.0,664.627,2850
2025-10-17 14:30:00-04:00,664.65,664.88,664.3,664.6,316500.0,664.616,2086
2025-10-17 14:35:00-04:00,664.6,665.1,664.48,664.5,525085.0,664.796,3151
2025-10-17 14:40:00-04:00,664.49,664.77,664.09,664.22,554340.0,664.357,3111
2025-10-17 14:45:00-04:00,664.23,664.7,664.03,664.38,387048.0,664.353,2400
2025-10-17 14:50:00-04:00,664.4,664.65,664.11,664.35,360645.0,664.436,2236
2025-10-17 14:55:00-04:00,664.35,664.54,664.25,664.38,314030.0,664.385,1847
2025-10-17 15:00:00-04:00,664.39,664.91,664.36,664.77,493729.0,664.639,3003
2025-10-17 15:05:00-04:00,664.78,664.98,664.42,664.91,287760.0,664.73,1907
2025-10-17 15:10:00-04:00,664.91,665.54,664.79,665.39,573949.0,665.251,3524
2025-10-17 15:15:00-04:00,665.4,665.5,665.02,665.26,478747.0,665.229,3173
2025-10-17 15:20:00-04:00,665.25,665.76,665.24,665.63,767374.0,665.515,4231
2025-10-17 15:25:00-04:00,665.62,665.65,665.01,665.13,461260.0,665.206,2888
2025-10-17 15:30:00-04:00,665.13,665.13,664.24,664.77,824076.0,664.641,5208
2025-10-17 15:35:00-04:00,664.77,665.08,664.6,664.99,879121.0,664.821,4617
2025-10-17 15:40:00-04:00,664.99,665.11,664.58,664.69,836970.0,664.763,4440
2025-10-17 15:45:00-04:00,664.68,664.88,664.35,664.74,875778.0,664.607,5010
2025-10-17 15:50:00-04:00,664.71,664.78,664.12,664.6,1350564.0,664.464,8098
2025-10-17 15:55:00-04:00,664.57,664.71,664.03,664.31,2501989.0,664.38,13901
2025-10-20 09:30:00-04:00,667.3,668.81,667.27,668.55,1714038.0,668.202,10459
2025-10-20 09:35:00-04:00,668.56,669.02,668.44,668.66,1094518.0,668.821,7603
2025-10-20 09:40:00-04:00,668.67,669.13,668.38,668.69,790430.0,668.773,5177
2025-10-20 09:45:00-04:00,668.69,669.46,668.6,669.24,834412.0,669.081,5833
2025-10-20 09:50:00-04:00,669.25,669.39,668.94,669.13,527606.0,669.175,4036
2025-10-20 09:55:00-04:00,669.12,669.22,668.49,668.74,725836.0,668.767,5280
2025-10-20 10:00:00-04:00,668.75,669.49,668.73,669.28,773188.0,669.089,5198
2025-10-20 10:05:00-04:00,669.27,669.71,669.08,669.71,559246.0,669.459,3832
2025-10-20 10:10:00-04:00,669.72,669.79,669.45,669.56,605789.0,669.647,4133
2025-10-20 10:15:00-04:00,669.57,669.61,669.01,669.26,592821.0,669.313,4226
2025-10-20 10:20:00-04:00,669.26,669.79,669.13,669.73,331956.0,669.474,2463
2025-10-20 10:25:00-04:00,669.75,670.39,669.71,670.26,718334.0,670.129,4352
2025-10-20 10:30:00-04:00,670.26,670.3,669.87,669.89,497433.0,670.083,3526
2025-10-20 10:35:00-04:00,669.87,670.48,669.81,670.46,400862.0,670.181,2686
2025-10-20 10:40:00-04:00,670.46,670.86,670.42,670.84,583633.0,670.677,3561
2025-10-20 10:45:00-04:00,670.83,671.27,670.8,671.25,547191.0,671.072,3575
2025-10-20 10:50:00-04:00,671.25,671.34,671.04,671.31,511939.0,671.167,3591
2025-10-20 10:55:00-04:00,671.32,671.46,671.15,671.21,424955.0,671.284,2855
2025-10-20 11:00:00-04:00,671.22,671.25,670.82,670.96,523805.0,671.011,3357
2025-10-20 11:05:00-04:00,670.96,671.06,670.77,670.86,322978.0,670.895,2118
2025-10-20 11:10:00-04:00,670.87,670.97,670.31,670.31,480933.0,670.605,3181
2025-10-20 11:15:00-04:00,670.31,670.81,670.26,670.75,376846.0,670.574,2707
2025-10-20 11:20:00-04:00,670.74,670.93,670.67,670.93,230639.0,670.837,1654
2025-10-20 11:25:00-04:00,670.92,671.1,670.73,670.92,227253.0,670.911,1512
2025-10-20 11:30:00-04:00,670.93,671.06,670.73,670.89,186308.0,670.943,1334
2025-10-20 11:35:00-04:00,670.9,671.01,670.63,670.77,220177.0,670.82,1429
2025-10-20 11:40:00-04:00,670.8,670.94,670.63,670.79,262876.0,670.788,1549
2025-10-20 11:45:00-04:00,670.79,671.2,670.72,671.19,287461.0,670.968,1985
2025-10-20 11:50:00-04:00,671.19,671.31,670.4,670.8,1004687.0,670.803,6623
2025-10-20 11:55:00-04:00,670.78,670.81,670.16,670.55,461615.0,670.49,3267
2025-10-20 12:00:00-04:00,670.58,670.68,670.33,670.59,301182.0,670.477,2200
2025-10-20 12:05:00-04:00,670.58,670.87,670.46,670.48,255424.0,670.7,1607
2025-10-20 12:10:00-04:00,670.48,670.61,670.24,670.34,296767.0,670.389,2115
2025-10-20 12:15:00-04:00,670.34,670.69,670.21,670.61,262597.0,670.445,1655
2025-10-20 12:20:00-04:00,670.6,670.6,670.33,670.42,187675.0,670.469,1329
2025-10-20 12:25:00-04:00,670.4,670.94,670.4,670.81,258618.0,670.745,1692
2025-10-20 12:30:00-04:00,670.81,670.89,670.49,670.56,214565.0,670.737,1510
2025-10-20 12:35:00-04:00,670.57,670.68,670.3,670.66,210844.0,670.507,1422
2025-10-20 12:40:00-04:00,670.66,670.96,670.56,670.75,224723.0,670.8,1506
2025-10-20 12:45:00-04:00,670.75,670.92,670.59,670.89,167160.0,670.719,1171
2025-10-20 12:50:00-04:00,670.87,670.97,670.78,670.91,242998.0,670.887,1485
2025-10-20 12:55:00-04:00,670.9,671.09,670.83,671.05,281186.0,670.971,1968
2025-10-20 13:00:00-04:00,671.03,671.65,671.01,671.63,434191.0,671.348,2956
2025-10-20 13:05:00-04:00,671.63,671.69,671.44,671.56,351455.0,671.561,2289
2025-10-20 13:10:00-04:00,671.56,671.65,671.5,671.57,243819.0,671.579,1722
2025-10-20 13:15:00-04:00,671.57,672.01,671.54,671.94,355385.0,671.821,2249
2025-10-20 13:20:00-04:00,671.94,671.95,671.78,671.91,253273.0,671.859,1725
2025-10-20 13:25:00-04:00,671.94,671.95,671.57,671.61,312031.0,671.727,2015
2025-10-20 13:30:00-04:00,671.61,671.78,671.54,671.67,188024.0,671.666,1388
2025-10-20 13:35:00-04:00,671.67,671.91,671.63,671.85,139161.0,671.796,1045
2025-10-20 13:40:00-04:00,671.85,672.12,671.84,671.98,296486.0,671.999,1726
2025-10-20 13:45:00-04:00,671.99,672.04,671.87,672.03,171990.0,671.969,1143
2025-10-20 13:50:00-04:00,672.03,672.04,671.73,671.73,261330.0,671.861,1639
2025-10-20 13:55:00-04:00,671.74,671.84,671.63,671.8,177285.0,671.748,1299
2025-10-20 14:00:00-04:00,671.8,672.11,671.76,672.09,284659.0,672.002,2130
2025-10-20 14:05:00-04:00,672.1,672.2,672.02,672.14,294897.0,672.125,1950
2025-10-20 14:10:00-04:00,672.14,672.21,672.0,672.12,251004.0,672.124,1792
2025-10-20 14:15:00-04:00,672.12,672.21,671.92,672.02,253760.0,672.074,1742
2025-10-20 14:20:00-04:00,672.02,672.03,671.83,671.93,215512.0,671.938,1542
2025-10-20 14:25:00-04:00,671.92,671.94,671.73,671.84,279101.0,671.848,1907
2025-10-20 14:30:00-04:00,671.85,671.92,671.64,671.78,228420.0,671.735,1604
2025-10-20 14:35:00-04:00,671.79,671.82,671.68,671.7,297676.0,671.747,2050
2025-10-20 14:40:00-04:00,671.7,671.71,671.54,671.61,318895.0,671.64,2008
2025-10-20 14:45:00-04:00,671.6,671.61,671.17,671.39,446426.0,671.332,2893
2025-10-20 14:50:00-04:00,671.4,671.51,671.23,671.38,250060.0,671.349,1745
2025-10-20 14:55:00-04:00,671.38,671.78,671.38,671.66,483924.0,671.623,2949
2025-10-20 15:00:00-04:00,671.67,672.0,671.61,671.86,388069.0,671.836,2612
2025-10-20 15:05:00-04:00,671.86,672.03,671.81,671.88,271967.0,671.922,1899
2025-10-20 15:10:00-04:00,671.88,671.88,671.61,671.7,325281.0,671.722,2197
2025-10-20 15:15:00-04:00,671.7,671.72,671.36,671.42,414842.0,671.475,3095
2025-10-20 15:20:00-04:00,671.41,671.43,671.21,671.37,363951.0,671.321,2653
2025-10-20 15:25:00-04:00,671.38,671.8,671.36,671.71,456790.0,671.622,3154
2025-10-20 15:30:00-04:00,671.72,671.72,671.57,671.67,403978.0,671.649,2900
2025-10-20 15:35:00-04:00,671.66,671.86,671.57,671.75,422158.0,671.736,3057
2025-10-20 15:40:00-04:00,671.75,671.79,671.47,671.51,571736.0,671.617,3921
2025-10-20 15:45:00-04:00,671.51,671.99,671.49,671.93,928152.0,671.793,6178
2025-10-20 15:50:00-04:00,671.92,672.1,671.77,671.83,1150247.0,671.9,7158
2025-10-20 15:55:00-04:00,671.83,671.83,671.2,671.26,3432953.0,671.434,16510
2025-10-21 09:30:00-04:00,671.46,671.69,671.03,671.5,1476259.0,671.361,9759
2025-10-21 09:35:00-04:00,671.52,671.78,671.41,671.64,576150.0,671.627,4360
2025-10-21 09:40:00-04:00,671.63,671.69,670.69,671.15,659737.0,671.155,4864
2025-10-21 09:45:00-04:00,671.15,671.19,670.36,670.77,813489.0,670.759,5877
2025-10-21 09:50:00-04:00,670.79,671.11,670.71,670.95,508190.0,670.931,3642
2025-10-21 09:55:00-04:00,670.94,670.97,670.15,670.57,676011.0,670.483,4968
2025-10-21 10:00:00-04:00,670.56,670.73,669.98,670.28,687742.0,670.259,4588
2025-10-21 10:05:00-04:00,670.29,670.94,670.2,670.56,523013.0,670.639,3802
2025-10-21 10:10:00-04:00,670.56,671.05,670.4,670.96,544270.0,670.759,3793
2025-10-21 10:15:00-04:00,670.95,671.58,670.77,671.51,715635.0,671.129,4920
2025-10-21 10:20:00-04:00,671.5,671.9,671.32,671.56,591682.0,671.669,4330
2025-10-21 10:25:00-04:00,671.57,671.58,670.41,670.6,621522.0,670.962,4621
2025-10-21 10:30:00-04:00,670.59,670.91,670.26,670.9,511077.0,670.584,3615
2025-10-21 10:35:00-04:00,670.9,671.51,670.86,671.37,407013.0,671.216,2868
2025-10-21 10:40:00-04:00,671.37,671.75,671.15,671.31,431365.0,671.452,3116
2025-10-21 10:45:00-04:00,671.3,671.77,671.0,671.64,449212.0,671.445,3128
2025-10-21 10:50:00-04:00,671.63,672.18,671.62,672.1,534430.0,671.88,3752
2025-10-21 10:55:00-04:00,672.08,672.64,672.03,672.57,736127.0,672.389,5195
2025-10-21 11:00:00-04:00,672.57,672.68,672.2,672.33,794450.0,672.422,5765
2025-10-21 11:05:00-04:00,672.34,672.57,672.26,672.46,432039.0,672.446,3287
2025-10-21 11:10:00-04:00,672.46,672.74,672.37,672.46,421914.0,672.557,2911
2025-10-21 11:15:00-04:00,672.44,672.45,671.53,672.04,538949.0,672.017,3655
2025-10-21 11:20:00-04:00,672.05,672.08,671.67,671.84,337044.0,671.877,2481
2025-10-21 11:25:00-04:00,671.85,672.05,671.7,671.9,325124.0,671.897,2170
2025-10-21 11:30:00-04:00,671.9,672.21,671.89,672.0,326128.0,672.051,2333
2025-10-21 11:35:00-04:00,672.01,672.05,671.4,671.76,283621.0,671.705,2129
2025-10-21 11:40:00-04:00,671.77,672.12,671.74,671.9,284388.0,671.929,1811
2025-10-21 11:45:00-04:00,671.91,672.52,671.89,672.3,438760.0,672.265,3056
2025-10-21 11:50:00-04:00,672.31,672.49,672.23,672.28,360153.0,672.382,2417
2025-10-21 11:55:00-04:00,672.29,672.37,672.06,672.28,365683.0,672.209,2522
2025-10-21 12:00:00-04:00,672.27,672.66,672.14,672.44,512318.0,672.414,3626
2025-10-21 12:05:00-04:00,672.42,672.53,672.24,672.48,238741.0,672.373,1590
2025-10-21 12:10:00-04:00,672.45,672.54,672.34,672.46,289238.0,672.461,2036
2025-10-21 12:15:00-04:00,672.45,672.59,672.26,672.26,258154.0,672.412,1772
2025-10-21 12:20:00-04:00,672.25,672.64,672.16,672.55,356194.0,672.397,2157
2025-10-21 12:25:00-04:00,672.55,672.69,672.4,672.63,272521.0,672.582,1896
2025-10-21 12:30:00-04:00,672.65,672.8,672.59,672.76,506069.0,672.712,3146
2025-10-21 12:35:00-04:00,672.75,672.79,672.47,672.62,346276.0,672.653,2193
2025-10-21 12:40:00-04:00,672.62,672.72,672.39,672.62,283845.0,672.572,1798
2025-10-21 12:45:00-04:00,672.63,672.93,672.63,672.83,266688.0,672.797,1758
2025-10-21 12:50:00-04:00,672.83,672.99,671.69,671.72,1204297.0,672.115,7604
2025-10-21 12:55:00-04:00,671.73,671.95,671.35,671.49,653352.0,671.682,4483
2025-10-21 13:00:00-04:00,671.51,671.58,670.76,671.25,777473.0,671.095,5041
2025-10-21 13:05:00-04:00,671.21,671.85,671.05,671.7,667597.0,671.478,4296
2025-10-21 13:10:00-04:00,671.7,672.16,671.65,672.09,332228.0,671.986,2163
2025-10-21 13:15:00-04:00,672.09,672.14,671.28,671.46,388690.0,671.715,2653
2025-10-21 13:20:00-04:00,671.47,671.71,671.04,671.64,403612.0,671.378,2780
2025-10-21 13:25:00-04:00,671.64,671.67,671.12,671.61,251811.0,671.362,1776
2025-10-21 13:30:00-04:00,671.63,671.8,671.28,671.51,226420.0,671.577,1683
2025-10-21 13:35:00-04:00,671.51,671.59,671.25,671.44,184441.0,671.428,1394
2025-10-21 13:40:00-04:00,671.47,671.98,671.47,671.69,356143.0,671.816,2211
2025-10-21 13:45:00-04:00,671.69,672.04,671.65,672.04,141759.0,671.865,1095
2025-10-21 13:50:00-04:00,672.04,672.15,671.91,672.04,198980.0,672.032,1358
2025-10-21 13:55:00-04:00,672.04,672.31,672.03,672.21,347780.0,672.165,2363
2025-10-21 14:00:00-04:00,672.21,672.38,672.16,672.32,295525.0,672.243,2035
2025-10-21 14:05:00-04:00,672.3,672.45,672.21,672.39,318673.0,672.358,2149
2025-10-21 14:10:00-04:00,672.4,672.43,672.19,672.3,297612.0,672.32,1930
2025-10-21 14:15:00-04:00,672.3,672.31,671.78,671.95,365808.0,671.988,2222
2025-10-21 14:20:00-04:00,671.96,672.39,671.84,672.29,326420.0,672.093,2196
2025-10-21 14:25:00-04:00,672.28,672.52,672.0,672.28,280288.0,672.306,1974
2025-10-21 14:30:00-04:00,672.28,672.43,672.17,672.35,208761.0,672.322,1489
2025-10-21 14:35:00-04:00,672.35,672.41,672.03,672.14,209836.0,672.226,1434
2025-10-21 14:40:00-04:00,672.15,672.16,671.8,671.83,260645.0,671.934,1750
2025-10-21 14:45:00-04:00,671.83,672.11,671.79,672.03,230634.0,671.992,1549
2025-10-21 14:50:00-04:00,672.04,672.19,671.8,671.85,262761.0,671.978,1786
2025-10-21 14:55:00-04:00,671.85,672.11,671.81,671.95,276776.0,671.993,1981
2025-10-21 15:00:00-04:00,671.94,671.97,671.7,671.77,283734.0,671.829,2030
2025-10-21 15:05:00-04:00,671.74,672.0,671.69,671.91,356145.0,671.829,2302
2025-10-21 15:10:00-04:00,671.92,672.08,671.83,672.01,297146.0,671.961,2093
2025-10-21 15:15:00-04:00,672.0,672.13,671.86,672.11,348198.0,671.988,2390
2025-10-21 15:20:00-04:00,672.11,672.27,672.02,672.02,336018.0,672.138,2379
2025-10-21 15:25:00-04:00,672.03,672.13,671.82,671.91,431048.0,671.951,3050
2025-10-21 15:30:00-04:00,671.9,671.91,671.69,671.78,388543.0,671.797,2648
2025-10-21 15:35:00-04:00,671.76,671.92,671.67,671.78,426613.0,671.804,2965
2025-10-21 15:40:00-04:00,671.77,671.98,671.71,671.97,417254.0,671.841,2881
2025-10-21 15:45:00-04:00,671.97,672.12,671.96,672.04,627389.0,672.035,4124
2025-10-21 15:50:00-04:00,672.05,672.4,671.99,672.38,1233107.0,672.281,7609
2025-10-21 15:55:00-04:00,672.39,672.39,671.16,671.26,2214067.0,671.797,14223
2025-10-22 09:30:00-04:00,671.98,672.01,670.58,670.69,1507847.0,671.288,9826
2025-10-22 09:35:00-04:00,670.69,671.42,670.45,671.41,634032.0,670.846,4258
2025-10-22 09:40:00-04:00,671.4,671.85,671.08,671.79,532412.0,671.433,3593
2025-10-22 09:45:00-04:00,671.78,671.83,670.97,671.3,672846.0,671.394,3897
2025-10-22 09:50:00-04:00,671.28,671.75,671.06,671.63,344406.0,671.459,2345
2025-10-22 09:55:00-04:00,671.63,671.65,671.06,671.27,357428.0,671.358,2533
2025-10-22 10:00:00-04:00,671.25,671.59,671.17,671.31,303769.0,671.369,2067
2025-10-22 10:05:00-04:00,671.26,671.61,671.15,671.24,317875.0,671.369,2194
2025-10-22 10:10:00-04:00,671.25,671.28,670.69,670.75,443202.0,671.012,3056
2025-10-22 10:15:00-04:00,670.74,671.33,670.4,671.18,520264.0,670.934,3511
2025-10-22 10:20:00-04:00,671.19,671.2,670.24,670.42,468664.0,670.63,3254
2025-10-22 10:25:00-04:00,670.44,670.74,669.32,669.43,1056651.0,669.918,7032
2025-10-22 10:30:00-04:00,669.45,669.79,668.79,669.36,1216335.0,669.241,8127
2025-10-22 10:35:00-04:00,669.37,669.7,668.84,669.05,782386.0,669.307,4742
2025-10-22 10:40:00-04:00,669.06,669.54,668.5,668.56,678623.0,668.989,4394
2025-10-22 10:45:00-04:00,668.57,668.96,668.09,668.87,1216832.0,668.444,8042
2025-10-22 10:50:00-04:00,668.87,669.27,668.78,669.19,538873.0,669.045,3721
2025-10-22 10:55:00-04:00,669.2,670.13,668.91,670.07,701649.0,669.618,4099
2025-10-22 11:00:00-04:00,670.07,670.41,669.8,670.25,745482.0,670.152,4783
2025-10-22 11:05:00-04:00,670.27,670.38,669.74,669.95,486505.0,670.111,3197
2025-10-22 11:10:00-04:00,669.96,669.96,669.22,669.57,515877.0,669.602,2852
2025-10-22 11:15:00-04:00,669.56,669.8,669.24,669.39,372323.0,669.522,2055
2025-10-22 11:20:00-04:00,669.37,669.51,667.6,668.32,1009356.0,668.25,6700
2025-10-22 11:25:00-04:00,668.3,668.54,667.78,667.85,534188.0,668.172,3708
2025-10-22 11:30:00-04:00,667.86,668.48,667.39,667.97,747877.0,667.92,4593
2025-10-22 11:35:00-04:00,667.99,668.4,667.65,668.25,420107.0,668.04,2960
2025-10-22 11:40:00-04:00,668.25,668.84,668.04,668.58,393434.0,668.542,2728
2025-10-22 11:45:00-04:00,668.59,669.31,668.55,669.27,554447.0,669.092,3599
2025-10-22 11:50:00-04:00,669.29,669.7,669.16,669.49,467350.0,669.477,3216
2025-10-22 11:55:00-04:00,669.53,669.77,668.9,669.01,403254.0,669.299,2924
2025-10-22 12:00:00-04:00,669.0,669.2,668.1,668.41,445682.0,668.603,2933
2025-10-22 12:05:00-04:00,668.41,668.86,668.26,668.41,264811.0,668.542,1723
2025-10-22 12:10:00-04:00,668.39,668.43,667.82,668.25,292038.0,668.181,1761
2025-10-22 12:15:00-04:00,668.24,668.75,668.14,668.26,296449.0,668.436,1840
2025-10-22 12:20:00-04:00,668.19,668.26,667.15,667.46,471765.0,667.634,2864
2025-10-22 12:25:00-04:00,667.46,668.03,667.38,667.62,316754.0,667.751,2148
2025-10-22 12:30:00-04:00,667.59,668.11,664.01,666.94,4417924.0,665.422,28432
2025-10-22 12:35:00-04:00,666.94,667.56,666.46,667.22,1408776.0,666.959,8659
2025-10-22 12:40:00-04:00,667.27,667.83,666.73,667.19,718496.0,667.231,4591
2025-10-22 12:45:00-04:00,667.2,667.82,666.6,666.81,604909.0,667.183,4040
2025-10-22 12:50:00-04:00,666.82,667.74,666.44,667.71,576961.0,667.095,3151
2025-10-22 12:55:00-04:00,667.7,668.22,667.15,667.35,707132.0,667.76,4315
2025-10-22 13:00:00-04:00,667.3,667.65,666.57,666.81,420281.0,667.06,2159
2025-10-22 13:05:00-04:00,666.8,667.26,666.39,667.24,377043.0,666.703,2089
2025-10-22 13:10:00-04:00,667.22,667.37,666.09,666.12,481563.0,666.782,2887
2025-10-22 13:15:00-04:00,666.14,666.4,665.72,665.84,471139.0,666.038,2905
2025-10-22 13:20:00-04:00,665.82,665.9,664.96,665.03,523573.0,665.371,3178
2025-10-22 13:25:00-04:00,665.09,665.57,664.73,665.42,637569.0,665.081,4048
2025-10-22 13:30:00-04:00,665.41,665.75,664.86,665.68,441219.0,665.344,2698
2025-10-22 13:35:00-04:00,665.66,665.86,664.32,664.34,402547.0,665.041,2494
2025-10-22 13:40:00-04:00,664.34,664.5,663.47,663.62,759483.0,663.929,4290
2025-10-22 13:45:00-04:00,663.63,664.77,663.61,664.69,916974.0,664.265,6322
2025-10-22 13:50:00-04:00,664.67,664.73,663.3,663.43,578121.0,663.902,4082
2025-10-22 13:55:00-04:00,663.45,664.75,663.45,664.74,706753.0,664.007,4615
2025-10-22 14:00:00-04:00,664.75,665.44,664.66,664.92,735483.0,665.135,4433
2025-10-22 14:05:00-04:00,664.92,665.43,664.85,664.95,453911.0,665.136,2694
2025-10-22 14:10:00-04:00,664.98,665.36,664.45,664.46,384945.0,664.909,2471
2025-10-22 14:15:00-04:00,664.45,664.55,663.76,664.37,595951.0,664.17,3809
2025-10-22 14:20:00-04:00,664.37,666.12,664.35,666.06,686003.0,665.508,4260
2025-10-22 14:25:00-04:00,666.06,666.2,665.36,665.67,435421.0,665.778,2889
2025-10-22 14:30:00-04:00,665.66,665.85,665.05,665.62,325071.0,665.499,2153
2025-10-22 14:35:00-04:00,665.6,666.11,665.34,665.96,340451.0,665.75,2203
2025-10-22 14:40:00-04:00,665.96,666.36,665.22,665.95,427393.0,665.924,2953
2025-10-22 14:45:00-04:00,665.93,666.33,665.81,666.13,492356.0,666.1,3245
2025-10-22 14:50:00-04:00,666.12,666.13,665.34,665.87,428706.0,665.65,2895
2025-10-22 14:55:00-04:00,665.91,666.56,665.76,666.49,451982.0,666.246,3000
2025-10-22 15:00:00-04:00,666.46,666.65,665.54,666.23,972175.0,666.109,6335
2025-10-22 15:05:00-04:00,666.21,667.42,666.1,667.2,1088755.0,666.866,6976
2025-10-22 15:10:00-04:00,667.2,667.57,666.75,666.89,726001.0,667.168,4658
2025-10-22 15:15:00-04:00,666.88,667.38,666.77,667.23,721187.0,667.065,4100
2025-10-22 15:20:00-04:00,667.24,667.48,666.84,667.05,581219.0,667.161,3728
2025-10-22 15:25:00-04:00,667.1,667.64,667.0,667.43,493160.0,667.296,3223
2025-10-22 15:30:00-04:00,667.42,667.96,667.38,667.66,819866.0,667.683,4832
2025-10-22 15:35:00-04:00,667.66,668.3,667.43,668.22,809755.0,667.878,5087
2025-10-22 15:40:00-04:00,668.23,668.36,667.61,667.66,582433.0,667.989,3718
2025-10-22 15:45:00-04:00,667.67,668.12,667.39,667.93,1018272.0,667.748,6474
2025-10-22 15:50:00-04:00,667.93,668.19,667.54,667.88,1342377.0,667.85,8428
2025-10-22 15:55:00-04:00,667.88,668.15,667.29,667.81,2879889.0,667.679,16611
2025-10-23 09:30:00-04:00,668.09,668.67,667.8,668.41,1174283.0,668.236,7268
2025-10-23 09:35:00-04:00,668.41,669.2,668.1,668.98,716282.0,668.747,5104
2025-10-23 09:40:00-04:00,668.99,669.54,668.78,669.54,712176.0,669.052,5000
2025-10-23 09:45:00-04:00,669.53,670.29,669.4,670.26,1068921.0,669.82,7640
2025-10-23 09:50:00-04:00,670.27,670.74,670.1,670.4,1044316.0,670.446,7466
2025-10-23 09:55:00-04:00,670.4,670.5,669.69,669.96,764086.0,670.039,5886
2025-10-23 10:00:00-04:00,670.0,670.37,669.66,669.93,632224.0,670.011,4261
2025-10-23 10:05:00-04:00,669.93,670.0,669.35,669.39,535102.0,669.607,3742
2025-10-23 10:10:00-04:00,669.41,669.48,668.87,669.11,595935.0,669.173,4128
2025-10-23 10:15:00-04:00,669.11,669.29,668.12,668.31,732054.0,668.59,4999
2025-10-23 10:20:00-04:00,668.31,669.48,668.16,669.46,885617.0,668.864,5632
2025-10-23 10:25:00-04:00,669.45,669.84,669.29,669.4,570141.0,669.531,3936
2025-10-23 10:30:00-04:00,669.4,669.52,668.99,669.51,367346.0,669.289,2497
2025-10-23 10:35:00-04:00,669.5,670.14,669.44,670.01,456875.0,669.852,3191
2025-10-23 10:40:00-04:00,670.01,670.18,669.61,669.81,391244.0,669.886,2744
2025-10-23 10:45:00-04:00,669.82,670.39,669.33,670.35,560373.0,669.943,3815
2025-10-23 10:50:00-04:00,670.34,670.36,669.67,669.71,366522.0,670.058,2510
2025-10-23 10:55:00-04:00,669.7,670.23,669.4,670.21,368132.0,669.725,2164
2025-10-23 11:00:00-04:00,670.21,670.31,669.71,670.0,453860.0,669.967,3278
2025-10-23 11:05:00-04:00,669.98,670.19,669.78,669.99,297555.0,670.029,1973
2025-10-23 11:10:00-04:00,669.97,670.09,669.46,669.68,241026.0,669.785,1585
2025-10-23 11:15:00-04:00,669.69,669.78,669.21,669.45,344339.0,669.477,2102
2025-10-23 11:20:00-04:00,669.46,669.77,669.09,669.7,354786.0,669.422,1865
2025-10-23 11:25:00-04:00,669.69,670.22,669.54,670.04,273903.0,669.878,1617
2025-10-23 11:30:00-04:00,670.03,670.53,670.03,670.1,382737.0,670.304,2757
2025-10-23 11:35:00-04:00,670.11,670.18,669.38,669.72,299877.0,669.795,2149
2025-10-23 11:40:00-04:00,669.71,669.88,668.73,668.93,293672.0,669.335,2310
2025-10-23 11:45:00-04:00,668.92,669.73,668.79,669.7,270144.0,669.251,1826
2025-10-23 11:50:00-04:00,669.71,670.36,669.53,670.31,275278.0,670.01,1974
2025-10-23 11:55:00-04:00,670.31,670.72,670.12,670.25,493483.0,670.438,3446
2025-10-23 12:00:00-04:00,670.26,670.5,670.14,670.5,260292.0,670.326,1751
2025-10-23 12:05:00-04:00,670.51,670.96,670.43,670.74,364419.0,670.742,2241
2025-10-23 12:10:00-04:00,670.73,671.05,670.6,671.02,282340.0,670.835,1731
2025-10-23 12:15:00-04:00,671.02,671.08,670.76,670.85,363336.0,670.887,2236
2025-10-23 12:20:00-04:00,670.85,670.88,670.51,670.56,352318.0,670.665,2362
2025-10-23 12:25:00-04:00,670.56,670.68,670.17,670.54,268630.0,670.448,1770
2025-10-23 12:30:00-04:00,670.54,670.97,670.5,670.72,254736.0,670.747,1467
2025-10-23 12:35:00-04:00,670.75,671.04,670.62,670.97,244413.0,670.814,1408
2025-10-23 12:40:00-04:00,670.97,671.29,670.91,671.24,318490.0,671.12,1795
2025-10-23 12:45:00-04:00,671.25,671.3,670.99,671.12,462156.0,671.211,2635
2025-10-23 12:50:00-04:00,671.12,671.45,671.09,671.4,332471.0,671.296,2017
2025-10-23 12:55:00-04:00,671.4,671.53,671.28,671.44,326917.0,671.387,2014
2025-10-23 13:00:00-04:00,671.43,671.65,671.38,671.49,292800.0,671.514,1848
2025-10-23 13:05:00-04:00,671.49,671.52,670.4,670.78,1188689.0,670.88,7155
2025-10-23 13:10:00-04:00,670.75,671.65,670.75,671.46,406784.0,671.336,2402
2025-10-23 13:15:00-04:00,671.46,671.59,671.07,671.16,311052.0,671.278,2010
2025-10-23 13:20:00-04:00,671.15,671.32,671.01,671.15,182601.0,671.137,1300
2025-10-23 13:25:00-04:00,671.15,671.18,670.76,671.01,328101.0,670.921,2137
2025-10-23 13:30:00-04:00,671.01,671.69,670.99,671.41,352540.0,671.363,2563
2025-10-23 13:35:00-04:00,671.37,672.33,671.35,672.18,822076.0,671.906,4898
2025-10-23 13:40:00-04:00,672.17,672.28,671.92,672.18,562463.0,672.11,3433
2025-10-23 13:45:00-04:00,672.19,672.36,672.06,672.1,344695.0,672.191,2402
2025-10-23 13:50:00-04:00,672.11,672.36,672.06,672.34,209292.0,672.17,1462
2025-10-23 13:55:00-04:00,672.34,672.47,672.2,672.36,250676.0,672.367,1742
2025-10-23 14:00:00-04:00,672.37,672.46,672.03,672.25,465578.0,672.209,3119
2025-10-23 14:05:00-04:00,672.26,672.55,672.08,672.25,375843.0,672.223,2190
2025-10-23 14:10:00-04:00,672.25,672.28,672.1,672.2,160843.0,672.184,1019
2025-10-23 14:15:00-04:00,672.2,672.29,671.72,672.23,435343.0,672.131,2684
2025-10-23 14:20:00-04:00,672.23,672.48,672.22,672.41,228540.0,672.365,1488
2025-10-23 14:25:00-04:00,672.41,672.53,672.3,672.49,290423.0,672.42,1856
2025-10-23 14:30:00-04:00,672.49,672.63,672.41,672.5,241047.0,672.514,1529
2025-10-23 14:35:00-04:00,672.5,672.52,672.29,672.4,260965.0,672.4,1628
2025-10-23 14:40:00-04:00,672.41,672.52,672.31,672.48,181292.0,672.437,1106
2025-10-23 14:45:00-04:00,672.47,672.52,672.33,672.48,230577.0,672.421,1400
2025-10-23 14:50:00-04:00,672.48,672.72,672.46,672.63,392853.0,672.602,2622
2025-10-23 14:55:00-04:00,672.63,672.69,672.49,672.54,213020.0,672.585,1545
2025-10-23 15:00:00-04:00,672.55,672.71,672.44,672.59,300585.0,672.574,2055
2025-10-23 15:05:00-04:00,672.58,672.59,672.34,672.44,347025.0,672.463,2374
2025-10-23 15:10:00-04:00,672.44,672.69,672.42,672.62,398526.0,672.604,2645
2025-10-23 15:15:00-04:00,672.62,672.65,672.39,672.54,402939.0,672.509,2587
2025-10-23 15:20:00-04:00,672.54,672.7,672.48,672.55,430564.0,672.617,2611
2025-10-23 15:25:00-04:00,672.55,672.55,672.27,672.45,480890.0,672.405,3163
2025-10-23 15:30:00-04:00,672.45,672.45,672.2,672.23,434943.0,672.302,2998
2025-10-23 15:35:00-04:00,672.22,672.29,671.99,672.09,1025377.0,672.117,6641
2025-10-23 15:40:00-04:00,672.08,672.21,671.95,672.0,487378.0,672.089,3037
2025-10-23 15:45:00-04:00,671.99,672.28,671.86,671.91,1507492.0,672.024,9661
2025-10-23 15:50:00-04:00,671.91,671.91,671.3,671.78,1918423.0,671.57,12022
2025-10-23 15:55:00-04:00,671.79,671.86,671.49,671.61,3187036.0,671.655,17051
2025-10-24 09:30:00-04:00,676.46,676.83,675.65,676.82,1872367.0,676.196,11996
2025-10-24 09:35:00-04:00,676.82,677.75,676.79,677.14,1595137.0,677.223,11398
2025-10-24 09:40:00-04:00,677.15,677.41,676.86,677.34,897904.0,677.131,6493
2025-10-24 09:45:00-04:00,677.25,677.79,676.83,676.96,868301.0,677.335,5508
2025-10-24 09:50:00-04:00,676.96,677.25,676.49,676.95,806138.0,676.9,5916
2025-10-24 09:55:00-04:00,676.96,677.42,676.85,677.29,584119.0,677.151,3580
2025-10-24 10:00:00-04:00,677.36,677.63,677.04,677.41,645143.0,677.381,4628
2025-10-24 10:05:00-04:00,677.4,677.94,677.33,677.8,750168.0,677.636,5159
2025-10-24 10:10:00-04:00,677.81,677.87,677.53,677.78,538683.0,677.754,3759
2025-10-24 10:15:00-04:00,677.79,677.8,677.3,677.5,382812.0,677.512,2516
2025-10-24 10:20:00-04:00,677.48,677.5,676.92,677.28,594073.0,677.177,3862
2025-10-24 10:25:00-04:00,677.27,677.28,676.74,676.78,513317.0,676.972,3396
2025-10-24 10:30:00-04:00,676.76,676.85,676.14,676.81,633646.0,676.528,3836
2025-10-24 10:35:00-04:00,676.8,677.14,676.31,677.06,480829.0,676.751,3197
2025-10-24 10:40:00-04:00,677.04,677.65,677.02,677.55,355384.0,677.385,2436
2025-10-24 10:45:00-04:00,677.55,677.63,677.22,677.39,323020.0,677.428,2212
2025-10-24 10:50:00-04:00,677.39,677.44,676.48,676.66,426359.0,676.931,2917
2025-10-24 10:55:00-04:00,676.65,676.75,675.91,676.69,596383.0,676.423,4068
2025-10-24 11:00:00-04:00,676.68,676.96,676.47,676.75,348062.0,676.697,2392
2025-10-24 11:05:00-04:00,676.78,677.22,676.55,677.17,654595.0,676.904,3799
2025-10-24 11:10:00-04:00,677.16,677.45,676.83,677.44,645402.0,677.089,3816
2025-10-24 11:15:00-04:00,677.45,677.91,677.43,677.7,563187.0,677.715,3748
2025-10-24 11:20:00-04:00,677.71,678.38,677.68,678.28,535760.0,678.086,3367
2025-10-24 11:25:00-04:00,678.3,678.33,678.04,678.15,452021.0,678.181,3078
2025-10-24 11:30:00-04:00,678.19,678.42,678.09,678.1,395725.0,678.259,2423
2025-10-24 11:35:00-04:00,678.1,678.22,677.72,678.13,426911.0,678.016,2828
2025-10-24 11:40:00-04:00,678.14,678.15,677.74,677.79,403914.0,677.939,2857
2025-10-24 11:45:00-04:00,677.79,678.09,677.47,677.95,659650.0,677.824,3912
2025-10-24 11:50:00-04:00,677.95,678.24,677.9,677.99,310235.0,678.075,2043
2025-10-24 11:55:00-04:00,678.0,678.02,677.63,677.95,302819.0,677.862,2064
2025-10-24 12:00:00-04:00,677.92,678.29,677.9,678.17,303719.0,678.119,1850
2025-10-24 12:05:00-04:00,678.17,678.18,677.86,678.05,309391.0,677.981,1882
2025-10-24 12:10:00-04:00,678.05,678.3,678.0,678.26,247766.0,678.145,1777
2025-10-24 12:15:00-04:00,678.26,678.28,678.04,678.18,265409.0,678.172,1592
2025-10-24 12:20:00-04:00,678.19,678.46,678.01,678.11,389835.0,678.286,2721
2025-10-24 12:25:00-04:00,678.12,678.13,677.83,677.88,292462.0,677.956,1965
2025-10-24 12:30:00-04:00,677.89,678.0,677.67,677.71,245902.0,677.843,1825
2025-10-24 12:35:00-04:00,677.7,677.75,677.46,677.59,353717.0,677.623,2522
2025-10-24 12:40:00-04:00,677.58,677.66,677.22,677.34,365149.0,677.393,2444
2025-10-24 12:45:00-04:00,677.33,677.95,677.21,677.93,382783.0,677.616,2610
2025-10-24 12:50:00-04:00,677.94,678.25,677.92,678.04,308149.0,678.063,2113
2025-10-24 12:55:00-04:00,678.03,678.13,677.78,677.95,191235.0,677.922,1373
2025-10-24 13:00:00-04:00,677.94,678.13,677.88,678.04,188074.0,678.002,1276
2025-10-24 13:05:00-04:00,678.03,678.05,677.83,677.89,120833.0,677.925,935
2025-10-24 13:10:00-04:00,677.92,678.1,677.7,677.77,238694.0,677.884,1624
2025-10-24 13:15:00-04:00,677.75,678.05,677.63,677.97,217033.0,677.828,1581
2025-10-24 13:20:00-04:00,677.98,678.13,677.75,678.13,146866.0,677.934,982
2025-10-24 13:25:00-04:00,678.12,678.23,677.97,678.06,129308.0,678.099,970
2025-10-24 13:30:00-04:00,678.05,678.18,677.95,678.16,157544.0,678.086,975
2025-10-24 13:35:00-04:00,678.17,678.33,678.07,678.27,221815.0,678.213,1489
2025-10-24 13:40:00-04:00,678.27,678.29,678.07,678.16,233618.0,678.174,1606
2025-10-24 13:45:00-04:00,678.17,678.43,678.11,678.31,217166.0,678.288,1322
2025-10-24 13:50:00-04:00,678.31,678.34,678.12,678.17,147975.0,678.218,993
2025-10-24 13:55:00-04:00,678.17,678.17,678.06,678.07,357354.0,678.095,1947
2025-10-24 14:00:00-04:00,678.07,678.16,677.87,678.01,328069.0,678.041,1996
2025-10-24 14:05:00-04:00,678.0,678.26,678.0,678.21,198840.0,678.124,1197
2025-10-24 14:10:00-04:00,678.22,678.34,678.18,678.19,198283.0,678.243,1171
2025-10-24 14:15:00-04:00,678.19,678.3,678.06,678.27,188309.0,678.209,970
2025-10-24 14:20:00-04:00,678.29,678.32,678.15,678.23,149983.0,678.246,949
2025-10-24 14:25:00-04:00,678.22,678.29,678.1,678.17,246959.0,678.182,1548
2025-10-24 14:30:00-04:00,678.16,678.28,678.07,678.22,235368.0,678.177,1375
2025-10-24 14:35:00-04:00,678.22,678.33,678.14,678.2,204135.0,678.241,1185
2025-10-24 14:40:00-04:00,678.19,678.19,678.01,678.08,342121.0,678.092,1899
2025-10-24 14:45:00-04:00,678.09,678.1,677.75,677.98,357989.0,677.885,2050
2025-10-24 14:50:00-04:00,677.99,678.09,677.84,678.04,248686.0,677.974,1649
2025-10-24 14:55:00-04:00,678.03,678.23,678.0,678.18,280426.0,678.108,1774
2025-10-24 15:00:00-04:00,678.19,678.39,678.17,678.37,406600.0,678.279,2616
2025-10-24 15:05:00-04:00,678.37,678.45,678.25,678.41,367126.0,678.345,2388
2025-10-24 15:10:00-04:00,678.41,678.47,678.27,678.29,478072.0,678.371,2953
2025-10-24 15:15:00-04:00,678.29,678.3,678.08,678.16,333973.0,678.204,2330
2025-10-24 15:20:00-04:00,678.16,678.4,678.05,678.34,423718.0,678.269,2808
2025-10-24 15:25:00-04:00,678.34,678.47,678.23,678.24,360633.0,678.357,2561
2025-10-24 15:30:00-04:00,678.24,678.27,678.09,678.13,555178.0,678.198,3162
2025-10-24 15:35:00-04:00,678.12,678.19,677.94,678.03,816281.0,678.051,5340
2025-10-24 15:40:00-04:00,678.04,678.1,677.73,677.73,786753.0,677.866,4839
2025-10-24 15:45:00-04:00,677.73,678.01,677.63,677.72,1546494.0,677.771,9698
2025-10-24 15:50:00-04:00,677.71,677.89,677.45,677.67,1498102.0,677.689,9081
2025-10-24 15:55:00-04:00,677.67,677.67,676.76,677.11,4626182.0,677.175,22117
2025-10-27 09:30:00-04:00,682.73,683.19,682.56,682.68,2016413.0,682.863,12061
2025-10-27 09:35:00-04:00,682.69,682.89,682.11,682.84,1175187.0,682.514,8194
2025-10-27 09:40:00-04:00,682.81,682.87,682.28,682.75,813580.0,682.556,5995
2025-10-27 09:45:00-04:00,682.76,682.9,682.48,682.6,580869.0,682.699,4104
2025-10-27 09:50:00-04:00,682.61,683.0,682.33,682.96,590868.0,682.735,4144
2025-10-27 09:55:00-04:00,682.98,683.23,682.74,683.08,580860.0,683.029,4230
2025-10-27 10:00:00-04:00,683.09,683.61,682.91,683.37,906477.0,683.252,5960
2025-10-27 10:05:00-04:00,683.36,683.6,683.35,683.39,643112.0,683.479,4236
2025-10-27 10:10:00-04:00,683.4,683.41,683.02,683.23,461280.0,683.224,3088
2025-10-27 10:15:00-04:00,683.24,683.27,682.53,682.56,645128.0,682.92,4220
2025-10-27 10:20:00-04:00,682.54,682.8,682.4,682.71,618622.0,682.653,4288
2025-10-27 10:25:00-04:00,682.7,683.07,682.51,683.03,802905.0,682.851,3511
2025-10-27 10:30:00-04:00,683.03,683.13,682.76,683.06,518723.0,682.978,3326
2025-10-27 10:35:00-04:00,683.06,683.33,683.04,683.08,463280.0,683.18,3210
2025-10-27 10:40:00-04:00,683.08,683.34,683.01,683.32,460369.0,683.138,2913
2025-10-27 10:45:00-04:00,683.34,683.36,682.98,683.1,351886.0,683.171,2416
2025-10-27 10:50:00-04:00,683.1,683.11,682.57,682.76,408152.0,682.802,2719
2025-10-27 10:55:00-04:00,682.74,682.98,682.59,682.69,388913.0,682.807,2461
2025-10-27 11:00:00-04:00,682.69,682.92,682.61,682.78,340251.0,682.737,2368
2025-10-27 11:05:00-04:00,682.78,682.85,682.55,682.62,227172.0,682.704,1654
2025-10-27 11:10:00-04:00,682.62,683.05,682.62,683.04,411777.0,682.859,2560
2025-10-27 11:15:00-04:00,683.04,683.1,682.86,682.99,323757.0,682.978,2418
2025-10-27 11:20:00-04:00,683.0,683.14,682.87,683.14,342659.0,683.026,2495
2025-10-27 11:25:00-04:00,683.13,683.37,683.13,683.36,310270.0,683.255,2142
2025-10-27 11:30:00-04:00,683.36,683.53,683.33,683.44,503290.0,683.417,3133
2025-10-27 11:35:00-04:00,683.45,683.48,683.26,683.44,296404.0,683.383,2154
2025-10-27 11:40:00-04:00,683.44,683.6,683.43,683.56,247879.0,683.531,1797
2025-10-27 11:45:00-04:00,683.57,683.58,683.3,683.39,271736.0,683.389,1785
2025-10-27 11:50:00-04:00,683.39,683.39,683.2,683.25,282403.0,683.264,1865
2025-10-27 11:55:00-04:00,683.25,683.47,683.2,683.42,257798.0,683.364,1853
2025-10-27 12:00:00-04:00,683.41,683.71,683.39,683.71,380719.0,683.597,2440
2025-10-27 12:05:00-04:00,683.71,683.78,683.55,683.68,408004.0,683.688,2822
2025-10-27 12:10:00-04:00,683.69,683.69,683.54,683.62,286299.0,683.607,1883
2025-10-27 12:15:00-04:00,683.62,683.63,683.46,683.46,236644.0,683.54,1597
2025-10-27 12:20:00-04:00,683.47,683.63,683.37,683.62,259092.0,683.509,1605
2025-10-27 12:25:00-04:00,683.62,683.62,683.45,683.5,267486.0,683.516,1716
2025-10-27 12:30:00-04:00,683.51,683.76,683.5,683.7,365552.0,683.657,2395
2025-10-27 12:35:00-04:00,683.69,683.77,683.55,683.57,227771.0,683.662,1677
2025-10-27 12:40:00-04:00,683.56,683.72,683.52,683.65,234539.0,683.618,1598
2025-10-27 12:45:00-04:00,683.66,683.7,683.54,683.67,147293.0,683.632,1144
2025-10-27 12:50:00-04:00,683.67,683.88,683.67,683.83,265253.0,683.789,1939
2025-10-27 12:55:00-04:00,683.83,683.88,683.69,683.74,295082.0,683.78,1947
2025-10-27 13:00:00-04:00,683.75,683.79,683.67,683.77,311925.0,683.749,1889
2025-10-27 13:05:00-04:00,683.77,683.79,683.56,683.56,270837.0,683.692,1946
2025-10-27 13:10:00-04:00,683.57,683.65,683.45,683.63,294064.0,683.56,1922
2025-10-27 13:15:00-04:00,683.62,683.67,683.41,683.42,274003.0,683.55,1669
2025-10-27 13:20:00-04:00,683.42,683.43,683.21,683.22,384463.0,683.296,2453
2025-10-27 13:25:00-04:00,683.21,683.45,683.17,683.44,329887.0,683.351,2149
2025-10-27 13:30:00-04:00,683.44,683.61,683.31,683.59,259600.0,683.47,1699
2025-10-27 13:35:00-04:00,683.59,683.79,683.51,683.78,216423.0,683.66,1373
2025-10-27 13:40:00-04:00,683.77,683.97,683.73,683.93,824080.0,683.891,4681
2025-10-27 13:45:00-04:00,683.94,683.99,683.85,683.9,583403.0,683.939,3150
2025-10-27 13:50:00-04:00,683.91,683.91,683.78,683.83,263450.0,683.815,1530
2025-10-27 13:55:00-04:00,683.82,683.95,683.81,683.94,379593.0,683.913,2092
2025-10-27 14:00:00-04:00,683.93,683.96,683.76,683.89,312391.0,683.865,1972
2025-10-27 14:05:00-04:00,683.89,683.94,683.81,683.9,168680.0,683.884,1182
2025-10-27 14:10:00-04:00,683.91,683.93,683.83,683.87,197710.0,683.868,1328
2025-10-27 14:15:00-04:00,683.87,683.93,683.82,683.88,181059.0,683.879,1297
2025-10-27 14:20:00-04:00,683.87,683.97,683.86,683.87,184627.0,683.915,1271
2025-10-27 14:25:00-04:00,683.87,683.92,683.8,683.85,223359.0,683.867,1588
2025-10-27 14:30:00-04:00,683.86,684.03,683.85,684.0,335283.0,683.957,1991
2025-10-27 14:35:00-04:00,684.0,684.06,683.89,684.0,519928.0,683.986,3161
2025-10-27 14:40:00-04:00,684.01,684.12,683.96,684.07,399139.0,684.044,2683
2025-10-27 14:45:00-04:00,684.07,684.16,684.01,684.07,370247.0,684.104,2397
2025-10-27 14:50:00-04:00,684.07,684.13,683.98,684.1,336766.0,684.059,2241
2025-10-27 14:55:00-04:00,684.09,684.25,684.08,684.14,496548.0,684.191,3222
2025-10-27 15:00:00-04:00,684.15,684.16,684.02,684.05,340793.0,684.078,2086
2025-10-27 15:05:00-04:00,684.05,684.23,684.04,684.21,375262.0,684.141,2195
2025-10-27 15:10:00-04:00,684.2,684.3,684.12,684.18,486063.0,684.209,3048
2025-10-27 15:15:00-04:00,684.17,684.17,684.0,684.01,549248.0,684.055,3451
2025-10-27 15:20:00-04:00,684.01,684.15,684.0,684.14,424318.0,684.078,2530
2025-10-27 15:25:00-04:00,684.14,684.24,684.12,684.23,392540.0,684.186,2452
2025-10-27 15:30:00-04:00,684.23,684.38,684.18,684.35,669120.0,684.317,4298
2025-10-27 15:35:00-04:00,684.35,684.76,684.32,684.69,890192.0,684.569,5627
2025-10-27 15:40:00-04:00,684.7,684.71,684.51,684.65,846227.0,684.636,5329
2025-10-27 15:45:00-04:00,684.64,685.15,684.61,685.04,1814515.0,684.954,11104
2025-10-27 15:50:00-04:00,685.05,685.53,684.99,685.49,2390491.0,685.297,15145
2025-10-27 15:55:00-04:00,685.49,685.54,685.17,685.18,3814230.0,685.373,22418
2025-10-28 09:30:00-04:00,687.07,687.23,686.66,686.8,1612245.0,686.951,9844
2025-10-28 09:35:00-04:00,686.8,686.83,686.12,686.18,1097536.0,686.411,7470
2025-10-28 09:40:00-04:00,686.18,686.29,685.86,685.98,694834.0,686.091,4656
2025-10-28 09:45:00-04:00,685.98,686.04,685.18,685.67,798798.0,685.622,5304
2025-10-28 09:50:00-04:00,685.67,685.69,685.12,685.33,756570.0,685.391,5416
2025-10-28 09:55:00-04:00,685.34,686.38,685.29,685.62,872303.0,685.795,4583
2025-10-28 10:00:00-04:00,685.71,685.94,685.52,685.92,378830.0,685.691,2712
2025-10-28 10:05:00-04:00,685.92,685.96,685.5,685.8,362272.0,685.741,2441
2025-10-28 10:10:00-04:00,685.81,685.94,685.66,685.81,412782.0,685.798,2573
2025-10-28 10:15:00-04:00,685.8,685.94,685.68,685.76,369910.0,685.809,2460
2025-10-28 10:20:00-04:00,685.79,686.11,685.68,685.9,345275.0,685.885,2453
2025-10-28 10:25:00-04:00,685.9,686.16,685.71,686.13,378106.0,685.975,2691
2025-10-28 10:30:00-04:00,686.12,686.2,685.8,686.02,511181.0,686.006,3230
2025-10-28 10:35:00-04:00,686.03,686.37,685.93,685.96,528187.0,686.166,3339
2025-10-28 10:40:00-04:00,685.97,686.02,685.71,685.89,349462.0,685.853,2161
2025-10-28 10:45:00-04:00,685.9,686.2,685.59,686.11,435762.0,685.947,2297
2025-10-28 10:50:00-04:00,686.1,686.21,685.88,686.05,294782.0,686.086,1914
2025-10-28 10:55:00-04:00,686.05,686.12,685.68,685.85,352190.0,685.893,2387
2025-10-28 11:00:00-04:00,685.86,686.1,685.79,685.84,233888.0,685.963,1550
2025-10-28 11:05:00-04:00,685.83,686.21,685.78,686.13,252050.0,686.038,1605
2025-10-28 11:10:00-04:00,686.11,686.12,685.66,685.82,198020.0,685.872,1154
2025-10-28 11:15:00-04:00,685.83,685.99,685.76,685.86,162929.0,685.849,1114
2025-10-28 11:20:00-04:00,685.87,685.88,685.51,685.6,209739.0,685.651,1542
2025-10-28 11:25:00-04:00,685.59,685.69,685.37,685.53,242632.0,685.544,1762
2025-10-28 11:30:00-04:00,685.52,685.53,685.16,685.17,290973.0,685.354,2061
2025-10-28 11:35:00-04:00,685.18,685.5,684.83,685.47,586577.0,685.24,3513
2025-10-28 11:40:00-04:00,685.48,685.5,685.03,685.12,278410.0,685.193,1819
2025-10-28 11:45:00-04:00,685.13,685.35,685.0,685.25,327199.0,685.168,2158
2025-10-28 11:50:00-04:00,685.25,685.46,685.25,685.42,281952.0,685.383,1785
2025-10-28 11:55:00-04:00,685.42,685.61,685.32,685.58,207488.0,685.49,1607
2025-10-28 12:00:00-04:00,685.58,685.9,685.58,685.7,352118.0,685.743,2411
2025-10-28 12:05:00-04:00,685.71,686.03,685.66,685.99,298209.0,685.895,2115
2025-10-28 12:10:00-04:00,685.99,686.0,685.74,685.8,235238.0,685.865,1692
2025-10-28 12:15:00-04:00,685.79,685.95,685.7,685.83,227973.0,685.856,1709
2025-10-28 12:20:00-04:00,685.81,685.83,685.6,685.75,199727.0,685.707,1489
2025-10-28 12:25:00-04:00,685.76,686.23,685.74,686.18,232051.0,686.02,1646
2025-10-28 12:30:00-04:00,686.18,688.32,686.06,686.6,1769411.0,686.774,11756
2025-10-28 12:35:00-04:00,686.59,686.64,686.16,686.28,346104.0,686.399,2450
2025-10-28 12:40:00-04:00,686.28,686.73,686.2,686.73,310939.0,686.447,2195
2025-10-28 12:45:00-04:00,686.73,687.12,686.67,686.87,463777.0,686.948,3005
2025-10-28 12:50:00-04:00,686.85,687.16,686.78,686.98,398500.0,686.977,2604
2025-10-28 12:55:00-04:00,686.98,687.04,686.85,686.9,176752.0,686.941,1122
2025-10-28 13:00:00-04:00,686.88,687.37,686.86,687.22,275121.0,687.232,1756
2025-10-28 13:05:00-04:00,687.22,687.3,686.99,687.05,217396.0,687.154,1578
2025-10-28 13:10:00-04:00,687.06,687.32,686.87,687.17,391548.0,687.192,2912
2025-10-28 13:15:00-04:00,687.17,687.32,686.9,687.07,337389.0,687.126,2637
2025-10-28 13:20:00-04:00,687.06,687.3,687.05,687.26,188362.0,687.167,1363
2025-10-28 13:25:00-04:00,687.27,687.27,686.97,687.01,293997.0,687.107,2166
2025-10-28 13:30:00-04:00,687.02,687.14,686.87,687.08,268823.0,687.024,2019
2025-10-28 13:35:00-04:00,687.06,687.28,687.06,687.13,236920.0,687.176,1831
2025-10-28 13:40:00-04:00,687.13,687.33,687.11,687.3,313764.0,687.259,2236
2025-10-28 13:45:00-04:00,687.3,687.52,687.12,687.44,323706.0,687.314,2386
2025-10-28 13:50:00-04:00,687.44,687.71,687.41,687.63,473738.0,687.593,2755
2025-10-28 13:55:00-04:00,687.62,687.68,687.37,687.6,399989.0,687.526,2445
2025-10-28 14:00:00-04:00,687.61,687.71,687.54,687.69,278523.0,687.631,1829
2025-10-28 14:05:00-04:00,687.7,687.75,687.55,687.6,298307.0,687.654,1838
2025-10-28 14:10:00-04:00,687.6,687.86,687.58,687.83,337061.0,687.745,2282
2025-10-28 14:15:00-04:00,687.82,688.33,687.78,688.32,556020.0,688.09,2831
2025-10-28 14:20:00-04:00,688.32,688.4,688.18,688.25,504811.0,688.3,3018
2025-10-28 14:25:00-04:00,688.25,688.3,687.98,688.05,451333.0,688.114,2823
2025-10-28 14:30:00-04:00,688.06,688.19,687.95,688.0,336591.0,688.074,2143
2025-10-28 14:35:00-04:00,688.01,688.02,687.8,687.82,229190.0,687.898,1569
2025-10-28 14:40:00-04:00,687.82,688.04,687.78,687.98,263934.0,687.902,1910
2025-10-28 14:45:00-04:00,687.97,687.97,687.82,687.92,442042.0,687.892,2491
2025-10-28 14:50:00-04:00,687.92,688.12,687.9,688.07,349155.0,688.068,2016
2025-10-28 14:55:00-04:00,688.07,688.17,687.87,688.16,237225.0,688.017,1612
2025-10-28 15:00:00-04:00,688.15,688.15,687.82,687.99,383491.0,687.932,2602
2025-10-28 15:05:00-04:00,687.99,688.24,687.98,688.23,627803.0,688.097,3110
2025-10-28 15:10:00-04:00,688.22,688.26,688.09,688.21,525327.0,688.165,3177
2025-10-28 15:15:00-04:00,688.21,688.21,687.98,688.18,579562.0,688.107,3548
2025-10-28 15:20:00-04:00,688.19,688.34,688.13,688.34,305855.0,688.219,1944
2025-10-28 15:25:00-04:00,688.33,688.91,688.22,688.69,688222.0,688.626,4531
2025-10-28 15:30:00-04:00,688.7,688.71,688.43,688.51,753027.0,688.59,4289
2025-10-28 15:35:00-04:00,688.51,688.56,687.95,687.97,944302.0,688.202,6093
2025-10-28 15:40:00-04:00,687.97,687.97,687.43,687.53,1290683.0,687.618,8364
2025-10-28 15:45:00-04:00,687.54,687.77,687.32,687.39,950501.0,687.527,6240
2025-10-28 15:50:00-04:00,687.38,687.48,686.9,687.26,1706064.0,687.199,10524
2025-10-28 15:55:00-04:00,687.26,687.46,686.92,686.98,2736912.0,687.189,15897
2025-10-29 09:30:00-04:00,688.71,688.94,688.15,688.83,1647060.0,688.592,10159
2025-10-29 09:35:00-04:00,688.84,689.08,688.66,688.87,1027982.0,688.884,7275
2025-10-29 09:40:00-04:00,688.88,689.26,688.66,689.23,826694.0,688.931,5708
2025-10-29 09:45:00-04:00,689.23,689.36,688.72,688.92,999385.0,689.075,7412
2025-10-29 09:50:00-04:00,688.92,689.4,688.71,689.29,849275.0,689.097,5933
2025-10-29 09:55:00-04:00,689.29,689.69,689.22,689.57,791528.0,689.468,5223
2025-10-29 10:00:00-04:00,689.59,689.7,689.09,689.19,616900.0,689.419,4404
2025-10-29 10:05:00-04:00,689.18,689.19,688.68,688.85,694028.0,688.953,4648
2025-10-29 10:10:00-04:00,688.84,689.06,688.45,688.79,736958.0,688.799,5023
2025-10-29 10:15:00-04:00,688.79,688.9,688.53,688.71,487213.0,688.737,3432
2025-10-29 10:20:00-04:00,688.72,689.05,688.57,688.87,526933.0,688.851,3748
2025-10-29 10:25:00-04:00,688.85,689.01,688.64,688.98,582195.0,688.828,4184
2025-10-29 10:30:00-04:00,688.98,689.12,688.74,688.86,603066.0,688.925,4316
2025-10-29 10:35:00-04:00,688.88,688.98,688.66,688.76,580510.0,688.83,4096
2025-10-29 10:40:00-04:00,688.76,688.81,688.19,688.28,800641.0,688.517,5452
2025-10-29 10:45:00-04:00,688.29,688.54,688.09,688.12,619251.0,688.363,4345
2025-10-29 10:50:00-04:00,688.12,688.6,687.81,688.47,818221.0,688.296,5777
2025-10-29 10:55:00-04:00,688.47,688.49,688.28,688.35,560929.0,688.385,3871
2025-10-29 11:00:00-04:00,688.36,688.49,688.05,688.06,744121.0,688.304,4881
2025-10-29 11:05:00-04:00,688.05,688.54,688.05,688.37,579822.0,688.397,4205
2025-10-29 11:10:00-04:00,688.39,688.44,688.08,688.37,544215.0,688.244,3879
2025-10-29 11:15:00-04:00,688.36,688.57,688.11,688.55,634881.0,688.337,4453
2025-10-29 11:20:00-04:00,688.54,688.77,688.43,688.71,519563.0,688.573,3536
2025-10-29 11:25:00-04:00,688.71,688.82,688.31,688.31,535333.0,688.54,3848
2025-10-29 11:30:00-04:00,688.32,688.37,688.07,688.1,509723.0,688.201,3502
2025-10-29 11:35:00-04:00,688.09,688.3,687.89,688.23,620196.0,688.078,4191
2025-10-29 11:40:00-04:00,688.23,688.38,688.11,688.22,504259.0,688.256,3514
2025-10-29 11:45:00-04:00,688.22,688.33,687.84,688.31,594000.0,688.173,4205
2025-10-29 11:50:00-04:00,688.31,688.36,688.03,688.32,335063.0,688.217,2380
2025-10-29 11:55:00-04:00,688.33,688.33,687.9,688.05,320934.0,688.15,2237
2025-10-29 12:00:00-04:00,688.04,688.06,687.59,687.62,390497.0,687.829,2653
2025-10-29 12:05:00-04:00,687.63,688.15,687.59,687.92,471495.0,687.842,3198
2025-10-29 12:10:00-04:00,687.94,688.11,687.67,688.03,207118.0,687.939,1517
2025-10-29 12:15:00-04:00,688.02,688.21,687.98,688.2,252429.0,688.108,1756
2025-10-29 12:20:00-04:00,688.21,688.51,688.18,688.47,280354.0,688.371,1964
2025-10-29 12:25:00-04:00,688.46,688.53,688.34,688.47,169808.0,688.42,1198
2025-10-29 12:30:00-04:00,688.47,688.64,688.4,688.47,256181.0,688.527,1542
2025-10-29 12:35:00-04:00,688.48,688.57,688.3,688.4,199798.0,688.426,1307
2025-10-29 12:40:00-04:00,688.39,688.58,688.36,688.5,239612.0,688.492,1682
2025-10-29 12:45:00-04:00,688.5,688.78,688.41,688.44,270119.0,688.615,1858
2025-10-29 12:50:00-04:00,688.44,688.73,688.32,688.69,177949.0,688.575,1290
2025-10-29 12:55:00-04:00,688.69,688.76,688.5,688.55,199247.0,688.67,1375
2025-10-29 13:00:00-04:00,688.55,688.64,688.4,688.61,244827.0,688.528,1644
2025-10-29 13:05:00-04:00,688.61,688.62,688.39,688.42,162497.0,688.498,1132
2025-10-29 13:10:00-04:00,688.42,688.65,688.28,688.63,142340.0,688.471,1028
2025-10-29 13:15:00-04:00,688.63,688.81,688.48,688.51,176612.0,688.649,1276
2025-10-29 13:20:00-04:00,688.5,688.51,688.18,688.22,184966.0,688.362,1348
2025-10-29 13:25:00-04:00,688.21,688.21,687.74,687.93,370827.0,687.89,2590
2025-10-29 13:30:00-04:00,687.89,687.92,687.62,687.83,281214.0,687.751,1888
2025-10-29 13:35:00-04:00,687.83,688.03,687.83,687.95,299351.0,687.926,1860
2025-10-29 13:40:00-04:00,687.95,688.16,687.85,688.13,212053.0,688.034,1650
2025-10-29 13:45:00-04:00,688.11,688.32,687.89,688.27,246320.0,688.143,1729
2025-10-29 13:50:00-04:00,688.27,688.54,688.17,688.26,347869.0,688.389,2390
2025-10-29 13:55:00-04:00,688.26,688.3,687.87,688.17,335113.0,688.098,1974
2025-10-29 14:00:00-04:00,688.11,688.94,687.51,688.02,1005074.0,688.15,6102
2025-10-29 14:05:00-04:00,688.02,688.52,687.33,688.24,585406.0,687.914,4340
2025-10-29 14:10:00-04:00,688.26,688.36,687.54,687.61,363134.0,687.947,2698
2025-10-29 14:15:00-04:00,687.62,688.23,687.35,688.05,513260.0,687.788,3598
2025-10-29 14:20:00-04:00,688.06,688.06,687.39,687.79,386283.0,687.696,2940
2025-10-29 14:25:00-04:00,687.79,688.07,687.49,688.01,317727.0,687.705,2461
2025-10-29 14:30:00-04:00,688.0,688.72,687.82,688.48,732630.0,688.327,5179
2025-10-29 14:35:00-04:00,688.47,688.56,683.49,683.55,3986981.0,685.337,23715
2025-10-29 14:40:00-04:00,683.55,685.08,682.87,683.29,2710551.0,683.664,16771
2025-10-29 14:45:00-04:00,683.3,685.02,683.14,684.73,1562390.0,684.325,9021
2025-10-29 14:50:00-04:00,684.7,686.55,684.65,686.07,1627858.0,685.692,8561
2025-10-29 14:55:00-04:00,686.05,686.92,685.53,686.04,1205430.0,686.197,6880
2025-10-29 15:00:00-04:00,686.06,686.75,684.47,684.73,1154460.0,685.594,6720
2025-10-29 15:05:00-04:00,684.74,686.83,684.68,686.2,960992.0,686.108,5423
2025-10-29 15:10:00-04:00,686.19,686.72,685.81,686.01,613801.0,686.214,3739
2025-10-29 15:15:00-04:00,686.07,686.32,684.98,685.9,787502.0,685.744,4342
2025-10-29 15:20:00-04:00,685.81,686.51,685.33,685.67,492727.0,685.862,2955
2025-10-29 15:25:00-04:00,685.69,686.68,685.28,685.43,645951.0,685.993,3414
2025-10-29 15:30:00-04:00,685.39,685.75,684.62,684.98,641782.0,685.129,4095
2025-10-29 15:35:00-04:00,684.96,685.5,684.05,685.4,1057450.0,684.734,6633
2025-10-29 15:40:00-04:00,685.41,685.62,684.64,685.49,903415.0,685.203,6093
2025-10-29 15:45:00-04:00,685.49,686.62,685.42,686.16,1498331.0,686.053,9421
2025-10-29 15:50:00-04:00,686.18,687.28,686.17,686.48,1469920.0,686.869,8605
2025-10-29 15:55:00-04:00,686.47,687.36,686.24,687.33,2604933.0,686.695,14471
2025-10-30 09:30:00-04:00,683.91,683.91,683.06,683.2,1904099.0,683.365,13594
2025-10-30 09:35:00-04:00,683.19,683.22,681.39,681.87,1729057.0,682.066,11598
2025-10-30 09:40:00-04:00,681.87,682.77,681.46,682.43,1421148.0,682.051,10183
2025-10-30 09:45:00-04:00,682.42,684.36,682.22,683.97,1232688.0,683.442,8455
2025-10-30 09:50:00-04:00,683.97,685.64,683.93,685.34,1293032.0,684.936,8960
2025-10-30 09:55:00-04:00,685.35,685.46,684.67,685.0,877132.0,685.076,6595
2025-10-30 10:00:00-04:00,685.0,685.94,684.24,684.41,1128236.0,685.152,7433
2025-10-30 10:05:00-04:00,684.4,685.56,684.35,684.54,719183.0,684.963,5044
2025-10-30 10:10:00-04:00,684.55,684.96,683.83,684.82,750976.0,684.429,5287
2025-10-30 10:15:00-04:00,684.84,684.88,683.69,683.85,696800.0,684.179,4611
2025-10-30 10:20:00-04:00,683.85,684.67,683.25,683.67,756530.0,684.02,4864
2025-10-30 10:25:00-04:00,683.65,684.08,683.29,683.47,504752.0,683.678,3457
2025-10-30 10:30:00-04:00,683.46,684.57,683.41,684.43,586408.0,684.201,3919
2025-10-30 10:35:00-04:00,684.41,684.81,683.93,684.41,451840.0,684.48,2943
2025-10-30 10:40:00-04:00,684.45,685.72,684.45,685.24,542323.0,685.245,3464
2025-10-30 10:45:00-04:00,685.24,685.44,684.44,684.71,537952.0,684.814,3721
2025-10-30 10:50:00-04:00,684.72,684.87,683.64,684.03,452967.0,684.242,3028
2025-10-30 10:55:00-04:00,684.0,684.62,683.69,684.41,533090.0,684.12,3348
2025-10-30 11:00:00-04:00,684.41,685.06,684.4,684.93,322395.0,684.729,2278
2025-10-30 11:05:00-04:00,684.92,685.13,684.47,685.02,393224.0,684.816,2709
2025-10-30 11:10:00-04:00,685.02,685.34,684.89,685.29,267682.0,685.172,1839
2025-10-30 11:15:00-04:00,685.29,685.33,684.81,685.24,292221.0,685.093,2030
2025-10-30 11:20:00-04:00,685.25,685.53,685.03,685.19,281993.0,685.257,2044
2025-10-30 11:25:00-04:00,685.21,685.23,684.68,684.8,254412.0,684.927,1693
2025-10-30 11:30:00-04:00,684.8,684.91,684.21,684.38,398020.0,684.512,2231
2025-10-30 11:35:00-04:00,684.38,684.45,683.58,683.73,385541.0,683.905,2561
2025-10-30 11:40:00-04:00,683.71,683.73,683.15,683.56,527761.0,683.391,3346
2025-10-30 11:45:00-04:00,683.55,683.77,683.01,683.34,458720.0,683.438,3136
2025-10-30 11:50:00-04:00,683.34,683.58,683.23,683.52,263845.0,683.414,1988
2025-10-30 11:55:00-04:00,683.52,684.03,683.3,683.38,435938.0,683.687,2845
2025-10-30 12:00:00-04:00,683.4,684.19,683.22,684.12,395421.0,683.577,2518
2025-10-30 12:05:00-04:00,684.13,684.81,683.98,684.77,398185.0,684.432,2233
2025-10-30 12:10:00-04:00,684.77,685.14,684.58,685.06,329187.0,684.867,1980
2025-10-30 12:15:00-04:00,685.08,685.1,684.79,684.9,245003.0,684.931,1687
2025-10-30 12:20:00-04:00,684.9,685.04,684.52,685.02,267004.0,684.779,1769
2025-10-30 12:25:00-04:00,685.04,685.15,684.74,684.93,203902.0,684.993,1449
2025-10-30 12:30:00-04:00,684.95,684.95,683.98,684.0,335189.0,684.511,2244
2025-10-30 12:35:00-04:00,684.0,684.1,683.58,683.98,349699.0,683.864,2342
2025-10-30 12:40:00-04:00,684.0,684.35,683.7,684.28,354978.0,684.018,2571
2025-10-30 12:45:00-04:00,684.28,684.51,684.12,684.34,276185.0,684.358,2047
2025-10-30 12:50:00-04:00,684.36,684.51,683.99,684.31,232105.0,684.226,1644
2025-10-30 12:55:00-04:00,684.32,684.64,684.28,684.44,210637.0,684.447,1459
2025-10-30 13:00:00-04:00,684.42,684.42,683.74,683.88,267181.0,684.002,1724
2025-10-30 13:05:00-04:00,683.85,683.85,683.1,683.52,374581.0,683.431,2510
2025-10-30 13:10:00-04:00,683.51,683.6,683.07,683.37,306252.0,683.328,2218
2025-10-30 13:15:00-04:00,683.37,683.77,683.29,683.65,230843.0,683.565,1793
2025-10-30 13:20:00-04:00,683.63,684.13,683.27,684.08,325160.0,683.678,2185
2025-10-30 13:25:00-04:00,684.09,684.61,684.08,684.4,324368.0,684.421,2047
2025-10-30 13:30:00-04:00,684.4,684.41,683.92,684.08,316524.0,684.115,2371
2025-10-30 13:35:00-04:00,684.06,684.08,683.6,683.97,307544.0,683.792,2034
2025-10-30 13:40:00-04:00,683.97,684.02,683.63,683.98,304395.0,683.811,2071
2025-10-30 13:45:00-04:00,684.0,684.55,683.98,684.54,228153.0,684.278,1637
2025-10-30 13:50:00-04:00,684.54,684.64,684.11,684.48,300919.0,684.378,1727
2025-10-30 13:55:00-04:00,684.47,684.52,684.14,684.4,180305.0,684.337,1295
2025-10-30 14:00:00-04:00,684.39,684.4,683.82,683.88,359648.0,684.122,2519
2025-10-30 14:05:00-04:00,683.89,683.93,683.14,683.51,802595.0,683.594,4566
2025-10-30 14:10:00-04:00,683.51,683.62,682.87,682.95,408123.0,683.312,2751
2025-10-30 14:15:00-04:00,682.94,683.11,682.54,682.98,472492.0,682.819,2896
2025-10-30 14:20:00-04:00,682.98,683.26,682.58,682.79,510361.0,682.896,2553
2025-10-30 14:25:00-04:00,682.78,683.08,682.62,682.94,228512.0,682.873,1543
2025-10-30 14:30:00-04:00,682.93,683.49,682.89,682.94,418947.0,683.172,2632
2025-10-30 14:35:00-04:00,682.95,682.99,682.28,682.39,526259.0,682.715,3075
2025-10-30 14:40:00-04:00,682.42,682.6,682.16,682.47,499774.0,682.412,3133
2025-10-30 14:45:00-04:00,682.48,683.12,682.41,682.8,397038.0,682.811,2650
2025-10-30 14:50:00-04:00,682.77,682.96,682.47,682.93,312242.0,682.698,2140
2025-10-30 14:55:00-04:00,682.92,683.01,682.21,682.37,455550.0,682.599,3138
2025-10-30 15:00:00-04:00,682.36,682.43,681.87,682.0,601424.0,682.098,3829
2025-10-30 15:05:00-04:00,682.0,682.16,681.62,682.04,556437.0,681.859,3454
2025-10-30 15:10:00-04:00,682.02,682.02,681.66,681.69,440040.0,681.826,2692
2025-10-30 15:15:00-04:00,681.7,681.82,681.16,681.7,866972.0,681.47,4927
2025-10-30 15:20:00-04:00,681.67,681.67,680.34,681.0,928499.0,680.818,5840
2025-10-30 15:25:00-04:00,681.02,681.46,680.95,681.28,550413.0,681.229,3531
2025-10-30 15:30:00-04:00,681.29,681.99,681.26,681.41,850183.0,681.638,5152
2025-10-30 15:35:00-04:00,681.44,681.44,680.76,680.83,723240.0,681.15,4318
2025-10-30 15:40:00-04:00,680.84,681.1,680.56,680.66,858426.0,680.812,5101
2025-10-30 15:45:00-04:00,680.66,680.83,680.16,680.62,1173220.0,680.561,7189
2025-10-30 15:50:00-04:00,680.63,681.18,680.35,680.42,1912353.0,680.734,12198
2025-10-30 15:55:00-04:00,680.42,680.45,679.86,679.97,3490065.0,680.151,19685
2025-10-31 09:30:00-04:00,685.04,685.08,683.99,684.16,1521193.0,684.644,11422
2025-10-31 09:35:00-04:00,684.16,684.63,684.05,684.24,938565.0,684.343,7078
2025-10-31 09:40:00-04:00,684.24,684.26,683.0,683.3,1106224.0,683.607,7784
2025-10-31 09:45:00-04:00,683.27,683.66,682.86,683.43,792291.0,683.331,5835
2025-10-31 09:50:00-04:00,683.42,684.21,683.27,683.62,622613.0,683.682,4649
2025-10-31 09:55:00-04:00,683.61,683.69,683.0,683.47,535967.0,683.36,3727
2025-10-31 10:00:00-04:00,683.46,683.64,682.61,682.63,661547.0,683.222,4522
2025-10-31 10:05:00-04:00,682.62,683.49,682.57,683.03,536818.0,683.081,3758
2025-10-31 10:10:00-04:00,683.02,683.42,682.67,682.76,512784.0,682.979,3760
2025-10-31 10:15:00-04:00,682.76,683.48,682.69,683.34,515224.0,683.191,3447
2025-10-31 10:20:00-04:00,683.33,683.39,682.21,683.1,598657.0,682.756,3808
2025-10-31 10:25:00-04:00,683.09,683.42,683.02,683.25,403914.0,683.241,3036
2025-10-31 10:30:00-04:00,683.24,683.78,683.09,683.56,502277.0,683.518,3796
2025-10-31 10:35:00-04:00,683.58,684.01,683.53,683.91,380322.0,683.797,2749
2025-10-31 10:40:00-04:00,683.92,684.49,683.73,684.36,584068.0,684.215,3689
2025-10-31 10:45:00-04:00,684.36,684.75,684.33,684.36,415149.0,684.543,2727
2025-10-31 10:50:00-04:00,684.37,684.58,684.21,684.43,371737.0,684.378,2569
2025-10-31 10:55:00-04:00,684.42,684.52,684.16,684.47,314353.0,684.38,2027
2025-10-31 11:00:00-04:00,684.45,684.67,684.16,684.26,320058.0,684.413,2107
2025-10-31 11:05:00-04:00,684.29,684.38,683.94,684.17,376238.0,684.129,2540
2025-10-31 11:10:00-04:00,684.16,684.39,683.96,684.23,382152.0,684.168,2599
2025-10-31 11:15:00-04:00,684.24,684.75,684.21,684.71,343374.0,684.464,2407
2025-10-31 11:20:00-04:00,684.71,684.71,684.21,684.3,408998.0,684.426,2642
2025-10-31 11:25:00-04:00,684.29,684.29,683.61,683.74,467845.0,683.879,2998
2025-10-31 11:30:00-04:00,683.75,684.18,683.6,683.89,408575.0,683.891,2878
2025-10-31 11:35:00-04:00,683.88,683.89,682.91,683.04,499111.0,683.344,3685
2025-10-31 11:40:00-04:00,683.02,683.44,682.37,683.41,822341.0,682.879,5717
2025-10-31 11:45:00-04:00,683.41,684.14,682.34,682.51,1032531.0,683.214,7175
2025-10-31 11:50:00-04:00,682.52,683.04,682.21,682.68,405426.0,682.782,2617
2025-10-31 11:55:00-04:00,682.65,682.66,682.1,682.19,424985.0,682.363,2628
2025-10-31 12:00:00-04:00,682.19,682.21,681.54,681.96,742594.0,681.82,4650
2025-10-31 12:05:00-04:00,681.93,682.37,681.39,681.45,438406.0,682.018,2954
2025-10-31 12:10:00-04:00,681.43,681.72,681.09,681.55,650658.0,681.363,3905
2025-10-31 12:15:00-04:00,681.53,681.56,680.62,680.63,707338.0,681.035,4547
2025-10-31 12:20:00-04:00,680.61,681.41,680.51,681.38,769692.0,680.914,5347
2025-10-31 12:25:00-04:00,681.4,682.06,681.37,681.77,566824.0,681.742,3808
2025-10-31 12:30:00-04:00,681.76,682.45,681.7,682.04,394920.0,682.205,2775
2025-10-31 12:35:00-04:00,682.05,682.3,681.82,681.97,284067.0,682.051,2035
2025-10-31 12:40:00-04:00,681.95,681.97,680.97,681.16,507453.0,681.334,3414
2025-10-31 12:45:00-04:00,681.14,681.57,680.86,681.43,263876.0,681.253,1918
2025-10-31 12:50:00-04:00,681.42,681.42,680.62,680.71,337492.0,680.937,2179
2025-10-31 12:55:00-04:00,680.71,681.0,680.13,680.38,492807.0,680.511,3096
2025-10-31 13:00:00-04:00,680.37,680.8,679.99,680.08,920219.0,680.42,5003
2025-10-31 13:05:00-04:00,680.03,680.52,679.76,680.47,565355.0,680.152,3677
2025-10-31 13:10:00-04:00,680.41,680.6,679.71,679.91,512877.0,680.007,3311
2025-10-31 13:15:00-04:00,679.9,680.06,679.43,679.57,538924.0,679.724,3430
2025-10-31 13:20:00-04:00,679.55,679.83,679.24,679.79,442241.0,679.498,2906
2025-10-31 13:25:00-04:00,679.78,680.1,679.6,679.79,368214.0,679.892,2579
2025-10-31 13:30:00-04:00,679.8,680.74,679.75,680.03,529277.0,680.308,3518
2025-10-31 13:35:00-04:00,680.01,680.34,679.43,679.97,349229.0,679.827,2342
2025-10-31 13:40:00-04:00,679.98,680.77,679.77,680.67,302758.0,680.185,2228
2025-10-31 13:45:00-04:00,680.67,681.16,680.67,681.13,386657.0,680.929,2713
2025-10-31 13:50:00-04:00,681.13,681.49,680.99,681.22,318100.0,681.245,2215
2025-10-31 13:55:00-04:00,681.21,681.23,680.69,680.87,324201.0,680.901,2232
2025-10-31 14:00:00-04:00,680.86,681.76,680.81,681.74,588201.0,681.45,3708
2025-10-31 14:05:00-04:00,681.74,682.04,681.44,681.86,441522.0,681.736,3121
2025-10-31 14:10:00-04:00,681.86,682.18,681.74,681.99,347549.0,681.966,2334
2025-10-31 14:15:00-04:00,681.98,682.09,681.56,681.76,384332.0,681.734,2505
2025-10-31 14:20:00-04:00,681.72,682.39,681.67,682.34,482078.0,682.136,2678
2025-10-31 14:25:00-04:00,682.36,682.44,682.03,682.31,467936.0,682.25,2823
2025-10-31 14:30:00-04:00,682.32,682.48,682.14,682.25,437338.0,682.356,2624
2025-10-31 14:35:00-04:00,682.25,682.48,681.99,682.48,378291.0,682.21,2293
2025-10-31 14:40:00-04:00,682.49,682.59,682.2,682.38,302545.0,682.416,1972
2025-10-31 14:45:00-04:00,682.39,682.41,682.05,682.13,342805.0,682.213,2204
2025-10-31 14:50:00-04:00,682.13,682.16,681.73,681.79,371802.0,681.92,2191
2025-10-31 14:55:00-04:00,681.8,682.75,681.74,682.62,610270.0,682.215,3907
2025-10-31 15:00:00-04:00,682.62,682.91,682.29,682.49,524600.0,682.599,3312
2025-10-31 15:05:00-04:00,682.49,682.87,682.47,682.73,384258.0,682.681,2393
2025-10-31 15:10:00-04:00,682.73,683.01,682.69,682.88,401594.0,682.864,2488
2025-10-31 15:15:00-04:00,682.87,683.21,682.76,683.19,581996.0,683.049,3432
2025-10-31 15:20:00-04:00,683.2,683.8,683.16,683.79,823083.0,683.548,4853
2025-10-31 15:25:00-04:00,683.79,684.28,683.68,684.11,838174.0,683.947,4679
2025-10-31 15:30:00-04:00,684.09,684.77,683.91,684.75,922295.0,684.395,5190
2025-10-31 15:35:00-04:00,684.74,684.8,684.06,684.09,865174.0,684.341,5206
2025-10-31 15:40:00-04:00,684.1,684.49,684.05,684.43,610043.0,684.307,3853
2025-10-31 15:45:00-04:00,684.43,684.49,683.5,683.6,1146890.0,683.908,6850
2025-10-31 15:50:00-04:00,683.6,684.36,683.01,683.06,1912505.0,683.854,11150
2025-10-31 15:55:00-04:00,683.03,683.1,681.93,681.98,7561798.0,682.424,34081
2025-11-03 09:30:00-05:00,685.66,685.8,684.58,684.7,1909904.0,685.236,17566
2025-11-03 09:35:00-05:00,684.69,684.7,683.67,683.69,1314677.0,684.195,13592
2025-11-03 09:40:00-05:00,683.7,683.7,683.0,683.17,1277155.0,683.321,12594
2025-11-03 09:45:00-05:00,683.16,683.55,682.95,683.14,807095.0,683.237,8062
2025-11-03 09:50:00-05:00,683.15,683.21,682.36,682.5,812270.0,682.736,9181
2025-11-03 09:55:00-05:00,682.5,682.7,682.17,682.53,833740.0,682.469,8482
2025-11-03 10:00:00-05:00,682.55,682.7,681.88,682.11,740668.0,682.289,7033
2025-11-03 10:05:00-05:00,682.11,682.65,681.64,682.55,876215.0,682.129,9118
2025-11-03 10:10:00-05:00,682.56,683.01,682.3,682.32,803870.0,682.673,8639
2025-11-03 10:15:00-05:00,682.33,682.36,681.4,682.04,879477.0,681.819,7931
2025-11-03 10:20:00-05:00,682.05,682.13,681.46,681.57,693328.0,681.772,7165
2025-11-03 10:25:00-05:00,681.56,681.56,680.24,680.46,990194.0,680.757,11000
2025-11-03 10:30:00-05:00,680.45,680.47,679.94,680.36,1003058.0,680.2,10716
2025-11-03 10:35:00-05:00,680.36,681.51,680.14,681.5,830915.0,680.742,8552
2025-11-03 10:40:00-05:00,681.49,682.25,681.44,681.94,746888.0,681.766,7452
2025-11-03 10:45:00-05:00,681.93,682.18,681.41,681.54,506144.0,681.767,5506
2025-11-03 10:50:00-05:00,681.54,682.37,681.54,681.88,415215.0,682.055,4500
2025-11-03 10:55:00-05:00,681.88,682.8,681.88,682.38,487353.0,682.385,5605
2025-11-03 11:00:00-05:00,682.37,682.56,682.02,682.3,476096.0,682.298,4867
2025-11-03 11:05:00-05:00,682.32,682.64,682.23,682.47,255917.0,682.412,3202
2025-11-03 11:10:00-05:00,682.47,682.59,681.94,682.45,309538.0,682.304,3347
2025-11-03 11:15:00-05:00,682.45,682.77,682.05,682.72,337233.0,682.42,3888
2025-11-03 11:20:00-05:00,682.72,682.9,682.32,682.55,298533.0,682.615,3083
2025-11-03 11:25:00-05:00,682.55,682.63,681.82,682.05,366784.0,682.16,3891
2025-11-03 11:30:00-05:00,682.06,683.02,681.95,682.81,447017.0,682.589,4743
2025-11-03 11:35:00-05:00,682.8,683.06,682.36,682.92,436476.0,682.668,3758
2025-11-03 11:40:00-05:00,682.93,683.22,682.71,682.8,234660.0,682.967,2721
2025-11-03 11:45:00-05:00,682.82,683.03,682.44,682.49,358941.0,682.71,3125
2025-11-03 11:50:00-05:00,682.49,683.0,682.23,682.91,379223.0,682.655,3896
2025-11-03 11:55:00-05:00,682.9,683.61,682.84,683.41,430096.0,683.265,4478
2025-11-03 12:00:00-05:00,683.41,683.44,682.71,682.9,382700.0,682.975,4137
2025-11-03 12:05:00-05:00,682.89,683.56,682.86,683.46,190273.0,683.232,2254
2025-11-03 12:10:00-05:00,683.45,683.62,683.35,683.62,312384.0,683.48,3840
2025-11-03 12:15:00-05:00,683.61,683.87,683.38,683.65,396878.0,683.622,4302
2025-11-03 12:20:00-05:00,683.66,683.9,683.32,683.36,348143.0,683.626,3836
2025-11-03 12:25:00-05:00,683.36,683.36,682.42,682.75,521226.0,682.824,5484
2025-11-03 12:30:00-05:00,682.75,683.53,682.73,683.39,314800.0,683.219,3143
2025-11-03 12:35:00-05:00,683.38,683.78,683.31,683.53,321682.0,683.575,3276
2025-11-03 12:40:00-05:00,683.52,683.76,683.38,683.52,295637.0,683.6,3137
2025-11-03 12:45:00-05:00,683.55,683.81,683.48,683.75,205260.0,683.717,2454
2025-11-03 12:50:00-05:00,683.74,683.89,683.58,683.73,212086.0,683.721,2412
2025-11-03 12:55:00-05:00,683.73,683.98,683.69,683.83,202405.0,683.867,2253
2025-11-03 13:00:00-05:00,683.85,683.92,683.62,683.88,335965.0,683.776,3041
2025-11-03 13:05:00-05:00,683.89,684.13,683.83,684.08,274387.0,683.98,3019
2025-11-03 13:10:00-05:00,684.08,684.21,683.97,684.08,212680.0,684.104,2425
2025-11-03 13:15:00-05:00,684.09,684.14,683.85,684.06,167924.0,684.001,1674
2025-11-03 13:20:00-05:00,684.06,684.09,683.63,683.81,287535.0,683.821,2994
2025-11-03 13:25:00-05:00,683.82,683.91,683.53,683.63,197772.0,683.718,2375
2025-11-03 13:30:00-05:00,683.64,684.17,683.63,684.01,217782.0,683.959,2386
2025-11-03 13:35:00-05:00,684.0,684.18,683.88,684.06,144933.0,684.056,1530
2025-11-03 13:40:00-05:00,684.05,684.23,683.9,684.18,239829.0,684.103,2374
2025-11-03 13:45:00-05:00,684.18,684.21,683.78,683.78,222385.0,683.938,2401
2025-11-03 13:50:00-05:00,683.77,683.92,683.4,683.68,335824.0,683.641,3058
2025-11-03 13:55:00-05:00,683.67,683.91,683.56,683.59,168919.0,683.752,1816
2025-11-03 14:00:00-05:00,683.59,683.88,683.08,683.15,708155.0,683.409,7741
2025-11-03 14:05:00-05:00,683.16,683.64,683.13,683.49,465932.0,683.407,4873
2025-11-03 14:10:00-05:00,683.48,683.68,683.27,683.38,205081.0,683.459,2445
2025-11-03 14:15:00-05:00,683.38,683.62,683.15,683.23,282107.0,683.346,2986
2025-11-03 14:20:00-05:00,683.24,683.44,683.11,683.26,282718.0,683.261,2865
2025-11-03 14:25:00-05:00,683.25,683.45,683.08,683.26,283683.0,683.279,2967
2025-11-03 14:30:00-05:00,683.25,683.55,683.23,683.51,333565.0,683.433,3639
2025-11-03 14:35:00-05:00,683.51,683.6,683.29,683.31,285601.0,683.462,2611
2025-11-03 14:40:00-05:00,683.3,683.33,682.58,683.11,649097.0,682.883,6304
2025-11-03 14:45:00-05:00,683.11,683.36,683.08,683.24,417297.0,683.204,3937
2025-11-03 14:50:00-05:00,683.23,683.55,683.15,683.52,339540.0,683.337,3424
2025-11-03 14:55:00-05:00,683.51,683.64,683.33,683.4,344473.0,683.493,3829
2025-11-03 15:00:00-05:00,683.4,683.59,683.35,683.54,347351.0,683.489,3337
2025-11-03 15:05:00-05:00,683.54,683.66,683.23,683.28,384774.0,683.449,3508
2025-11-03 15:10:00-05:00,683.27,683.39,683.03,683.29,350279.0,683.21,3030
2025-11-03 15:15:00-05:00,683.29,683.48,683.15,683.41,443472.0,683.352,3979
2025-11-03 15:20:00-05:00,683.39,683.5,683.1,683.12,323786.0,683.334,3052
2025-11-03 15:25:00-05:00,683.12,683.3,683.03,683.13,406035.0,683.198,3747
2025-11-03 15:30:00-05:00,683.14,683.16,682.58,682.63,552538.0,682.913,5637
2025-11-03 15:35:00-05:00,682.63,683.04,682.48,683.03,837780.0,682.743,6777
2025-11-03 15:40:00-05:00,683.03,683.2,682.88,683.16,498612.0,683.075,4374
2025-11-03 15:45:00-05:00,683.16,683.21,682.51,682.67,781458.0,682.759,8071
2025-11-03 15:50:00-05:00,682.68,683.0,682.45,682.89,1079153.0,682.697,11584
2025-11-03 15:55:00-05:00,682.89,683.38,682.73,683.37,3374534.0,683.007,24442
2025-11-04 09:30:00-05:00,676.11,676.46,674.83,674.96,2873328.0,675.692,29789
2025-11-04 09:35:00-05:00,674.96,675.81,674.67,675.26,1570747.0,675.214,16181
2025-11-04 09:40:00-05:00,675.24,677.17,674.96,677.0,1466497.0,676.394,14895
2025-11-04 09:45:00-05:00,676.99,677.36,676.48,677.13,1290831.0,676.952,14081
2025-11-04 09:50:00-05:00,677.13,678.35,676.99,678.26,1133978.0,677.745,11719
2025-11-04 09:55:00-05:00,678.31,678.82,678.1,678.68,1026648.0,678.405,10256
2025-11-04 10:00:00-05:00,678.71,679.08,678.52,678.99,701855.0,678.779,7475
2025-11-04 10:05:00-05:00,679.0,679.2,678.31,678.75,923373.0,678.802,9342
2025-11-04 10:10:00-05:00,678.75,679.22,678.35,678.91,758245.0,678.779,6860
2025-11-04 10:15:00-05:00,678.91,679.44,678.89,679.32,705701.0,679.144,6046
2025-11-04 10:20:00-05:00,679.33,679.45,678.99,679.18,501694.0,679.228,5230
2025-11-04 10:25:00-05:00,679.19,679.65,679.13,679.32,505015.0,679.391,5102
2025-11-04 10:30:00-05:00,679.32,679.46,678.93,679.44,408598.0,679.178,4394
2025-11-04 10:35:00-05:00,679.43,679.8,679.19,679.73,395424.0,679.509,4225
2025-11-04 10:40:00-05:00,679.73,679.96,679.32,679.44,580738.0,679.682,6281
2025-11-04 10:45:00-05:00,679.44,679.45,678.71,678.73,602489.0,679.017,6288
2025-11-04 10:50:00-05:00,678.74,678.92,678.37,678.4,555606.0,678.561,5583
2025-11-04 10:55:00-05:00,678.39,678.41,677.63,678.18,775593.0,678.047,7495
2025-11-04 11:00:00-05:00,678.18,678.82,678.12,678.44,627918.0,678.526,6278
2025-11-04 11:05:00-05:00,678.43,678.45,677.94,678.04,470833.0,678.139,4898
2025-11-04 11:10:00-05:00,678.03,678.19,677.67,678.1,449057.0,677.968,5187
2025-11-04 11:15:00-05:00,678.09,678.4,677.71,677.79,659944.0,678.024,6940
2025-11-04 11:20:00-05:00,677.78,678.02,677.58,677.82,422923.0,677.768,4229
2025-11-04 11:25:00-05:00,677.82,678.33,677.56,678.2,400279.0,677.968,4337
2025-11-04 11:30:00-05:00,678.21,678.49,677.88,678.11,579551.0,678.184,6243
2025-11-04 11:35:00-05:00,678.11,678.63,677.94,678.55,473643.0,678.324,5203
2025-11-04 11:40:00-05:00,678.54,678.61,677.91,678.21,473457.0,678.258,4716
2025-11-04 11:45:00-05:00,678.21,678.39,677.57,677.63,401713.0,677.876,4120
2025-11-04 11:50:00-05:00,677.63,678.37,677.44,678.3,460967.0,677.768,4767
2025-11-04 11:55:00-05:00,678.31,678.32,677.52,678.19,379120.0,677.936,4367
2025-11-04 12:00:00-05:00,678.19,678.21,677.54,677.63,386065.0,677.782,3944
2025-11-04 12:05:00-05:00,677.61,677.67,677.13,677.29,468548.0,677.356,4215
2025-11-04 12:10:00-05:00,677.29,677.29,676.94,676.97,350663.0,677.115,3846
2025-11-04 12:15:00-05:00,676.98,677.17,675.99,676.0,636972.0,676.535,6770
2025-11-04 12:20:00-05:00,676.0,677.0,675.68,676.96,1113905.0,676.259,10504
2025-11-04 12:25:00-05:00,676.96,677.53,676.8,676.93,577110.0,677.206,5529
2025-11-04 12:30:00-05:00,676.93,677.11,676.57,676.73,345491.0,676.788,3646
2025-11-04 12:35:00-05:00,676.73,676.85,676.27,676.33,401416.0,676.534,3930
2025-11-04 12:40:00-05:00,676.33,676.39,675.79,676.15,573298.0,676.095,5069
2025-11-04 12:45:00-05:00,676.16,676.89,676.14,676.69,481979.0,676.548,5042
2025-11-04 12:50:00-05:00,676.68,677.25,676.2,676.25,521085.0,676.737,5018
2025-11-04 12:55:00-05:00,676.24,676.26,675.72,676.01,410658.0,675.936,4293
2025-11-04 13:00:00-05:00,675.98,676.13,675.63,675.75,360551.0,675.83,3506
2025-11-04 13:05:00-05:00,675.73,675.94,675.53,675.64,292288.0,675.728,3081
2025-11-04 13:10:00-05:00,675.62,675.93,675.53,675.87,358905.0,675.728,3854
2025-11-04 13:15:00-05:00,675.86,676.06,675.14,675.16,533444.0,675.616,5392
2025-11-04 13:20:00-05:00,675.15,676.06,675.04,675.59,487482.0,675.579,5475
2025-11-04 13:25:00-05:00,675.59,675.65,674.98,675.25,387115.0,675.272,4180
2025-11-04 13:30:00-05:00,675.25,675.67,674.99,675.12,493155.0,675.333,5176
2025-11-04 13:35:00-05:00,675.12,675.3,674.79,674.83,453329.0,675.022,4633
2025-11-04 13:40:00-05:00,674.83,675.85,674.71,675.83,794721.0,675.291,8199
2025-11-04 13:45:00-05:00,675.83,676.02,675.38,675.48,557468.0,675.706,5731
2025-11-04 13:50:00-05:00,675.48,676.42,675.47,676.31,604661.0,676.09,6269
2025-11-04 13:55:00-05:00,676.32,676.34,675.8,676.15,443993.0,676.135,5478
2025-11-04 14:00:00-05:00,676.11,676.68,676.02,676.61,790869.0,676.463,8391
2025-11-04 14:05:00-05:00,676.61,676.62,675.7,675.78,748327.0,676.133,6775
2025-11-04 14:10:00-05:00,675.76,676.36,675.66,676.06,660431.0,676.088,6414
2025-11-04 14:15:00-05:00,676.05,676.34,675.9,675.93,432330.0,676.151,4330
2025-11-04 14:20:00-05:00,675.94,676.5,675.84,676.39,568885.0,676.156,5516
2025-11-04 14:25:00-05:00,676.4,676.59,676.13,676.3,498069.0,676.397,4996
2025-11-04 14:30:00-05:00,676.29,676.38,675.46,675.95,589633.0,675.74,5969
2025-11-04 14:35:00-05:00,675.95,675.98,674.88,675.08,622453.0,675.33,6379
2025-11-04 14:40:00-05:00,675.07,675.42,674.58,674.92,580995.0,674.946,6016
2025-11-04 14:45:00-05:00,674.89,675.2,674.74,674.86,492813.0,674.931,6054
2025-11-04 14:50:00-05:00,674.85,675.23,674.71,674.9,540098.0,674.98,5958
2025-11-04 14:55:00-05:00,674.91,675.4,674.87,675.17,562340.0,675.117,5886
2025-11-04 15:00:00-05:00,675.19,675.45,675.02,675.18,596263.0,675.205,6135
2025-11-04 15:05:00-05:00,675.18,675.64,675.13,675.42,507202.0,675.443,4842
2025-11-04 15:10:00-05:00,675.41,676.06,675.24,675.94,542165.0,675.624,5035
2025-11-04 15:15:00-05:00,675.94,676.23,675.73,675.88,734092.0,675.961,7107
2025-11-04 15:20:00-05:00,675.88,675.9,675.07,675.28,695411.0,675.392,7010
2025-11-04 15:25:00-05:00,675.28,675.98,675.26,675.96,550531.0,675.575,5932
2025-11-04 15:30:00-05:00,675.97,676.06,675.32,675.54,852532.0,675.64,7987
2025-11-04 15:35:00-05:00,675.56,676.2,675.5,675.79,758730.0,675.918,7249
2025-11-04 15:40:00-05:00,675.79,676.41,675.72,676.27,799856.0,676.141,7498
2025-11-04 15:45:00-05:00,676.27,676.54,675.35,675.39,1112712.0,676.041,10936
2025-11-04 15:50:00-05:00,675.39,675.55,674.74,675.02,2011907.0,675.075,18820
2025-11-04 15:55:00-05:00,675.02,675.34,674.61,675.34,4194126.0,675.022,34839
2025-11-05 09:30:00-05:00,675.0,675.34,674.46,674.5,1816735.0,675.011,16091
2025-11-05 09:35:00-05:00,674.49,675.32,674.17,674.96,1317678.0,674.764,13576
2025-11-05 09:40:00-05:00,674.94,675.07,674.21,674.46,802508.0,674.638,8400
2025-11-05 09:45:00-05:00,674.47,676.27,674.41,676.08,996961.0,675.589,9194
2025-11-05 09:50:00-05:00,676.07,677.29,675.98,677.21,1049132.0,676.67,11045
2025-11-05 09:55:00-05:00,677.21,677.6,676.87,677.28,837201.0,677.236,8234
2025-11-05 10:00:00-05:00,677.1,677.46,676.48,677.02,1172466.0,676.898,11239
2025-11-05 10:05:00-05:00,677.01,678.09,676.81,677.64,1157969.0,677.615,11759
2025-11-05 10:10:00-05:00,677.65,677.66,676.83,676.86,851193.0,677.222,8541
2025-11-05 10:15:00-05:00,676.86,677.39,676.65,676.94,978676.0,677.041,10147
2025-11-05 10:20:00-05:00,676.94,677.53,675.4,677.49,1214568.0,676.833,11672
2025-11-05 10:25:00-05:00,677.48,678.04,677.0,677.44,790850.0,677.638,7365
2025-11-05 10:30:00-05:00,677.44,677.97,677.22,677.67,480521.0,677.583,4776
2025-11-05 10:35:00-05:00,677.63,677.93,677.48,677.75,474949.0,677.712,4725
2025-11-05 10:40:00-05:00,677.74,678.28,677.68,677.78,602147.0,677.967,6158
2025-11-05 10:45:00-05:00,677.79,678.24,677.57,677.68,499769.0,677.883,5237
2025-11-05 10:50:00-05:00,677.67,677.71,677.19,677.6,489035.0,677.439,4998
2025-11-05 10:55:00-05:00,677.59,677.91,676.95,677.88,655817.0,677.403,6671
2025-11-05 11:00:00-05:00,677.87,678.0,677.12,677.63,671013.0,677.615,7142
2025-11-05 11:05:00-05:00,677.59,678.11,677.26,677.61,487495.0,677.649,4867
2025-11-05 11:10:00-05:00,677.62,677.67,676.82,677.01,482959.0,677.227,4855
2025-11-05 11:15:00-05:00,677.02,677.35,676.78,677.01,478486.0,677.083,4646
2025-11-05 11:20:00-05:00,676.99,677.88,676.76,677.87,355531.0,677.195,3242
2025-11-05 11:25:00-05:00,677.87,678.4,677.78,678.29,730777.0,678.169,6720
2025-11-05 11:30:00-05:00,678.27,678.58,678.08,678.52,540111.0,678.405,4916
2025-11-05 11:35:00-05:00,678.53,678.66,678.14,678.6,381941.0,678.449,3612
2025-11-05 11:40:00-05:00,678.62,679.11,678.6,679.05,630095.0,678.862,4793
2025-11-05 11:45:00-05:00,679.04,679.63,678.91,679.48,716773.0,679.279,6692
2025-11-05 11:50:00-05:00,679.48,679.75,679.38,679.7,602445.0,679.564,5355
2025-11-05 11:55:00-05:00,679.69,679.73,679.31,679.38,676166.0,679.527,5855
2025-11-05 12:00:00-05:00,679.37,679.7,679.2,679.25,513361.0,679.419,5299
2025-11-05 12:05:00-05:00,679.25,679.53,679.07,679.17,304490.0,679.323,2994
2025-11-05 12:10:00-05:00,679.16,679.58,679.03,679.44,376528.0,679.333,3789
2025-11-05 12:15:00-05:00,679.43,679.59,679.26,679.57,256327.0,679.443,2527
2025-11-05 12:20:00-05:00,679.55,679.79,679.5,679.7,401551.0,679.689,3902
2025-11-05 12:25:00-05:00,679.69,680.1,679.67,680.05,535136.0,679.956,4734
2025-11-05 12:30:00-05:00,680.05,680.4,679.94,680.33,763123.0,680.197,6581
2025-11-05 12:35:00-05:00,680.34,680.86,680.25,680.71,634070.0,680.594,5347
2025-11-05 12:40:00-05:00,680.71,680.74,680.43,680.68,436734.0,680.582,3878
2025-11-05 12:45:00-05:00,680.68,680.71,680.26,680.31,375405.0,680.401,3673
2025-11-05 12:50:00-05:00,680.31,680.45,680.19,680.32,277928.0,680.312,3127
2025-11-05 12:55:00-05:00,680.32,680.32,680.0,680.22,299294.0,680.188,2976
2025-11-05 13:00:00-05:00,680.21,680.46,680.06,680.36,440516.0,680.281,3916
2025-11-05 13:05:00-05:00,680.36,680.41,680.14,680.19,216231.0,680.279,2343
2025-11-05 13:10:00-05:00,680.2,680.41,680.01,680.38,278257.0,680.207,2831
2025-11-05 13:15:00-05:00,680.36,680.71,680.34,680.36,335496.0,680.521,3351
2025-11-05 13:20:00-05:00,680.37,680.41,680.15,680.24,296756.0,680.294,2914
2025-11-05 13:25:00-05:00,680.23,680.47,680.07,680.41,303553.0,680.224,2771
2025-11-05 13:30:00-05:00,680.4,680.49,680.23,680.43,172317.0,680.363,1870
2025-11-05 13:35:00-05:00,680.43,680.86,680.4,680.85,433978.0,680.721,4216
2025-11-05 13:40:00-05:00,680.86,680.86,680.56,680.6,311718.0,680.678,3083
2025-11-05 13:45:00-05:00,680.61,680.67,680.45,680.49,240969.0,680.562,2488
2025-11-05 13:50:00-05:00,680.49,680.72,680.48,680.65,271176.0,680.651,2592
2025-11-05 13:55:00-05:00,680.65,680.72,680.52,680.66,241764.0,680.646,2506
2025-11-05 14:00:00-05:00,680.64,680.64,680.11,680.22,600587.0,680.278,5842
2025-11-05 14:05:00-05:00,680.22,680.31,679.74,679.85,509454.0,679.96,4810
2025-11-05 14:10:00-05:00,679.86,680.3,679.85,680.29,526305.0,680.124,5185
2025-11-05 14:15:00-05:00,680.29,680.53,680.24,680.41,229197.0,680.401,2432
2025-11-05 14:20:00-05:00,680.41,680.45,680.2,680.44,381505.0,680.325,3377
2025-11-05 14:25:00-05:00,680.45,680.48,680.15,680.21,311703.0,680.271,2755
2025-11-05 14:30:00-05:00,680.21,680.51,680.14,680.4,317913.0,680.351,3059
2025-11-05 14:35:00-05:00,680.39,680.52,680.34,680.43,211324.0,680.424,2120
2025-11-05 14:40:00-05:00,680.43,680.43,680.25,680.26,213876.0,680.349,2219
2025-11-05 14:45:00-05:00,680.27,680.37,680.11,680.11,259828.0,680.254,2486
2025-11-05 14:50:00-05:00,680.11,680.4,680.1,680.36,418107.0,680.297,3181
2025-11-05 14:55:00-05:00,680.37,680.44,680.22,680.23,370340.0,680.326,3419
2025-11-05 15:00:00-05:00,680.23,680.52,680.21,680.36,407771.0,680.396,3194
2025-11-05 15:05:00-05:00,680.36,680.41,680.12,680.3,396186.0,680.253,4018
2025-11-05 15:10:00-05:00,680.3,680.42,680.25,680.39,616277.0,680.338,4537
2025-11-05 15:15:00-05:00,680.4,680.48,680.18,680.25,357198.0,680.311,3481
2025-11-05 15:20:00-05:00,680.24,680.36,680.04,680.06,396233.0,680.215,3598
2025-11-05 15:25:00-05:00,680.05,680.09,679.67,679.76,636996.0,679.862,5336
2025-11-05 15:30:00-05:00,679.76,679.82,679.46,679.54,903507.0,679.599,7177
2025-11-05 15:35:00-05:00,679.54,679.77,679.45,679.55,849916.0,679.599,7448
2025-11-05 15:40:00-05:00,679.54,679.87,679.18,679.38,1130830.0,679.604,8915
2025-11-05 15:45:00-05:00,679.38,679.48,678.91,678.96,1754131.0,679.185,14444
2025-11-05 15:50:00-05:00,678.95,679.14,678.66,678.68,1817015.0,678.891,16484
2025-11-05 15:55:00-05:00,678.69,678.7,677.4,677.51,4992236.0,677.844,35479
2025-11-06 09:30:00-05:00,676.46,677.38,676.33,677.05,1627152.0,676.812,15559
2025-11-06 09:35:00-05:00,677.03,677.34,676.58,676.85,989363.0,676.949,10826
2025-11-06 09:40:00-05:00,676.85,676.86,675.69,675.98,788843.0,676.136,8268
2025-11-06 09:45:00-05:00,675.98,677.01,675.94,676.15,811238.0,676.596,8219
2025-11-06 09:50:00-05:00,676.15,676.53,674.86,674.9,1124377.0,675.545,10558
2025-11-06 09:55:00-05:00,674.91,675.19,674.09,674.14,971380.0,674.734,9460
2025-11-06 10:00:00-05:00,674.13,674.15,672.52,672.6,1790444.0,673.332,17719
2025-11-06 10:05:00-05:00,672.6,673.64,672.52,673.34,1397492.0,673.263,13564
2025-11-06 10:10:00-05:00,673.33,674.26,673.03,673.12,1327948.0,673.763,13918
2025-11-06 10:15:00-05:00,673.14,674.64,672.78,674.32,1162777.0,673.738,10392
2025-11-06 10:20:00-05:00,674.32,675.37,674.32,675.13,923874.0,675.005,8804
2025-11-06 10:25:00-05:00,675.06,675.23,674.45,674.54,738563.0,674.866,6919
2025-11-06 10:30:00-05:00,674.54,674.67,673.38,673.55,689093.0,673.987,6703
2025-11-06 10:35:00-05:00,673.56,673.57,671.73,671.92,1303194.0,672.368,12232
2025-11-06 10:40:00-05:00,671.92,672.08,670.9,671.14,1688876.0,671.591,15695
2025-11-06 10:45:00-05:00,671.12,671.84,670.9,671.4,1220943.0,671.405,11466
2025-11-06 10:50:00-05:00,671.39,671.9,671.06,671.72,1194012.0,671.502,11031
2025-11-06 10:55:00-05:00,671.71,671.9,670.76,670.95,925866.0,671.33,9032
2025-11-06 11:00:00-05:00,670.95,671.57,670.85,671.55,864503.0,671.268,9162
2025-11-06 11:05:00-05:00,671.55,672.02,671.04,671.48,756628.0,671.647,7685
2025-11-06 11:10:00-05:00,671.46,671.62,670.93,671.39,497902.0,671.266,4478
2025-11-06 11:15:00-05:00,671.39,671.83,670.54,671.01,719336.0,671.136,6522
2025-11-06 11:20:00-05:00,671.02,671.54,670.4,670.58,670988.0,670.858,6224
2025-11-06 11:25:00-05:00,670.54,671.53,670.22,671.41,816605.0,670.697,8328
2025-11-06 11:30:00-05:00,671.41,671.41,670.67,670.89,424015.0,670.982,4199
2025-11-06 11:35:00-05:00,670.88,670.9,669.77,670.06,723826.0,670.216,7582
2025-11-06 11:40:00-05:00,670.04,670.29,669.36,669.96,716881.0,669.871,7509
2025-11-06 11:45:00-05:00,669.97,669.98,669.37,669.63,497836.0,669.608,5996
2025-11-06 11:50:00-05:00,669.63,670.48,669.45,670.34,765670.0,670.055,7996
2025-11-06 11:55:00-05:00,670.32,670.32,669.01,669.25,661847.0,669.461,7031
2025-11-06 12:00:00-05:00,669.24,670.22,669.23,670.16,680894.0,669.892,6211
2025-11-06 12:05:00-05:00,670.14,670.5,669.5,670.46,573717.0,670.088,5421
2025-11-06 12:10:00-05:00,670.46,671.13,670.05,670.07,641555.0,670.637,6139
2025-11-06 12:15:00-05:00,670.08,670.29,669.54,669.96,564679.0,669.89,5708
2025-11-06 12:20:00-05:00,669.95,669.95,668.98,669.2,708264.0,669.343,7502
2025-11-06 12:25:00-05:00,669.2,669.63,668.72,669.59,627545.0,669.16,6312
2025-11-06 12:30:00-05:00,669.58,670.4,669.28,669.77,525902.0,669.867,5764
2025-11-06 12:35:00-05:00,669.79,670.43,669.79,669.8,584761.0,670.196,4917
2025-11-06 12:40:00-05:00,669.78,670.67,669.74,670.64,413364.0,670.283,4649
2025-11-06 12:45:00-05:00,670.61,671.36,670.56,671.12,633175.0,671.112,6478
2025-11-06 12:50:00-05:00,671.14,671.56,671.05,671.38,622135.0,671.299,5845
2025-11-06 12:55:00-05:00,671.38,671.58,670.89,671.13,459978.0,671.275,5031
2025-11-06 13:00:00-05:00,671.1,671.44,670.26,670.35,855067.0,670.962,7832
2025-11-06 13:05:00-05:00,670.37,670.42,669.26,669.32,755512.0,669.661,6257
2025-11-06 13:10:00-05:00,669.32,669.78,669.13,669.61,709316.0,669.45,6320
2025-11-06 13:15:00-05:00,669.59,669.93,669.34,669.66,379047.0,669.645,3955
2025-11-06 13:20:00-05:00,669.65,670.62,669.53,670.57,339074.0,669.929,3140
2025-11-06 13:25:00-05:00,670.58,671.31,670.53,670.96,490271.0,670.989,4345
2025-11-06 13:30:00-05:00,670.94,671.49,670.91,671.4,361806.0,671.296,3942
2025-11-06 13:35:00-05:00,671.39,672.01,671.24,671.81,472676.0,671.737,4017
2025-11-06 13:40:00-05:00,671.8,672.21,671.69,671.95,405105.0,671.937,3755
2025-11-06 13:45:00-05:00,671.97,672.01,671.33,671.83,479886.0,671.717,4080
2025-11-06 13:50:00-05:00,671.83,672.08,671.57,671.97,341469.0,671.864,3446
2025-11-06 13:55:00-05:00,671.96,672.01,671.06,671.5,398598.0,671.434,3770
2025-11-06 14:00:00-05:00,671.51,672.31,671.28,672.26,876775.0,671.759,7393
2025-11-06 14:05:00-05:00,672.23,673.01,672.13,672.26,722767.0,672.595,5745
2025-11-06 14:10:00-05:00,672.27,672.92,672.27,672.81,356092.0,672.6,3353
2025-11-06 14:15:00-05:00,672.81,672.94,672.18,672.51,437329.0,672.54,3963
2025-11-06 14:20:00-05:00,672.49,672.76,672.37,672.68,315880.0,672.576,2982
2025-11-06 14:25:00-05:00,672.7,673.53,672.69,673.4,645341.0,673.187,5644
2025-11-06 14:30:00-05:00,673.39,673.57,672.9,673.37,524127.0,673.293,4952
2025-11-06 14:35:00-05:00,673.38,673.7,673.2,673.23,645289.0,673.466,5889
2025-11-06 14:40:00-05:00,673.22,673.23,672.19,672.82,848122.0,672.662,7795
2025-11-06 14:45:00-05:00,672.84,672.96,672.15,672.46,499423.0,672.566,4767
2025-11-06 14:50:00-05:00,672.45,672.7,672.03,672.56,763577.0,672.416,6632
2025-11-06 14:55:00-05:00,672.55,673.42,672.46,672.99,598211.0,672.98,5013
2025-11-06 15:00:00-05:00,672.98,673.15,672.49,672.77,430938.0,672.78,4167
2025-11-06 15:05:00-05:00,672.79,673.16,672.7,672.95,375728.0,672.94,3859
2025-11-06 15:10:00-05:00,672.93,673.31,672.7,672.99,496646.0,673.028,4813
2025-11-06 15:15:00-05:00,672.99,673.12,672.4,673.01,633125.0,672.819,6454
2025-11-06 15:20:00-05:00,673.02,673.28,672.8,673.19,575519.0,673.056,5280
2025-11-06 15:25:00-05:00,673.18,673.35,672.24,672.32,665636.0,672.794,7216
2025-11-06 15:30:00-05:00,672.31,672.69,671.66,672.52,1053309.0,672.129,10074
2025-11-06 15:35:00-05:00,672.52,672.72,671.88,671.92,849563.0,672.293,8412
2025-11-06 15:40:00-05:00,671.91,672.2,671.34,671.39,1038981.0,671.74,10527
2025-11-06 15:45:00-05:00,671.39,671.56,670.34,670.36,1680890.0,670.766,16798
2025-11-06 15:50:00-05:00,670.37,671.06,670.33,670.52,2217160.0,670.669,20367
2025-11-06 15:55:00-05:00,670.52,670.61,669.53,670.24,4912691.0,670.092,35346
2025-11-07 09:30:00-05:00,667.91,667.98,666.19,666.29,2550723.0,666.845,21912
2025-11-07 09:35:00-05:00,666.28,666.4,664.38,664.5,2343145.0,665.268,22840
2025-11-07 09:40:00-05:00,664.5,665.79,664.35,665.43,1975780.0,665.138,18895
2025-11-07 09:45:00-05:00,665.45,666.08,664.86,664.88,1533899.0,665.572,14069
2025-11-07 09:50:00-05:00,664.89,666.42,664.78,666.1,1527614.0,665.676,16014
2025-11-07 09:55:00-05:00,666.08,666.84,665.71,666.25,946002.0,666.332,8918
2025-11-07 10:00:00-05:00,666.16,666.46,664.86,665.0,1168138.0,665.459,10582
2025-11-07 10:05:00-05:00,665.02,665.85,663.97,665.77,1534630.0,664.728,13351
2025-11-07 10:10:00-05:00,665.77,666.64,665.64,666.53,905852.0,666.194,8836
2025-11-07 10:15:00-05:00,666.54,667.22,665.98,666.44,1254832.0,666.595,12285
2025-11-07 10:20:00-05:00,666.44,667.04,665.45,665.55,981970.0,666.345,9217
2025-11-07 10:25:00-05:00,665.57,666.85,665.52,665.93,930597.0,666.217,8514
2025-11-07 10:30:00-05:00,665.92,666.31,665.23,665.27,978851.0,665.832,8855
2025-11-07 10:35:00-05:00,665.25,666.05,664.63,664.72,991357.0,665.42,8626
2025-11-07 10:40:00-05:00,664.7,665.16,664.15,664.24,1111015.0,664.555,9833
2025-11-07 10:45:00-05:00,664.24,664.4,663.56,663.95,1500433.0,663.959,13585
2025-11-07 10:50:00-05:00,663.96,664.74,663.75,663.99,922761.0,664.254,8945
2025-11-07 10:55:00-05:00,663.97,663.98,663.29,663.33,906941.0,663.666,8453
2025-11-07 11:00:00-05:00,663.32,664.03,663.22,663.72,1112004.0,663.645,10161
2025-11-07 11:05:00-05:00,663.71,664.0,663.12,663.24,941714.0,663.454,9844
2025-11-07 11:10:00-05:00,663.24,663.5,662.63,662.76,1248472.0,662.946,12026
2025-11-07 11:15:00-05:00,662.74,663.29,662.25,663.23,1360080.0,662.701,13388
2025-11-07 11:20:00-05:00,663.23,663.83,663.08,663.12,1078208.0,663.377,10077
2025-11-07 11:25:00-05:00,663.12,663.19,662.68,662.83,666394.0,662.9,6116
2025-11-07 11:30:00-05:00,662.82,663.34,662.66,663.27,929143.0,662.984,8141
2025-11-07 11:35:00-05:00,663.28,663.37,662.38,662.56,655048.0,662.859,5948
2025-11-07 11:40:00-05:00,662.55,663.3,662.19,663.21,818919.0,662.717,8201
2025-11-07 11:45:00-05:00,663.2,663.35,662.31,662.56,589345.0,662.765,5310
2025-11-07 11:50:00-05:00,662.56,663.33,662.42,662.46,679546.0,662.923,7045
2025-11-07 11:55:00-05:00,662.46,662.61,661.33,661.98,1069170.0,661.859,10052
2025-11-07 12:00:00-05:00,661.97,662.19,661.57,661.63,678674.0,661.777,6677
2025-11-07 12:05:00-05:00,661.66,662.03,661.2,661.8,977382.0,661.59,9473
2025-11-07 12:10:00-05:00,661.79,662.69,661.43,662.56,848699.0,662.073,7961
2025-11-07 12:15:00-05:00,662.57,663.13,662.48,662.96,579136.0,662.834,5088
2025-11-07 12:20:00-05:00,662.98,664.17,662.71,663.83,675676.0,663.586,6445
2025-11-07 12:25:00-05:00,663.83,664.28,663.39,663.58,763719.0,663.856,7692
2025-11-07 12:30:00-05:00,663.52,664.05,663.42,663.74,518642.0,663.726,4867
2025-11-07 12:35:00-05:00,663.75,663.93,662.92,663.23,575912.0,663.515,5185
2025-11-07 12:40:00-05:00,663.2,663.42,662.7,663.12,727078.0,663.07,6112
2025-11-07 12:45:00-05:00,663.11,663.48,662.29,662.35,566848.0,662.808,5335
2025-11-07 12:50:00-05:00,662.37,662.94,662.01,662.88,593595.0,662.502,5823
2025-11-07 12:55:00-05:00,662.87,664.01,662.83,663.94,614965.0,663.645,5435
2025-11-07 13:00:00-05:00,663.94,664.34,663.83,664.06,483038.0,664.104,4683
2025-11-07 13:05:00-05:00,664.04,664.53,663.58,664.26,538933.0,664.025,5020
2025-11-07 13:10:00-05:00,664.26,664.68,664.05,664.51,553911.0,664.453,5357
2025-11-07 13:15:00-05:00,664.51,664.68,664.0,664.58,467139.0,664.364,4072
2025-11-07 13:20:00-05:00,664.59,665.16,664.44,665.15,633093.0,664.779,5690
2025-11-07 13:25:00-05:00,665.16,665.58,665.05,665.31,642498.0,665.303,5832
2025-11-07 13:30:00-05:00,665.3,665.66,665.23,665.27,530833.0,665.423,5039
2025-11-07 13:35:00-05:00,665.29,666.0,664.96,665.98,560214.0,665.394,5230
2025-11-07 13:40:00-05:00,665.98,666.09,665.61,665.73,456393.0,665.886,4265
2025-11-07 13:45:00-05:00,665.73,665.93,664.69,664.84,495525.0,665.385,4537
2025-11-07 13:50:00-05:00,664.87,664.87,664.22,664.86,570268.0,664.554,5030
2025-11-07 13:55:00-05:00,664.85,666.02,664.82,665.62,540920.0,665.463,5224
2025-11-07 14:00:00-05:00,665.61,666.25,665.2,665.9,457415.0,665.78,4711
2025-11-07 14:05:00-05:00,665.9,666.32,665.71,666.02,475657.0,666.059,4643
2025-11-07 14:10:00-05:00,666.03,666.34,665.78,666.28,642517.0,666.01,5049
2025-11-07 14:15:00-05:00,666.29,666.55,665.91,665.98,544355.0,666.321,4827
2025-11-07 14:20:00-05:00,665.98,666.68,665.97,666.59,741046.0,666.421,5947
2025-11-07 14:25:00-05:00,666.59,666.59,666.11,666.45,743304.0,666.362,6273
2025-11-07 14:30:00-05:00,666.48,667.66,666.48,667.57,934815.0,667.21,7852
2025-11-07 14:35:00-05:00,667.57,668.52,667.37,668.38,1155697.0,667.912,10218
2025-11-07 14:40:00-05:00,668.38,669.58,668.38,669.37,1826176.0,669.266,15996
2025-11-07 14:45:00-05:00,669.37,669.39,668.28,669.07,2206032.0,668.924,18979
2025-11-07 14:50:00-05:00,669.09,669.71,668.83,669.69,1254691.0,669.255,10386
2025-11-07 14:55:00-05:00,669.69,669.98,669.05,669.91,928664.0,669.53,7396
2025-11-07 15:00:00-05:00,669.9,670.03,669.37,669.58,1126647.0,669.734,10163
2025-11-07 15:05:00-05:00,669.58,669.66,668.65,669.58,1815925.0,669.231,15459
2025-11-07 15:10:00-05:00,669.58,669.92,669.31,669.49,781441.0,669.601,6682
2025-11-07 15:15:00-05:00,669.48,669.66,668.58,669.0,1065789.0,669.133,9827
2025-11-07 15:20:00-05:00,668.98,669.1,668.22,668.36,907924.0,668.596,7989
2025-11-07 15:25:00-05:00,668.36,669.14,667.92,668.67,1025401.0,668.46,9999
2025-11-07 15:30:00-05:00,668.66,669.43,668.66,669.0,818313.0,669.12,7403
2025-11-07 15:35:00-05:00,669.0,669.58,668.97,669.53,694467.0,669.362,6790
2025-11-07 15:40:00-05:00,669.54,670.11,669.05,670.02,955502.0,669.597,9212
2025-11-07 15:45:00-05:00,670.01,670.04,668.68,668.73,1119526.0,669.573,11093
2025-11-07 15:50:00-05:00,668.73,670.09,668.72,669.81,1883822.0,669.616,18670
2025-11-07 15:55:00-05:00,669.77,671.08,669.65,670.91,3894688.0,670.605,34572
