,Open,High,Low,Close,Volume
2025-08-11 22:09:23.325725,450.0,450.2397153778478,449.18187213484896,450.0,2380679
2025-08-11 23:09:23.325725,450.4470427377101,450.9740283166048,450.09787623776026,450.4470427377101,2452242
2025-08-12 00:09:23.325725,450.32248124655257,451.6159254932283,450.07343486286277,450.32248124655257,4463894
2025-08-12 01:09:23.325725,450.9058186656575,450.9182252964448,450.8002956774796,450.9058186656575,1783258
2025-08-12 02:09:23.325725,452.2793047141693,453.0808574340897,452.166900363585,452.2793047141693,2896999
2025-08-12 03:09:23.325725,452.06749926313665,452.8185005618852,451.5247779185041,452.06749926313665,2220575
2025-08-12 04:09:23.325725,451.8558078459105,452.06234944419356,451.79238542353113,451.8558078459105,3852889
2025-08-12 05:09:23.325725,453.28296081093396,453.5559332766908,452.39132163157046,453.28296081093396,4102746
2025-08-12 06:09:23.325725,453.978690983453,454.19150450659265,453.47151213598283,453.978690983453,2360573
2025-08-12 07:09:23.325725,453.55242824909897,454.0052483893714,453.4681374569122,453.55242824909897,4177554
2025-08-12 08:09:23.325725,454.0445870995777,454.1816140781212,453.90383373926505,454.0445870995777,2877887
2025-08-12 09:09:23.325725,453.6237625096024,453.97127472786764,453.59809262635287,453.6237625096024,2761201
2025-08-12 10:09:23.325725,453.201230343348,453.75727798996155,452.6487912816609,453.201230343348,3693801
2025-08-12 11:09:23.325725,453.4205455416888,453.46595745768457,452.535875870089,453.4205455416888,3337180
2025-08-12 12:09:23.325725,451.685504397075,451.7775008776561,451.62064780754935,451.685504397075,4485862
2025-08-12 13:09:23.325725,450.1272636346307,450.5224675339263,449.30894162056256,450.1272636346307,2400507
2025-08-12 14:09:23.325725,449.62106174080446,449.99284456352046,449.2794790918913,449.62106174080446,2265832
2025-08-12 15:09:23.325725,448.7102813334267,448.81190474072787,448.667896737095,448.7102813334267,1040736
2025-08-12 16:09:23.325725,448.99229335146083,449.15723763286445,448.80389170780853,448.99229335146083,2335250
2025-08-12 17:09:23.325725,448.1769017272876,448.58634925453845,447.78972933855545,448.1769017272876,1209124
2025-08-12 18:09:23.325725,446.91097793296274,447.2699274232665,446.33917100912464,446.91097793296274,4323858
2025-08-12 19:09:23.325725,448.22100698221266,448.8900613557025,447.75408410429,448.22100698221266,3727520
2025-08-12 20:09:23.325725,448.01861162069906,448.1400800400158,447.7571729122445,448.01861162069906,3564462
2025-08-12 21:09:23.325725,448.0791194057181,448.08869364415386,448.02108543179565,448.0791194057181,4482127
2025-08-12 22:09:23.325725,446.8023195804112,447.13617549187205,446.5432380003158,446.8023195804112,3757398
2025-08-12 23:09:23.325725,446.31585665229653,447.39783352079127,446.0003592902541,446.31585665229653,1388742
2025-08-13 00:09:23.325725,446.41486967359344,446.80952068399546,446.0329369055732,446.41486967359344,3321945
2025-08-13 01:09:23.325725,445.3872283778732,445.7154092389464,444.65257065408804,445.3872283778732,1642911
2025-08-13 02:09:23.325725,445.7218905760693,445.8472844266992,445.2446960132047,445.7218905760693,4445259
2025-08-13 03:09:23.325725,445.1864549512218,445.2162783111377,444.8616458141646,445.1864549512218,1676935
2025-08-13 04:09:23.325725,444.926738738418,445.15629389193833,444.7659345101201,444.926738738418,2685124
2025-08-13 05:09:23.325725,444.39130801710485,445.0856898142834,443.8166471550227,444.39130801710485,4123305
2025-08-13 06:09:23.325725,446.0375806675558,446.273558043805,445.7822730779614,446.0375806675558,1432859
2025-08-13 07:09:23.325725,446.02554012862015,446.3798024613535,445.82455949801437,446.02554012862015,4599300
2025-08-13 08:09:23.325725,445.0820079518451,445.6402696068621,444.249786340945,445.0820079518451,1401072
2025-08-13 09:09:23.325725,445.81420783406406,445.9450801310463,445.2962680900158,445.81420783406406,3528537
2025-08-13 10:09:23.325725,444.7256689446619,445.3289756952012,444.59974980940325,444.7256689446619,3095637
2025-08-13 11:09:23.325725,444.9114429486752,445.11896298519423,444.77758700444963,444.9114429486752,3788302
2025-08-13 12:09:23.325725,443.1676836236377,443.1834787767884,442.6316825317719,443.1676836236377,4438860
2025-08-13 13:09:23.325725,441.99046535421456,442.704338217135,441.8185404646153,441.99046535421456,4648923
2025-08-13 14:09:23.325725,442.1644869327186,442.6794933117925,442.0532942334443,442.1644869327186,2387168
2025-08-13 15:09:23.325725,442.8175343256399,443.14282435641394,442.73150854762156,442.8175343256399,1956010
2025-08-13 16:09:23.325725,442.9693040851163,443.3282210432738,442.6345116502577,442.9693040851163,4521302
2025-08-13 17:09:23.325725,442.86684680677996,442.95567225472416,442.4024091884801,442.86684680677996,1743264
2025-08-13 18:09:23.325725,442.60014911832496,443.10853618046497,441.86746568322053,442.60014911832496,3557674
2025-08-13 19:09:23.325725,441.29136101150226,441.7396344045444,441.0779695061629,441.29136101150226,1665329
2025-08-13 20:09:23.325725,440.65603895062475,440.68321854894185,440.3862839017347,440.65603895062475,1274548
2025-08-13 21:09:23.325725,440.2500724382283,440.43885893356156,440.0338182279485,440.2500724382283,4547933
2025-08-13 22:09:23.325725,441.1808687115662,441.4866536454874,441.02291299878516,441.1808687115662,3555673
2025-08-13 23:09:23.325725,441.48406434256015,441.56196047750285,441.42252269985335,441.48406434256015,2477775
2025-08-14 00:09:23.325725,439.9273560757828,440.0888216626369,439.60196242033146,439.9273560757828,4911372
2025-08-14 01:09:23.325725,440.2125028833876,440.57681844578116,439.37198046121034,440.2125028833876,3267686
2025-08-14 02:09:23.325725,439.8734668144313,439.9113592229118,439.29358060048884,439.8734668144313,3378656
2025-08-14 03:09:23.325725,439.27794676035626,439.748913784183,439.24601980885944,439.27794676035626,3969241
2025-08-14 04:09:23.325725,439.81533856884425,441.1001933208207,439.6343575721499,439.81533856884425,1419503
2025-08-14 05:09:23.325725,440.722237376946,440.91463899058317,440.68290990084705,440.722237376946,3293696
2025-08-14 06:09:23.325725,441.54310909238916,441.9422352925393,441.5265200329943,441.54310909238916,4392240
2025-08-14 07:09:23.325725,440.8020076635721,441.84359302513235,440.0388906533438,440.8020076635721,2812901
2025-08-14 08:09:23.325725,440.5294047914328,440.9742208577783,439.8708405438928,440.5294047914328,4179888
2025-08-14 09:09:23.325725,440.8212673559635,441.0942037219887,440.8030501383717,440.8212673559635,4414661
2025-08-14 10:09:23.325725,441.68134943456556,442.59010681008334,441.48568365578717,441.68134943456556,1158253
2025-08-14 11:09:23.325725,441.258064786594,441.2672401778026,440.8381857762824,441.258064786594,1669745
2025-08-14 12:09:23.325725,441.0942177450881,441.41533563296565,440.64378888967985,441.0942177450881,4211369
2025-08-14 13:09:23.325725,440.1182218252416,440.1987178816788,439.909838214954,440.1182218252416,4976407
2025-08-14 14:09:23.325725,439.0652771605897,439.6689376566245,438.9477652508346,439.0652771605897,2659537
2025-08-14 15:09:23.325725,439.778780911409,440.06286225061683,439.4063890921729,439.778780911409,2279898
2025-08-14 16:09:23.325725,440.9716720841853,441.3240931196742,440.03362505172953,440.9716720841853,3364840
2025-08-14 17:09:23.325725,440.90816323674477,441.1210087964245,440.86447175083816,440.90816323674477,1771143
2025-08-14 18:09:23.325725,441.7930949302592,442.2142689265874,441.5267729270525,441.7930949302592,3503643
2025-08-14 19:09:23.325725,442.1126315277474,442.1668656239622,441.92152261713056,442.1126315277474,4906377
2025-08-14 20:09:23.325725,441.5422003430294,442.25956444443193,441.33465599828037,441.5422003430294,3684688
2025-08-14 21:09:23.325725,441.86134316473033,442.004099406298,441.54867063638613,441.86134316473033,1296694
2025-08-14 22:09:23.325725,443.2205409709206,443.33238922664896,442.9048908855751,443.2205409709206,4985853
2025-08-14 23:09:23.325725,443.1887832980503,443.31811077927364,443.13973764800613,443.1887832980503,4012508
2025-08-15 00:09:23.325725,444.5756483342807,445.2706049015272,444.1770230347481,444.5756483342807,2461433
2025-08-15 01:09:23.325725,442.2462985780382,442.63685060821956,441.8739344052615,442.2462985780382,4348549
2025-08-15 02:09:23.325725,442.9732652587421,443.0077450560614,442.80971633960286,442.9732652587421,3877389
2025-08-15 03:09:23.325725,443.0503843068394,443.1303460019154,441.7624420590935,443.0503843068394,2915029
2025-08-15 04:09:23.325725,442.7854336637705,444.1992951829338,442.6194679168825,442.7854336637705,2326325
2025-08-15 05:09:23.325725,442.86669433423367,442.9990020471844,442.40675786537525,442.86669433423367,1496389
2025-08-15 06:09:23.325725,441.1062381842921,441.4378579063002,440.3866722458931,441.1062381842921,3147865
2025-08-15 07:09:23.325725,440.9124409041344,441.1004272725755,440.3668441046359,440.9124409041344,4559334
2025-08-15 08:09:23.325725,441.22735165529997,441.7340773140888,441.17907764502445,441.22735165529997,2386123
2025-08-15 09:09:23.325725,442.5315262060769,442.58165193372616,441.94356075257247,442.5315262060769,3942050
2025-08-15 10:09:23.325725,442.07282438471725,442.7086479928423,441.9343740398023,442.07282438471725,2576845
2025-08-15 11:09:23.325725,441.3579982836613,441.76370732618983,441.0903131622861,441.3579982836613,1988722
2025-08-15 12:09:23.325725,440.9150893148989,441.20968412404955,440.7140742759662,440.9150893148989,3037398
2025-08-15 13:09:23.325725,441.7223185278702,442.5497959648741,441.51952809162657,441.7223185278702,2950639
2025-08-15 14:09:23.325725,442.0127519326252,442.49014695037124,441.705729711958,442.0127519326252,4527110
2025-08-15 15:09:23.325725,441.54443040156224,441.741942893187,441.0347279947405,441.54443040156224,1095335
2025-08-15 16:09:23.325725,441.9976911543576,442.5638974285755,441.22338686647566,441.9976911543576,3204593
2025-08-15 17:09:23.325725,442.0835072597071,442.1135050617879,441.9111284199476,442.0835072597071,2065560
2025-08-15 18:09:23.325725,442.93995120911575,443.3176787391668,442.8699430040021,442.93995120911575,4795596
2025-08-15 19:09:23.325725,442.3180164828193,442.53242254108915,442.27527809275307,442.3180164828193,3994900
2025-08-15 20:09:23.325725,442.0281547413,442.4022682117586,441.84428564770604,442.0281547413,3513128
2025-08-15 21:09:23.325725,441.68150905452393,441.96575311561367,441.263790507253,441.68150905452393,3754036
2025-08-15 22:09:23.325725,440.3886940728942,440.84227717229504,440.12082932686326,440.3886940728942,3739894
2025-08-15 23:09:23.325725,440.64951011710417,440.79702870319625,440.06911658182014,440.64951011710417,4195130
2025-08-18 00:09:23.325725,440.8795778727033,441.05753823678634,440.53744301363054,440.8795778727033,1091656
2025-08-18 01:09:23.325725,440.88408670991527,441.30518505600776,440.4422251748406,440.88408670991527,3162766
2025-08-18 02:09:23.325725,440.6772352418113,440.863905706888,440.345654161716,440.6772352418113,3264115
2025-08-18 03:09:23.325725,439.4297919109134,440.3361268069875,438.78524279982315,439.4297919109134,1353153
2025-08-18 04:09:23.325725,439.06010373761126,439.528814849687,438.83995805898536,439.06010373761126,3530200
2025-08-18 05:09:23.325725,438.75915919525397,438.76978570369994,438.33123192101954,438.75915919525397,4453708
2025-08-18 06:09:23.325725,438.0551461950837,438.6737766769459,437.8292726574181,438.0551461950837,2979442
2025-08-18 07:09:23.325725,437.91384212307764,437.94871819071005,437.48537753678124,437.91384212307764,1987938
2025-08-18 08:09:23.325725,438.26772104931916,438.4659810055285,438.0388828256498,438.26772104931916,3880229
2025-08-18 09:09:23.325725,439.9210298421169,440.38839909711686,439.43550227454415,439.9210298421169,1936066
2025-08-18 10:09:23.325725,440.07463074453403,440.263117832183,439.9290587987838,440.07463074453403,1982014
2025-08-18 11:09:23.325725,440.3013135307249,440.3837133964261,439.95779082935894,440.3013135307249,4801065
2025-08-18 12:09:23.325725,440.2357562617272,440.6697098518452,439.6499896125847,440.2357562617272,1862839
2025-08-18 13:09:23.325725,438.5463328676064,439.06705666621826,438.0214855954985,438.5463328676064,3891194
2025-08-18 14:09:23.325725,438.5230777419097,439.6586611602162,438.13117068058796,438.5230777419097,2682245
2025-08-18 15:09:23.325725,438.57590241598245,438.8301155579948,438.1842743665836,438.57590241598245,2534710
2025-08-18 16:09:23.325725,440.73653968068703,440.88013002189814,439.9301592040528,440.73653968068703,2064367
2025-08-18 17:09:23.325725,440.56697866871247,440.652617973159,440.3864842843966,440.56697866871247,2106623
2025-08-18 18:09:23.325725,440.8326822717874,440.9883695159351,440.51866738353806,440.8326822717874,4639792
2025-08-18 19:09:23.325725,440.8020781066963,440.95128248829974,439.796321235634,440.8020781066963,1234898
2025-08-18 20:09:23.325725,439.7717666914556,439.9016758914756,439.5001453200082,439.7717666914556,1461122
2025-08-18 21:09:23.325725,440.7769291077648,440.85118281955937,440.10031878140063,440.7769291077648,1675025
2025-08-18 22:09:23.325725,441.43979857384943,442.02143856456956,440.60988732316434,441.43979857384943,1070246
2025-08-18 23:09:23.325725,442.1381845405857,442.5832154430613,441.8230673380447,442.1381845405857,4342664
2025-08-19 00:09:23.325725,441.33403470397184,441.8371019084274,440.5029364246957,441.33403470397184,2283531
2025-08-19 01:09:23.325725,442.5722364501823,443.1551550111971,442.40745837425055,442.5722364501823,3445444
2025-08-19 02:09:23.325725,441.3313957301222,441.383503077931,441.1383956909151,441.3313957301222,3667330
2025-08-19 03:09:23.325725,441.84939265072416,442.78693294914405,441.76757295224206,441.84939265072416,2448586
2025-08-19 04:09:23.325725,443.7850956265092,444.0548379651758,443.59628953677344,443.7850956265092,2605752
2025-08-19 05:09:23.325725,442.90592511096986,443.48037168047836,442.8074716167436,442.90592511096986,4283549
2025-08-19 06:09:23.325725,442.40429187133395,442.41440880024174,441.83851614679656,442.40429187133395,1570819
2025-08-19 07:09:23.325725,442.49246425454515,442.9346479618484,442.0710714324821,442.49246425454515,2950660
2025-08-19 08:09:23.325725,442.0468958887811,442.2700300758325,441.7476322892937,442.0468958887811,1807040
2025-08-19 09:09:23.325725,440.675963976239,441.04640501675664,440.335471530369,440.675963976239,3440282
2025-08-19 10:09:23.325725,440.7363920862705,440.97735746655206,440.3704963423706,440.7363920862705,2037886
2025-08-19 11:09:23.325725,439.8000002740955,439.9050826113758,439.40400497467255,439.8000002740955,3443292
2025-08-19 12:09:23.325725,440.2165721763418,440.3780543615015,440.0179353129922,440.2165721763418,4726033
2025-08-19 13:09:23.325725,439.4070806068013,439.5792219113765,438.88704510971655,439.4070806068013,4642891
2025-08-19 14:09:23.325725,440.7691849108828,441.1757548960577,440.2499407979776,440.7691849108828,3154828
2025-08-19 15:09:23.325725,440.0787170803992,440.7896095414238,439.34500723230224,440.0787170803992,2584424
2025-08-19 16:09:23.325725,439.7952522426537,439.9370072547135,439.125339128792,439.7952522426537,4593345
2025-08-19 17:09:23.325725,440.5108142622874,441.04698575338256,440.1867648172914,440.5108142622874,2099044
2025-08-19 18:09:23.325725,439.42639617773,440.0949026078736,438.64342670453533,439.42639617773,2033388
2025-08-19 19:09:23.325725,439.62629997640585,440.06518370278474,438.8980048451594,439.62629997640585,3784975
2025-08-19 20:09:23.325725,440.7756086416182,440.96585634765864,440.5444446951561,440.7756086416182,4046319
2025-08-19 21:09:23.325725,439.35852983942834,439.53591209837055,439.03546799195726,439.35852983942834,4083362
2025-08-19 22:09:23.325725,439.520770760715,439.53140523228495,439.20366561224927,439.520770760715,1451989
2025-08-19 23:09:23.325725,439.74921853278596,440.14662071982866,439.28741996319644,439.74921853278596,1819555
2025-08-20 00:09:23.325725,440.4368305265762,440.5796903005696,440.1032017638627,440.4368305265762,4764362
2025-08-20 01:09:23.325725,439.34723322534273,439.8652410954513,438.7450919624424,439.34723322534273,1665078
2025-08-20 02:09:23.325725,438.1869553062374,438.70738092134735,437.88232646412956,438.1869553062374,4141433
2025-08-20 03:09:23.325725,438.6443712772083,438.84817303946625,438.519905487835,438.6443712772083,1717997
2025-08-20 04:09:23.325725,438.90491258774694,438.993202548924,438.4713301254111,438.90491258774694,4932188
2025-08-20 05:09:23.325725,439.1247976729167,439.24919640219264,438.7529244137578,439.1247976729167,4077026
2025-08-20 06:09:23.325725,439.42906567271575,439.54283604340856,438.8799468047143,439.42906567271575,3144751
2025-08-20 07:09:23.325725,438.8314204166406,439.0888800908917,438.48941758625654,438.8314204166406,1148469
2025-08-20 08:09:23.325725,439.0352608562849,439.24376030705173,439.01812991141645,439.0352608562849,3337422
2025-08-20 09:09:23.325725,439.29259915581383,439.67535361025125,439.1090145852423,439.29259915581383,4191134
2025-08-20 10:09:23.325725,438.66498057354295,439.2554147238308,437.77632960223883,438.66498057354295,4979817
2025-08-20 11:09:23.325725,440.3018804529148,440.3575256194399,439.8303821192805,440.3018804529148,2116136
2025-08-20 12:09:23.325725,440.7191395051107,441.5736626251372,439.8767405297928,440.7191395051107,1516394
2025-08-20 13:09:23.325725,439.66907900075756,440.10889375294255,439.10610227915356,439.66907900075756,4774159
2025-08-20 14:09:23.325725,440.2464116416029,440.5447864328846,440.1629938302318,440.2464116416029,3090825
2025-08-20 15:09:23.325725,439.3882114259821,439.61401647688155,438.94555242048796,439.3882114259821,1520112
2025-08-20 16:09:23.325725,440.07988281854074,440.15891314809306,439.52761659785995,440.07988281854074,4290303
2025-08-20 17:09:23.325725,441.0996320318281,441.2542948395969,441.0181563093697,441.0996320318281,2103519
2025-08-20 18:09:23.325725,440.37562669454815,440.5910527835578,439.96259155193036,440.37562669454815,4221567
2025-08-20 19:09:23.325725,441.22412142786527,441.50417585018283,441.21860642553827,441.22412142786527,3704114
2025-08-20 20:09:23.325725,441.58837923152475,442.07840978616764,440.32172577519015,441.58837923152475,3646785
2025-08-20 21:09:23.325725,442.31440365889034,442.495672353738,441.57635817275394,442.31440365889034,2298071
2025-08-20 22:09:23.325725,443.99236137286425,444.0994779286376,443.5222939928283,443.99236137286425,2098966
2025-08-20 23:09:23.325725,443.77446047471034,444.0729315060911,443.69777547692814,443.77446047471034,4896129
2025-08-21 00:09:23.325725,443.10548275535433,443.9473308572943,442.76344070249684,443.10548275535433,3418853
2025-08-21 01:09:23.325725,442.3171853138402,442.37585149921773,442.12198757664174,442.3171853138402,4079710
2025-08-21 02:09:23.325725,441.5954914958482,442.0258392431213,441.2717330246422,441.5954914958482,2050482
2025-08-21 03:09:23.325725,441.5273959613204,442.0162024063498,441.4262877804733,441.5273959613204,4054823
2025-08-21 04:09:23.325725,441.8286518474561,441.88183969483356,441.00777775391936,441.8286518474561,1532249
2025-08-21 05:09:23.325725,442.07315169314927,443.03363056694343,441.80647216932067,442.07315169314927,4302940
2025-08-21 06:09:23.325725,442.80450270500756,443.17974483933955,442.6724767937473,442.80450270500756,3090178
2025-08-21 07:09:23.325725,442.81601729754203,443.05306919279326,442.5332083452569,442.81601729754203,4002873
2025-08-21 08:09:23.325725,444.10331363964815,444.14351977031413,443.6333997852541,444.10331363964815,1189773
2025-08-21 09:09:23.325725,443.86824368641146,444.01559921267955,443.70506891359327,443.86824368641146,4485439
2025-08-21 10:09:23.325725,446.28303710741955,446.3680538830793,446.2169473113885,446.28303710741955,1342808
2025-08-21 11:09:23.325725,446.8414865557786,447.15849906038875,446.4477886704677,446.8414865557786,2129775
2025-08-21 12:09:23.325725,446.07545944233544,446.2697192251682,445.7577552379663,446.07545944233544,4930944
2025-08-21 13:09:23.325725,445.1200617161635,445.3484554007145,444.5918223287894,445.1200617161635,3196916
2025-08-21 14:09:23.325725,445.5495780186623,445.66521893133597,444.90961938475675,445.5495780186623,3047298
2025-08-21 15:09:23.325725,445.35045051925266,445.6794800997642,445.2444079291678,445.35045051925266,2170933
2025-08-21 16:09:23.325725,445.98641140268245,446.2608569385713,445.96589480252027,445.98641140268245,2391449
2025-08-21 17:09:23.325725,446.408526502531,446.8261143151442,446.004698932337,446.408526502531,3518929
2025-08-21 18:09:23.325725,446.34350360735914,446.82822466994764,445.82005120816297,446.34350360735914,3409864
2025-08-21 19:09:23.325725,445.5875818574484,445.82640051292077,445.2910803840523,445.5875818574484,3992933
2025-08-21 20:09:23.325725,444.2375876339859,444.59655728096317,443.37522588293825,444.2375876339859,1859734
2025-08-21 21:09:23.325725,443.84087018368837,444.0038873044758,443.4510345048105,443.84087018368837,2012884
2025-08-21 22:09:23.325725,444.6010797558819,445.4183382033747,444.43301703582216,444.6010797558819,2667832
2025-08-21 23:09:23.325725,444.79145237550046,444.8908481343562,444.68850720747395,444.79145237550046,3257728
2025-08-22 00:09:23.325725,443.6832644541729,443.83825047060327,443.3964278656393,443.6832644541729,2872154
2025-08-22 01:09:23.325725,443.83693941121857,443.8455585496604,443.7412181470394,443.83693941121857,4710313
2025-08-22 02:09:23.325725,444.1789755842601,444.3136416696173,443.79122462137747,444.1789755842601,3707834
2025-08-22 03:09:23.325725,443.3937938031114,443.74848307783554,443.0029831749754,443.3937938031114,1913605
2025-08-22 04:09:23.325725,443.5301153189674,444.2469977495185,443.21027006845696,443.5301153189674,4009526
2025-08-22 05:09:23.325725,443.5817499581772,444.0491442495623,443.1753074892078,443.5817499581772,2510399
2025-08-22 06:09:23.325725,442.5677484284534,443.040323563222,441.9678731598446,442.5677484284534,1016939
2025-08-22 07:09:23.325725,442.88443872142443,443.3053151659084,442.36617592290935,442.88443872142443,3056547
2025-08-22 08:09:23.325725,443.3811642018329,444.13961795046754,443.3216196645349,443.3811642018329,3541083
2025-08-22 09:09:23.325725,444.34157324401156,444.38798437410054,444.30620460461654,444.34157324401156,1306604
2025-08-22 10:09:23.325725,445.27806936738943,445.3532419783588,445.0313595927489,445.27806936738943,3032656
2025-08-22 11:09:23.325725,444.0511774546084,444.08228420012205,443.6685371916449,444.0511774546084,3296446
2025-08-22 12:09:23.325725,443.21829282816697,443.73325854592304,443.20498232724077,443.21829282816697,4027322
2025-08-22 13:09:23.325725,443.674838931924,444.08628218436905,442.71988050944975,443.674838931924,3159271
2025-08-22 14:09:23.325725,444.1307467299569,444.2366137242562,443.741485829644,444.1307467299569,3787833
2025-08-22 15:09:23.325725,444.5882437569982,445.0218051585392,443.89402222759435,444.5882437569982,4289986
2025-08-22 16:09:23.325725,448.0140020111931,448.2384992156524,447.3404488771556,448.0140020111931,2458251
2025-08-22 17:09:23.325725,448.5255358960048,448.6105680921857,448.37746860394844,448.5255358960048,2003750
2025-08-22 18:09:23.325725,449.54419627061895,449.99421073173187,449.44904260734967,449.54419627061895,2267403
2025-08-22 19:09:23.325725,450.4019281826396,451.619469219732,450.1191956209535,450.4019281826396,2315777
2025-08-22 20:09:23.325725,450.98870393381844,451.2944180456024,450.8588016553858,450.98870393381844,4075319
2025-08-22 21:09:23.325725,450.70433819775735,450.99913294565255,450.0649999666296,450.70433819775735,1149805
2025-08-22 22:09:23.325725,451.38847963822707,452.21480623831485,450.26551147112286,451.38847963822707,2854165
2025-08-22 23:09:23.325725,450.6907908409947,450.92118514485463,450.115274301262,450.6907908409947,2870038
2025-08-25 00:09:23.325725,450.47732691067966,451.09612894019267,450.32505499647993,450.47732691067966,3247837
2025-08-25 01:09:23.325725,450.04003636346783,450.101893697989,449.49682829717466,450.04003636346783,2681476
2025-08-25 02:09:23.325725,450.11372964480114,450.54263156112626,449.62971677303244,450.11372964480114,1377224
2025-08-25 03:09:23.325725,452.1974488454005,452.9265169604919,451.43938819523476,452.1974488454005,2918036
2025-08-25 04:09:23.325725,450.50870373258493,451.1010841385883,450.08274465373165,450.50870373258493,1479498
2025-08-25 05:09:23.325725,451.12703611016275,451.86686844762386,450.6067285127215,451.12703611016275,2184836
2025-08-25 06:09:23.325725,449.6719566480475,450.00567056904015,449.1605381924581,449.6719566480475,1238178
2025-08-25 07:09:23.325725,449.24752759705933,449.2814159728335,449.095433554427,449.24752759705933,1259418
2025-08-25 08:09:23.325725,450.2259443237852,450.94719089422097,449.8036658953837,450.2259443237852,3126832
2025-08-25 09:09:23.325725,450.28382538838196,450.39462334682173,450.1862826657821,450.28382538838196,1234433
2025-08-25 10:09:23.325725,449.3132433055852,449.6921251682331,448.8523590404694,449.3132433055852,3026199
2025-08-25 11:09:23.325725,448.670452446473,449.64449029776813,448.17654641158,448.670452446473,1364446
2025-08-25 12:09:23.325725,449.2802833054653,449.35930533310426,448.8034302576749,449.2802833054653,3564768
2025-08-25 13:09:23.325725,448.62400465103576,448.6792772848477,448.38533389962106,448.62400465103576,1448934
2025-08-25 14:09:23.325725,448.8182216896345,449.06573837539685,448.65590161527126,448.8182216896345,3657885
2025-08-25 15:09:23.325725,448.85912863392406,448.87869999000907,448.0686032668357,448.85912863392406,2047725
2025-08-25 16:09:23.325725,448.27417510543626,449.034022712347,448.27403449410497,448.27417510543626,2578660
2025-08-25 17:09:23.325725,450.19632464166517,450.4766390958585,449.66424925421165,450.19632464166517,2882226
2025-08-25 18:09:23.325725,450.7671006696012,450.85482330796714,450.5644926170871,450.7671006696012,2743067
2025-08-25 19:09:23.325725,448.9413653651408,449.2746911236275,448.0048525545057,448.9413653651408,2449915
2025-08-25 20:09:23.325725,449.1087794744424,449.7016131733355,448.65304207699756,449.1087794744424,3760734
2025-08-25 21:09:23.325725,448.5143512515127,448.78873846843584,448.35223001320736,448.5143512515127,3907658
2025-08-25 22:09:23.325725,449.27900841979533,449.29564827524825,449.09190795673675,449.27900841979533,3078038
2025-08-25 23:09:23.325725,448.566882556765,448.7594533172914,448.54270262669183,448.566882556765,2471617
2025-08-26 00:09:23.325725,448.463948621036,448.77447446777825,448.0234208786354,448.463948621036,1823271
2025-08-26 01:09:23.325725,448.91688579930593,449.54820545554264,448.4132648641775,448.91688579930593,2942120
2025-08-26 02:09:23.325725,449.69419005056875,449.7315621437407,448.65088121719685,449.69419005056875,4011098
2025-08-26 03:09:23.325725,448.61465740938564,449.2896970244785,448.5266699620885,448.61465740938564,3689762
2025-08-26 04:09:23.325725,448.314533094746,448.6552772292334,447.90922614154726,448.314533094746,3939905
2025-08-26 05:09:23.325725,447.8886833239087,447.92560715630407,447.1949214338218,447.8886833239087,4900262
2025-08-26 06:09:23.325725,447.3034457843998,447.9554135925187,447.18805223907,447.3034457843998,4117156
2025-08-26 07:09:23.325725,448.8828333145046,449.0216319610972,448.38732172500505,448.8828333145046,2682964
2025-08-26 08:09:23.325725,449.24641199021795,449.584315556685,449.0329445850114,449.24641199021795,4669049
2025-08-26 09:09:23.325725,448.1135168053758,448.2565432177144,448.1124396117678,448.1135168053758,3516356
2025-08-26 10:09:23.325725,448.93612949544894,449.537906130467,448.67158416087324,448.93612949544894,1821939
2025-08-26 11:09:23.325725,450.84155467399216,451.6869603454891,450.3491619238591,450.84155467399216,1099244
2025-08-26 12:09:23.325725,451.7725111604197,451.82447678104506,451.3953934575314,451.7725111604197,4637588
2025-08-26 13:09:23.325725,450.3996919906181,450.471815752419,449.98812953379627,450.3996919906181,3485084
2025-08-26 14:09:23.325725,449.9634942360775,450.26557276269784,449.26797226011337,449.9634942360775,4503123
2025-08-26 15:09:23.325725,451.10362177122687,451.1997955423743,450.3864396501365,451.10362177122687,4955966
2025-08-26 16:09:23.325725,450.46515725331176,450.8038932365832,450.2065581705171,450.46515725331176,4276092
2025-08-26 17:09:23.325725,450.8650076302957,451.00885788543445,450.2339793799327,450.8650076302957,4969061
2025-08-26 18:09:23.325725,451.5635184071159,451.9229746437571,450.9574624788582,451.5635184071159,2458835
2025-08-26 19:09:23.325725,450.72638243698674,451.2113672420437,450.1107694563713,450.72638243698674,4614705
2025-08-26 20:09:23.325725,450.6727231401847,450.68232771892633,450.60558673568755,450.6727231401847,3500120
2025-08-26 21:09:23.325725,447.75122158303617,448.60248203504443,447.52609924170093,447.75122158303617,2248641
2025-08-26 22:09:23.325725,446.8338799474722,446.8609852542698,446.0312050711781,446.8338799474722,4843704
2025-08-26 23:09:23.325725,446.60816793339586,446.9245481817174,446.2928273232805,446.60816793339586,3149279
2025-08-27 00:09:23.325725,445.493627611645,446.16797772757803,445.38551464928463,445.493627611645,1992281
2025-08-27 01:09:23.325725,446.94808527873056,447.75399510452326,446.48935152657526,446.94808527873056,4932613
2025-08-27 02:09:23.325725,445.66968737761573,446.37568874809864,445.1215134068977,445.66968737761573,1861864
2025-08-27 03:09:23.325725,445.27745839997874,445.39640387621205,444.8478968198958,445.27745839997874,4757378
2025-08-27 04:09:23.325725,445.39389006390616,445.62047308097533,444.66858011944936,445.39389006390616,4418848
2025-08-27 05:09:23.325725,446.67775869763085,447.3840414164881,446.5507303997366,446.67775869763085,2687040
2025-08-27 06:09:23.325725,445.3950233226557,445.7936689334283,444.6865859833255,445.3950233226557,3196274
2025-08-27 07:09:23.325725,446.43115801569394,446.6468115203893,446.1280619336597,446.43115801569394,3429700
2025-08-27 08:09:23.325725,446.44029473025597,446.5058290457912,446.37913442357257,446.44029473025597,2392652
2025-08-27 09:09:23.325725,445.56392470734767,446.2822720579673,445.33250042143806,445.56392470734767,1621458
2025-08-27 10:09:23.325725,445.9757179825749,446.375686540383,445.8236813472096,445.9757179825749,4485579
2025-08-27 11:09:23.325725,446.1532695638844,446.2730753904257,445.9621746711724,446.1532695638844,2531439
2025-08-27 12:09:23.325725,445.61769211950076,446.01482314222517,445.58330981972415,445.61769211950076,4363640
2025-08-27 13:09:23.325725,445.67990220753745,446.6389230851706,445.4152523972597,445.67990220753745,2821042
2025-08-27 14:09:23.325725,445.3364491552003,445.65671434078985,445.26268745106086,445.3364491552003,3073890
2025-08-27 15:09:23.325725,445.4375559781037,445.5316013156802,445.4025548180296,445.4375559781037,4381579
2025-08-27 16:09:23.325725,446.0274317168973,446.4677408660361,445.07795791595726,446.0274317168973,4501661
2025-08-27 17:09:23.325725,447.44224573122756,447.50097564335124,447.23724196102404,447.44224573122756,3717956
2025-08-27 18:09:23.325725,446.33454383803553,446.368845488159,445.8972604121131,446.33454383803553,4677973
2025-08-27 19:09:23.325725,448.2386367945726,448.33942593333336,447.72166865038866,448.2386367945726,3604902
2025-08-27 20:09:23.325725,446.48863444625005,446.7788532109484,445.735254372868,446.48863444625005,2156300
2025-08-27 21:09:23.325725,446.3530938066266,446.4283733412439,445.55238434024676,446.3530938066266,1398008
2025-08-27 22:09:23.325725,446.8782882171347,447.0757818981079,446.27256815717567,446.8782882171347,2323957
2025-08-27 23:09:23.325725,447.1294265468474,447.6169760610517,446.8124024126524,447.1294265468474,2886594
2025-08-28 00:09:23.325725,446.57257198843064,447.20265569015567,445.7003000316255,446.57257198843064,1999291
2025-08-28 01:09:23.325725,446.3866886111705,446.4306970410773,446.1519429240397,446.3866886111705,2854260
2025-08-28 02:09:23.325725,445.94655050176135,445.9549564260918,445.8672834550198,445.94655050176135,4549651
2025-08-28 03:09:23.325725,445.4209001410682,445.7363536469681,445.24251736140087,445.4209001410682,4835294
2025-08-28 04:09:23.325725,446.1777612027019,446.2818170540254,446.1192828313445,446.1777612027019,3060356
2025-08-28 05:09:23.325725,446.496345943187,446.9219179674139,446.46176772095566,446.496345943187,4673559
2025-08-28 06:09:23.325725,445.8775827384813,446.00560496720726,445.34462804450527,445.8775827384813,3796647
2025-08-28 07:09:23.325725,446.6798055742613,446.95336898169205,446.0317055390936,446.6798055742613,3344693
2025-08-28 08:09:23.325725,446.9543345547378,447.1159101222854,446.14660018147106,446.9543345547378,2031328
2025-08-28 09:09:23.325725,447.68095904955857,448.192983494942,446.92766479162066,447.68095904955857,3726087
2025-08-28 10:09:23.325725,448.2447047371538,448.293366050416,447.78568934378956,448.2447047371538,2607895
2025-08-28 11:09:23.325725,447.50151948935513,447.5163899606612,447.3763039359726,447.50151948935513,1174001
2025-08-28 12:09:23.325725,447.0001557560006,447.09318402361686,446.5690072114432,447.0001557560006,2376467
2025-08-28 13:09:23.325725,447.6682364717717,447.725778632838,447.44173176474067,447.6682364717717,2499643
2025-08-28 14:09:23.325725,448.2147232324145,449.0581956815074,447.88830090877497,448.2147232324145,3414607
2025-08-28 15:09:23.325725,448.19598642810695,448.44192272940955,447.2256169881242,448.19598642810695,3602481
2025-08-28 16:09:23.325725,448.3011577527012,448.34278022937417,447.76743343949613,448.3011577527012,4906419
2025-08-28 17:09:23.325725,449.44671505670505,449.5185619869691,449.35117435693104,449.44671505670505,1065867
2025-08-28 18:09:23.325725,448.9149554218375,449.37629416191436,448.4539259292204,448.9149554218375,1088780
2025-08-28 19:09:23.325725,449.40615581479625,449.97497270994387,448.90915735637185,449.40615581479625,4202924
2025-08-28 20:09:23.325725,449.22442256946766,449.6135294655011,448.9710835847852,449.22442256946766,3695145
2025-08-28 21:09:23.325725,449.0288471438197,449.4641613929275,448.6623420554841,449.0288471438197,3941478
2025-08-28 22:09:23.325725,450.015612150052,450.2078562823167,449.9804465517345,450.015612150052,1874072
2025-08-28 23:09:23.325725,450.758512637189,451.0498050981997,450.3701228192759,450.758512637189,3597805
2025-08-29 00:09:23.325725,451.4919054242684,452.29344392189313,451.42912077991133,451.4919054242684,3373887
2025-08-29 01:09:23.325725,452.67073165253464,453.21105611049325,451.95687150112775,452.67073165253464,4767263
2025-08-29 02:09:23.325725,452.6897473012534,453.1058389718358,452.32631690659406,452.6897473012534,4849981
2025-08-29 03:09:23.325725,453.3071735377471,453.76074468023097,453.2736411080326,453.3071735377471,1000727
2025-08-29 04:09:23.325725,453.0258812447989,453.3296895559964,452.99160276771926,453.0258812447989,4189550
2025-08-29 05:09:23.325725,453.31959273981084,453.9508245425403,452.4254007235664,453.31959273981084,2019051
2025-08-29 06:09:23.325725,453.2015999470031,453.3149214274805,452.5734679940006,453.2015999470031,2414119
2025-08-29 07:09:23.325725,453.2895174000493,453.420379195942,453.0603390966149,453.2895174000493,2160689
2025-08-29 08:09:23.325725,453.8290742817244,453.9472159008292,453.153271458271,453.8290742817244,2268182
2025-08-29 09:09:23.325725,453.0864096112644,453.1472630767167,452.0572466014984,453.0864096112644,3489727
2025-08-29 10:09:23.325725,454.9824740877777,455.35137764191074,454.7984803476627,454.9824740877777,1390732
2025-08-29 11:09:23.325725,454.06703353335763,454.427330602841,453.84389161957006,454.06703353335763,4730107
2025-08-29 12:09:23.325725,452.96438749024065,453.7564102045056,452.7063063390259,452.96438749024065,3570746
2025-08-29 13:09:23.325725,454.01355345516214,454.6057416037458,453.9248020995841,454.01355345516214,3251743
2025-08-29 14:09:23.325725,454.7324046408101,455.4883936202257,454.6874565247634,454.7324046408101,4556337
2025-08-29 15:09:23.325725,455.3000196511943,455.7701379583218,455.1015200477875,455.3000196511943,3000398
2025-08-29 16:09:23.325725,455.87219109662584,456.3858246360712,454.71781052536085,455.87219109662584,2254179
2025-08-29 17:09:23.325725,455.8610251702827,456.35835424558695,455.55009627330537,455.8610251702827,3276158
2025-08-29 18:09:23.325725,455.04297857503457,455.22991673226664,454.98556220592184,455.04297857503457,4120452
2025-08-29 19:09:23.325725,455.1119672389347,455.6151866657946,455.01071625100064,455.1119672389347,2421525
2025-08-29 20:09:23.325725,454.4955984416044,454.5932791038831,453.5653085830333,454.4955984416044,4095759
2025-08-29 21:09:23.325725,455.38197369518826,455.52224695548654,455.0746209095974,455.38197369518826,4305640
2025-08-29 22:09:23.325725,455.2480391339185,455.60297806242426,455.06453958027464,455.2480391339185,2953097
2025-08-29 23:09:23.325725,454.4964271736178,455.09195781722354,453.59127331324,454.4964271736178,3710807
2025-09-01 00:09:23.325725,454.2042897400669,454.83821531404845,453.82636392607736,454.2042897400669,3110417
2025-09-01 01:09:23.325725,454.57940021586813,454.83495022021066,454.3293291405012,454.57940021586813,4544368
2025-09-01 02:09:23.325725,454.066885077667,454.16188580216834,454.00012570162255,454.066885077667,2462417
2025-09-01 03:09:23.325725,453.3201989699426,454.08333550619386,452.9390770472228,453.3201989699426,2652486
2025-09-01 04:09:23.325725,453.54113564034253,453.90663086547977,453.4468886551686,453.54113564034253,4830275
2025-09-01 05:09:23.325725,453.7633404740517,454.2011547741479,453.17679447854647,453.7633404740517,4443801
2025-09-01 06:09:23.325725,453.30327601667784,454.03562500326854,453.06204226361916,453.30327601667784,3421188
2025-09-01 07:09:23.325725,452.87622960254555,453.43523686565675,452.6011732168,452.87622960254555,1675899
2025-09-01 08:09:23.325725,453.0864094039656,453.35484690784534,453.0514215978551,453.0864094039656,1318774
2025-09-01 09:09:23.325725,451.7741947343593,451.7861241739458,451.5818095583991,451.7741947343593,4367439
2025-09-01 10:09:23.325725,450.5024831077858,450.6286964055044,450.31408037630825,450.5024831077858,1486626
2025-09-01 11:09:23.325725,449.85516129648846,450.219365618529,449.05621324240656,449.85516129648846,4023871
2025-09-01 12:09:23.325725,449.66312069076525,449.8538053033824,449.1847056660678,449.66312069076525,4316185
2025-09-01 13:09:23.325725,449.94272802315163,450.1559285916174,449.82908650757025,449.94272802315163,1655313
2025-09-01 14:09:23.325725,451.27037962527197,451.2769015070377,450.6455813225509,451.27037962527197,1611868
2025-09-01 15:09:23.325725,452.04445239277527,452.2913971565149,451.84365500316136,452.04445239277527,1339606
2025-09-01 16:09:23.325725,451.8998537423876,451.90275596517586,451.40216605886366,451.8998537423876,3734836
2025-09-01 17:09:23.325725,451.88266689924774,452.07986211925606,451.67184315968035,451.88266689924774,2407757
2025-09-01 18:09:23.325725,450.97661561337304,451.0260470717856,450.3694992779891,450.97661561337304,2143886
2025-09-01 19:09:23.325725,450.95991763054457,450.99976578334946,450.7244035267435,450.95991763054457,2204656
2025-09-01 20:09:23.325725,450.69957067848304,450.8663344907972,450.65544031894837,450.69957067848304,4456800
2025-09-01 21:09:23.325725,450.9904689116717,451.1071834693265,449.9656225115262,450.9904689116717,1738456
2025-09-01 22:09:23.325725,450.24432236940993,450.9641041814016,449.8440384527278,450.24432236940993,2138452
2025-09-01 23:09:23.325725,450.71198800816876,450.9648011276628,450.45339451956926,450.71198800816876,3646416
2025-09-02 00:09:23.325725,452.0936356133225,452.2272203845524,451.5166265095003,452.0936356133225,4915030
2025-09-02 01:09:23.325725,451.9952960714711,452.31031618388624,451.4129870884845,451.9952960714711,4532856
2025-09-02 02:09:23.325725,452.35843968900207,452.50944575252583,452.2260273702276,452.35843968900207,1682986
2025-09-02 03:09:23.325725,452.98282460750437,453.514229919455,452.91690600429905,452.98282460750437,1360400
2025-09-02 04:09:23.325725,452.619332642214,452.7866398445631,452.34136889667934,452.619332642214,2411257
2025-09-02 05:09:23.325725,452.82218982134833,452.8707786131689,452.7583497265831,452.82218982134833,3288013
2025-09-02 06:09:23.325725,452.83359405834256,453.036335322978,452.1142104168987,452.83359405834256,3730771
2025-09-02 07:09:23.325725,452.9220560958615,453.6335405525283,452.607092977274,452.9220560958615,2767581
2025-09-02 08:09:23.325725,452.2218297344894,452.73137858096504,451.7058407784664,452.2218297344894,3348818
2025-09-02 09:09:23.325725,452.2439978061904,452.7839432241651,452.1935686084126,452.2439978061904,4415398
2025-09-02 10:09:23.325725,452.69443128245734,452.75914082544716,452.33002743920633,452.69443128245734,1628151
2025-09-02 11:09:23.325725,454.00828054293726,454.79485669886833,453.832261570522,454.00828054293726,1957004
2025-09-02 12:09:23.325725,454.8793143395891,455.894286620175,454.6911691292073,454.8793143395891,4344849
2025-09-02 13:09:23.325725,456.83819065943084,457.12967677016127,456.61998391569756,456.83819065943084,1335510
2025-09-02 14:09:23.325725,456.13708331495747,456.365537052953,455.5645695272201,456.13708331495747,4094973
2025-09-02 15:09:23.325725,456.9328788968559,457.7558413923818,456.87454927572514,456.9328788968559,1452333
2025-09-02 16:09:23.325725,457.1004288778654,457.3484853044646,456.8441748866303,457.1004288778654,4201824
2025-09-02 17:09:23.325725,459.102348597729,459.46402196841717,457.75743182405245,459.102348597729,4808998
2025-09-02 18:09:23.325725,458.36016531538087,458.64473712315095,457.41916471884247,458.36016531538087,3047463
2025-09-02 19:09:23.325725,457.590375230579,457.66731622361795,457.09216471596636,457.590375230579,1857617
2025-09-02 20:09:23.325725,457.0418226195007,457.2575877575729,456.8698374503279,457.0418226195007,1050248
2025-09-02 21:09:23.325725,455.10040427371604,456.00118441759696,455.0918397165711,455.10040427371604,2254304
2025-09-02 22:09:23.325725,454.6218616278843,454.961877980851,454.08920194732235,454.6218616278843,4079868
2025-09-02 23:09:23.325725,453.93162502024813,454.41857700515135,453.1618827787394,453.93162502024813,3041781
2025-09-03 00:09:23.325725,454.0681620120243,454.1767963958784,453.20666362158244,454.0681620120243,3177040
2025-09-03 01:09:23.325725,454.3785230275798,455.3209416476979,454.30732476277143,454.3785230275798,4352082
2025-09-03 02:09:23.325725,456.0835064973204,456.5028226456708,455.61669105211286,456.0835064973204,1240346
2025-09-03 03:09:23.325725,456.9504517708774,458.1066677975066,456.8703543980541,456.9504517708774,1618821
2025-09-03 04:09:23.325725,456.423218998711,456.55375796630875,455.8131064709817,456.423218998711,1041954
2025-09-03 05:09:23.325725,455.603104366126,456.1047049936132,455.41547636077564,455.603104366126,1351863
2025-09-03 06:09:23.325725,456.0513441693971,456.94445115824516,455.9911782428172,456.0513441693971,1664164
2025-09-03 07:09:23.325725,454.84715591203945,455.4064130481289,454.6404061749427,454.84715591203945,2796641
2025-09-03 08:09:23.325725,456.5132235336775,456.73997329720385,456.4134054211594,456.5132235336775,1262739
2025-09-03 09:09:23.325725,457.5900835566283,457.80300500742607,457.54826002547065,457.5900835566283,4437464
2025-09-03 10:09:23.325725,457.16070330492965,457.2091387290974,457.12372883396324,457.16070330492965,2613507
2025-09-03 11:09:23.325725,455.59434773257937,456.79909561494463,455.5705390596877,455.59434773257937,4400521
2025-09-03 12:09:23.325725,456.82798093502146,457.5145798355474,456.34346686397004,456.82798093502146,3421961
2025-09-03 13:09:23.325725,456.7233309225347,456.8392197459197,456.3958529185798,456.7233309225347,4035479
2025-09-03 14:09:23.325725,457.8540101006843,458.0681452948739,457.2658580433213,457.8540101006843,1268116
2025-09-03 15:09:23.325725,456.39397990589543,456.88952624806194,455.94771077556027,456.39397990589543,4423754
2025-09-03 16:09:23.325725,455.84687760153133,455.89154291609856,454.8870250177622,455.84687760153133,2770330
2025-09-03 17:09:23.325725,455.85165824981857,455.9920835990763,455.32579217887655,455.85165824981857,1464271
2025-09-03 18:09:23.325725,455.894490612965,456.0730410371091,455.2624615606882,455.894490612965,4824857
2025-09-03 19:09:23.325725,455.48412587523995,455.6067089248225,455.3464874147217,455.48412587523995,3646460
2025-09-03 20:09:23.325725,456.05152238921346,456.2080357489263,454.86435775732195,456.05152238921346,4057404
2025-09-03 21:09:23.325725,455.07774254490596,455.3606060773711,454.91331815000825,455.07774254490596,1364765
2025-09-03 22:09:23.325725,454.9481550756496,455.1163086161295,454.91895460988616,454.9481550756496,2920382
2025-09-03 23:09:23.325725,455.0576116270716,455.22921403166436,454.59773121479617,455.0576116270716,3142064
2025-09-04 00:09:23.325725,455.5258102413816,455.5391402082953,455.29111496509086,455.5258102413816,1012879
2025-09-04 01:09:23.325725,456.17412812922413,456.6878031205998,455.47609266851515,456.17412812922413,1558086
2025-09-04 02:09:23.325725,455.14806287782096,455.1714546315563,454.84542256794447,455.14806287782096,4777807
2025-09-04 03:09:23.325725,453.7515646917335,454.5560809484316,453.3320422781766,453.7515646917335,2531618
2025-09-04 04:09:23.325725,454.9110604059471,455.485122453986,454.1842948736028,454.9110604059471,1701433
2025-09-04 05:09:23.325725,455.213407045102,455.6257085316484,455.06454437779007,455.213407045102,2386511
2025-09-04 06:09:23.325725,454.53196483223536,454.8291225306826,454.43494190291045,454.53196483223536,4999143
2025-09-04 07:09:23.325725,455.9420611426106,456.21364818075966,455.7158230623869,455.9420611426106,1487947
2025-09-04 08:09:23.325725,456.0475430049734,456.6743521203764,455.8034131334774,456.0475430049734,3755362
2025-09-04 09:09:23.325725,457.1231741715034,458.0994403471936,456.8893558620266,457.1231741715034,1159472
2025-09-04 10:09:23.325725,457.18490269657826,458.6194339546259,456.30017948507043,457.18490269657826,3091028
2025-09-04 11:09:23.325725,459.06918837561693,459.5539915178334,458.694816983124,459.06918837561693,3895537
2025-09-04 12:09:23.325725,460.6808341673429,460.78367605652255,460.6586807136719,460.6808341673429,3727850
2025-09-04 13:09:23.325725,460.45144814414465,460.4767241662228,460.3671162445199,460.45144814414465,2698019
2025-09-04 14:09:23.325725,461.34617064682806,461.4779099257762,461.18162086220156,461.34617064682806,4300335
2025-09-04 15:09:23.325725,461.94165409276536,462.18238224931576,461.3962668767776,461.94165409276536,2779472
2025-09-04 16:09:23.325725,463.2061099438254,463.50497774546847,462.91553452281084,463.2061099438254,4613983
2025-09-04 17:09:23.325725,462.31219305868774,462.569055777839,462.2912860489139,462.31219305868774,2301288
2025-09-04 18:09:23.325725,462.9465329687337,462.98800403454186,462.9228310775626,462.9465329687337,2916037
2025-09-04 19:09:23.325725,463.9265208619262,464.01807138869174,463.6937298671316,463.9265208619262,4149783
2025-09-04 20:09:23.325725,462.29466907984863,462.36460191245584,461.6601855735661,462.29466907984863,3397466
2025-09-04 21:09:23.325725,461.2006408747512,461.29053269856166,461.05168482669654,461.2006408747512,4139987
2025-09-04 22:09:23.325725,459.31965050020045,459.840413384841,459.2916301771687,459.31965050020045,3326168
2025-09-04 23:09:23.325725,459.0721627941216,459.34464816236004,458.8425163199002,459.0721627941216,4908673
2025-09-05 00:09:23.325725,459.7309701446505,461.08275786426697,459.48565755810176,459.7309701446505,2934984
2025-09-05 01:09:23.325725,461.112330274778,461.41477421027264,460.54939452083323,461.112330274778,2338971
2025-09-05 02:09:23.325725,461.1806623084991,461.27047087575494,460.7763111953851,461.1806623084991,3757436
2025-09-05 03:09:23.325725,462.68283430040407,462.69149052086266,461.89070264935816,462.68283430040407,2096613
2025-09-05 04:09:23.325725,461.4057357917861,461.5850004345023,460.59936628207225,461.4057357917861,1092115
2025-09-05 05:09:23.325725,459.8338349362552,460.35073999918694,459.63391295015447,459.8338349362552,3037701
2025-09-05 06:09:23.325725,459.7827495134442,460.21840583543576,459.56415468702903,459.7827495134442,4617760
2025-09-05 07:09:23.325725,460.13592284965705,460.4915516285909,459.7698584640205,460.13592284965705,1482870
2025-09-05 08:09:23.325725,460.10583479348384,460.2931219258558,459.910568666423,460.10583479348384,2118976
2025-09-05 09:09:23.325725,458.20335044683173,458.64856681808277,457.61707070538836,458.20335044683173,4769541
2025-09-05 10:09:23.325725,458.1216802454383,458.75371323718855,457.10610747395367,458.1216802454383,1363308
2025-09-05 11:09:23.325725,456.9264687266379,457.21283241495996,456.6967513170805,456.9264687266379,4369185
2025-09-05 12:09:23.325725,457.538450952518,457.93302912598364,456.39768368357903,457.538450952518,2797038
2025-09-05 13:09:23.325725,457.8739165398002,458.3103276372787,457.43176381414634,457.8739165398002,3238926
2025-09-05 14:09:23.325725,457.0132236621156,457.24771048396826,456.2686730898103,457.0132236621156,3990316
2025-09-05 15:09:23.325725,456.5435357092649,456.8745735035204,456.27792688272797,456.5435357092649,1015385
2025-09-05 16:09:23.325725,455.5763815365564,455.811540172828,455.0415895500127,455.5763815365564,4941496
2025-09-05 17:09:23.325725,455.519271303889,455.8114785326998,455.4291068538184,455.519271303889,4997581
2025-09-05 18:09:23.325725,456.38944277154144,456.5865676610256,455.44567215016326,456.38944277154144,4045881
2025-09-05 19:09:23.325725,455.4896928495165,455.8542711383162,454.65538046533874,455.4896928495165,2608885
2025-09-05 20:09:23.325725,455.9488688345866,456.2927871131868,455.46952526958006,455.9488688345866,3605822
2025-09-05 21:09:23.325725,455.4653281120109,456.00683693084636,454.7832998991062,455.4653281120109,1117369
2025-09-05 22:09:23.325725,454.743075942616,455.0651722127942,453.8982986647298,454.743075942616,1744990
2025-09-05 23:09:23.325725,454.645733312406,454.805517740445,454.59870874759116,454.645733312406,4719127
2025-09-08 00:09:23.325725,453.7043963027412,454.1899281705698,453.14223264435407,453.7043963027412,3186554
2025-09-08 01:09:23.325725,453.20201005504924,453.21402954305006,452.25216956726854,453.20201005504924,3741214
2025-09-08 02:09:23.325725,452.1162487176057,452.5149585767579,451.3953754046517,452.1162487176057,3350876
2025-09-08 03:09:23.325725,453.8928170313164,453.96683195494563,453.584647870426,453.8928170313164,3837097
2025-09-08 04:09:23.325725,453.9248287772023,454.2629585827018,453.55605918006273,453.9248287772023,4974879
2025-09-08 05:09:23.325725,453.28958321438915,453.5956344932477,453.26735872491537,453.28958321438915,4373328
2025-09-08 06:09:23.325725,453.4835729434951,453.54910978664816,453.4108522809854,453.4835729434951,3801549
2025-09-08 07:09:23.325725,453.38169509286394,453.74096377987223,453.2316931675536,453.38169509286394,4619047
2025-09-08 08:09:23.325725,453.1813279496632,453.32089036462247,452.52376119107396,453.1813279496632,4795711
2025-09-08 09:09:23.325725,453.73798571107955,454.59719061577607,453.33896079423386,453.73798571107955,3231737
2025-09-08 10:09:23.325725,454.4254057561145,454.52233183563266,453.9358186951788,454.4254057561145,3867695
2025-09-08 11:09:23.325725,453.9432593576005,453.94380657501546,453.3184080725844,453.9432593576005,3765847
2025-09-08 12:09:23.325725,453.42048173968885,453.79096646041177,453.2785012139159,453.42048173968885,2748076
2025-09-08 13:09:23.325725,453.1710535936372,453.4698046477778,452.8596952630397,453.1710535936372,2152702
2025-09-08 14:09:23.325725,451.08472551461176,451.50764908279376,450.4231913336481,451.08472551461176,4881461
2025-09-08 15:09:23.325725,449.7177664258237,450.44071465742354,449.2178690388094,449.7177664258237,2650522
2025-09-08 16:09:23.325725,450.94718171090386,451.2911303002194,450.931026267153,450.94718171090386,2214488
2025-09-08 17:09:23.325725,452.43076881972155,452.77875248436766,452.19032242845736,452.43076881972155,2047738
2025-09-08 18:09:23.325725,452.20542568604094,452.63045496798145,451.4964311471777,452.20542568604094,2866015
2025-09-08 19:09:23.325725,452.72687005986273,453.1023956088439,452.56990513688316,452.72687005986273,3023027
2025-09-08 20:09:23.325725,453.00869267640707,453.09649760213904,451.87093572639094,453.00869267640707,4776849
2025-09-08 21:09:23.325725,455.7982122162966,455.91877760807057,454.95950807001185,455.7982122162966,2167213
2025-09-08 22:09:23.325725,456.81881270244475,457.73421472857217,456.80406631203186,456.81881270244475,1907153
2025-09-08 23:09:23.325725,456.70194237791674,456.99213902653526,456.4094051752916,456.70194237791674,3714660
2025-09-09 00:09:23.325725,455.829148027431,456.39403812574295,455.77304539562937,455.829148027431,2074969
2025-09-09 01:09:23.325725,454.3646179124014,454.3918491790529,454.3132165280449,454.3646179124014,2630344
2025-09-09 02:09:23.325725,454.54951126674115,454.6755928183267,453.9589531037071,454.54951126674115,4000827
2025-09-09 03:09:23.325725,453.86191354351075,454.4794646574975,453.7562605069124,453.86191354351075,2923298
2025-09-09 04:09:23.325725,452.570899963146,453.16323398906553,452.2284106090082,452.570899963146,4625279
2025-09-09 05:09:23.325725,451.9856598189192,453.35043601299907,450.9958466121427,451.9856598189192,2713043
2025-09-09 06:09:23.325725,451.00797144284024,451.0908890530703,450.46920082876494,451.00797144284024,1521397
2025-09-09 07:09:23.325725,452.5298000955819,453.3445850606209,452.0961019521143,452.5298000955819,1792425
2025-09-09 08:09:23.325725,453.3277366215192,453.8893853674927,453.30431726781165,453.3277366215192,4110997
2025-09-09 09:09:23.325725,453.32050818263326,453.4155510953109,453.2166639285641,453.32050818263326,2142226
2025-09-09 10:09:23.325725,454.6622862408804,454.88581467303857,454.17383435706944,454.6622862408804,4904413
2025-09-09 11:09:23.325725,454.7326391441557,455.0996641326375,454.6306245799643,454.7326391441557,2566772
2025-09-09 12:09:23.325725,453.9493310683094,454.3912717144293,453.5389529040515,453.9493310683094,4001179
2025-09-09 13:09:23.325725,455.3321733803306,455.5490743987582,455.19672016326473,455.3321733803306,1052066
2025-09-09 14:09:23.325725,455.82293954322546,456.0533444370282,455.22490725887576,455.82293954322546,3471146
2025-09-09 15:09:23.325725,454.87733836103547,455.3596038218625,454.73142020383904,454.87733836103547,2877950
2025-09-09 16:09:23.325725,454.7041768584878,455.9590058048901,454.6159406292027,454.7041768584878,2064714
2025-09-09 17:09:23.325725,453.90788230419264,454.08600300483715,453.3313915650184,453.90788230419264,3215710
2025-09-09 18:09:23.325725,452.652554909127,452.88293859465927,452.52266360853116,452.652554909127,1258480
2025-09-09 19:09:23.325725,453.49102817550636,453.5026258966372,453.1137440845761,453.49102817550636,3534895
2025-09-09 20:09:23.325725,455.22283480651083,456.02815855492236,454.9322739343325,455.22283480651083,2319910
2025-09-09 21:09:23.325725,453.949515015266,454.2648797041986,453.5793756442366,453.949515015266,2126998
2025-09-09 22:09:23.325725,454.46063423919435,454.64663699560214,453.9760724357954,454.46063423919435,4856786
2025-09-09 23:09:23.325725,453.8692513699421,454.10711897876433,452.90488296392255,453.8692513699421,4752331
2025-09-10 00:09:23.325725,453.4270689034369,453.4961507264963,452.8234037348428,453.4270689034369,2011214
2025-09-10 01:09:23.325725,452.8898540220292,453.26231966515064,452.02013906431444,452.8898540220292,3126238
2025-09-10 02:09:23.325725,452.1072687149159,452.6140948280656,451.55438898769955,452.1072687149159,3222756
2025-09-10 03:09:23.325725,452.1511426762833,452.1512363009226,452.11892521184114,452.1511426762833,2935822
2025-09-10 04:09:23.325725,451.3997125869988,451.4039107492877,450.8158236167526,451.3997125869988,2167900
2025-09-10 05:09:23.325725,451.64388085384724,451.7919724961246,451.3296745196198,451.64388085384724,3573937
2025-09-10 06:09:23.325725,451.5985013844105,451.66858526467007,451.183876614619,451.5985013844105,3838122
2025-09-10 07:09:23.325725,451.3826842246633,451.75511929411806,450.8231574685138,451.3826842246633,2439641
2025-09-10 08:09:23.325725,450.5633671809091,450.9540642906841,450.38484060296656,450.5633671809091,1003435
2025-09-10 09:09:23.325725,450.04362311532054,450.33980424449595,449.5628058091234,450.04362311532054,2936513
2025-09-10 10:09:23.325725,450.72354112360085,450.86043759482243,450.45124961697877,450.72354112360085,2888339
2025-09-10 11:09:23.325725,451.1750914608323,451.7823148978248,450.13574703615865,451.1750914608323,4305742
2025-09-10 12:09:23.325725,450.2929943068723,450.6619003816357,449.6268109377247,450.2929943068723,3812147
2025-09-10 13:09:23.325725,450.38245158935854,450.5969331138836,449.81531503570056,450.38245158935854,2470851
2025-09-10 14:09:23.325725,451.0592747387922,451.453676088484,450.5421619512584,451.0592747387922,1712917
2025-09-10 15:09:23.325725,449.5532732680968,449.67130857298326,449.1156876253318,449.5532732680968,3472753
2025-09-10 16:09:23.325725,450.04181197419274,450.12893552868456,449.58855986254673,450.04181197419274,3935973
2025-09-10 17:09:23.325725,449.4453951799265,449.82782735079087,449.2943163741814,449.4453951799265,3936598
2025-09-10 18:09:23.325725,449.95830106811655,450.0201126446395,449.8559462366546,449.95830106811655,4571770
2025-09-10 19:09:23.325725,449.27143148141147,449.44685618348217,448.9012608057312,449.27143148141147,1292441
2025-09-10 20:09:23.325725,447.64966755137,447.6958747347543,447.3277584444957,447.64966755137,3665330
2025-09-10 21:09:23.325725,446.1925298888817,446.3109325868976,445.27791904406615,446.1925298888817,3380618
2025-09-10 22:09:23.325725,446.2354401768826,446.49548774297875,446.23513547886455,446.2354401768826,3657179
2025-09-10 23:09:23.325725,446.4672349466416,447.5560868998377,446.11803952748903,446.4672349466416,2451511
2025-09-11 00:09:23.325725,445.6597394603883,445.71958227682325,445.307267448015,445.6597394603883,3700993
2025-09-11 01:09:23.325725,446.22892935798853,446.8638007355065,445.8809364127394,446.22892935798853,1008314
2025-09-11 02:09:23.325725,444.74609272100236,445.1580234021673,444.26488420470497,444.74609272100236,1618119
2025-09-11 03:09:23.325725,444.68731525648997,445.11661527206815,444.0871758342411,444.68731525648997,4515530
2025-09-11 04:09:23.325725,443.610268171281,444.1586284522763,443.4260750803521,443.610268171281,3919697
2025-09-11 05:09:23.325725,443.0319457901093,443.071223935142,443.0168705599718,443.0319457901093,1641462
2025-09-11 06:09:23.325725,443.07394404127166,443.16136948997314,443.02459774331624,443.07394404127166,3243581
2025-09-11 07:09:23.325725,442.31149055474725,442.5846850852608,442.2322755369034,442.31149055474725,3327089
2025-09-11 08:09:23.325725,441.97130388280846,442.11099901510863,441.7963628980549,441.97130388280846,1544653
2025-09-11 09:09:23.325725,442.8608089727613,443.13350988229104,442.5539703122384,442.8608089727613,1301173
2025-09-11 10:09:23.325725,442.3498433727076,442.8823814649281,442.024876569538,442.3498433727076,2312457
2025-09-11 11:09:23.325725,443.0891799224672,443.15096705840193,442.6523809213201,443.0891799224672,1393186
2025-09-11 12:09:23.325725,442.08805815490115,442.2870814528015,441.962436579443,442.08805815490115,2778568
2025-09-11 13:09:23.325725,442.55649835533495,442.5567320069578,442.0277482868177,442.55649835533495,4755490
2025-09-11 14:09:23.325725,443.83244947712956,444.09928454114896,443.4353760244508,443.83244947712956,1340362
2025-09-11 15:09:23.325725,441.63845741167324,442.2761192253969,441.03214988127814,441.63845741167324,3877118
2025-09-11 16:09:23.325725,440.9345782289839,441.9470438090929,440.77959858736614,440.9345782289839,4304299
2025-09-11 17:09:23.325725,441.443480338996,441.6865112418904,440.5702057000175,441.443480338996,1765387
2025-09-11 18:09:23.325725,441.2642142152328,441.80287092463664,441.24350352255584,441.2642142152328,3338626
2025-09-11 19:09:23.325725,441.5917609995776,441.81615152429134,440.75372272068586,441.5917609995776,3225844
2025-09-11 20:09:23.325725,441.0583312351386,441.12351097594563,440.64025525507,441.0583312351386,1762790
2025-09-11 21:09:23.325725,441.13471352946823,441.3346571365403,440.7666646718043,441.13471352946823,2750093
2025-09-11 22:09:23.325725,440.99736426419275,441.6378986185737,440.66042914429977,440.99736426419275,3022327
2025-09-11 23:09:23.325725,442.0273418866467,442.1717720064192,441.34538143381985,442.0273418866467,4536283
2025-09-12 00:09:23.325725,442.2522638248167,442.3851492905759,441.9724264804035,442.2522638248167,2220682
2025-09-12 01:09:23.325725,442.5508749079687,442.8262332239391,442.28691936070084,442.5508749079687,2048870
2025-09-12 02:09:23.325725,442.1863218845448,442.6898983121366,441.90584935853155,442.1863218845448,4112728
2025-09-12 03:09:23.325725,441.7550962790435,442.21412920674004,441.65085533462417,441.7550962790435,1811028
2025-09-12 04:09:23.325725,441.37292671123043,441.4063670161188,441.04446328625204,441.37292671123043,3195337
2025-09-12 05:09:23.325725,441.7211277042885,442.0172931586402,441.53492189288943,441.7211277042885,3895018
2025-09-12 06:09:23.325725,441.3492122250606,441.82227557048066,441.2314521360485,441.3492122250606,3155534
2025-09-12 07:09:23.325725,441.6049960346883,442.2911436683938,441.45523794189603,441.6049960346883,2348818
2025-09-12 08:09:23.325725,443.43801075760075,443.80069412057463,443.27391159278716,443.43801075760075,3626095
2025-09-12 09:09:23.325725,444.21059036882383,444.377795466632,444.1556270019488,444.21059036882383,1607317
2025-09-12 10:09:23.325725,443.920944157427,444.32138373511606,443.7177146588282,443.920944157427,2356948
2025-09-12 11:09:23.325725,444.9874321943512,445.3744213357619,444.7663036885188,444.9874321943512,3100923
2025-09-12 12:09:23.325725,444.62425536958597,445.1246509725734,444.5430807752989,444.62425536958597,2384819
2025-09-12 13:09:23.325725,442.8118561619781,443.3385418499998,442.3734911143361,442.8118561619781,2693675
2025-09-12 14:09:23.325725,441.9190710209604,442.6449995264545,441.9036004904678,441.9190710209604,1974303
2025-09-12 15:09:23.325725,440.2655937653339,440.662106087831,439.90853798856415,440.2655937653339,4994417
2025-09-12 16:09:23.325725,439.95607517979795,440.23693958581504,439.4659436760167,439.95607517979795,2852566
2025-09-12 17:09:23.325725,439.9722817354368,440.1168647560325,439.8584780000185,439.9722817354368,2016972
2025-09-12 18:09:23.325725,441.4474536343732,441.71372918988874,441.3535402020341,441.4474536343732,1320580
2025-09-12 19:09:23.325725,441.7360961477163,441.9764509428696,441.39027256026355,441.7360961477163,4253507
2025-09-12 20:09:23.325725,441.5425269231964,441.6144069143088,441.35216664978503,441.5425269231964,1649179
2025-09-12 21:09:23.325725,442.27496259551634,442.29306012228386,442.09449103794464,442.27496259551634,3876237
2025-09-12 22:09:23.325725,440.31910302334614,440.76038530493713,440.0765763303752,440.31910302334614,4631047
2025-09-12 23:09:23.325725,440.5265942051174,440.8529470309096,440.33065951436174,440.5265942051174,1778760
2025-09-15 00:09:23.325725,441.20576744202594,441.4322002274827,440.8414842752639,441.20576744202594,3653816
2025-09-15 01:09:23.325725,439.9010458834289,440.0016072252758,439.835340731361,439.9010458834289,2036658
2025-09-15 02:09:23.325725,440.9073230831091,441.3457390040771,440.7467709599489,440.9073230831091,1480674
2025-09-15 03:09:23.325725,441.20581417291226,442.33633068102364,441.20264699157565,441.20581417291226,2126500
2025-09-15 04:09:23.325725,440.8393592885747,440.92357184504573,439.9195578144885,440.8393592885747,1553620
2025-09-15 05:09:23.325725,441.39726959342215,442.46219145310107,441.3264299116022,441.39726959342215,3490297
2025-09-15 06:09:23.325725,443.4018248484624,443.7497198215003,442.4207845480598,443.4018248484624,4716753
2025-09-15 07:09:23.325725,443.56310450720497,443.57164770103395,443.40340437141066,443.56310450720497,1393056
2025-09-15 08:09:23.325725,443.7833074949289,443.899974056625,443.4601990323314,443.7833074949289,1089031
2025-09-15 09:09:23.325725,443.3755940962653,443.3855549248377,443.21006045679826,443.3755940962653,4612914
2025-09-15 10:09:23.325725,442.62199359186366,442.8641605453547,442.4837281255923,442.62199359186366,1183024
2025-09-15 11:09:23.325725,443.35704338080274,443.8805650593842,442.8282358443274,443.35704338080274,4428863
2025-09-15 12:09:23.325725,442.5979417929206,443.0911382814763,442.04121193606846,442.5979417929206,2076048
2025-09-15 13:09:23.325725,442.6612919315109,442.9779635488278,442.33753820401284,442.6612919315109,3157098
2025-09-15 14:09:23.325725,442.2384110065394,442.55602032068407,441.97730369234836,442.2384110065394,2547358
2025-09-15 15:09:23.325725,442.66205756062396,442.85615413335586,442.59913468210675,442.66205756062396,1944353
2025-09-15 16:09:23.325725,442.95745666873665,442.9661460135371,442.8074325957841,442.95745666873665,4409413
2025-09-15 17:09:23.325725,443.8766287785381,444.17529615559476,443.4196766621354,443.8766287785381,3750677
2025-09-15 18:09:23.325725,443.4238600590473,443.68628456666835,443.03705460604624,443.4238600590473,2051341
2025-09-15 19:09:23.325725,443.1845220879654,443.3414274512435,442.67795362040664,443.1845220879654,1305218
2025-09-15 20:09:23.325725,442.3169762287333,442.5706900304806,441.95420633953836,442.3169762287333,3462091
2025-09-15 21:09:23.325725,441.923939326022,441.9689520612693,441.8953518828565,441.923939326022,4830371
2025-09-15 22:09:23.325725,442.25741556641407,442.9424812152746,442.225186456164,442.25741556641407,2674251
2025-09-15 23:09:23.325725,442.92698322483557,443.4758171837475,442.89456230243,442.92698322483557,2823980
2025-09-16 00:09:23.325725,442.1100794146905,442.7588871264754,442.0436554749814,442.1100794146905,3590529
2025-09-16 01:09:23.325725,442.8790024994853,442.9519716165031,442.3512202718954,442.8790024994853,2966849
2025-09-16 02:09:23.325725,444.07976958480145,444.10236778371643,444.0425921324815,444.07976958480145,2721742
2025-09-16 03:09:23.325725,444.4469657379252,444.5240069146906,443.9493868581617,444.4469657379252,4105174
2025-09-16 04:09:23.325725,446.1152381463274,446.22406938530895,445.93967848091376,446.1152381463274,4935132
2025-09-16 05:09:23.325725,445.4248398406611,445.5242596691839,445.34524477504544,445.4248398406611,1673616
2025-09-16 06:09:23.325725,444.31603959690227,444.97800981948217,443.76987975212944,444.31603959690227,1366047
2025-09-16 07:09:23.325725,442.7354117238143,443.4441886058554,442.46840035016504,442.7354117238143,1518790
2025-09-16 08:09:23.325725,444.06011531222276,444.42801779658254,443.68242651826523,444.06011531222276,4295453
2025-09-16 09:09:23.325725,444.6412706898566,444.68718201761396,443.53625268739887,444.6412706898566,2676443
2025-09-16 10:09:23.325725,444.5918402124476,445.3223885498151,444.4741232696971,444.5918402124476,4625613
2025-09-16 11:09:23.325725,444.8407837460022,444.919010957095,444.27343793052836,444.8407837460022,3136491
2025-09-16 12:09:23.325725,443.83945688620673,444.5768829021961,443.77212003440604,443.83945688620673,4564701
2025-09-16 13:09:23.325725,446.0104993468297,446.0198149399042,445.7726155237674,446.0104993468297,1304543
2025-09-16 14:09:23.325725,446.1257673546276,446.2286889732208,445.7512588238793,446.1257673546276,4976173
2025-09-16 15:09:23.325725,446.22337502800303,446.7856900026097,445.6797880722828,446.22337502800303,4112261
2025-09-16 16:09:23.325725,446.8710830928005,447.1465171827877,446.39857577294816,446.8710830928005,2456498
2025-09-16 17:09:23.325725,447.30098132552814,447.4688070346369,446.9108467514863,447.30098132552814,4697925
2025-09-16 18:09:23.325725,447.50126841305445,447.6434463218468,447.36026670118497,447.50126841305445,1518993
2025-09-16 19:09:23.325725,446.79379177013465,447.3664222610031,446.5383391881195,446.79379177013465,4091287
2025-09-16 20:09:23.325725,447.21509004010346,447.46449789804024,447.0663429424258,447.21509004010346,1712932
2025-09-16 21:09:23.325725,448.898429549401,449.3973612807803,448.47954982315866,448.898429549401,2527671
2025-09-16 22:09:23.325725,450.10634344100754,450.21729680546827,450.00609544077236,450.10634344100754,1981271
2025-09-16 23:09:23.325725,451.5405502548791,451.7655175773443,451.05958191936435,451.5405502548791,4303269
2025-09-17 00:09:23.325725,451.0788810392098,451.5931781917239,450.4236363030771,451.0788810392098,3229537
2025-09-17 01:09:23.325725,450.18610136922337,450.897638818965,449.77358642706264,450.18610136922337,4546791
2025-09-17 02:09:23.325725,450.0728463228976,450.5297126550994,449.6961710395934,450.0728463228976,1992206
2025-09-17 03:09:23.325725,450.1230068626673,450.4879924837504,450.0598208190643,450.1230068626673,3238154
2025-09-17 04:09:23.325725,451.1080484154228,451.6753519090882,450.9692818650081,451.1080484154228,1003285
2025-09-17 05:09:23.325725,449.5810795831772,449.68629048407837,449.3452441788141,449.5810795831772,3482933
2025-09-17 06:09:23.325725,450.95639335097695,451.16670064152635,450.3466089078355,450.95639335097695,3657303
2025-09-17 07:09:23.325725,450.81388400684864,451.2589881150862,450.62270877792895,450.81388400684864,2196352
2025-09-17 08:09:23.325725,450.42899618054463,450.4632067238828,450.41122808620327,450.42899618054463,4033361
2025-09-17 09:09:23.325725,449.5172338649879,449.6610108389,448.8717677877381,449.5172338649879,2704491
2025-09-17 10:09:23.325725,448.0294606778276,448.0974527292484,447.43993642724223,448.0294606778276,4691339
2025-09-17 11:09:23.325725,448.7670700233842,449.1418546563995,448.6409623254857,448.7670700233842,2381688
2025-09-17 12:09:23.325725,448.8328754020146,449.7707290747368,447.87569637505777,448.8328754020146,2102491
2025-09-17 13:09:23.325725,447.67492168244075,448.39463120684775,447.22158930938565,447.67492168244075,3468839
2025-09-17 14:09:23.325725,446.5153731067284,446.597862615242,446.4447549839002,446.5153731067284,1665979
2025-09-17 15:09:23.325725,446.2155070461543,447.1184715213296,444.7683886723288,446.2155070461543,2252038
2025-09-17 16:09:23.325725,447.7049936185102,447.70803794287554,446.671727988256,447.7049936185102,1784278
2025-09-17 17:09:23.325725,447.4725529298988,447.5575901820473,447.3913594516559,447.4725529298988,2943508
2025-09-17 18:09:23.325725,446.12732250059815,446.2867886700166,446.07988265837616,446.12732250059815,1507553
2025-09-17 19:09:23.325725,445.90805711019067,445.98849521452416,445.4641192915872,445.90805711019067,1976778
2025-09-17 20:09:23.325725,445.664837835962,446.276668128802,444.9057936909562,445.664837835962,4612117
2025-09-17 21:09:23.325725,443.2610227391849,444.2414549121587,442.5349483039093,443.2610227391849,3470562
2025-09-17 22:09:23.325725,443.2128891430606,443.8925267241214,442.4211445119665,443.2128891430606,3910323
2025-09-17 23:09:23.325725,443.0081828223872,443.63900749291105,442.7326163135263,443.0081828223872,3538076
2025-09-18 00:09:23.325725,443.6250330554779,443.7433267038489,443.36651607587976,443.6250330554779,4798057
2025-09-18 01:09:23.325725,445.26551947295445,445.4566472127396,445.04427879556465,445.26551947295445,4198747
2025-09-18 02:09:23.325725,446.26876059915776,446.5314135374049,445.79135501781775,446.26876059915776,2255802
2025-09-18 03:09:23.325725,446.02876735381165,446.74157678856045,445.49366774403745,446.02876735381165,2281745
2025-09-18 04:09:23.325725,445.04168257956945,445.2473686805248,444.01090201769745,445.04168257956945,1531661
2025-09-18 05:09:23.325725,447.3321873330114,448.23772618463556,446.9483699662641,447.3321873330114,4836369
2025-09-18 06:09:23.325725,447.38516795624764,447.995031787246,447.01464522756635,447.38516795624764,4690203
2025-09-18 07:09:23.325725,447.39763147345155,447.4825055635163,446.4945647837662,447.39763147345155,2902871
2025-09-18 08:09:23.325725,447.3760444597873,447.67219942799284,447.3111464149255,447.3760444597873,1622215
2025-09-18 09:09:23.325725,447.5532812132675,447.743888429826,447.1982928314266,447.5532812132675,2811049
2025-09-18 10:09:23.325725,447.42406326119976,447.4326304375736,447.369451963196,447.42406326119976,1346229
2025-09-18 11:09:23.325725,446.9107228890859,447.1974102673308,446.7061055358435,446.9107228890859,2166572
2025-09-18 12:09:23.325725,446.4219286395897,446.6397255259316,446.35078584456284,446.4219286395897,1563508
2025-09-18 13:09:23.325725,446.3926850834715,447.1981328810245,446.2272596491178,446.3926850834715,3489799
2025-09-18 14:09:23.325725,445.90752339801696,445.9926488349934,445.3064190489079,445.90752339801696,2564547
2025-09-18 15:09:23.325725,445.27179680298036,445.59228471514393,444.9535696537965,445.27179680298036,1531930
2025-09-18 16:09:23.325725,445.36657756041734,445.9425581115159,445.1344169131703,445.36657756041734,1079971
2025-09-18 17:09:23.325725,445.1394608990601,445.5652084722211,444.996269086569,445.1394608990601,2628420
2025-09-18 18:09:23.325725,446.4784341553275,446.6893533705607,446.403399076315,446.4784341553275,2475552
2025-09-18 19:09:23.325725,444.11123245723877,444.77034505578143,443.6692758384849,444.11123245723877,2873200
2025-09-18 20:09:23.325725,445.0807333637244,445.23901001379585,444.9999498032132,445.0807333637244,2566049
2025-09-18 21:09:23.325725,446.1899503863454,446.3296337334525,445.2185658412852,446.1899503863454,1397597
2025-09-18 22:09:23.325725,444.3396986164859,444.3400134731865,444.260394349445,444.3396986164859,3849095
2025-09-18 23:09:23.325725,444.0351592119394,444.59038420917244,443.4006961521592,444.0351592119394,2461350
2025-09-19 00:09:23.325725,443.7052936037989,443.97352025416745,443.0512133733404,443.7052936037989,2341502
2025-09-19 01:09:23.325725,442.4562528242878,442.8466466047864,442.1970054615256,442.4562528242878,2315502
2025-09-19 02:09:23.325725,441.76795311033646,441.9676721312931,441.62256428235094,441.76795311033646,3843929
2025-09-19 03:09:23.325725,440.78671947428603,440.9939078106116,440.2344830794392,440.78671947428603,1185784
2025-09-19 04:09:23.325725,442.3314745550629,442.449080864437,442.133210699603,442.3314745550629,2285412
2025-09-19 05:09:23.325725,443.15923456176336,443.3527709457051,442.85245743572074,443.15923456176336,3585313
2025-09-19 06:09:23.325725,444.28623732696474,444.31561913748146,443.41147187243473,444.28623732696474,2199110
2025-09-19 07:09:23.325725,444.92749525880026,445.86171921519446,444.8814727910129,444.92749525880026,1846462
2025-09-19 08:09:23.325725,443.92280290562985,444.03246324709477,443.01627878614283,443.92280290562985,1723879
2025-09-19 09:09:23.325725,443.4571098920544,443.61601838022807,443.33411331010745,443.4571098920544,4988571
2025-09-19 10:09:23.325725,443.891143149208,444.17858122154826,443.88125370766994,443.891143149208,4332006
2025-09-19 11:09:23.325725,442.806159728881,443.135692517882,442.66353969773365,442.806159728881,3194621
2025-09-19 12:09:23.325725,443.4375999223957,443.51796153481547,443.4326813107864,443.4375999223957,2619814
2025-09-19 13:09:23.325725,443.2244612868764,443.5122793019607,442.8641134297129,443.2244612868764,2444315
2025-09-19 14:09:23.325725,442.8922017858659,443.47739703794787,442.52757753132533,442.8922017858659,2502718
2025-09-19 15:09:23.325725,443.52195903726437,444.15158414288146,443.42182884425864,443.52195903726437,2189325
2025-09-19 16:09:23.325725,443.91604010574173,444.1825777574306,443.90822130069,443.91604010574173,3828340
2025-09-19 17:09:23.325725,443.5955627638566,444.42355160400166,443.16289472208535,443.5955627638566,2194737
2025-09-19 18:09:23.325725,444.6241098769611,445.07207475449366,444.04453882300703,444.6241098769611,4543525
2025-09-19 19:09:23.325725,443.6627762374516,443.96652100664323,443.3678723720845,443.6627762374516,3502275
2025-09-19 20:09:23.325725,444.2093116401724,444.56051489334163,443.963699055614,444.2093116401724,1398825
2025-09-19 21:09:23.325725,444.73623384324253,445.61241039541187,444.29068603084545,444.73623384324253,2755089
2025-09-19 22:09:23.325725,444.46090080800235,444.8576254250417,444.23975002495786,444.46090080800235,2885547
2025-09-19 23:09:23.325725,444.7508075617003,445.289477255344,444.40301087688994,444.7508075617003,3534511
2025-09-22 00:09:23.325725,443.6379400148028,443.9621347032222,443.300906888741,443.6379400148028,2071512
2025-09-22 01:09:23.325725,444.45780690144073,444.4641506778691,443.6706416564631,444.45780690144073,2885190
2025-09-22 02:09:23.325725,444.293444505331,444.7172735358242,444.08394131690477,444.293444505331,1501477
2025-09-22 03:09:23.325725,443.8289596827138,444.00961418603316,443.01624455633254,443.8289596827138,1897691
2025-09-22 04:09:23.325725,444.76012102951523,445.0653681094961,444.2137582024435,444.76012102951523,1230596
2025-09-22 05:09:23.325725,444.1335930594109,444.180624343358,443.21175469922775,444.1335930594109,2667906
2025-09-22 06:09:23.325725,442.88250310693275,443.14132939057254,442.84438434594784,442.88250310693275,1799595
2025-09-22 07:09:23.325725,441.5036954573737,442.37630127928924,441.4373284186608,441.5036954573737,3879198
2025-09-22 08:09:23.325725,442.03880672337976,442.73026221884754,441.89439431914184,442.03880672337976,4322857
2025-09-22 09:09:23.325725,440.90680779723766,441.6198478311967,440.4471281939999,440.90680779723766,2716473
2025-09-22 10:09:23.325725,442.4542091994774,442.50038192328947,441.93554944110366,442.4542091994774,2595283
2025-09-22 11:09:23.325725,440.6118923399288,441.0079072802654,440.40728545560586,440.6118923399288,3827503
2025-09-22 12:09:23.325725,442.1068500413376,442.69499080798016,441.8634472610258,442.1068500413376,3742651
2025-09-22 13:09:23.325725,442.29343457679494,442.37708128398026,442.1535113682058,442.29343457679494,2433482
2025-09-22 14:09:23.325725,442.2078834279594,442.6154443732147,441.816419480161,442.2078834279594,3302823
2025-09-22 15:09:23.325725,441.7259483959249,441.78229015209075,441.6459682841552,441.7259483959249,3622274
2025-09-22 16:09:23.325725,442.0785659532273,442.7466151577242,441.5024146674523,442.0785659532273,1294358
2025-09-22 17:09:23.325725,442.04529096267123,442.686776342818,441.7861791308842,442.04529096267123,2796870
2025-09-22 18:09:23.325725,443.0207097655826,443.02606541983766,442.8380019031192,443.0207097655826,4400598
2025-09-22 19:09:23.325725,443.12192019355285,443.676883181479,443.0079496919369,443.12192019355285,4638972
2025-09-22 20:09:23.325725,443.2551242038478,443.41630589914524,443.14844813201984,443.2551242038478,3873798
2025-09-22 21:09:23.325725,442.932778251274,443.3256097469658,442.929287859174,442.932778251274,1526701
2025-09-22 22:09:23.325725,442.88233208462594,443.0686800490635,442.7381247024979,442.88233208462594,2582369
2025-09-22 23:09:23.325725,443.15497201507935,444.3090423338342,443.0821460515141,443.15497201507935,1776041
2025-09-23 00:09:23.325725,441.6392327627017,441.72709606961246,441.54556401697596,441.6392327627017,3986386
2025-09-23 01:09:23.325725,440.44840961182047,440.64077041234765,440.0108863524155,440.44840961182047,2181753
2025-09-23 02:09:23.325725,441.10314858808823,441.28148427745947,440.655041238919,441.10314858808823,2247752
2025-09-23 03:09:23.325725,441.25388715357445,441.7991808493911,440.6411873542183,441.25388715357445,1390447
2025-09-23 04:09:23.325725,441.09152042890025,441.5639531249176,440.3856544143163,441.09152042890025,1500850
2025-09-23 05:09:23.325725,441.1077825320269,441.4078311499447,440.5708296629469,441.1077825320269,2163473
2025-09-23 06:09:23.325725,441.41442452262845,441.9408145399878,441.3440354719546,441.41442452262845,2106984
2025-09-23 07:09:23.325725,440.9379091052999,441.7221557957524,440.54424524494357,440.9379091052999,4314479
2025-09-23 08:09:23.325725,440.25154098876857,440.39226819770926,440.02542142941667,440.25154098876857,1116908
2025-09-23 09:09:23.325725,440.4239833394727,440.64603622896453,440.4086945719705,440.4239833394727,3343145
2025-09-23 10:09:23.325725,439.5621856676565,439.5980199520265,438.6969056531016,439.5621856676565,4375896
2025-09-23 11:09:23.325725,439.92109061486985,440.0740408326892,439.63295304153297,439.92109061486985,2652595
2025-09-23 12:09:23.325725,438.4230857427912,438.6366979933319,438.0676128986748,438.4230857427912,3602573
2025-09-23 13:09:23.325725,439.325496923243,439.6223527108957,438.88886770974773,439.325496923243,1851563
2025-09-23 14:09:23.325725,439.74074517085455,439.7557633803701,439.55596982866746,439.74074517085455,1850712
2025-09-23 15:09:23.325725,439.96591858316066,440.44426974137826,439.5890885493741,439.96591858316066,4947922
2025-09-23 16:09:23.325725,440.83061966603066,441.3092846304461,440.78756357332566,440.83061966603066,2166374
2025-09-23 17:09:23.325725,442.2990039288114,442.59949005515887,441.73971754294564,442.2990039288114,1641142
2025-09-23 18:09:23.325725,443.1963136675568,443.70545494910243,442.40161549777997,443.1963136675568,1237902
2025-09-23 19:09:23.325725,441.5645763210532,441.8587963182146,441.39553781091337,441.5645763210532,3417999
2025-09-23 20:09:23.325725,440.43454459867957,440.638285784083,440.3800500965733,440.43454459867957,3571802
2025-09-23 21:09:23.325725,439.8841612272312,440.6433162725655,439.70922822876844,439.8841612272312,3160231
2025-09-23 22:09:23.325725,439.9071153067062,440.20518081834894,439.38625183940354,439.9071153067062,2594441
2025-09-23 23:09:23.325725,440.3625590795203,440.88840015206716,440.18645850514673,440.3625590795203,4933374
2025-09-24 00:09:23.325725,439.7233782739275,440.1548196959261,439.6049630755712,439.7233782739275,1310258
2025-09-24 01:09:23.325725,439.88762969917775,440.09191538934726,439.8678818105671,439.88762969917775,1482450
2025-09-24 02:09:23.325725,439.2230624839215,439.4260102845097,439.14290382235527,439.2230624839215,2898238
2025-09-24 03:09:23.325725,438.6858770395344,439.0295393921635,438.3919069651056,438.6858770395344,3613531
2025-09-24 04:09:23.325725,437.45171232559784,437.56174844201445,436.9391423174427,437.45171232559784,2736916
2025-09-24 05:09:23.325725,436.6439723968236,436.9048716217813,436.1304033989231,436.6439723968236,2115770
2025-09-24 06:09:23.325725,435.46356252557564,436.08295277277983,435.2512477816602,435.46356252557564,2519598
2025-09-24 07:09:23.325725,434.61364803894577,435.3693975654025,434.0999820394497,434.61364803894577,3209485
2025-09-24 08:09:23.325725,435.52950224884586,435.9558238084752,435.3200525865835,435.52950224884586,3659232
2025-09-24 09:09:23.325725,434.7025197978687,434.7396078094262,434.61448200604354,434.7025197978687,1045807
2025-09-24 10:09:23.325725,436.99112603117976,437.344330979012,436.76026490987954,436.99112603117976,2566089
2025-09-24 11:09:23.325725,437.4222771211743,437.78553200451285,436.96906930155654,437.4222771211743,2435986
2025-09-24 12:09:23.325725,437.58397999741607,437.8126237992031,436.96130896618354,437.58397999741607,1660501
2025-09-24 13:09:23.325725,436.83277276998916,437.01554282494203,436.4089906993961,436.83277276998916,2558274
2025-09-24 14:09:23.325725,437.44460938283004,438.05773113183307,437.2706998813974,437.44460938283004,1628580
2025-09-24 15:09:23.325725,436.9409900547409,437.22519836215486,436.40020839658865,436.9409900547409,1647272
2025-09-24 16:09:23.325725,437.047612233156,437.70452989003473,436.8816356946209,437.047612233156,1538065
2025-09-24 17:09:23.325725,439.2853699022868,439.747475100656,438.86012156317724,439.2853699022868,4184074
2025-09-24 18:09:23.325725,439.2009744851201,439.63932368523183,439.0646870385248,439.2009744851201,3938287
2025-09-24 19:09:23.325725,440.210498414829,440.37952659983216,439.9400669173786,440.210498414829,4764993
2025-09-24 20:09:23.325725,439.5914071256725,439.7013929864018,439.27938998381427,439.5914071256725,1309963
2025-09-24 21:09:23.325725,439.560645846131,440.4378627368345,439.1303645195598,439.560645846131,2183493
2025-09-24 22:09:23.325725,441.1173943882604,442.4892335584451,440.5122946333097,441.1173943882604,3993770
2025-09-24 23:09:23.325725,440.5642622384632,440.8315627353946,439.8554908876532,440.5642622384632,1547578
2025-09-25 00:09:23.325725,442.16126236206134,442.2422648102552,441.7950512767236,442.16126236206134,2423271
2025-09-25 01:09:23.325725,442.7871433405017,443.02381556969175,442.30412381759544,442.7871433405017,1423915
2025-09-25 02:09:23.325725,442.28903722665734,442.68163749035614,442.0842841555895,442.28903722665734,3272476
2025-09-25 03:09:23.325725,442.8484512467404,442.9904584080834,442.7820502315174,442.8484512467404,2933690
2025-09-25 04:09:23.325725,443.7098397102811,444.506392653259,443.0739361483778,443.7098397102811,2707229
2025-09-25 05:09:23.325725,444.26164610761236,444.36385772181194,444.02855872299807,444.26164610761236,3740936
2025-09-25 06:09:23.325725,442.86646486997756,443.0868985922569,442.6478416927359,442.86646486997756,2551726
2025-09-25 07:09:23.325725,442.22241552891137,442.51690216021416,441.6492673910526,442.22241552891137,1843521
2025-09-25 08:09:23.325725,442.00349895110736,442.1898417081099,441.5141317641931,442.00349895110736,3602332
2025-09-25 09:09:23.325725,441.93769927890503,442.3084587135145,441.776168426041,441.93769927890503,3506976
2025-09-25 10:09:23.325725,442.48629607650133,442.7594221527579,442.4193482449414,442.48629607650133,3488009
2025-09-25 11:09:23.325725,442.64355659192546,442.89068526594366,442.02571949521433,442.64355659192546,1197345
2025-09-25 12:09:23.325725,441.46139343949665,441.9470690601826,441.20033557922056,441.46139343949665,3900203
2025-09-25 13:09:23.325725,441.7970787856722,441.9912491454829,441.4772219720393,441.7970787856722,2650870
2025-09-25 14:09:23.325725,442.33658878290134,442.6811408987433,442.25016048148063,442.33658878290134,3867911
2025-09-25 15:09:23.325725,442.8318203772435,443.03453676888086,442.6316828141614,442.8318203772435,4364708
2025-09-25 16:09:23.325725,443.7890285694955,444.5321499398378,443.4387288008296,443.7890285694955,4620597
2025-09-25 17:09:23.325725,444.52919957523517,444.53168716900603,444.5260678734785,444.52919957523517,2325499
2025-09-25 18:09:23.325725,444.93743748139576,445.2349856799722,444.84150470801126,444.93743748139576,2492832
2025-09-25 19:09:23.325725,444.8749987776848,445.3606692036229,444.70956850276065,444.8749987776848,4895918
2025-09-25 20:09:23.325725,443.3971587911494,443.5687976993955,443.07416097780794,443.3971587911494,4595269
2025-09-25 21:09:23.325725,443.778141786606,444.08680624020093,443.63634372195094,443.778141786606,3606315
2025-09-25 22:09:23.325725,443.96247629836836,444.339445774084,443.22833228099876,443.96247629836836,1808062
2025-09-25 23:09:23.325725,444.2036179245114,444.33419910621404,444.1414795095828,444.2036179245114,3989159
2025-09-26 00:09:23.325725,443.06934525139263,443.10106868503385,442.627995806119,443.06934525139263,1639724
2025-09-26 01:09:23.325725,442.1113792243158,442.7824484799492,441.4967462915583,442.1113792243158,1667538
2025-09-26 02:09:23.325725,443.0426009453578,443.2007800910966,442.97270590696417,443.0426009453578,1413151
2025-09-26 03:09:23.325725,443.00755170886686,443.4019981742206,442.5214092565566,443.00755170886686,3013338
2025-09-26 04:09:23.325725,443.6113716197287,443.86653910588626,442.9561909268469,443.6113716197287,4954944
2025-09-26 05:09:23.325725,443.63649632708325,443.8586099135479,443.3084841863937,443.63649632708325,4078378
2025-09-26 06:09:23.325725,443.66289814602345,443.68498088432955,443.1340966330192,443.66289814602345,1678387
2025-09-26 07:09:23.325725,444.4954615713091,444.49860111326365,444.07318384704456,444.4954615713091,3062624
2025-09-26 08:09:23.325725,444.03670249198825,444.32990931334575,443.9287994765172,444.03670249198825,1451069
2025-09-26 09:09:23.325725,444.1220647976559,444.43242991857556,443.4413586602811,444.1220647976559,2947175
2025-09-26 10:09:23.325725,443.7114514862067,443.89824200239815,443.6243595134807,443.7114514862067,1067359
2025-09-26 11:09:23.325725,443.3258695827282,443.54399426636576,443.19211816392874,443.3258695827282,3300612
2025-09-26 12:09:23.325725,443.0517415817533,443.2848022349299,442.9739699495278,443.0517415817533,3042749
2025-09-26 13:09:23.325725,443.2485750905262,444.2030412714404,442.4313162118873,443.2485750905262,2325831
2025-09-26 14:09:23.325725,442.8241658017684,443.3100115361078,442.4299115434206,442.8241658017684,4309112
2025-09-26 15:09:23.325725,443.9363241192835,444.14889745935443,443.9078776722095,443.9363241192835,1784681
2025-09-26 16:09:23.325725,443.14202676472826,443.52435896544984,442.9043737241493,443.14202676472826,1286305
2025-09-26 17:09:23.325725,442.9764054064512,443.283600202076,442.00357259844725,442.9764054064512,1905352
2025-09-26 18:09:23.325725,442.58682443937147,442.76032406881336,442.51507050389836,442.58682443937147,1891255
2025-09-26 19:09:23.325725,443.86765113311174,444.33812260624904,443.80415641162807,443.86765113311174,2960022
2025-09-26 20:09:23.325725,444.0421397470501,444.3161163891368,443.6648762217146,444.0421397470501,4276194
2025-09-26 21:09:23.325725,444.958504661434,445.2626646453178,444.65021178680837,444.958504661434,3426609
2025-09-26 22:09:23.325725,443.63647921709236,444.2424669995758,443.3780293283232,443.63647921709236,3278598
2025-09-26 23:09:23.325725,443.87342569654083,444.4113754250866,443.5183533634776,443.87342569654083,1417230
2025-09-29 00:09:23.325725,444.6631926342579,444.7793611295537,443.81477431241166,444.6631926342579,2653172
2025-09-29 01:09:23.325725,444.7363699570057,444.9006009314222,444.5615651006286,444.7363699570057,2881397
2025-09-29 02:09:23.325725,445.6840857055397,445.7479916635079,445.2376743413081,445.6840857055397,4911251
2025-09-29 03:09:23.325725,445.22299124568167,446.0138120092286,444.6025932527724,445.22299124568167,1411377
2025-09-29 04:09:23.325725,446.47793901172946,446.66039347677065,446.1606945129689,446.47793901172946,2680664
2025-09-29 05:09:23.325725,448.5307536041924,448.992458382496,448.33818104138805,448.5307536041924,4546434
2025-09-29 06:09:23.325725,448.2052650982911,448.81153904234816,448.0351086090444,448.2052650982911,3478843
2025-09-29 07:09:23.325725,447.80591194687827,448.4876333905733,447.5568786843343,447.80591194687827,1762557
2025-09-29 08:09:23.325725,449.10758026924856,449.607297052934,449.04916920552154,449.10758026924856,2073078
2025-09-29 09:09:23.325725,450.52637591770815,450.80987567396625,449.77441607308293,450.52637591770815,1035757
2025-09-29 10:09:23.325725,450.05525145141695,450.74551366156146,449.6310482711127,450.05525145141695,4973271
2025-09-29 11:09:23.325725,449.67703688416765,449.9179744984312,448.95090794233784,449.67703688416765,3719713
2025-09-29 12:09:23.325725,449.42361274826374,450.1909397298197,449.27888569166527,449.42361274826374,1582933
2025-09-29 13:09:23.325725,448.2151571366032,448.71560031390163,447.62107837555124,448.2151571366032,3993802
2025-09-29 14:09:23.325725,447.39164968350866,447.94454148288156,446.76225239561,447.39164968350866,1321199
2025-09-29 15:09:23.325725,446.4931612952053,446.5627687655124,446.23155907621117,446.4931612952053,2168391
2025-09-29 16:09:23.325725,445.8075285710491,446.05195917564447,445.4790708976173,445.8075285710491,1926502
2025-09-29 17:09:23.325725,445.77660300319974,445.847935384339,445.1457100020419,445.77660300319974,4829994
2025-09-29 18:09:23.325725,445.98541789888657,446.2092056821707,445.8879549026568,445.98541789888657,2411746
2025-09-29 19:09:23.325725,447.36841911936676,447.86830806116296,446.91681332115695,447.36841911936676,3429488
2025-09-29 20:09:23.325725,446.4751549815133,447.12187389967033,446.097909621767,446.4751549815133,3278701
2025-09-29 21:09:23.325725,447.3541059723365,447.51504995323035,446.6835150275074,447.3541059723365,3265125
2025-09-29 22:09:23.325725,447.1626483961434,447.7556073913515,447.1215788480821,447.1626483961434,1746631
2025-09-29 23:09:23.325725,447.11841174932806,447.30327963548314,447.0793178039944,447.11841174932806,4197749
2025-09-30 00:09:23.325725,447.72186018843814,447.83839346101615,447.4763655048116,447.72186018843814,1029092
2025-09-30 01:09:23.325725,446.7165258045014,447.1470528437312,446.29232621665864,446.7165258045014,1918746
2025-09-30 02:09:23.325725,447.05818331099965,447.48608546016715,447.0316212679989,447.05818331099965,4514715
2025-09-30 03:09:23.325725,447.20701095462334,447.36075530553376,446.37721686339785,447.20701095462334,1657191
2025-09-30 04:09:23.325725,447.64746627025914,447.6692453721677,447.5470881550182,447.64746627025914,3410017
2025-09-30 05:09:23.325725,447.90635749179944,447.92104747455085,447.75119085735525,447.90635749179944,3387807
2025-09-30 06:09:23.325725,450.10584657623264,450.4472497609819,449.380470685749,450.10584657623264,3169934
2025-09-30 07:09:23.325725,449.53174558521874,449.63531802045975,449.41367179255644,449.53174558521874,1883435
2025-09-30 08:09:23.325725,449.05434560905394,449.46937651884355,448.9032895894109,449.05434560905394,2890576
2025-09-30 09:09:23.325725,448.49469768642166,448.8939469537,448.0640060771266,448.49469768642166,4509934
2025-09-30 10:09:23.325725,447.99644060116265,448.46022861825355,447.7892495837444,447.99644060116265,2939309
2025-09-30 11:09:23.325725,447.425346272526,448.25137751607195,446.8976666348964,447.425346272526,4459379
2025-09-30 12:09:23.325725,448.4893385388351,448.9062142496874,448.41208428301326,448.4893385388351,4794293
2025-09-30 13:09:23.325725,449.7635005599803,450.43658479644006,449.4614703494483,449.7635005599803,4800015
2025-09-30 14:09:23.325725,449.2500988579635,449.5421221747559,448.5636306187005,449.2500988579635,1207580
2025-09-30 15:09:23.325725,448.5022272109594,448.5396493262443,448.1041797049156,448.5022272109594,1769032
2025-09-30 16:09:23.325725,448.9250890649218,449.5758711742875,448.58352591287024,448.9250890649218,2672992
2025-09-30 17:09:23.325725,448.4292755062467,448.8426644343648,448.40233118721335,448.4292755062467,4418555
2025-09-30 18:09:23.325725,448.99692581920857,449.4476995929267,448.8225749225148,448.99692581920857,1547952
2025-09-30 19:09:23.325725,449.17914944428895,449.27224960701597,448.6178978957633,449.17914944428895,4772380
2025-09-30 20:09:23.325725,447.81746813958966,447.84852174503106,447.2206271398567,447.81746813958966,2823948
2025-09-30 21:09:23.325725,449.2034678619746,449.52767487381993,449.0464985043814,449.2034678619746,1164244
2025-09-30 22:09:23.325725,450.81689681919545,450.8966106560662,450.4686097733017,450.81689681919545,1476857
2025-09-30 23:09:23.325725,450.26438582749535,450.5105364000261,450.09366668135755,450.26438582749535,2112916
2025-10-01 00:09:23.325725,449.91524941795745,450.0374711946755,449.36175370096004,449.91524941795745,2660100
2025-10-01 01:09:23.325725,450.1724798150934,450.9258218924349,449.9037384200543,450.1724798150934,1011017
2025-10-01 02:09:23.325725,450.4736063001723,451.0774486242773,449.3968372716033,450.4736063001723,2871621
2025-10-01 03:09:23.325725,451.0669199270109,451.65311803274676,450.8809807852227,451.0669199270109,4931895
2025-10-01 04:09:23.325725,452.88039346646013,453.25616301034114,452.4666991232828,452.88039346646013,4100786
2025-10-01 05:09:23.325725,452.72012160643953,453.08745715326,452.4767257313968,452.72012160643953,4091576
2025-10-01 06:09:23.325725,451.99731115518847,452.51632307420294,451.8037721225044,451.99731115518847,3651788
2025-10-01 07:09:23.325725,450.75041399061405,451.1194783525028,450.62420689387955,450.75041399061405,4555392
2025-10-01 08:09:23.325725,450.0914799544101,450.7836900076375,449.5157991174377,450.0914799544101,3368787
2025-10-01 09:09:23.325725,450.0616596179158,450.5668739964096,449.8297454003338,450.0616596179158,1209720
2025-10-01 10:09:23.325725,451.6769829985862,452.0913979046746,451.3001571076592,451.6769829985862,3218222
2025-10-01 11:09:23.325725,451.2093967787569,451.66857519533636,450.22391180918186,451.2093967787569,2800493
2025-10-01 12:09:23.325725,451.4113472320876,451.5339032961146,451.1538138045587,451.4113472320876,4990919
2025-10-01 13:09:23.325725,451.39652026880435,451.64545474045826,451.13441764553147,451.39652026880435,4015624
2025-10-01 14:09:23.325725,452.46939344549503,452.6234996416539,452.1927603334476,452.46939344549503,3359664
2025-10-01 15:09:23.325725,454.75611260952064,454.9337839677343,454.71384566343147,454.75611260952064,3132162
2025-10-01 16:09:23.325725,454.2732809705626,454.8758618164065,454.16448164664706,454.2732809705626,4705867
2025-10-01 17:09:23.325725,453.8286024477843,454.30390517889913,453.3217513362691,453.8286024477843,2695625
2025-10-01 18:09:23.325725,454.7763425909261,455.3082444500134,454.69156492705014,454.7763425909261,1778928
2025-10-01 19:09:23.325725,455.3965588263183,455.5010225817935,455.06337625009127,455.3965588263183,2962160
2025-10-01 20:09:23.325725,457.0785271489174,457.09839952910323,456.214447304884,457.0785271489174,2734872
2025-10-01 21:09:23.325725,457.6123292187364,458.3129828892652,457.58976511829957,457.6123292187364,2651722
2025-10-01 22:09:23.325725,457.28349623766655,457.5186564504552,456.9319185425933,457.28349623766655,3688445
2025-10-01 23:09:23.325725,457.8236896497639,458.085591098421,457.5452291459827,457.8236896497639,1037493
2025-10-02 00:09:23.325725,458.83887117774464,458.867406833782,458.67225961300335,458.83887117774464,3822307
2025-10-02 01:09:23.325725,459.59180941342873,460.1085530085117,459.44882580967266,459.59180941342873,4837478
2025-10-02 02:09:23.325725,460.05808739307884,460.211782325005,459.1887389539134,460.05808739307884,3631732
2025-10-02 03:09:23.325725,461.03955202820487,461.29985769135135,460.11043049406453,461.03955202820487,3780877
2025-10-02 04:09:23.325725,462.1177350586201,462.58894003333654,461.52130536357265,462.1177350586201,3620390
2025-10-02 05:09:23.325725,463.39517542347846,463.4060893765644,463.2111170302756,463.39517542347846,4031863
2025-10-02 06:09:23.325725,463.9963934877956,464.0772932346518,463.48494430357334,463.9963934877956,2150311
2025-10-02 07:09:23.325725,463.8413091146884,463.9458162362017,463.6800956807437,463.8413091146884,2595776
2025-10-02 08:09:23.325725,463.977412851449,464.148864999868,463.93718707717454,463.977412851449,3068535
2025-10-02 09:09:23.325725,465.0969986691742,465.1581461788283,464.9315781086776,465.0969986691742,4117173
2025-10-02 10:09:23.325725,464.3370900118103,464.7206543516099,464.24813352114944,464.3370900118103,4226499
2025-10-02 11:09:23.325725,464.67946739462445,464.88242276776134,464.44422760134046,464.67946739462445,4857660
2025-10-02 12:09:23.325725,464.31391445498866,465.05987055750643,463.64191028029103,464.31391445498866,1631581
2025-10-02 13:09:23.325725,464.340607697503,465.15301055079954,464.07681430999867,464.340607697503,4244811
2025-10-02 14:09:23.325725,465.5278819270932,466.1709873183255,465.03923802593255,465.5278819270932,2686519
2025-10-02 15:09:23.325725,465.70580581584034,466.3076200555902,465.0712523845432,465.70580581584034,4124002
2025-10-02 16:09:23.325725,465.7490573559971,466.0702881161411,464.9849426695679,465.7490573559971,4033932
2025-10-02 17:09:23.325725,464.4823539243947,464.715976829785,463.01827919264525,464.4823539243947,1621747
2025-10-02 18:09:23.325725,465.1755971503403,465.2981649730734,464.6529751425332,465.1755971503403,3495902
2025-10-02 19:09:23.325725,465.7761241291671,465.9131667036043,465.6629954864613,465.7761241291671,3844517
2025-10-02 20:09:23.325725,467.7913089302178,467.9009628619512,466.8173212525311,467.7913089302178,2281258
2025-10-02 21:09:23.325725,467.50335696344,467.86977004317436,467.24475787593127,467.50335696344,1428886
2025-10-02 22:09:23.325725,467.7082639911651,468.0312357479586,467.4518661813901,467.7082639911651,4076803
2025-10-02 23:09:23.325725,467.94154161071725,468.3702658680588,467.0414814202822,467.94154161071725,1229171
2025-10-03 00:09:23.325725,469.41785344982003,469.80832564525946,469.0542353533438,469.41785344982003,4519567
2025-10-03 01:09:23.325725,469.32838660130716,469.3599152797907,468.53560505142366,469.32838660130716,1167558
2025-10-03 02:09:23.325725,469.5902920463408,469.9264059886624,469.3689911687134,469.5902920463408,1983061
2025-10-03 03:09:23.325725,470.16121664540424,470.4818910744352,469.23241891142067,470.16121664540424,1296412
2025-10-03 04:09:23.325725,470.3366893901649,471.03619582317384,469.98341975932914,470.3366893901649,3204490
2025-10-03 05:09:23.325725,469.9167411735645,470.18931790245625,468.94632407821496,469.9167411735645,3571703
2025-10-03 06:09:23.325725,470.09915344747884,470.21169730051207,470.08577556265544,470.09915344747884,3385632
2025-10-03 07:09:23.325725,471.10858020092564,471.343986143788,470.1297052245485,471.10858020092564,3887225
2025-10-03 08:09:23.325725,470.1413798704055,470.3632876693574,469.9907946186112,470.1413798704055,4232860
2025-10-03 09:09:23.325725,470.2664089625742,470.3021281736589,469.49358341867645,470.2664089625742,2343679
2025-10-03 10:09:23.325725,469.6079223596114,469.95669190707025,469.4385592526109,469.6079223596114,3241530
2025-10-03 11:09:23.325725,470.73032908867594,470.95733829687396,470.3238564598448,470.73032908867594,3274406
2025-10-03 12:09:23.325725,469.2963085427711,469.8771389487914,469.28166486059837,469.2963085427711,3695563
2025-10-03 13:09:23.325725,468.7717086233942,469.1791443967583,468.76326282350186,468.7717086233942,2498118
2025-10-03 14:09:23.325725,469.1253611337683,469.5416117682318,468.90363825209175,469.1253611337683,2800831
2025-10-03 15:09:23.325725,470.5942151849246,470.95341321008215,469.9509795461875,470.5942151849246,2594362
2025-10-03 16:09:23.325725,470.53233179990895,470.5501827780855,470.2535097387972,470.53233179990895,4740214
2025-10-03 17:09:23.325725,470.00985314409064,470.33102450365084,468.7387624304769,470.00985314409064,3068710
2025-10-03 18:09:23.325725,471.7781778599881,471.87692755239016,471.48101207361174,471.7781778599881,4646313
2025-10-03 19:09:23.325725,470.41189514107947,470.9166367779739,470.18220531750404,470.41189514107947,3124349
2025-10-03 20:09:23.325725,468.3432061868772,469.4503098100242,468.0465918705908,468.3432061868772,3773231
2025-10-03 21:09:23.325725,468.7553617434903,469.12379691054343,468.74475340995724,468.7553617434903,2007705
2025-10-03 22:09:23.325725,468.2846805243878,468.93140255516556,467.6264768787558,468.2846805243878,3205927
2025-10-03 23:09:23.325725,467.32822515736564,467.47020816241945,466.8679100680854,467.32822515736564,4957192
2025-10-06 00:09:23.325725,467.990295079956,468.32797932964866,467.8973147636614,467.990295079956,1846056
2025-10-06 01:09:23.325725,468.21848781591297,468.3265837203621,468.18146702466953,468.21848781591297,3961761
2025-10-06 02:09:23.325725,467.69026372892733,468.36993959182286,467.41941302136,467.69026372892733,3925548
2025-10-06 03:09:23.325725,466.49269192519193,467.11714174813153,466.2683864763539,466.49269192519193,3782540
2025-10-06 04:09:23.325725,467.3066818605104,467.63048736303864,466.98135790374045,467.3066818605104,4256758
2025-10-06 05:09:23.325725,467.91436857053776,468.1978595539248,467.67213277719,467.91436857053776,1316790
2025-10-06 06:09:23.325725,467.8215569471822,468.62591899624465,467.7803459642471,467.8215569471822,2916195
2025-10-06 07:09:23.325725,469.5493501363968,470.4849344256137,468.53045782162644,469.5493501363968,4547480
2025-10-06 08:09:23.325725,468.54443492315824,468.9036476008613,467.8773763465495,468.54443492315824,4787415
2025-10-06 09:09:23.325725,467.11488226481424,467.371588581652,466.24985896528176,467.11488226481424,4202475
2025-10-06 10:09:23.325725,466.46848115161293,466.86945180766867,466.1029612708282,466.46848115161293,1045712
2025-10-06 11:09:23.325725,466.4259522719907,466.6065200539725,466.10941553587384,466.4259522719907,3496641
2025-10-06 12:09:23.325725,466.652951940742,466.67414321964134,466.50444545900257,466.652951940742,1333964
2025-10-06 13:09:23.325725,466.42780490371564,466.4396467689792,466.06345184897737,466.42780490371564,3222494
2025-10-06 14:09:23.325725,466.756221755317,467.6522411447089,466.6349584232008,466.756221755317,2664092
2025-10-06 15:09:23.325725,465.5878941292911,465.59433681635466,464.84363413599476,465.5878941292911,1336497
2025-10-06 16:09:23.325725,466.93229277254886,467.2543489434815,466.5577530922682,466.93229277254886,1487707
2025-10-06 17:09:23.325725,466.85557469638724,467.0857918350346,466.4530408432285,466.85557469638724,1092091
2025-10-06 18:09:23.325725,467.89880627151115,468.57427996262953,467.23615532269633,467.89880627151115,2396634
2025-10-06 19:09:23.325725,468.21952783240937,468.80784889716705,467.6805351734181,468.21952783240937,2230478
2025-10-06 20:09:23.325725,468.6472493856256,469.0283557595812,467.3167229810684,468.6472493856256,1893150
2025-10-06 21:09:23.325725,469.1812891229671,469.3121733102377,468.8015427859401,469.1812891229671,3507495
2025-10-06 22:09:23.325725,469.6014020816477,469.7327778490199,469.15213292394503,469.6014020816477,4391950
2025-10-06 23:09:23.325725,470.20504910001483,470.57668595620515,469.9619782381953,470.20504910001483,3311712
2025-10-07 00:09:23.325725,471.4549975613995,471.61531644365124,471.3505640265546,471.4549975613995,1535827
2025-10-07 01:09:23.325725,471.6402993365643,471.9094234213783,471.6297816240762,471.6402993365643,4847849
2025-10-07 02:09:23.325725,472.3090888254839,472.76637124031504,471.98372192256505,472.3090888254839,4978379
2025-10-07 03:09:23.325725,472.22432285747607,472.3807747343818,472.1276307328848,472.22432285747607,1932196
2025-10-07 04:09:23.325725,473.58443961127807,473.8743854020994,473.2217315754798,473.58443961127807,3049736
2025-10-07 05:09:23.325725,472.9437818726218,473.45699706655313,472.1795582643059,472.9437818726218,2324054
2025-10-07 06:09:23.325725,474.6472690311581,475.0390478850422,474.5050420744546,474.6472690311581,4940063
2025-10-07 07:09:23.325725,474.6091473079517,476.0088144984781,474.1666051889277,474.6091473079517,1421743
2025-10-07 08:09:23.325725,473.2510294055403,473.84007529840403,473.0545827664818,473.2510294055403,4030285
2025-10-07 09:09:23.325725,473.3722804979961,474.0118416518503,473.0405882512902,473.3722804979961,2563482
2025-10-07 10:09:23.325725,472.72749854552444,473.3526607873474,471.3969339907189,472.72749854552444,2630872
2025-10-07 11:09:23.325725,473.5222891896882,473.75046351031597,473.4728805514926,473.5222891896882,2525068
2025-10-07 12:09:23.325725,472.9042251883695,473.1630290233463,472.7182286226256,472.9042251883695,2410038
2025-10-07 13:09:23.325725,472.48222112681685,472.7415589804682,472.13350227661016,472.48222112681685,1419924
2025-10-07 14:09:23.325725,470.6966723238834,470.81667916749876,470.6113580047918,470.6966723238834,2714796
2025-10-07 15:09:23.325725,470.27087416520015,470.32987164971945,470.05442182576627,470.27087416520015,2983518
2025-10-07 16:09:23.325725,467.9911144655906,468.1445591695123,467.8999299816225,467.9911144655906,3164452
2025-10-07 17:09:23.325725,466.50860957045404,466.5486793973917,466.03291292467117,466.50860957045404,1391407
2025-10-07 18:09:23.325725,467.2180895383238,468.25498681859057,467.12167358577136,467.2180895383238,1807274
2025-10-07 19:09:23.325725,467.9523696360913,468.05990491776043,467.2681315816961,467.9523696360913,4337013
2025-10-07 20:09:23.325725,468.350557384525,468.74931406257167,468.14043857415203,468.350557384525,4974532
2025-10-07 21:09:23.325725,467.44478975330077,467.5266914181748,466.9951138539597,467.44478975330077,4522188
2025-10-07 22:09:23.325725,467.4001849036195,468.79549551342154,467.28940546501127,467.4001849036195,4244699
2025-10-07 23:09:23.325725,467.39681724874544,467.56857700958545,467.04631626358474,467.39681724874544,4083562
2025-10-08 00:09:23.325725,466.31398531086154,466.4601885883339,466.18375881225364,466.31398531086154,3135896
2025-10-08 01:09:23.325725,467.7160966180748,468.14723801843627,467.27134036335326,467.7160966180748,1378226
2025-10-08 02:09:23.325725,468.5368095498107,468.7629665924921,468.38757073444765,468.5368095498107,3416738
2025-10-08 03:09:23.325725,468.3297498517488,468.5264925993761,467.86530880143096,468.3297498517488,2964078
2025-10-08 04:09:23.325725,468.35493272825056,468.6391541970122,468.0585201296818,468.35493272825056,3707430
2025-10-08 05:09:23.325725,468.55012696024653,469.51372070864676,468.46141715782755,468.55012696024653,2956678
2025-10-08 06:09:23.325725,466.6368166966078,467.1645308761073,466.49811157509646,466.6368166966078,3466213
2025-10-08 07:09:23.325725,466.4061325627302,466.6270374679335,465.8514672479755,466.4061325627302,3332127
2025-10-08 08:09:23.325725,465.7699692915755,466.2014498020393,465.2790543712979,465.7699692915755,3625090
2025-10-08 09:09:23.325725,464.83692024907435,465.09514303675957,464.57103061230606,464.83692024907435,3666557
2025-10-08 10:09:23.325725,464.5755886602219,465.0023879870898,464.2481890324024,464.5755886602219,2926252
2025-10-08 11:09:23.325725,466.24591121309726,466.4405067834167,465.5290185886094,466.24591121309726,3074278
2025-10-08 12:09:23.325725,466.8434919406889,466.98125274668826,466.77584418099235,466.8434919406889,3018852
2025-10-08 13:09:23.325725,466.3101895524622,466.76522283182834,466.1022414547218,466.3101895524622,1789622
2025-10-08 14:09:23.325725,466.84419192307956,467.27296704578004,466.79137295783283,466.84419192307956,3145265
2025-10-08 15:09:23.325725,468.15075383909186,468.7339373679457,467.9807605004404,468.15075383909186,1139861
2025-10-08 16:09:23.325725,469.0164897504531,469.0422547543618,468.07495938030104,469.0164897504531,2080701
2025-10-08 17:09:23.325725,469.0724250040181,469.4052693472193,468.8902621639263,469.0724250040181,2278343
2025-10-08 18:09:23.325725,468.46550459773283,469.05507073575103,468.3223325866515,468.46550459773283,3489296
2025-10-08 19:09:23.325725,469.1196916716006,469.22149864338314,468.8224288070343,469.1196916716006,4032115
2025-10-08 20:09:23.325725,469.4888751569732,469.63370439433066,469.16107817710514,469.4888751569732,1690778
2025-10-08 21:09:23.325725,470.3294416728112,471.47079788293235,469.5399115509336,470.3294416728112,1178157
2025-10-08 22:09:23.325725,470.92692167051393,471.13081410827806,470.026678670655,470.92692167051393,4688784
2025-10-08 23:09:23.325725,471.9154469292265,472.56556590779246,471.29668673350193,471.9154469292265,2753897
2025-10-09 00:09:23.325725,471.4102754010748,471.6765156699204,471.3045291332354,471.4102754010748,3440395
2025-10-09 01:09:23.325725,472.6523415996597,473.13510080591516,472.2460567969428,472.6523415996597,3350959
2025-10-09 02:09:23.325725,472.8391334313737,473.8266309023185,472.8014001668048,472.8391334313737,4828973
2025-10-09 03:09:23.325725,474.80166253668597,475.554690050092,474.2605996736282,474.80166253668597,1611709
2025-10-09 04:09:23.325725,474.147207493028,475.03856839053975,473.9635408992463,474.147207493028,2765018
2025-10-09 05:09:23.325725,475.79341227218754,476.68360517722016,475.27069591130027,475.79341227218754,2841903
2025-10-09 06:09:23.325725,475.98174156616585,476.1671908008497,475.30560746160836,475.98174156616585,2229959
2025-10-09 07:09:23.325725,475.3616154144699,475.7743684501473,475.3076710713251,475.3616154144699,1744854
2025-10-09 08:09:23.325725,474.9015739109654,475.1554701054235,474.79635544312794,474.9015739109654,4343867
2025-10-09 09:09:23.325725,474.59730702924617,475.848225808192,474.0112970959913,474.59730702924617,3168169
2025-10-09 10:09:23.325725,474.9999230610379,475.00152642641183,474.50974440044064,474.9999230610379,4956092
2025-10-09 11:09:23.325725,475.49661669421874,475.6524945527863,475.2134627871191,475.49661669421874,3642800
2025-10-09 12:09:23.325725,474.9510318724782,475.3900149289806,474.6708607492,474.9510318724782,4987007
2025-10-09 13:09:23.325725,474.92789739502786,475.40942486782745,474.8651264808516,474.92789739502786,3599546
2025-10-09 14:09:23.325725,476.96274530916224,477.003614892903,476.92827093540444,476.96274530916224,2663229
2025-10-09 15:09:23.325725,478.6106927752649,479.0536108966545,477.8926705508412,478.6106927752649,2658332
2025-10-09 16:09:23.325725,479.0283511228988,479.15068718228304,478.6552660984831,479.0283511228988,1257137
2025-10-09 17:09:23.325725,479.0647606098665,479.4936894814523,478.4175091980961,479.0647606098665,2349651
2025-10-09 18:09:23.325725,479.17976616746637,479.37531983214797,478.7551212809406,479.17976616746637,2104399
2025-10-09 19:09:23.325725,479.7677369648914,480.2454970632847,479.73768451663267,479.7677369648914,1824464
2025-10-09 20:09:23.325725,478.78633121611193,479.0980863484565,478.669927027378,478.78633121611193,1771279
2025-10-09 21:09:23.325725,478.53987447992387,478.9506775695359,478.39906770820994,478.53987447992387,4882514
2025-10-09 22:09:23.325725,476.94290645337867,477.05480706992796,476.29589363049547,476.94290645337867,2067383
2025-10-09 23:09:23.325725,477.3237197262162,477.3419716282054,477.2280866885268,477.3237197262162,1663431
2025-10-10 00:09:23.325725,477.94156367287746,478.63390571871054,477.8307567008373,477.94156367287746,1577701
2025-10-10 01:09:23.325725,477.4796938862036,477.62278340035874,476.9324877637943,477.4796938862036,3778661
2025-10-10 02:09:23.325725,478.9827873220369,479.00683446944396,478.6104397614408,478.9827873220369,2588404
2025-10-10 03:09:23.325725,477.8085460142999,479.0607833505293,477.0637432205126,477.8085460142999,2805148
2025-10-10 04:09:23.325725,476.40916434963407,476.9389156311675,475.6800385083489,476.40916434963407,2118824
2025-10-10 05:09:23.325725,476.62302615626794,477.3208867426313,475.8463011921852,476.62302615626794,1252515
2025-10-10 06:09:23.325725,477.6211684796162,478.0972893318081,477.4431707317452,477.6211684796162,4892825
2025-10-10 07:09:23.325725,479.22972750287477,479.36421681052593,479.1134190480892,479.22972750287477,2159070
2025-10-10 08:09:23.325725,478.7899055423747,479.63191527788734,477.8849877510399,478.7899055423747,3871083
2025-10-10 09:09:23.325725,479.8228285310726,480.00137323145077,479.6046076433795,479.8228285310726,1609723
2025-10-10 10:09:23.325725,479.78587404555617,479.9725871303926,479.2869895602292,479.78587404555617,1544075
2025-10-10 11:09:23.325725,479.6202257655837,479.64570350517675,479.32878628823005,479.6202257655837,1283126
2025-10-10 12:09:23.325725,480.4678681230184,481.05575365545576,480.4018946160159,480.4678681230184,3347920
2025-10-10 13:09:23.325725,481.0947084884567,481.62221403486353,480.63392001089915,481.0947084884567,3644046
2025-10-10 14:09:23.325725,479.57792063800105,479.8779816505289,479.47835865441886,479.57792063800105,4928648
2025-10-10 15:09:23.325725,480.9941529393203,481.62870312620396,480.8461622680384,480.9941529393203,2976230
2025-10-10 16:09:23.325725,482.3217846830543,482.41968666633915,481.7933918162714,482.3217846830543,1772783
2025-10-10 17:09:23.325725,481.7183396458079,482.1037328947021,481.29406424812817,481.7183396458079,4379595
2025-10-10 18:09:23.325725,482.09967128771467,482.1302964642555,481.2325065476305,482.09967128771467,3209375
2025-10-10 19:09:23.325725,482.5760148685409,483.17317283222314,482.2212244830576,482.5760148685409,2619800
2025-10-10 20:09:23.325725,482.82760468272505,483.0484025454681,482.02794161952846,482.82760468272505,4763302
2025-10-10 21:09:23.325725,482.29619964417356,482.31685319823606,482.1789721516724,482.29619964417356,1926097
2025-10-10 22:09:23.325725,481.648356848276,481.67630340315634,481.6472548675919,481.648356848276,2983438
2025-10-10 23:09:23.325725,481.6237406956684,482.0323651508778,481.10822742328816,481.6237406956684,1999647
2025-10-13 00:09:23.325725,482.7533689698245,483.838062365508,482.1393586181664,482.7533689698245,4707397
2025-10-13 01:09:23.325725,483.27821858183046,483.57142361949775,483.2246652851023,483.27821858183046,1383609
2025-10-13 02:09:23.325725,482.9199989134475,483.0220320338935,482.7325085784627,482.9199989134475,4105003
2025-10-13 03:09:23.325725,483.66533639446305,484.24577298662314,483.63828961191723,483.66533639446305,2863082
2025-10-13 04:09:23.325725,480.90985374478106,481.146414478868,480.747326639307,480.90985374478106,3510963
2025-10-13 05:09:23.325725,482.01475923468706,482.919285335481,481.5851377026556,482.01475923468706,3665634
2025-10-13 06:09:23.325725,480.3376237982571,480.635294521653,480.3355920378388,480.3376237982571,2753313
2025-10-13 07:09:23.325725,479.9894357571355,480.2944029916492,479.6923768721495,479.9894357571355,3386149
2025-10-13 08:09:23.325725,478.91457631522377,479.4843250192183,478.12994195819135,478.91457631522377,4481591
2025-10-13 09:09:23.325725,477.67449265440763,477.97272652168,477.4923507788248,477.67449265440763,3248885
2025-10-13 10:09:23.325725,478.78348734784896,478.8718350420915,478.6342731066091,478.78348734784896,2572088
2025-10-13 11:09:23.325725,478.33563212344717,478.62490304483237,477.6090829537886,478.33563212344717,3803005
2025-10-13 12:09:23.325725,478.66712243004895,479.7228543879299,477.407878405563,478.66712243004895,3740164
2025-10-13 13:09:23.325725,478.62220375309926,479.0515595531658,478.4363185056909,478.62220375309926,2286353
2025-10-13 14:09:23.325725,479.0788484171107,479.68961408376225,479.0334201335866,479.0788484171107,3264719
2025-10-13 15:09:23.325725,479.15245590331546,479.4646342655408,478.90579652037354,479.15245590331546,2062279
2025-10-13 16:09:23.325725,477.9229581530658,478.4666842541236,477.80656947748145,477.9229581530658,1970584
2025-10-13 17:09:23.325725,478.8752357239856,478.97172502980106,478.84630987392785,478.8752357239856,4045471
2025-10-13 18:09:23.325725,478.40234012368234,478.40545993614876,477.8628074126338,478.40234012368234,4044221
2025-10-13 19:09:23.325725,476.91299527785634,477.19856810373795,476.871927885749,476.91299527785634,1903923
2025-10-13 20:09:23.325725,476.5046479103761,476.8231152596369,476.1487354934076,476.5046479103761,4204181
2025-10-13 21:09:23.325725,477.93488594164467,478.2857732124252,477.4616509531644,477.93488594164467,2661342
2025-10-13 22:09:23.325725,478.74758720432885,478.7868423791233,478.64363622609125,478.74758720432885,4647466
2025-10-13 23:09:23.325725,478.41375446808604,478.6325237033027,478.1618520763852,478.41375446808604,1819593
2025-10-14 00:09:23.325725,478.07957508888626,478.7755740060631,477.8513347813267,478.07957508888626,4332791
2025-10-14 01:09:23.325725,477.7720407916468,478.10863431892994,477.46157167440145,477.7720407916468,3473592
2025-10-14 02:09:23.325725,479.7564650362784,480.135020083327,479.7160847836962,479.7564650362784,3335563
2025-10-14 03:09:23.325725,480.1229370411477,480.16318412795135,480.1167777151312,480.1229370411477,2451508
2025-10-14 04:09:23.325725,480.53588275854645,481.2136589889817,480.30530865053504,480.53588275854645,2024603
2025-10-14 05:09:23.325725,481.5260590966959,481.72337056099866,481.3966991658116,481.5260590966959,3916933
2025-10-14 06:09:23.325725,481.75602550209805,482.1708597913112,480.8713481112769,481.75602550209805,3668538
2025-10-14 07:09:23.325725,481.50643527288184,482.18216694456584,481.298051862916,481.50643527288184,4516307
2025-10-14 08:09:23.325725,481.3173478410833,481.65326079327133,480.9352692418104,481.3173478410833,4197718
2025-10-14 09:09:23.325725,481.24842198451677,481.4616362205545,481.1053102156451,481.24842198451677,3079368
2025-10-14 10:09:23.325725,481.21259569935063,481.4433337548124,481.0940329026893,481.21259569935063,2379641
2025-10-14 11:09:23.325725,481.91288470215284,482.0558082786437,481.43753715478925,481.91288470215284,1691898
2025-10-14 12:09:23.325725,481.9629514855084,482.18618939651884,481.61980676752006,481.9629514855084,1624860
2025-10-14 13:09:23.325725,482.66916223349125,482.76438912605863,481.92449869665086,482.66916223349125,2016783
2025-10-14 14:09:23.325725,482.5912434252925,482.7414782650984,482.5137242535879,482.5912434252925,4906997
2025-10-14 15:09:23.325725,482.66714073383577,483.48765429919195,482.4334458771687,482.66714073383577,2317933
2025-10-14 16:09:23.325725,480.73820911180474,481.2533408477961,480.2736975864857,480.73820911180474,4270421
2025-10-14 17:09:23.325725,481.61923656239685,481.7110503303236,481.5347709243575,481.61923656239685,3272447
2025-10-14 18:09:23.325725,481.9529875928762,482.4066550395298,481.71610497776686,481.9529875928762,2926663
2025-10-14 19:09:23.325725,482.9149755010657,483.413596756642,482.91048991558375,482.9149755010657,1785786
2025-10-14 20:09:23.325725,480.11768531105525,480.3087371251984,479.97029826900285,480.11768531105525,3427667
2025-10-14 21:09:23.325725,482.1230165696982,482.99532480493025,481.24873097981924,482.1230165696982,2116850
2025-10-14 22:09:23.325725,481.98841782448216,482.09351342061547,481.82315418449457,481.98841782448216,3363430
2025-10-14 23:09:23.325725,483.05668038948136,483.46613562122565,482.92222222203895,483.05668038948136,2926436
2025-10-15 00:09:23.325725,482.05201337933215,482.3663541409807,481.8065460526516,482.05201337933215,1563889
2025-10-15 01:09:23.325725,482.64279116869557,483.16869469918817,482.2343017511565,482.64279116869557,2908897
2025-10-15 02:09:23.325725,481.6259443133542,482.0039060084173,481.34423761244074,481.6259443133542,1277834
2025-10-15 03:09:23.325725,481.02509768389723,481.2033213782142,480.794802795264,481.02509768389723,2312629
2025-10-15 04:09:23.325725,482.8664919218249,483.54519313753667,482.6929131045325,482.8664919218249,4499111
2025-10-15 05:09:23.325725,482.6823436379692,482.6898823320038,481.5484862318613,482.6823436379692,2390752
2025-10-15 06:09:23.325725,482.89224565558993,483.3279483062435,482.54647383265973,482.89224565558993,1536350
2025-10-15 07:09:23.325725,483.73254357627945,484.171654782249,483.53100835747586,483.73254357627945,1337530
2025-10-15 08:09:23.325725,484.21209849722675,484.9477541541064,484.1815335705847,484.21209849722675,4894325
2025-10-15 09:09:23.325725,484.3577678046532,484.6051739204647,484.16605955779244,484.3577678046532,2738667
2025-10-15 10:09:23.325725,484.71131119763373,485.2108452645864,484.5835651380039,484.71131119763373,2184801
2025-10-15 11:09:23.325725,487.04123663698107,487.36162919159176,486.4158290335362,487.04123663698107,4287281
2025-10-15 12:09:23.325725,486.98511117665953,487.4012522393658,485.8034943644318,486.98511117665953,4244998
2025-10-15 13:09:23.325725,487.18097565990354,487.7129450828543,486.01810883690985,487.18097565990354,4998585
2025-10-15 14:09:23.325725,488.20469332736025,488.6393163354916,487.9626032764663,488.20469332736025,3816112
2025-10-15 15:09:23.325725,489.28413922549066,489.36821748894664,488.74724764775635,489.28413922549066,3706421
2025-10-15 16:09:23.325725,490.44572942807196,490.71706912621437,489.6778640371835,490.44572942807196,1628758
2025-10-15 17:09:23.325725,491.07225444737367,491.64955634067405,489.5952896537714,491.07225444737367,2732141
2025-10-15 18:09:23.325725,489.9496584486957,490.3881976122068,489.66980929370567,489.9496584486957,1088887
2025-10-15 19:09:23.325725,491.5502568913962,491.84382457550146,491.4304871204917,491.5502568913962,4489414
2025-10-15 20:09:23.325725,490.423284146547,490.88837608929254,489.8886205592803,490.423284146547,1835544
2025-10-15 21:09:23.325725,490.72012310407047,490.9474277527519,490.2364989898808,490.72012310407047,3239164
2025-10-15 22:09:23.325725,489.9798464281186,490.649716400574,489.5046915492974,489.9798464281186,2894018
2025-10-15 23:09:23.325725,489.91699343369106,490.3325283938687,489.86284030328596,489.91699343369106,4877882
2025-10-16 00:09:23.325725,490.2391260169108,490.84335716953836,489.9320817633038,490.2391260169108,1286629
2025-10-16 01:09:23.325725,490.5542097777939,490.8251428372826,490.31184464244114,490.5542097777939,3710739
2025-10-16 02:09:23.325725,490.96815978215943,491.27532465035443,489.56662898260817,490.96815978215943,3614689
2025-10-16 03:09:23.325725,492.5527214865383,492.89591834196096,492.1306767684588,492.5527214865383,2940592
2025-10-16 04:09:23.325725,492.9995005955347,493.28643940244086,492.44435655516196,492.9995005955347,3491435
2025-10-16 05:09:23.325725,492.7587623970039,492.88709760436006,492.63244828157707,492.7587623970039,3904191
2025-10-16 06:09:23.325725,493.7088871967811,493.97491820997703,493.44324823667824,493.7088871967811,3337643
2025-10-16 07:09:23.325725,494.88339149966185,495.3825084622303,494.48855186398015,494.88339149966185,2634461
2025-10-16 08:09:23.325725,493.6683460616889,494.63723224083503,492.75045035285183,493.6683460616889,3354960
2025-10-16 09:09:23.325725,494.25818107052874,494.4309984669183,494.2356965361833,494.25818107052874,3014601
2025-10-16 10:09:23.325725,494.9513017989903,495.7258029677346,494.67495245947987,494.9513017989903,2816418
2025-10-16 11:09:23.325725,494.65674291227856,494.70390556342977,493.7383397385724,494.65674291227856,4947347
2025-10-16 12:09:23.325725,496.01774821522855,496.14842320614093,495.77878374308006,496.01774821522855,1758271
2025-10-16 13:09:23.325725,495.86888774645456,496.20565351913217,495.70799881919453,495.86888774645456,3887569
2025-10-16 14:09:23.325725,495.9934266590747,496.1432392413736,495.0987225713689,495.9934266590747,2746988
2025-10-16 15:09:23.325725,495.82174168470533,495.9850890599261,494.63575779344933,495.82174168470533,1150635
2025-10-16 16:09:23.325725,495.83719054571657,496.20007925957356,495.418319992584,495.83719054571657,1702682
2025-10-16 17:09:23.325725,494.7500426274138,494.91581260158586,494.7472916718944,494.7500426274138,2020346
2025-10-16 18:09:23.325725,493.3251121563154,493.4810798293515,492.743722251443,493.3251121563154,3813757
2025-10-16 19:09:23.325725,494.89833093461397,495.13057068157195,494.2186361371621,494.89833093461397,2886522
2025-10-16 20:09:23.325725,494.0600114193162,494.81867620004306,493.80314856232366,494.0600114193162,2329328
2025-10-16 21:09:23.325725,493.0803967883294,493.4535544509423,492.1589193459889,493.0803967883294,4119331
2025-10-16 22:09:23.325725,490.95680788501784,491.25750360905596,490.7507505592873,490.95680788501784,4081918
2025-10-16 23:09:23.325725,490.3294026450053,490.8279122761195,490.1937866005862,490.3294026450053,4106774
2025-10-17 00:09:23.325725,489.0319029889109,489.15126612743427,489.0277187924232,489.0319029889109,3809737
2025-10-17 01:09:23.325725,490.6378985859072,490.65718423090794,489.8671646088554,490.6378985859072,4612938
2025-10-17 02:09:23.325725,491.6288076552496,491.6949301489985,490.9623689491766,491.6288076552496,1252773
2025-10-17 03:09:23.325725,490.95217858787504,491.1160878658051,490.6522766988057,490.95217858787504,3376517
2025-10-17 04:09:23.325725,493.16385511940126,493.8697534796189,492.9150622118402,493.16385511940126,1834938
2025-10-17 05:09:23.325725,494.13219762417714,494.6667333946388,493.3598520473091,494.13219762417714,1807400
2025-10-17 06:09:23.325725,493.8111783333963,494.45916683953635,493.22874796666895,493.8111783333963,1389821
2025-10-17 07:09:23.325725,491.34270937100644,491.6483589254618,490.6375896400884,491.34270937100644,3310830
2025-10-17 08:09:23.325725,493.5939852322667,494.2499387255641,493.42255891137967,493.5939852322667,4566881
2025-10-17 09:09:23.325725,492.22221600898894,492.4126117562138,491.50688153369975,492.22221600898894,4601379
2025-10-17 10:09:23.325725,490.60241237409787,491.137650002547,490.56403222404214,490.60241237409787,3277732
2025-10-17 11:09:23.325725,491.6057634156305,492.595007164288,490.70027585482205,491.6057634156305,4931792
2025-10-17 12:09:23.325725,494.00455610415764,494.5102732840618,493.5638706455373,494.00455610415764,4665639
2025-10-17 13:09:23.325725,495.3722302626283,495.49573081767494,495.0800139895669,495.3722302626283,1172903
2025-10-17 14:09:23.325725,495.93092009955984,496.4492117880981,495.58441871340904,495.93092009955984,4581877
2025-10-17 15:09:23.325725,496.52083423535043,496.5927740631103,496.50831651436766,496.52083423535043,3537675
2025-10-17 16:09:23.325725,497.36831144574046,497.3802000620175,496.6008133383474,497.36831144574046,4849428
2025-10-17 17:09:23.325725,498.1232455081607,498.2982931077722,498.0414064664143,498.1232455081607,1102951
2025-10-17 18:09:23.325725,498.40338147759417,499.18259198228327,497.30877643706583,498.40338147759417,3991890
2025-10-17 19:09:23.325725,498.50724984272085,498.91524246617206,498.2614925190771,498.50724984272085,1305745
2025-10-17 20:09:23.325725,498.44484358662436,499.2086443774687,498.4161741592241,498.44484358662436,2779892
2025-10-17 21:09:23.325725,497.69322406348937,497.9420030508274,497.158032938794,497.69322406348937,3169330
2025-10-17 22:09:23.325725,497.41384389564917,498.1098781588443,497.30905448458486,497.41384389564917,3313535
2025-10-17 23:09:23.325725,495.7296435826526,495.91189823563064,495.62577125336605,495.7296435826526,2208402
2025-10-20 00:09:23.325725,495.6321438463706,496.67298448649217,495.0910993220167,495.6321438463706,4057966
2025-10-20 01:09:23.325725,494.65218878672124,494.9615976963504,494.53651534892094,494.65218878672124,3167045
2025-10-20 02:09:23.325725,493.5604030441564,493.99731825168783,493.0493491742202,493.5604030441564,1348943
2025-10-20 03:09:23.325725,493.73798030365356,494.030448936818,493.3251846652674,493.73798030365356,1513223
2025-10-20 04:09:23.325725,495.11254909852926,495.1737191132091,494.40726334129147,495.11254909852926,4980527
2025-10-20 05:09:23.325725,496.0218892498838,496.99119411206436,495.9764010545318,496.0218892498838,2323921
2025-10-20 06:09:23.325725,494.4638838969293,494.71395737658673,494.02491393624865,494.4638838969293,1920243
2025-10-20 07:09:23.325725,493.4852131528848,494.0077683891926,492.99289647475763,493.4852131528848,4421103
2025-10-20 08:09:23.325725,494.41372649334966,495.14628121757,494.27193148652145,494.41372649334966,4402410
2025-10-20 09:09:23.325725,493.44221598640564,494.41063935876775,493.06743927724983,493.44221598640564,3336038
2025-10-20 10:09:23.325725,493.2205290277685,493.22235180899247,493.0766276808176,493.2205290277685,3532863
2025-10-20 11:09:23.325725,493.763123002316,494.2625461494806,493.73358305884943,493.763123002316,4560112
2025-10-20 12:09:23.325725,492.80685743796505,493.4679459682265,492.5636275847106,492.80685743796505,3522992
2025-10-20 13:09:23.325725,492.9107169820345,493.2766954174428,492.76733070480986,492.9107169820345,2190283
2025-10-20 14:09:23.325725,491.59560605568964,491.8341802719496,490.6146114006751,491.59560605568964,2582828
2025-10-20 15:09:23.325725,491.0043466729087,491.60871140907665,490.4538111228426,491.0043466729087,1421001
2025-10-20 16:09:23.325725,491.3183753122116,492.14625379000455,490.8617391084852,491.3183753122116,4896134
2025-10-20 17:09:23.325725,489.75304112612895,490.028713739191,489.6883268298704,489.75304112612895,3835309
2025-10-20 18:09:23.325725,490.1844888110396,490.61576016015965,489.92776385011626,490.1844888110396,4885878
2025-10-20 19:09:23.325725,490.16523652218314,491.13922480198335,489.49931076866153,490.16523652218314,4878016
2025-10-20 20:09:23.325725,490.70685926054915,490.96741032217324,490.1770252415063,490.70685926054915,1012336
2025-10-20 21:09:23.325725,490.926611663491,491.09113971884193,489.93405690770857,490.926611663491,1863907
2025-10-20 22:09:23.325725,492.2659973417314,492.43451861725424,492.2161402877283,492.2659973417314,2469204
2025-10-20 23:09:23.325725,492.38928487110667,493.1545368092374,492.09462061876434,492.38928487110667,4227940
2025-10-21 00:09:23.325725,491.96641549647796,492.3865429965825,491.4908867164876,491.96641549647796,3958963
2025-10-21 01:09:23.325725,492.0867480248599,492.2908978398007,492.05322539010467,492.0867480248599,4191319
2025-10-21 02:09:23.325725,492.6214475454936,492.8496734118316,492.4421478064589,492.6214475454936,1848182
2025-10-21 03:09:23.325725,492.6695865826356,492.69102493644647,491.63833162273806,492.6695865826356,2925656
2025-10-21 04:09:23.325725,492.70958316608375,492.9845838536306,491.964663716635,492.70958316608375,3979718
2025-10-21 05:09:23.325725,492.0178271023131,493.26241575526495,491.44739096060476,492.0178271023131,1428670
2025-10-21 06:09:23.325725,491.365508964238,491.5112516393264,490.887360420436,491.365508964238,4768553
2025-10-21 07:09:23.325725,489.98712525773044,490.105369898882,489.60537984605406,489.98712525773044,1849104
2025-10-21 08:09:23.325725,491.7016654153544,492.26762095718664,491.6017339580122,491.7016654153544,1289372
2025-10-21 09:09:23.325725,490.4784461665728,490.66792942721094,490.2539869215235,490.4784461665728,1014429
2025-10-21 10:09:23.325725,489.7987360370614,489.89888578265635,489.7077860050758,489.7987360370614,2132870
2025-10-21 11:09:23.325725,489.09498609579015,489.9535804580493,488.3568776837723,489.09498609579015,4523449
2025-10-21 12:09:23.325725,489.97039214718706,490.7411252388058,489.6736630238979,489.97039214718706,2232663
2025-10-21 13:09:23.325725,489.6813589281142,489.9094552321963,489.4323028887471,489.6813589281142,1874506
2025-10-21 14:09:23.325725,490.90335099559155,490.9773977336561,490.69211070846114,490.90335099559155,4476808
2025-10-21 15:09:23.325725,490.2421133869807,490.2783655978244,489.51456631118214,490.2421133869807,4357707
2025-10-21 16:09:23.325725,490.5156627624031,490.7372088096945,490.41340583994497,490.5156627624031,1843810
2025-10-21 17:09:23.325725,489.69616113547045,489.7916641214745,489.10528975403884,489.69616113547045,1037310
2025-10-21 18:09:23.325725,491.7971037213379,492.1700246466207,491.0460469925708,491.7971037213379,3723267
2025-10-21 19:09:23.325725,490.62898879561243,491.18370145410967,490.1113313658149,490.62898879561243,1199899
2025-10-21 20:09:23.325725,490.9330028391457,491.23871233019673,490.8710138402346,490.9330028391457,1428472
2025-10-21 21:09:23.325725,491.55528681371777,491.8647354090476,491.0712745485397,491.55528681371777,1207500
2025-10-21 22:09:23.325725,491.96209708177986,492.3577899496181,491.5722055847506,491.96209708177986,1099862
2025-10-21 23:09:23.325725,491.77978807133013,492.2201057753191,491.57147085058057,491.77978807133013,2020498
2025-10-22 00:09:23.325725,491.65210167892576,491.96261819684344,490.98069301206635,491.65210167892576,3398185
2025-10-22 01:09:23.325725,491.6951816834781,491.8196618111911,491.2162106653209,491.6951816834781,2362148
2025-10-22 02:09:23.325725,491.550621331681,491.95386194078634,491.20485090212213,491.550621331681,3469798
2025-10-22 03:09:23.325725,492.4982120891794,492.51476621719974,491.8543348088912,492.4982120891794,3527575
2025-10-22 04:09:23.325725,494.67556934131085,494.9005185609271,493.885141033445,494.67556934131085,3671695
2025-10-22 05:09:23.325725,494.1240142090071,494.37919449770135,493.81270373706786,494.1240142090071,1367968
2025-10-22 06:09:23.325725,492.77030911511696,492.86712201416367,492.4096231758867,492.77030911511696,4368331
2025-10-22 07:09:23.325725,492.6833035706062,492.7847270750834,492.5862834836972,492.6833035706062,1791841
2025-10-22 08:09:23.325725,495.2252630080611,495.59498746608267,494.99519072146273,495.2252630080611,2091014
2025-10-22 09:09:23.325725,494.42926310946973,494.5166654286759,494.40733082190167,494.42926310946973,1241482
2025-10-22 10:09:23.325725,496.0501177380018,496.8183100274844,495.18415936039565,496.0501177380018,3862750
2025-10-22 11:09:23.325725,497.71456511070534,497.9590194843667,497.4683429013789,497.71456511070534,1785372
2025-10-22 12:09:23.325725,497.16350724876116,497.3051369481741,496.9728773437465,497.16350724876116,3061439
2025-10-22 13:09:23.325725,497.7292624951871,497.85677065446276,497.5255376902424,497.7292624951871,3891453
2025-10-22 14:09:23.325725,499.3502637957459,499.47085560904753,498.8479551254218,499.3502637957459,3591628
2025-10-22 15:09:23.325725,498.9716287207971,499.002447304198,498.4090401559262,498.9716287207971,1712222
2025-10-22 16:09:23.325725,498.76846707308545,499.0075973841124,498.20590163352244,498.76846707308545,3578305
2025-10-22 17:09:23.325725,498.18821887753376,498.62389298107377,498.111251953443,498.18821887753376,2860966
2025-10-22 18:09:23.325725,497.17713918101805,497.50018759764174,497.0098129271984,497.17713918101805,2255950
2025-10-22 19:09:23.325725,496.5315272762373,497.1289544345837,496.52165938971535,496.5315272762373,2800266
2025-10-22 20:09:23.325725,495.3160774163366,495.8322187671025,495.26294745329017,495.3160774163366,4827233
2025-10-22 21:09:23.325725,495.3498415959424,495.5911774857814,494.7453746564996,495.3498415959424,1337766
2025-10-22 22:09:23.325725,494.58702935986634,494.7610850790136,494.0545178286367,494.58702935986634,2550531
2025-10-22 23:09:23.325725,494.81828431910395,495.1992924515123,494.4409758574291,494.81828431910395,4696458
2025-10-23 00:09:23.325725,493.2785130906359,493.91785959156914,492.7673271409229,493.2785130906359,1081948
2025-10-23 01:09:23.325725,493.6049453085516,493.8300888046511,493.3109863194408,493.6049453085516,3351809
2025-10-23 02:09:23.325725,494.4278133435677,494.51751571063295,493.98256474329906,494.4278133435677,4433468
2025-10-23 03:09:23.325725,492.4562966352843,492.7493226424186,491.6193986847231,492.4562966352843,2648655
2025-10-23 04:09:23.325725,492.8247096615227,493.0994215158294,492.62669514402677,492.8247096615227,2615270
2025-10-23 05:09:23.325725,494.03476089107494,494.2387961713861,493.6981442169851,494.03476089107494,2089100
2025-10-23 06:09:23.325725,492.83955146820864,493.29626504708733,492.27096628174075,492.83955146820864,3251556
2025-10-23 07:09:23.325725,494.48817111806306,494.5037174159232,494.11496442981957,494.48817111806306,3207312
2025-10-23 08:09:23.325725,494.9025710052733,495.3224605176488,494.80387556188833,494.9025710052733,2195412
2025-10-23 09:09:23.325725,494.20474664526523,494.4879891310035,493.97096888087674,494.20474664526523,2731499
2025-10-23 10:09:23.325725,494.1496239594763,495.0321092149074,493.83061476284126,494.1496239594763,1480891
2025-10-23 11:09:23.325725,494.70141802721434,494.8793273361412,493.8796777060718,494.70141802721434,2216018
2025-10-23 12:09:23.325725,494.7766179770332,494.9255988479665,494.5276206224465,494.7766179770332,4937222
2025-10-23 13:09:23.325725,495.3097457127481,495.40080074028106,494.28772202199065,495.3097457127481,1568933
2025-10-23 14:09:23.325725,494.39770850620295,495.729138178605,494.2408111500449,494.39770850620295,1384903
2025-10-23 15:09:23.325725,494.5651717128313,494.7381706220468,494.09969594145224,494.5651717128313,4415116
2025-10-23 16:09:23.325725,493.16682380700183,493.6619902234552,493.0721862101056,493.16682380700183,4906497
2025-10-23 17:09:23.325725,493.05711780020204,493.1041871267248,492.09647359127473,493.05711780020204,1781608
2025-10-23 18:09:23.325725,492.1657616072856,493.0399692367983,491.6612379804746,492.1657616072856,2134077
2025-10-23 19:09:23.325725,491.44175629852634,491.48136638087794,491.12040332612685,491.44175629852634,2166026
2025-10-23 20:09:23.325725,492.6566919004744,493.067102541684,492.6432357811122,492.6566919004744,2768407
2025-10-23 21:09:23.325725,493.7319743681734,494.1839318162431,493.7085859376789,493.7319743681734,4911621
2025-10-23 22:09:23.325725,494.3334763023702,494.6051324566792,493.5513533628204,494.3334763023702,2327676
2025-10-23 23:09:23.325725,493.2535427700301,493.31113797167086,492.7896876728571,493.2535427700301,4055129
2025-10-24 00:09:23.325725,492.9414035924814,493.25469636688746,492.6649813239149,492.9414035924814,1931398
2025-10-24 01:09:23.325725,494.1373757583265,494.99660720216514,493.13120310258,494.1373757583265,3076664
2025-10-24 02:09:23.325725,494.2774310059398,494.4362140551058,494.2539560564628,494.2774310059398,2540710
2025-10-24 03:09:23.325725,496.57021549929647,497.4802087452917,496.4465338397223,496.57021549929647,4346386
2025-10-24 04:09:23.325725,496.960835347832,497.36543688763425,496.12947259718794,496.960835347832,2589573
2025-10-24 05:09:23.325725,497.15171712654944,497.3913774278138,496.95076200649214,497.15171712654944,3833770
2025-10-24 06:09:23.325725,496.84436156460873,497.0275645497754,496.48868422781123,496.84436156460873,3477724
2025-10-24 07:09:23.325725,496.97705965576733,497.1727678791352,496.8642287280206,496.97705965576733,4423082
2025-10-24 08:09:23.325725,496.8255116338261,497.78322854932196,496.66450629687364,496.8255116338261,3985665
2025-10-24 09:09:23.325725,497.52912454500245,497.6678771559444,497.2348648490223,497.52912454500245,3266898
2025-10-24 10:09:23.325725,498.4810990772524,498.90239435162226,498.1420220843473,498.4810990772524,2567043
2025-10-24 11:09:23.325725,497.6974972969781,497.72183330281797,497.54450330966847,497.6974972969781,1100025
2025-10-24 12:09:23.325725,496.37239467836815,497.06989212760374,495.96307992093875,496.37239467836815,4556677
2025-10-24 13:09:23.325725,494.549511362031,494.5754279574573,494.4127185886051,494.549511362031,2199728
2025-10-24 14:09:23.325725,495.05196508703256,495.89558587157046,494.4601400416179,495.05196508703256,2543992
2025-10-24 15:09:23.325725,493.95951747383697,494.5754315039847,493.6648068719343,493.95951747383697,3281636
2025-10-24 16:09:23.325725,491.8326358768994,491.8631314722608,490.80080084182407,491.8326358768994,2959484
2025-10-24 17:09:23.325725,492.2148671555231,492.6831846350355,491.95614379517866,492.2148671555231,1190043
2025-10-24 18:09:23.325725,494.669050008107,494.8503496876937,494.6530192616044,494.669050008107,3005789
2025-10-24 19:09:23.325725,494.66304382401876,495.50588612944375,494.33039005217046,494.66304382401876,3943430
2025-10-24 20:09:23.325725,495.492584621436,495.9506506632889,495.38195557787526,495.492584621436,4211208
2025-10-24 21:09:23.325725,495.5736763021653,496.3482028348263,494.7102770930127,495.5736763021653,1767128
2025-10-24 22:09:23.325725,495.47566208420494,495.61141898783086,495.2051116624106,495.47566208420494,1315104
2025-10-24 23:09:23.325725,496.38642214203367,496.50723464476226,495.8443080068472,496.38642214203367,3331774
2025-10-27 00:09:23.325725,496.09824545717623,496.24699466026925,496.0311043402438,496.09824545717623,1434368
2025-10-27 01:09:23.325725,496.3635511728958,497.30869517241456,495.86994374213367,496.3635511728958,4566194
2025-10-27 02:09:23.325725,496.68290930387184,497.4904953083624,496.3620490714275,496.68290930387184,2920773
2025-10-27 03:09:23.325725,496.01925108348473,497.1198087931985,494.84286238348636,496.01925108348473,4787281
2025-10-27 04:09:23.325725,497.0033952900052,497.08244129957865,495.98847973908136,497.0033952900052,2883145
2025-10-27 05:09:23.325725,496.82948410377173,496.9763590660044,496.6827803232069,496.82948410377173,3834523
2025-10-27 06:09:23.325725,496.07853114836223,496.830904956556,495.69332659530846,496.07853114836223,2167498
2025-10-27 07:09:23.325725,496.61083317865234,497.3442948145572,496.5328017518866,496.61083317865234,1516576
2025-10-27 08:09:23.325725,495.71845531260914,496.2973451879093,495.6311147659563,495.71845531260914,4791296
2025-10-27 09:09:23.325725,495.74639515220906,495.85386085650146,495.4158073046685,495.74639515220906,2488204
2025-10-27 10:09:23.325725,495.7373537327815,496.2813275840745,495.6392390478538,495.7373537327815,2354596
2025-10-27 11:09:23.325725,496.81399172125253,497.1065490000368,496.5121909891799,496.81399172125253,3978131
2025-10-27 12:09:23.325725,497.28566516913276,497.70202377407844,497.08458174662877,497.28566516913276,3826176
2025-10-27 13:09:23.325725,497.2607740734793,497.563046596143,496.9195143792033,497.2607740734793,3933811
2025-10-27 14:09:23.325725,498.07406027938237,498.3425833131286,497.360483873056,498.07406027938237,4833538
2025-10-27 15:09:23.325725,499.45891291652254,499.73275065282184,499.3860735916452,499.45891291652254,2133009
2025-10-27 16:09:23.325725,500.0161195749708,500.4327999638494,499.7234604219345,500.0161195749708,3170856
2025-10-27 17:09:23.325725,500.02647252857383,500.578933173617,499.769017100265,500.02647252857383,1531149
2025-10-27 18:09:23.325725,498.7145668409794,498.82455406322305,498.3056581737695,498.7145668409794,1238366
2025-10-27 19:09:23.325725,497.6521914427453,498.25831148397793,497.4907828264584,497.6521914427453,1324058
2025-10-27 20:09:23.325725,497.34839995673616,497.60363734749046,497.0834497825818,497.34839995673616,2112464
2025-10-27 21:09:23.325725,496.74212011974015,497.0987406716041,496.32502371153464,496.74212011974015,1865718
2025-10-27 22:09:23.325725,496.55636707684704,496.6708355472484,495.88228309902,496.55636707684704,3682733
2025-10-27 23:09:23.325725,496.6126268386512,497.198493273323,496.16534205746325,496.6126268386512,1213596
2025-10-28 00:09:23.325725,497.13873105896823,497.2352294803092,496.6593898589739,497.13873105896823,1068515
2025-10-28 01:09:23.325725,497.06863571283725,497.33268567752907,496.5317737210275,497.06863571283725,1416740
2025-10-28 02:09:23.325725,497.5522851295748,497.7930390630943,497.08319854997046,497.5522851295748,3366361
2025-10-28 03:09:23.325725,497.6164439144172,498.1649626141736,497.37395281525795,497.6164439144172,4838772
2025-10-28 04:09:23.325725,495.65039461877547,495.9881107290037,495.1190921580796,495.65039461877547,4758736
2025-10-28 05:09:23.325725,494.71923070152417,494.92137659444944,494.2842325998402,494.71923070152417,2213013
2025-10-28 06:09:23.325725,494.57666493208364,494.7288998191774,494.40425792029123,494.57666493208364,2893884
2025-10-28 07:09:23.325725,493.3800913490832,493.79383288692514,493.318332778173,493.3800913490832,1941208
2025-10-28 08:09:23.325725,493.9720771323002,494.41007274923413,493.553741020358,493.9720771323002,1188929
2025-10-28 09:09:23.325725,495.4843734687498,495.7493671015694,495.4272816620753,495.4843734687498,4282422
2025-10-28 10:09:23.325725,496.6921283737416,497.3025533152527,496.5009302711949,496.6921283737416,3967381
2025-10-28 11:09:23.325725,496.4800975860445,496.79650819848166,496.2115472719642,496.4800975860445,3338692
2025-10-28 12:09:23.325725,497.9603293018392,498.18858769568726,497.5240318148205,497.9603293018392,3060035
2025-10-28 13:09:23.325725,498.1083902937288,499.14795596246415,497.7754819445631,498.1083902937288,4114659
2025-10-28 14:09:23.325725,497.7725795928004,498.06358626866535,497.742177798321,497.7725795928004,2664005
2025-10-28 15:09:23.325725,497.1619095404807,497.17735085885505,496.63569317392415,497.1619095404807,4109363
2025-10-28 16:09:23.325725,496.8611567266556,497.31314308147233,495.6199672399303,496.8611567266556,3053780
2025-10-28 17:09:23.325725,496.4754167605059,496.94036915322846,496.3758934814561,496.4754167605059,3343628
2025-10-28 18:09:23.325725,496.6446316905591,496.9762808224321,496.34222211416755,496.6446316905591,4126389
2025-10-28 19:09:23.325725,496.8041281019143,496.94929065554817,496.6739322293215,496.8041281019143,4093988
2025-10-28 20:09:23.325725,496.8071546526873,496.9002210493057,495.8385984428699,496.8071546526873,2413110
2025-10-28 21:09:23.325725,497.241302670429,498.35424368456506,497.06684584277656,497.241302670429,2407576
2025-10-28 22:09:23.325725,498.4253796798179,499.48239045858213,497.3196988552526,498.4253796798179,2901209
2025-10-28 23:09:23.325725,499.3719434407856,499.6749948840587,498.68795313672337,499.3719434407856,3523062
2025-10-29 00:09:23.325725,497.88891067215343,498.11678774791284,497.34817613933217,497.88891067215343,1022995
2025-10-29 01:09:23.325725,495.3457726485556,496.706737557731,494.72391377764194,495.3457726485556,1878752
2025-10-29 02:09:23.325725,496.27139548522314,496.51939727710794,495.8019874372049,496.27139548522314,2653005
2025-10-29 03:09:23.325725,494.9147098869799,495.1751576922168,494.46899447392747,494.9147098869799,3049079
2025-10-29 04:09:23.325725,494.6922304796392,495.37903039180026,494.1318505654428,494.6922304796392,2712355
2025-10-29 05:09:23.325725,493.53453883409003,493.72456039637484,493.3616190309246,493.53453883409003,1441168
2025-10-29 06:09:23.325725,491.7558596655918,491.9441967430255,491.34065837285056,491.7558596655918,4137684
2025-10-29 07:09:23.325725,492.2883946043622,492.35793385508225,492.2379426044025,492.2883946043622,1689197
2025-10-29 08:09:23.325725,493.03584115460427,494.08628679111183,492.79778984723816,493.03584115460427,4216527
2025-10-29 09:09:23.325725,492.4673605738909,492.8456775542394,491.5901981907551,492.4673605738909,2752813
2025-10-29 10:09:23.325725,489.9153530563951,490.0208791114128,488.8226125293247,489.9153530563951,1499471
2025-10-29 11:09:23.325725,489.3801259729537,489.6288625438658,489.2691912068693,489.3801259729537,2880695
2025-10-29 12:09:23.325725,489.7636081599949,491.686536505593,489.48857761196183,489.7636081599949,1755027
2025-10-29 13:09:23.325725,488.31497402785016,489.3326775837725,488.04489198826866,488.31497402785016,2085852
2025-10-29 14:09:23.325725,488.4940488167795,489.33655286620206,488.1541234725954,488.4940488167795,2607387
2025-10-29 15:09:23.325725,488.479091276361,488.61950337942733,487.9058892594063,488.479091276361,4342855
2025-10-29 16:09:23.325725,489.04503484697955,489.1855516210458,488.9117482042238,489.04503484697955,3413911
2025-10-29 17:09:23.325725,489.1619952178558,489.18425807857415,488.9953872748152,489.1619952178558,1489858
2025-10-29 18:09:23.325725,488.2100185286435,488.41713495683223,487.96584368918,488.2100185286435,4648984
2025-10-29 19:09:23.325725,489.3783749186405,489.65723883103715,488.7143199946716,489.3783749186405,1010514
2025-10-29 20:09:23.325725,489.2232130289915,489.38441635132966,489.1140413745506,489.2232130289915,3144608
2025-10-29 21:09:23.325725,489.1964969998928,489.93869305764497,488.92651631573403,489.1964969998928,3104385
2025-10-29 22:09:23.325725,488.28339416721116,488.6498895107199,487.9512490522299,488.28339416721116,2311822
2025-10-29 23:09:23.325725,487.8504994428394,488.053540091128,486.9056536696263,487.8504994428394,4211861
2025-10-30 00:09:23.325725,486.9871965509466,487.53752585027405,486.61642628252304,486.9871965509466,3930299
2025-10-30 01:09:23.325725,486.81875151719333,487.03782621488955,486.3911964969504,486.81875151719333,4624137
2025-10-30 02:09:23.325725,488.4853350877219,489.09943404417623,488.4365417753264,488.4853350877219,1896977
2025-10-30 03:09:23.325725,487.14502790869784,487.40581373460293,486.9108355769698,487.14502790869784,1628373
2025-10-30 04:09:23.325725,485.57295108429577,485.7470064655166,484.8461889948336,485.57295108429577,1633389
2025-10-30 05:09:23.325725,487.00167211923315,487.3576490477526,486.7606231026526,487.00167211923315,4545200
2025-10-30 06:09:23.325725,486.79779015765894,487.16674483931394,486.55557296503883,486.79779015765894,2157260
2025-10-30 07:09:23.325725,486.1463838963902,486.47964100473604,485.5874750017455,486.1463838963902,2375520
2025-10-30 08:09:23.325725,487.15747570313926,488.0580393159305,487.01299603041303,487.15747570313926,4667844
2025-10-30 09:09:23.325725,486.56741542796965,486.6528391231735,485.95061750850755,486.56741542796965,3716377
2025-10-30 10:09:23.325725,488.34436908170346,488.6709028904664,488.2033703872374,488.34436908170346,4711564
2025-10-30 11:09:23.325725,489.00649164555017,489.05444730900444,488.4406541074084,489.00649164555017,3038170
2025-10-30 12:09:23.325725,488.52930795368786,489.1623792984781,487.8780356811148,488.52930795368786,4355000
2025-10-30 13:09:23.325725,490.6371245306267,490.98981038630257,489.87589502207436,490.6371245306267,4581311
2025-10-30 14:09:23.325725,490.0427520744114,490.4078365282438,489.7183183712905,490.0427520744114,2963853
2025-10-30 15:09:23.325725,490.77006899121363,490.8656205966612,490.18674124634447,490.77006899121363,4783831
2025-10-30 16:09:23.325725,491.06383667188294,491.09535716440274,490.155681803338,491.06383667188294,4366722
2025-10-30 17:09:23.325725,492.3423128157356,492.38748644613554,491.9272163864723,492.3423128157356,1987886
2025-10-30 18:09:23.325725,493.87990888390397,494.00448534790803,493.3056062731843,493.87990888390397,1127602
2025-10-30 19:09:23.325725,493.911521296353,493.9689281598602,493.6250445471153,493.911521296353,4796286
2025-10-30 20:09:23.325725,493.1672777633239,493.27316727936795,492.5969713230179,493.1672777633239,2961328
2025-10-30 21:09:23.325725,493.62096418248444,494.39995633965214,493.2013472027849,493.62096418248444,3909154
2025-10-30 22:09:23.325725,492.9518951539678,493.4376744440707,492.7459986355821,492.9518951539678,4569199
2025-10-30 23:09:23.325725,494.936901272662,495.36707795339925,494.88372308696654,494.936901272662,4691198
2025-10-31 00:09:23.325725,495.0720540200226,495.2975789088586,494.8802772254369,495.0720540200226,2350093
2025-10-31 01:09:23.325725,494.7103330384509,495.15024966473516,494.5504498407908,494.7103330384509,4450891
2025-10-31 02:09:23.325725,494.8930595496911,495.36583116574684,494.2577074960167,494.8930595496911,1193691
2025-10-31 03:09:23.325725,493.5596926476407,493.9920740333066,492.9205399604153,493.5596926476407,3375339
2025-10-31 04:09:23.325725,492.6005935952018,493.32603204424703,492.33251032659234,492.6005935952018,4584476
2025-10-31 05:09:23.325725,493.78324280242856,494.08147831450947,493.3655995172428,493.78324280242856,3329514
2025-10-31 06:09:23.325725,493.13451602793083,493.2477143929968,492.8810140399327,493.13451602793083,3294160
2025-10-31 07:09:23.325725,492.10198014639246,492.90877354918985,491.87503760807465,492.10198014639246,1281383
2025-10-31 08:09:23.325725,492.6301559107318,492.823499012901,492.2574493369728,492.6301559107318,2190064
2025-10-31 09:09:23.325725,493.7983831558831,494.29048806270805,493.1097837455615,493.7983831558831,4804500
2025-10-31 10:09:23.325725,494.50841912062504,494.73910501313424,493.9872608751746,494.50841912062504,3965560
2025-10-31 11:09:23.325725,495.49352705357825,495.8108806463089,494.90164866900716,495.49352705357825,1548694
2025-10-31 12:09:23.325725,494.74355291819404,494.8378031016974,494.6021535846495,494.74355291819404,4409747
2025-10-31 13:09:23.325725,493.3366895965123,493.4965588180556,492.91974414046297,493.3366895965123,2561023
2025-10-31 14:09:23.325725,494.8180155441834,495.38591392014916,494.5441887057545,494.8180155441834,3003146
2025-10-31 15:09:23.325725,494.49867994915945,494.5408159095226,494.4819039697211,494.49867994915945,3592440
2025-10-31 16:09:23.325725,494.25060675811005,495.72897752662374,493.4623976581567,494.25060675811005,4544696
2025-10-31 17:09:23.325725,495.563528279113,495.6561471986735,495.35504488561975,495.563528279113,1479969
2025-10-31 18:09:23.325725,496.1148228910996,496.923724835634,495.82810782725613,496.1148228910996,3306249
2025-10-31 19:09:23.325725,496.5671682537086,497.1660255357197,496.1296197217382,496.5671682537086,3491721
2025-10-31 20:09:23.325725,498.717306421049,499.1050129220116,498.7166452771342,498.717306421049,1682346
2025-10-31 21:09:23.325725,498.0754390640729,498.3078764183141,497.8784895831606,498.0754390640729,2004411
2025-10-31 22:09:23.325725,498.99970782242355,499.75868948537214,498.52188119365115,498.99970782242355,4119557
2025-10-31 23:09:23.325725,499.05660688775487,499.53016994685737,498.7624967440092,499.05660688775487,1801123
2025-11-03 00:09:23.325725,499.3246923904063,500.19719398169974,499.0956827945168,499.3246923904063,1200919
2025-11-03 01:09:23.325725,500.85109644410005,501.3179856111558,500.4220160675442,500.85109644410005,3931659
2025-11-03 02:09:23.325725,501.3597966348024,501.47839594549544,500.5188271991804,501.3597966348024,4156522
2025-11-03 03:09:23.325725,501.8995566602457,502.4695239086513,501.4954413150106,501.8995566602457,1199542
2025-11-03 04:09:23.325725,502.976138574467,503.5325778134697,502.43450965283597,502.976138574467,2720342
2025-11-03 05:09:23.325725,502.6090135451316,503.023421794511,501.5185141184973,502.6090135451316,4483802
2025-11-03 06:09:23.325725,501.765424859014,502.07079414006023,501.1662219068128,501.765424859014,2819833
2025-11-03 07:09:23.325725,500.71692660074484,500.9817946929669,500.236849998872,500.71692660074484,4187436
2025-11-03 08:09:23.325725,498.7477505446779,499.2747062923254,498.0731898782272,498.7477505446779,2950500
2025-11-03 09:09:23.325725,500.7988079061013,501.41132644807277,500.00574872828173,500.7988079061013,1893061
2025-11-03 10:09:23.325725,499.6938370372503,499.82318498580514,499.487464026152,499.6938370372503,2223045
2025-11-03 11:09:23.325725,499.4727188929944,499.6487855079629,499.36579791798306,499.4727188929944,1647601
2025-11-03 12:09:23.325725,499.19619750995184,499.48091474331017,499.00679977815264,499.19619750995184,3904936
2025-11-03 13:09:23.325725,499.5031100192227,500.41250702995796,499.1582167651216,499.5031100192227,2936983
2025-11-03 14:09:23.325725,500.3180365684662,500.45315113577743,500.1851435959629,500.3180365684662,2404568
2025-11-03 15:09:23.325725,501.1790573808969,502.1374395269497,500.84940025229395,501.1790573808969,1760956
2025-11-03 16:09:23.325725,500.5946049788128,500.628962812001,500.5597974914481,500.5946049788128,4554382
2025-11-03 17:09:23.325725,500.42728452222025,501.1120267014743,499.8332806441646,500.42728452222025,4103577
2025-11-03 18:09:23.325725,500.71010595678683,501.7051551329271,500.18044770622544,500.71010595678683,3928583
2025-11-03 19:09:23.325725,500.4610616365031,500.91716319197855,500.1662339531085,500.4610616365031,4688498
2025-11-03 20:09:23.325725,502.0698893832865,502.12298517757205,501.60015465305946,502.0698893832865,1163543
2025-11-03 21:09:23.325725,502.56289686260453,503.1979889513113,502.47348193953667,502.56289686260453,4979439
2025-11-03 22:09:23.325725,503.3015414805989,503.72749361663705,502.84212233783666,503.3015414805989,1371557
2025-11-03 23:09:23.325725,503.9687998092768,504.24269645946623,503.7584279206617,503.9687998092768,1499964
2025-11-04 00:09:23.325725,505.1515882324057,505.2525227903441,504.97778884749033,505.1515882324057,3151365
2025-11-04 01:09:23.325725,505.3344748881726,505.46789333733335,505.15844579828905,505.3344748881726,3997493
2025-11-04 02:09:23.325725,504.0238071052957,504.6651035604032,503.57127937708225,504.0238071052957,1799458
2025-11-04 03:09:23.325725,504.42671159148864,504.7962001741606,504.18069997398663,504.42671159148864,4384425
2025-11-04 04:09:23.325725,503.7695879594729,503.91503816012846,503.22837166432856,503.7695879594729,3444480
2025-11-04 05:09:23.325725,503.23698594356574,504.06978650904915,502.9871790444953,503.23698594356574,1005435
2025-11-04 06:09:23.325725,503.8271460664939,504.3108434515363,502.7816719698166,503.8271460664939,1139565
2025-11-04 07:09:23.325725,505.0749073182996,505.13688452156265,504.4788541903234,505.0749073182996,4349027
2025-11-04 08:09:23.325725,505.09639479759653,505.1435568472174,504.51841649407504,505.09639479759653,3942905
2025-11-04 09:09:23.325725,505.408375680113,505.97959010878805,504.70693529036964,505.408375680113,1920267
2025-11-04 10:09:23.325725,507.129003060566,508.35203424875647,506.74162732196464,507.129003060566,4428261
2025-11-04 11:09:23.325725,507.3731889003614,508.142566587805,507.34624393303216,507.3731889003614,3128650
2025-11-04 12:09:23.325725,510.0132374166613,510.3203257305526,509.73222940328105,510.0132374166613,4995915
2025-11-04 13:09:23.325725,510.59007222697903,510.6268535331849,510.50428526212124,510.59007222697903,1887977
2025-11-04 14:09:23.325725,508.79201625823515,508.8999864878993,508.31110017574963,508.79201625823515,1560113
2025-11-04 15:09:23.325725,509.5586046629012,510.0436629051429,509.30340161621797,509.5586046629012,2327654
2025-11-04 16:09:23.325725,509.94704973241403,509.9865606942445,509.4990746091524,509.94704973241403,3627014
2025-11-04 17:09:23.325725,511.2624609560715,511.3942401540626,510.88286958474936,511.2624609560715,4800714
2025-11-04 18:09:23.325725,511.9508056647115,512.586525991772,511.62439220886387,511.9508056647115,2742115
2025-11-04 19:09:23.325725,511.8090403596123,511.9800748710332,511.6981399804331,511.8090403596123,4016243
2025-11-04 20:09:23.325725,510.5558265487538,510.63509496075574,510.4009494043194,510.5558265487538,3139934
2025-11-04 21:09:23.325725,510.3423904649707,511.316025534605,510.23069373886784,510.3423904649707,4118880
2025-11-04 22:09:23.325725,509.47427718148964,509.9126212129543,509.0838960956355,509.47427718148964,1447628
2025-11-04 23:09:23.325725,508.88275365153726,509.0932303743104,508.3534170070663,508.88275365153726,2109137
2025-11-05 00:09:23.325725,509.4817884499,510.4435309335965,508.4907469845735,509.4817884499,3567592
2025-11-05 01:09:23.325725,511.18336031673505,511.467861013129,510.25245142040706,511.18336031673505,4019065
2025-11-05 02:09:23.325725,511.5868593544076,512.270074176069,511.2811004213936,511.5868593544076,1464535
2025-11-05 03:09:23.325725,510.36326323468415,510.61131830140187,510.1743206864452,510.36326323468415,2540808
2025-11-05 04:09:23.325725,510.8170809718755,511.6074702788812,510.5186033150065,510.8170809718755,3648191
2025-11-05 05:09:23.325725,512.0396005778902,512.5939812726717,511.98815303006086,512.0396005778902,2348894
2025-11-05 06:09:23.325725,511.4151345883563,511.6560748655736,511.38578411425664,511.4151345883563,2957686
2025-11-05 07:09:23.325725,511.2780577736939,511.32593190240976,511.06815252344876,511.2780577736939,1056572
2025-11-05 08:09:23.325725,511.29307727704054,511.97094792480596,511.1749330528464,511.29307727704054,2896424
2025-11-05 09:09:23.325725,510.49045112934976,511.14753584015364,509.77924540048167,510.49045112934976,4550985
2025-11-05 10:09:23.325725,511.15233307161236,511.8664732915096,510.7232978136113,511.15233307161236,3513595
2025-11-05 11:09:23.325725,511.0286872149292,511.32692321253137,510.58264893266556,511.0286872149292,4967361
2025-11-05 12:09:23.325725,511.457473443037,511.988560066656,510.96332536635197,511.457473443037,3133221
2025-11-05 13:09:23.325725,510.54964442911876,511.3253460277182,510.50911269726663,510.54964442911876,1737550
2025-11-05 14:09:23.325725,510.10295606975336,511.54764701239907,509.94968750111263,510.10295606975336,1812802
2025-11-05 15:09:23.325725,510.83993380182864,511.0704037631924,510.32623246164036,510.83993380182864,2798954
2025-11-05 16:09:23.325725,510.45901767636127,510.74065874309576,510.2751686208221,510.45901767636127,2960350
2025-11-05 17:09:23.325725,512.2221062184876,512.8369068199523,511.9467121760382,512.2221062184876,1782533
2025-11-05 18:09:23.325725,511.81270124105436,512.0497531088937,511.477257236495,511.81270124105436,1929090
2025-11-05 19:09:23.325725,512.0426942338837,512.2533622222709,511.4947104626729,512.0426942338837,3802743
2025-11-05 20:09:23.325725,512.997746878224,513.5896953550184,512.115882917044,512.997746878224,1387902
2025-11-05 21:09:23.325725,511.54251002773617,512.4989623899019,511.08399776974017,511.54251002773617,2971402
2025-11-05 22:09:23.325725,509.74105290901696,509.9390978980358,509.62926550474697,509.74105290901696,2900302
2025-11-05 23:09:23.325725,508.18567359668447,508.28244428945493,507.7832620396411,508.18567359668447,2652332
2025-11-06 00:09:23.325725,509.46892790282965,509.6977908831566,509.17820433463754,509.46892790282965,1684659
2025-11-06 01:09:23.325725,508.9066187469451,509.16606274739144,508.4727918120279,508.9066187469451,4236443
2025-11-06 02:09:23.325725,511.5103878440457,511.5280047793011,510.8816476652032,511.5103878440457,4216521
2025-11-06 03:09:23.325725,510.9331508279871,512.204519762958,510.19121575657067,510.9331508279871,1439717
2025-11-06 04:09:23.325725,511.12173758565086,511.45818265792593,511.114505588756,511.12173758565086,1712494
2025-11-06 05:09:23.325725,512.6981494226601,512.9306625003338,512.3923703974999,512.6981494226601,3733112
2025-11-06 06:09:23.325725,514.7551896453184,515.2608305972087,514.6011842753142,514.7551896453184,3500145
2025-11-06 07:09:23.325725,516.8775289744103,516.9080165931141,516.4594167813068,516.8775289744103,2190897
2025-11-06 08:09:23.325725,518.1266836771406,518.358220244008,517.8238617950166,518.1266836771406,4790918
2025-11-06 09:09:23.325725,519.187871917894,519.3657193085145,518.7988144938173,519.187871917894,4167118
2025-11-06 10:09:23.325725,519.8031375295135,519.8917451325126,519.6879821110118,519.8031375295135,4166097
2025-11-06 11:09:23.325725,520.6123265885581,521.1135370292534,519.9995856047223,520.6123265885581,3241105
2025-11-06 12:09:23.325725,520.0384184322377,520.1458642353612,519.0916656576652,520.0384184322377,2320307
2025-11-06 13:09:23.325725,519.1874287256418,519.5042452896976,518.8933637741849,519.1874287256418,3322024
2025-11-06 14:09:23.325725,519.1839247739088,519.2654226118677,518.7521627069517,519.1839247739088,3564695
2025-11-06 15:09:23.325725,519.0072105333915,519.3116244914984,518.8984940495873,519.0072105333915,1893441
2025-11-06 16:09:23.325725,518.5367532821577,518.6530177284712,518.0262361921251,518.5367532821577,1481127
2025-11-06 17:09:23.325725,519.258958254219,519.6300257896633,519.2558662181165,519.258958254219,3578515
2025-11-06 18:09:23.325725,520.2510598290532,521.3175439518205,519.8431815522079,520.2510598290532,3860074
2025-11-06 19:09:23.325725,520.3430473816323,520.9461635127325,520.2450869048293,520.3430473816323,1925337
2025-11-06 20:09:23.325725,521.880692391581,522.0561772474239,521.2580297812989,521.880692391581,2559366
2025-11-06 21:09:23.325725,520.6890413808211,520.9105893262772,520.1571495101978,520.6890413808211,2095589
2025-11-06 22:09:23.325725,520.4873686644077,521.1105205653373,520.00908508968,520.4873686644077,1641629
2025-11-06 23:09:23.325725,519.7411747375066,520.4540900362617,519.5022721867094,519.7411747375066,1914217
2025-11-07 00:09:23.325725,517.8009428694104,518.1682920893776,517.2417994317988,517.8009428694104,4864708
2025-11-07 01:09:23.325725,517.7153185952375,517.864704675253,517.397654892641,517.7153185952375,2195402
2025-11-07 02:09:23.325725,517.5892574950558,517.9949198981137,517.487685292286,517.5892574950558,1631872
2025-11-07 03:09:23.325725,519.1559481527773,520.0566507957908,518.8725997340242,519.1559481527773,1078113
2025-11-07 04:09:23.325725,519.8109274291792,520.2562869258668,518.682120883292,519.8109274291792,3586999
2025-11-07 05:09:23.325725,518.7461604231486,519.0343481819428,518.7419517309637,518.7461604231486,2921792
2025-11-07 06:09:23.325725,520.6697672228585,520.7761864123661,520.587454942709,520.6697672228585,4181010
2025-11-07 07:09:23.325725,521.9412778828994,522.5687293427459,521.796416079089,521.9412778828994,1167809
2025-11-07 08:09:23.325725,522.5489195213016,522.7556820497052,521.8741657719178,522.5489195213016,2559764
2025-11-07 09:09:23.325725,522.3122214790161,522.4780311971155,522.0919205914586,522.3122214790161,2539219
2025-11-07 10:09:23.325725,521.3099678008017,521.4834912474925,520.6269516993872,521.3099678008017,1286268
2025-11-07 11:09:23.325725,520.921897595904,520.9705448556527,520.8093990318374,520.921897595904,1395412
2025-11-07 12:09:23.325725,522.0562035898665,522.3325447029296,521.5667876491774,522.0562035898665,4993687
2025-11-07 13:09:23.325725,524.0239235342939,524.8175422077869,523.1671096269945,524.0239235342939,3489667
2025-11-07 14:09:23.325725,525.641316591602,525.8103592706173,524.9518363199618,525.641316591602,1096651
2025-11-07 15:09:23.325725,525.1273976842365,526.0489611212606,524.5538842113765,525.1273976842365,2295125
2025-11-07 16:09:23.325725,523.9515141059466,523.9611556682576,523.8186001410257,523.9515141059466,1085395
2025-11-07 17:09:23.325725,524.0991492307182,524.2172099629199,523.9182487022475,524.0991492307182,3632785
2025-11-07 18:09:23.325725,522.245474096803,522.6072454204666,521.9899631301781,522.245474096803,4008128
2025-11-07 19:09:23.325725,522.5830198490175,523.2463504130894,522.2243431355539,522.5830198490175,2869085
2025-11-07 20:09:23.325725,522.4287506384466,523.3181932442368,521.9904889868355,522.4287506384466,4538301
2025-11-07 21:09:23.325725,521.9418089036008,522.0474127615989,521.9064011469336,521.9418089036008,4867488
2025-11-07 22:09:23.325725,520.2771244964141,521.1261423114619,519.2262025123482,520.2771244964141,4682071
2025-11-07 23:09:23.325725,520.8115532695884,521.1933253225851,520.0605716513875,520.8115532695884,1365837
